CustomerID,FirstName,LastName,Email,Phone,City,State,Region,BirthYear,Gender,JoinDate,CustomerSegment,LoyaltyTier,ShoppingProfile,IsActive
1,Ashley,Allen,ashley.allen.1@gmail.com,(212) 707-6233,Portland,OR,West,1986,Female,2024-04-10,Small Business,Silver,Regular,Yes
2,Matthew,Flores,matthew.flores.2@protonmail.com,(997) 839-5352,Denver,CO,West,2002,Male,2025-03-03,Consumer,Bronze,Occasional,No
3,David,Lewis,david.lewis.3@protonmail.com,(761) 709-7177,Charlotte,NC,South,1991,Male,2023-01-23,Consumer,Bronze,Occasional,Yes
4,Christina,Robinson,christina.robinson.4@gmail.com,(539) 948-8383,Dallas,TX,South,1950,Female,2025-11-20,Small Business,Gold,Regular,Yes
5,Susan,White,susan.white.5@gmail.com,(255) 747-4458,Phoenix,AZ,West,1949,Female,2025-06-09,Small Business,Bronze,Regular,Yes
6,Karen,Anderson,karen.anderson.6@gmail.com,(563) 781-8793,Dallas,TX,South,1961,Female,2025-07-02,Consumer,Bronze,Occasional,No
7,Karen,Wright,karen.wright.7@icloud.com,(666) 442-1916,Indianapolis,IN,Midwest,1970,Female,2024-05-02,Small Business,Bronze,Occasional,No
8,Richard,Torres,richard.torres.8@protonmail.com,(443) 343-6498,New York,NY,Northeast,1951,Male,2026-07-31,Enterprise,Bronze,Regular,Yes
9,Justin,Rodriguez,justin.rodriguez.9@outlook.com,(268) 943-6670,San Francisco,CA,West,2004,Male,2026-05-27,Consumer,Silver,Occasional,Yes
10,Lauren,Perez,lauren.perez.10@gmail.com,(276) 431-9437,San Francisco,CA,West,1955,Female,2024-08-26,Consumer,Bronze,Occasional,No
11,Thomas,Brown,thomas.brown.11@icloud.com,(699) 649-2824,San Diego,CA,West,1947,Male,2025-10-14,Consumer,Silver,Frequent,Yes
12,Jennifer,Lopez,jennifer.lopez.12@icloud.com,(724) 428-2695,Dallas,TX,South,1982,Female,2023-11-09,Small Business,Silver,Frequent,Yes
13,Karen,Lewis,karen.lewis.13@outlook.com,(844) 699-3505,Boston,MA,Northeast,1992,Female,2026-01-08,Consumer,Silver,Occasional,Yes
14,Jessica,Johnson,jessica.johnson.14@gmail.com,(517) 450-3536,Dallas,TX,South,1965,Female,2026-08-16,Consumer,Bronze,Regular,Yes
15,Lauren,Gonzalez,lauren.gonzalez.15@yahoo.com,(989) 421-5350,Houston,TX,South,1963,Female,2023-03-16,Consumer,Bronze,Frequent,Yes
16,Lisa,Sanchez,lisa.sanchez.16@yahoo.com,(783) 649-5764,Denver,CO,West,1987,Female,2023-05-31,Consumer,Bronze,Regular,Yes
17,Stephanie,Lopez,stephanie.lopez.17@icloud.com,(886) 854-5101,San Diego,CA,West,1977,Female,2024-03-26,Small Business,Bronze,VIP,Yes
18,Betty,Miller,betty.miller.18@yahoo.com,(617) 286-6747,Chicago,IL,Midwest,1947,Female,2025-01-03,Small Business,Bronze,Occasional,Yes
19,Richard,Garcia,richard.garcia.19@outlook.com,(786) 833-9507,Phoenix,AZ,West,1993,Male,2024-11-02,Consumer,Silver,Regular,Yes
20,Betty,Sanchez,betty.sanchez.20@gmail.com,(990) 270-2247,Milwaukee,WI,Midwest,1956,Female,2023-07-06,Consumer,Bronze,Regular,Yes
21,Nicole,Allen,nicole.allen.21@outlook.com,(939) 426-2352,San Diego,CA,West,1997,Female,2024-08-02,Consumer,Silver,Occasional,No
22,Anthony,Clark,anthony.clark.22@icloud.com,(522) 962-4954,Columbus,OH,Midwest,1987,Male,2024-06-10,Consumer,Bronze,Occasional,Yes
23,Edward,Sanchez,edward.sanchez.23@yahoo.com,(609) 372-2601,St. Louis,MO,Midwest,1992,Male,2026-08-07,Enterprise,Bronze,Occasional,Yes
24,Emma,Perez,emma.perez.24@gmail.com,(250) 324-3367,Chicago,IL,Midwest,1972,Female,2025-02-19,Consumer,Bronze,Occasional,No
25,Nathan,Moore,nathan.moore.25@yahoo.com,(868) 524-3455,Orlando,FL,South,1948,Male,2024-03-09,Consumer,Bronze,Occasional,Yes
26,Sarah,Hernandez,sarah.hernandez.26@protonmail.com,(464) 759-6124,Boston,MA,Northeast,1960,Female,2023-02-11,Consumer,Silver,Regular,Yes
27,Elizabeth,Lewis,elizabeth.lewis.27@yahoo.com,(431) 395-8693,Los Angeles,CA,West,2003,Female,2025-12-17,Consumer,Silver,Regular,Yes
28,Sophia,Walker,sophia.walker.28@icloud.com,(290) 318-5947,San Francisco,CA,West,1958,Female,2024-05-07,Consumer,Silver,Regular,Yes
29,Nathan,Clark,nathan.clark.29@yahoo.com,(200) 285-8240,Miami,FL,South,1999,Male,2025-11-03,Small Business,Bronze,Occasional,Yes
30,Richard,Brown,richard.brown.30@protonmail.com,(544) 540-3254,Boston,MA,Northeast,1999,Male,2023-04-10,Consumer,Silver,Occasional,Yes
31,Thomas,Jackson,thomas.jackson.31@yahoo.com,(857) 407-2482,Buffalo,NY,Northeast,1973,Male,2024-12-21,Consumer,Silver,Regular,Yes
32,Michael,Torres,michael.torres.32@outlook.com,(776) 611-1681,Charlotte,NC,South,1963,Male,2024-12-04,Small Business,Bronze,Occasional,Yes
33,Stephanie,Hernandez,stephanie.hernandez.33@yahoo.com,(858) 517-7745,Richmond,VA,South,1976,Female,2026-08-06,Consumer,Bronze,Regular,No
34,Justin,King,justin.king.34@protonmail.com,(251) 949-3395,St. Louis,MO,Midwest,1963,Male,2024-09-12,Consumer,Silver,Frequent,Yes
35,Barbara,Hill,barbara.hill.35@icloud.com,(200) 478-5536,Columbus,OH,Midwest,1983,Female,2026-04-28,Small Business,Gold,Regular,Yes
36,Daniel,Harris,daniel.harris.36@icloud.com,(442) 921-5366,Richmond,VA,South,1986,Male,2025-03-14,Consumer,Gold,Regular,Yes
37,Jessica,Moore,jessica.moore.37@protonmail.com,(818) 448-9069,Detroit,MI,Midwest,1977,Female,2026-01-06,Consumer,Silver,Occasional,Yes
38,Brian,Ramirez,brian.ramirez.38@icloud.com,(372) 318-5948,Denver,CO,West,1988,Male,2023-09-24,Consumer,Bronze,Regular,Yes
39,Linda,Lopez,linda.lopez.39@protonmail.com,(413) 782-1116,Indianapolis,IN,Midwest,1997,Female,2023-09-30,Consumer,Silver,Occasional,Yes
40,Justin,Williams,justin.williams.40@outlook.com,(846) 755-3275,Los Angeles,CA,West,1964,Male,2026-07-02,Small Business,Bronze,Regular,Yes
41,Justin,Anderson,justin.anderson.41@icloud.com,(772) 965-7585,Cleveland,OH,Midwest,1980,Male,2026-06-03,Small Business,Bronze,Regular,Yes
42,Mark,Anderson,mark.anderson.42@icloud.com,(914) 685-7572,Charlotte,NC,South,1957,Male,2025-11-25,Consumer,Gold,Regular,Yes
43,Amanda,Smith,amanda.smith.43@gmail.com,(525) 254-3573,Portland,OR,West,1952,Female,2025-05-20,Consumer,Bronze,Regular,Yes
44,Olivia,Wright,olivia.wright.44@protonmail.com,(347) 496-2764,Houston,TX,South,1975,Female,2025-03-03,Consumer,Bronze,Regular,Yes
45,Melissa,Scott,melissa.scott.45@outlook.com,(292) 929-2802,Las Vegas,NV,West,2003,Female,2024-09-21,Consumer,Bronze,Frequent,Yes
46,Sarah,Garcia,sarah.garcia.46@gmail.com,(391) 591-3223,Phoenix,AZ,West,1958,Female,2023-02-18,Small Business,Silver,Regular,Yes
47,Margaret,Wilson,margaret.wilson.47@icloud.com,(299) 915-1622,Boston,MA,Northeast,1977,Female,2026-06-21,Small Business,Bronze,Regular,Yes
48,Patricia,Allen,patricia.allen.48@yahoo.com,(252) 211-9545,Nashville,TN,South,1955,Female,2024-05-01,Consumer,Bronze,Regular,Yes
49,Justin,Anderson,justin.anderson.49@outlook.com,(893) 878-2992,Houston,TX,South,1964,Male,2024-02-15,Consumer,Bronze,Occasional,Yes
50,Lisa,King,lisa.king.50@protonmail.com,(834) 369-5041,Seattle,WA,West,1955,Female,2023-04-11,Small Business,Gold,Occasional,No
51,Lauren,Sanchez,lauren.sanchez.51@outlook.com,(519) 572-1873,Portland,OR,West,2005,Female,2026-01-08,Consumer,Bronze,Occasional,Yes
52,Lisa,Wright,lisa.wright.52@protonmail.com,(305) 482-9293,Los Angeles,CA,West,2004,Female,2025-04-11,Consumer,Bronze,Occasional,Yes
53,Margaret,Thomas,margaret.thomas.53@outlook.com,(295) 954-4225,Houston,TX,South,1983,Female,2025-06-25,Consumer,Bronze,Occasional,Yes
54,Michael,White,michael.white.54@yahoo.com,(558) 854-6562,Chicago,IL,Midwest,1952,Male,2025-10-17,Consumer,Bronze,Occasional,Yes
55,James,White,james.white.55@icloud.com,(347) 706-7889,San Francisco,CA,West,2001,Male,2024-10-05,Consumer,Bronze,Occasional,Yes
56,Kevin,Smith,kevin.smith.56@protonmail.com,(491) 381-7779,Buffalo,NY,Northeast,1998,Male,2026-04-21,Consumer,Bronze,Occasional,Yes
57,Thomas,Hill,thomas.hill.57@yahoo.com,(384) 489-7951,Newark,NJ,Northeast,1996,Male,2026-02-05,Consumer,Silver,Regular,Yes
58,Kevin,King,kevin.king.58@icloud.com,(563) 839-9426,Miami,FL,South,1963,Male,2024-12-07,Small Business,Silver,Frequent,Yes
59,William,Perez,william.perez.59@yahoo.com,(409) 333-8081,Houston,TX,South,1964,Male,2024-05-25,Consumer,Silver,Regular,No
60,Joseph,Johnson,joseph.johnson.60@outlook.com,(390) 998-8354,San Francisco,CA,West,1976,Male,2023-11-15,Consumer,Bronze,Regular,Yes
61,Edward,Torres,edward.torres.61@yahoo.com,(501) 549-8853,Cleveland,OH,Midwest,1991,Male,2023-10-08,Consumer,Gold,Regular,Yes
62,Anthony,Brown,anthony.brown.62@yahoo.com,(392) 480-8726,St. Louis,MO,Midwest,1992,Male,2024-07-29,Consumer,Silver,VIP,Yes
63,Joshua,Flores,joshua.flores.63@gmail.com,(514) 479-7426,New York,NY,Northeast,1999,Male,2024-10-28,Small Business,Bronze,Occasional,Yes
64,Brian,Lewis,brian.lewis.64@protonmail.com,(451) 213-3280,Nashville,TN,South,1975,Male,2023-01-27,Small Business,Silver,Regular,Yes
65,Lauren,Brown,lauren.brown.65@gmail.com,(285) 481-2882,Boston,MA,Northeast,1979,Female,2025-10-09,Consumer,Silver,Regular,Yes
66,Melissa,Flores,melissa.flores.66@yahoo.com,(919) 368-5971,San Diego,CA,West,2001,Female,2024-07-11,Consumer,Silver,Regular,Yes
67,Linda,Gonzalez,linda.gonzalez.67@yahoo.com,(813) 462-1440,Atlanta,GA,South,1990,Female,2024-01-13,Small Business,Bronze,Regular,Yes
68,Rebecca,Harris,rebecca.harris.68@protonmail.com,(812) 546-4486,Houston,TX,South,1974,Female,2025-04-08,Consumer,Bronze,Occasional,Yes
69,Edward,Martin,edward.martin.69@outlook.com,(677) 522-7722,New York,NY,Northeast,1958,Male,2025-09-14,Small Business,Silver,Regular,Yes
70,Linda,Lee,linda.lee.70@icloud.com,(848) 656-5055,San Francisco,CA,West,1985,Female,2025-10-02,Consumer,Bronze,Frequent,Yes
71,Nicole,Moore,nicole.moore.71@icloud.com,(406) 337-5581,Denver,CO,West,1998,Female,2023-02-15,Small Business,Bronze,Occasional,Yes
72,Matthew,Harris,matthew.harris.72@icloud.com,(941) 312-3413,Milwaukee,WI,Midwest,1956,Male,2024-07-07,Small Business,Bronze,Regular,Yes
73,James,Ramirez,james.ramirez.73@icloud.com,(813) 425-3664,Buffalo,NY,Northeast,1980,Male,2024-01-02,Consumer,Silver,Frequent,Yes
74,Margaret,Robinson,margaret.robinson.74@protonmail.com,(471) 942-9614,Los Angeles,CA,West,1956,Female,2026-01-30,Consumer,Silver,Occasional,Yes
75,Emily,Clark,emily.clark.75@gmail.com,(651) 430-7839,Buffalo,NY,Northeast,1978,Female,2026-06-21,Consumer,Bronze,Occasional,Yes
76,Abigail,Miller,abigail.miller.76@protonmail.com,(246) 859-2143,Hartford,CT,Northeast,1990,Female,2025-04-02,Consumer,Bronze,Regular,Yes
77,Thomas,Williams,thomas.williams.77@icloud.com,(360) 292-3653,Providence,RI,Northeast,1970,Male,2025-12-01,Small Business,Bronze,Regular,Yes
78,Olivia,Thomas,olivia.thomas.78@icloud.com,(543) 331-4125,Cleveland,OH,Midwest,1961,Female,2023-08-23,Enterprise,Silver,Regular,Yes
79,Barbara,Moore,barbara.moore.79@outlook.com,(533) 714-7560,San Francisco,CA,West,1969,Female,2026-04-05,Consumer,Bronze,Occasional,Yes
80,Brian,White,brian.white.80@yahoo.com,(388) 768-4658,Detroit,MI,Midwest,1956,Male,2023-04-25,Consumer,Bronze,VIP,Yes
81,Brian,Scott,brian.scott.81@gmail.com,(838) 747-3992,Dallas,TX,South,1998,Male,2026-06-17,Small Business,Bronze,Regular,Yes
82,Edward,Moore,edward.moore.82@gmail.com,(559) 595-4389,Minneapolis,MN,Midwest,1973,Male,2024-09-11,Consumer,Bronze,Regular,Yes
83,Kevin,Thomas,kevin.thomas.83@outlook.com,(790) 714-8621,Seattle,WA,West,1978,Male,2023-09-17,Consumer,Bronze,Regular,No
84,Rachel,Gonzalez,rachel.gonzalez.84@protonmail.com,(907) 682-8635,Charlotte,NC,South,1950,Female,2024-09-17,Consumer,Bronze,Frequent,Yes
85,Jacob,Martin,jacob.martin.85@outlook.com,(834) 361-9908,Richmond,VA,South,1995,Male,2025-10-30,Consumer,Bronze,Occasional,Yes
86,Patricia,Davis,patricia.davis.86@icloud.com,(722) 219-1701,San Diego,CA,West,1986,Female,2026-06-25,Consumer,Platinum,Regular,Yes
87,Nancy,Sanchez,nancy.sanchez.87@outlook.com,(729) 484-3995,Seattle,WA,West,1983,Female,2026-07-14,Small Business,Silver,Frequent,Yes
88,Lauren,Clark,lauren.clark.88@yahoo.com,(670) 954-4518,Milwaukee,WI,Midwest,1993,Female,2023-12-11,Consumer,Bronze,Regular,Yes
89,Betty,Harris,betty.harris.89@outlook.com,(284) 915-3997,Buffalo,NY,Northeast,1952,Female,2024-10-31,Consumer,Bronze,Regular,Yes
90,David,Jackson,david.jackson.90@gmail.com,(206) 632-7812,Dallas,TX,South,1962,Male,2025-04-02,Small Business,Bronze,Frequent,Yes
91,Jennifer,Anderson,jennifer.anderson.91@yahoo.com,(643) 712-7030,Philadelphia,PA,Northeast,1972,Female,2026-03-24,Consumer,Bronze,Occasional,Yes
92,Margaret,Torres,margaret.torres.92@outlook.com,(490) 406-2563,Phoenix,AZ,West,1990,Female,2026-05-29,Consumer,Bronze,Regular,Yes
93,Brian,White,brian.white.93@protonmail.com,(912) 753-8292,Seattle,WA,West,1982,Male,2023-02-24,Small Business,Bronze,Occasional,Yes
94,Ryan,Walker,ryan.walker.94@protonmail.com,(908) 304-1496,Orlando,FL,South,2000,Male,2025-10-06,Small Business,Bronze,VIP,Yes
95,Melissa,Scott,melissa.scott.95@outlook.com,(658) 517-1890,Newark,NJ,Northeast,1964,Female,2023-10-03,Consumer,Platinum,Frequent,No
96,Brandon,Moore,brandon.moore.96@outlook.com,(762) 810-8622,Portland,OR,West,1968,Male,2024-03-14,Consumer,Bronze,Regular,Yes
97,Patricia,Flores,patricia.flores.97@icloud.com,(611) 298-6461,San Francisco,CA,West,1952,Female,2025-04-23,Consumer,Platinum,Occasional,Yes
98,Susan,Clark,susan.clark.98@protonmail.com,(874) 735-1039,Las Vegas,NV,West,1945,Female,2025-07-04,Consumer,Gold,VIP,No
99,James,Torres,james.torres.99@protonmail.com,(492) 449-3450,Miami,FL,South,1956,Prefer not to say,2024-04-05,Consumer,Gold,Occasional,Yes
100,Charles,Taylor,charles.taylor.100@yahoo.com,(469) 700-2334,Minneapolis,MN,Midwest,2003,Male,2026-01-31,Consumer,Bronze,Regular,No
101,Jacob,Robinson,jacob.robinson.101@gmail.com,(475) 562-7707,Houston,TX,South,1985,Male,2024-11-20,Small Business,Bronze,Occasional,Yes
102,David,Jones,david.jones.102@icloud.com,(490) 457-5695,Charlotte,NC,South,1948,Male,2023-11-07,Small Business,Silver,Regular,Yes
103,Lisa,Smith,lisa.smith.103@yahoo.com,(370) 877-6291,Hartford,CT,Northeast,1949,Female,2024-04-23,Consumer,Silver,Regular,Yes
104,Daniel,Smith,daniel.smith.104@outlook.com,(486) 791-6653,Richmond,VA,South,1972,Male,2025-06-20,Consumer,Silver,Regular,Yes
105,Daniel,Martin,daniel.martin.105@yahoo.com,(749) 855-6563,Orlando,FL,South,1968,Male,2023-05-12,Consumer,Bronze,Occasional,Yes
106,Brian,Harris,brian.harris.106@gmail.com,(747) 959-5698,St. Louis,MO,Midwest,1985,Male,2026-02-26,Consumer,Bronze,Occasional,Yes
107,Lauren,Allen,lauren.allen.107@gmail.com,(983) 492-3435,San Francisco,CA,West,1974,Female,2024-02-17,Consumer,Gold,Frequent,Yes
108,Rebecca,Wright,rebecca.wright.108@outlook.com,(795) 968-8448,Nashville,TN,South,2000,Female,2026-04-08,Consumer,Silver,Regular,Yes
109,Susan,Clark,susan.clark.109@yahoo.com,(417) 855-4639,Orlando,FL,South,1966,Female,2024-06-15,Enterprise,Bronze,Occasional,Yes
110,Donald,Ramirez,donald.ramirez.110@icloud.com,(580) 466-2869,Columbus,OH,Midwest,2000,Male,2024-12-09,Consumer,Bronze,VIP,Yes
111,Joshua,Brown,joshua.brown.111@icloud.com,(789) 235-9700,Milwaukee,WI,Midwest,1997,Male,2023-01-18,Consumer,Bronze,Regular,Yes
112,Charles,Torres,charles.torres.112@outlook.com,(841) 460-2900,Seattle,WA,West,1981,Male,2025-03-23,Small Business,Silver,Frequent,No
113,Kevin,Davis,kevin.davis.113@icloud.com,(653) 416-2133,San Diego,CA,West,1962,Male,2026-03-23,Consumer,Bronze,Frequent,Yes
114,Jacob,Anderson,jacob.anderson.114@gmail.com,(980) 949-4408,Miami,FL,South,1949,Male,2024-07-03,Enterprise,Silver,Regular,Yes
115,Linda,Thompson,linda.thompson.115@protonmail.com,(921) 569-3630,Orlando,FL,South,1994,Female,2025-02-19,Consumer,Bronze,Regular,Yes
116,Barbara,Scott,barbara.scott.116@outlook.com,(558) 254-1035,Orlando,FL,South,1979,Prefer not to say,2023-12-10,Small Business,Silver,Occasional,Yes
117,Mary,Wright,mary.wright.117@icloud.com,(492) 517-3142,Chicago,IL,Midwest,1972,Female,2025-07-02,Enterprise,Silver,Regular,Yes
118,Sandra,Wright,sandra.wright.118@yahoo.com,(735) 580-1701,Indianapolis,IN,Midwest,1964,Female,2025-03-07,Consumer,Silver,Regular,Yes
119,George,Robinson,george.robinson.119@yahoo.com,(628) 489-5286,Atlanta,GA,South,1946,Nonbinary,2025-02-19,Consumer,Bronze,VIP,Yes
120,Megan,Hill,megan.hill.120@icloud.com,(845) 349-1654,Charlotte,NC,South,1957,Female,2025-10-06,Consumer,Platinum,Frequent,Yes
121,Joseph,Allen,joseph.allen.121@protonmail.com,(463) 413-4478,Portland,OR,West,1957,Male,2025-06-07,Consumer,Bronze,Regular,Yes
122,Emily,Martinez,emily.martinez.122@outlook.com,(272) 404-9739,Richmond,VA,South,1980,Female,2024-07-02,Consumer,Silver,Frequent,Yes
123,Susan,Anderson,susan.anderson.123@outlook.com,(678) 818-1510,Milwaukee,WI,Midwest,1978,Female,2023-09-20,Consumer,Bronze,Frequent,No
124,Sandra,Smith,sandra.smith.124@protonmail.com,(415) 345-2745,Portland,OR,West,1947,Female,2025-02-15,Small Business,Bronze,Occasional,Yes
125,Stephanie,Lee,stephanie.lee.125@protonmail.com,(227) 796-6317,Dallas,TX,South,1991,Female,2024-09-10,Consumer,Bronze,Regular,Yes
126,William,Martinez,william.martinez.126@icloud.com,(201) 806-2630,Nashville,TN,South,2003,Male,2026-02-23,Consumer,Gold,Occasional,No
127,Richard,Williams,richard.williams.127@protonmail.com,(836) 791-7185,Cleveland,OH,Midwest,1972,Male,2026-06-11,Consumer,Platinum,Occasional,Yes
128,Nancy,Martinez,nancy.martinez.128@protonmail.com,(570) 759-4618,Columbus,OH,Midwest,1960,Female,2025-10-17,Small Business,Bronze,Occasional,Yes
129,John,Johnson,john.johnson.129@protonmail.com,(521) 427-7117,Phoenix,AZ,West,1968,Male,2024-05-19,Small Business,Bronze,Frequent,Yes
130,Sarah,Brown,sarah.brown.130@outlook.com,(257) 426-4020,Orlando,FL,South,1978,Female,2023-07-24,Consumer,Bronze,Frequent,Yes
131,Joshua,Garcia,joshua.garcia.131@outlook.com,(771) 560-5239,Seattle,WA,West,1983,Male,2024-11-08,Small Business,Silver,Occasional,Yes
132,Andrew,Sanchez,andrew.sanchez.132@outlook.com,(631) 299-2636,Chicago,IL,Midwest,1998,Male,2025-11-07,Consumer,Silver,Occasional,Yes
133,Emma,Sanchez,emma.sanchez.133@icloud.com,(391) 682-5353,Minneapolis,MN,Midwest,1961,Female,2023-10-13,Consumer,Bronze,Occasional,Yes
134,Megan,Miller,megan.miller.134@icloud.com,(836) 203-4904,Richmond,VA,South,1986,Female,2024-01-03,Consumer,Bronze,Regular,Yes
135,Jennifer,Flores,jennifer.flores.135@outlook.com,(466) 675-3313,Orlando,FL,South,2005,Female,2026-07-09,Consumer,Bronze,Regular,No
136,Barbara,Hill,barbara.hill.136@gmail.com,(347) 694-7208,Charlotte,NC,South,1993,Female,2026-04-15,Consumer,Bronze,Occasional,No
137,Abigail,Thompson,abigail.thompson.137@icloud.com,(679) 444-7230,Atlanta,GA,South,1993,Female,2026-02-25,Consumer,Bronze,Occasional,Yes
138,Emily,Jackson,emily.jackson.138@gmail.com,(890) 995-9808,Cleveland,OH,Midwest,1982,Female,2026-08-04,Consumer,Silver,Regular,No
139,Kevin,Torres,kevin.torres.139@icloud.com,(232) 956-3457,Milwaukee,WI,Midwest,1998,Male,2024-02-04,Small Business,Silver,Regular,Yes
140,Ryan,Gonzalez,ryan.gonzalez.140@yahoo.com,(682) 392-7303,Pittsburgh,PA,Northeast,1971,Male,2024-05-18,Consumer,Bronze,Occasional,Yes
141,Nancy,Ramirez,nancy.ramirez.141@outlook.com,(527) 528-7485,Atlanta,GA,South,1991,Nonbinary,2025-04-23,Consumer,Bronze,VIP,Yes
142,Mary,Davis,mary.davis.142@outlook.com,(859) 228-1530,Richmond,VA,South,1977,Prefer not to say,2026-02-28,Consumer,Bronze,Occasional,Yes
143,Edward,Jones,edward.jones.143@yahoo.com,(484) 626-7352,Portland,OR,West,1976,Male,2025-05-15,Enterprise,Silver,Occasional,Yes
144,Steven,Williams,steven.williams.144@outlook.com,(398) 638-2287,Los Angeles,CA,West,1966,Male,2023-10-05,Consumer,Bronze,Occasional,Yes
145,Lauren,Anderson,lauren.anderson.145@icloud.com,(505) 514-3828,Orlando,FL,South,2002,Female,2024-01-03,Consumer,Bronze,Occasional,Yes
146,Nancy,Hill,nancy.hill.146@gmail.com,(733) 524-5472,Seattle,WA,West,1979,Female,2024-12-02,Consumer,Bronze,Occasional,Yes
147,Olivia,Johnson,olivia.johnson.147@protonmail.com,(784) 522-4502,Miami,FL,South,1953,Female,2025-12-10,Consumer,Bronze,Regular,Yes
148,Jessica,Nguyen,jessica.nguyen.148@yahoo.com,(687) 272-7541,Richmond,VA,South,1997,Female,2024-12-22,Consumer,Bronze,Regular,Yes
149,Nathan,Miller,nathan.miller.149@yahoo.com,(913) 550-4377,Seattle,WA,West,1959,Male,2026-08-24,Consumer,Bronze,Frequent,Yes
150,Jason,Rodriguez,jason.rodriguez.150@protonmail.com,(419) 253-7736,Buffalo,NY,Northeast,1968,Male,2024-06-23,Enterprise,Platinum,Frequent,Yes
151,Margaret,White,margaret.white.151@yahoo.com,(952) 734-8006,Detroit,MI,Midwest,1958,Female,2024-04-26,Consumer,Silver,Frequent,Yes
152,Anthony,Williams,anthony.williams.152@icloud.com,(786) 233-7644,Los Angeles,CA,West,1954,Male,2024-01-28,Consumer,Silver,Regular,Yes
153,Betty,Hill,betty.hill.153@icloud.com,(545) 741-9889,Nashville,TN,South,1948,Female,2025-04-23,Consumer,Bronze,Frequent,Yes
154,Donald,White,donald.white.154@protonmail.com,(523) 430-7913,Portland,OR,West,2002,Male,2025-11-25,Consumer,Silver,Regular,Yes
155,Barbara,Smith,barbara.smith.155@protonmail.com,(889) 734-7677,Atlanta,GA,South,1979,Female,2026-01-16,Small Business,Bronze,Occasional,Yes
156,Barbara,Young,barbara.young.156@icloud.com,(499) 526-7838,Houston,TX,South,1945,Female,2026-07-03,Enterprise,Silver,Frequent,Yes
157,David,Smith,david.smith.157@gmail.com,(784) 941-7167,Portland,OR,West,1967,Male,2024-06-21,Consumer,Bronze,Occasional,Yes
158,Sarah,King,sarah.king.158@gmail.com,(671) 255-4983,Detroit,MI,Midwest,1956,Female,2024-06-10,Consumer,Gold,VIP,Yes
159,Michael,Moore,michael.moore.159@protonmail.com,(201) 319-8290,Hartford,CT,Northeast,1975,Male,2023-07-09,Consumer,Bronze,Occasional,Yes
160,Joseph,Davis,joseph.davis.160@icloud.com,(811) 398-3724,Hartford,CT,Northeast,1990,Male,2026-07-19,Small Business,Silver,Regular,Yes
161,Jacob,Lewis,jacob.lewis.161@gmail.com,(295) 234-6913,Chicago,IL,Midwest,1994,Male,2023-09-21,Small Business,Bronze,Frequent,Yes
162,Amanda,Sanchez,amanda.sanchez.162@protonmail.com,(377) 385-1995,Detroit,MI,Midwest,1989,Female,2025-01-12,Consumer,Gold,Regular,Yes
163,Megan,White,megan.white.163@outlook.com,(691) 377-8031,Phoenix,AZ,West,1947,Female,2023-02-20,Consumer,Gold,Regular,Yes
164,Daniel,Young,daniel.young.164@yahoo.com,(431) 758-4313,Dallas,TX,South,1952,Male,2024-02-26,Consumer,Bronze,Regular,Yes
165,Nathan,Jackson,nathan.jackson.165@protonmail.com,(756) 904-6258,Pittsburgh,PA,Northeast,1950,Male,2024-08-15,Small Business,Bronze,Regular,Yes
166,Abigail,Lopez,abigail.lopez.166@yahoo.com,(828) 867-2462,Denver,CO,West,1953,Female,2023-07-09,Consumer,Silver,Regular,Yes
167,Sandra,Smith,sandra.smith.167@protonmail.com,(397) 569-2634,Richmond,VA,South,1985,Female,2023-05-28,Consumer,Bronze,Frequent,Yes
168,Sophia,Thomas,sophia.thomas.168@yahoo.com,(890) 790-7558,Atlanta,GA,South,1949,Female,2023-05-12,Consumer,Bronze,Occasional,Yes
169,Steven,Torres,steven.torres.169@gmail.com,(941) 752-7578,Pittsburgh,PA,Northeast,1993,Male,2023-10-22,Consumer,Silver,Regular,Yes
170,Karen,Hernandez,karen.hernandez.170@yahoo.com,(851) 785-9135,Indianapolis,IN,Midwest,2001,Female,2025-02-17,Consumer,Gold,Occasional,Yes
171,Barbara,Flores,barbara.flores.171@icloud.com,(375) 895-4692,Pittsburgh,PA,Northeast,1997,Female,2024-01-07,Consumer,Bronze,Occasional,Yes
172,Jessica,Walker,jessica.walker.172@icloud.com,(486) 218-8269,St. Louis,MO,Midwest,1949,Female,2023-07-05,Consumer,Bronze,Frequent,Yes
173,Jason,Sanchez,jason.sanchez.173@gmail.com,(972) 834-9742,Seattle,WA,West,1971,Male,2026-02-07,Consumer,Bronze,Occasional,Yes
174,Nicole,Williams,nicole.williams.174@icloud.com,(260) 950-1999,Newark,NJ,Northeast,1950,Female,2024-09-08,Consumer,Bronze,Frequent,Yes
175,Patricia,Harris,patricia.harris.175@protonmail.com,(443) 223-5866,Seattle,WA,West,1959,Female,2023-03-11,Consumer,Bronze,Occasional,Yes
176,Linda,Nguyen,linda.nguyen.176@protonmail.com,(965) 893-1328,St. Louis,MO,Midwest,1947,Female,2024-02-13,Consumer,Gold,Regular,Yes
177,Linda,Johnson,linda.johnson.177@icloud.com,(739) 520-6346,Columbus,OH,Midwest,1994,Female,2023-12-18,Consumer,Bronze,Occasional,Yes
178,Steven,Garcia,steven.garcia.178@outlook.com,(603) 475-1929,Atlanta,GA,South,1979,Male,2023-02-20,Consumer,Bronze,Occasional,Yes
179,Christina,Martin,christina.martin.179@gmail.com,(721) 613-5594,Seattle,WA,West,1982,Female,2026-06-21,Consumer,Bronze,Regular,No
180,Susan,King,susan.king.180@gmail.com,(414) 292-5729,Orlando,FL,South,1954,Female,2025-04-11,Consumer,Gold,Regular,Yes
181,Brandon,Miller,brandon.miller.181@gmail.com,(810) 928-3914,Nashville,TN,South,1966,Male,2025-04-21,Consumer,Bronze,Frequent,Yes
182,Nicole,King,nicole.king.182@icloud.com,(645) 474-5958,Phoenix,AZ,West,1958,Female,2024-03-21,Consumer,Bronze,Regular,Yes
183,Sandra,Gonzalez,sandra.gonzalez.183@outlook.com,(227) 751-2582,Richmond,VA,South,1958,Female,2025-12-12,Small Business,Platinum,Frequent,Yes
184,Sandra,Hernandez,sandra.hernandez.184@protonmail.com,(863) 927-8726,Columbus,OH,Midwest,1979,Female,2024-04-17,Small Business,Gold,Occasional,Yes
185,Brandon,Rodriguez,brandon.rodriguez.185@yahoo.com,(210) 825-6037,Buffalo,NY,Northeast,2004,Male,2024-02-08,Consumer,Bronze,Frequent,Yes
186,Olivia,Walker,olivia.walker.186@gmail.com,(652) 202-1868,San Diego,CA,West,1960,Female,2024-11-12,Consumer,Bronze,Occasional,Yes
187,Jacob,Jones,jacob.jones.187@icloud.com,(618) 846-6458,Columbus,OH,Midwest,1969,Male,2024-06-02,Small Business,Silver,VIP,Yes
188,Abigail,Smith,abigail.smith.188@gmail.com,(968) 309-6639,Houston,TX,South,1959,Female,2023-07-01,Enterprise,Gold,Regular,Yes
189,Rebecca,Young,rebecca.young.189@icloud.com,(869) 437-6443,Indianapolis,IN,Midwest,1978,Female,2023-03-06,Consumer,Bronze,Frequent,Yes
190,Abigail,Brown,abigail.brown.190@icloud.com,(361) 351-4519,Minneapolis,MN,Midwest,1976,Female,2023-06-30,Consumer,Bronze,VIP,Yes
191,Mark,Anderson,mark.anderson.191@icloud.com,(806) 277-9099,Indianapolis,IN,Midwest,2003,Male,2026-06-05,Consumer,Bronze,Occasional,Yes
192,Edward,King,edward.king.192@icloud.com,(776) 711-9063,Dallas,TX,South,1959,Male,2024-01-08,Consumer,Bronze,Occasional,Yes
193,Charles,Hill,charles.hill.193@gmail.com,(261) 427-2719,Las Vegas,NV,West,1999,Male,2023-08-08,Small Business,Silver,Regular,Yes
194,Daniel,Flores,daniel.flores.194@protonmail.com,(346) 579-7378,Charlotte,NC,South,1980,Male,2023-03-05,Small Business,Silver,Occasional,Yes
195,Brandon,Robinson,brandon.robinson.195@outlook.com,(982) 313-6963,Houston,TX,South,1983,Male,2023-12-03,Consumer,Bronze,Regular,Yes
196,Emily,Hernandez,emily.hernandez.196@protonmail.com,(295) 317-1714,Providence,RI,Northeast,1957,Female,2023-07-15,Enterprise,Bronze,Regular,Yes
197,Mary,Harris,mary.harris.197@icloud.com,(299) 528-6176,Orlando,FL,South,1966,Female,2025-05-30,Small Business,Bronze,Occasional,Yes
198,Joseph,Flores,joseph.flores.198@protonmail.com,(396) 934-1450,Los Angeles,CA,West,1959,Male,2024-02-18,Consumer,Bronze,Regular,Yes
199,Mary,Martinez,mary.martinez.199@yahoo.com,(875) 830-5050,Pittsburgh,PA,Northeast,1993,Female,2024-01-31,Consumer,Gold,Regular,Yes
200,Lisa,White,lisa.white.200@yahoo.com,(371) 236-2635,Orlando,FL,South,1989,Female,2023-05-21,Small Business,Bronze,VIP,Yes
201,Matthew,Wilson,matthew.wilson.201@gmail.com,(835) 410-8380,Charlotte,NC,South,1950,Male,2023-01-01,Consumer,Silver,Occasional,Yes
202,Mary,Moore,mary.moore.202@outlook.com,(237) 805-5945,Las Vegas,NV,West,1984,Female,2024-09-24,Consumer,Bronze,Occasional,Yes
203,Justin,Flores,justin.flores.203@gmail.com,(736) 566-4265,Phoenix,AZ,West,1998,Male,2024-05-30,Small Business,Bronze,Frequent,Yes
204,Jessica,Jackson,jessica.jackson.204@protonmail.com,(411) 586-3375,St. Louis,MO,Midwest,1998,Female,2024-04-12,Consumer,Silver,Occasional,Yes
205,Christopher,Ramirez,christopher.ramirez.205@gmail.com,(352) 614-5157,Charlotte,NC,South,1957,Male,2023-03-18,Consumer,Bronze,Occasional,No
206,David,Robinson,david.robinson.206@outlook.com,(274) 244-5502,Detroit,MI,Midwest,1983,Male,2023-09-06,Consumer,Silver,Regular,No
207,Justin,Lewis,justin.lewis.207@yahoo.com,(391) 972-3936,Philadelphia,PA,Northeast,1972,Male,2024-03-06,Consumer,Bronze,Regular,Yes
208,Linda,Garcia,linda.garcia.208@protonmail.com,(886) 808-8032,Las Vegas,NV,West,1949,Female,2025-12-31,Consumer,Bronze,Occasional,Yes
209,Betty,Gonzalez,betty.gonzalez.209@protonmail.com,(371) 474-6112,Hartford,CT,Northeast,1987,Female,2026-02-19,Consumer,Gold,Occasional,Yes
210,Ashley,Lee,ashley.lee.210@gmail.com,(426) 503-6041,Denver,CO,West,1999,Female,2025-11-21,Consumer,Bronze,Regular,Yes
211,Justin,Anderson,justin.anderson.211@protonmail.com,(424) 709-4926,Hartford,CT,Northeast,1963,Male,2026-08-26,Consumer,Bronze,Frequent,Yes
212,Sandra,Perez,sandra.perez.212@protonmail.com,(414) 847-5620,Seattle,WA,West,1952,Female,2023-07-15,Consumer,Silver,VIP,Yes
213,Christina,Garcia,christina.garcia.213@protonmail.com,(837) 233-3041,Chicago,IL,Midwest,1982,Female,2025-03-25,Consumer,Gold,Occasional,Yes
214,Nathan,Wilson,nathan.wilson.214@outlook.com,(693) 747-1942,Portland,OR,West,1986,Male,2026-01-07,Consumer,Silver,Regular,Yes
215,Paul,King,paul.king.215@outlook.com,(454) 938-6404,Atlanta,GA,South,1986,Male,2026-03-19,Consumer,Silver,Frequent,Yes
216,Jacob,Garcia,jacob.garcia.216@yahoo.com,(321) 855-6553,Milwaukee,WI,Midwest,1975,Male,2023-10-11,Small Business,Bronze,Regular,Yes
217,Mary,Martinez,mary.martinez.217@outlook.com,(915) 818-1662,San Diego,CA,West,1961,Female,2026-01-31,Small Business,Bronze,Occasional,Yes
218,Brian,Moore,brian.moore.218@yahoo.com,(586) 340-8791,Hartford,CT,Northeast,1988,Male,2025-02-15,Small Business,Bronze,Occasional,Yes
219,Brian,Perez,brian.perez.219@yahoo.com,(401) 463-4228,Newark,NJ,Northeast,1996,Male,2025-03-06,Consumer,Bronze,Frequent,No
220,Lisa,Walker,lisa.walker.220@yahoo.com,(770) 310-4156,Nashville,TN,South,2005,Female,2024-04-06,Consumer,Bronze,Regular,No
221,Mary,Williams,mary.williams.221@gmail.com,(382) 218-7838,Cleveland,OH,Midwest,1953,Female,2025-03-04,Consumer,Bronze,VIP,Yes
222,Olivia,Jones,olivia.jones.222@outlook.com,(750) 751-8114,Chicago,IL,Midwest,1980,Female,2025-11-12,Consumer,Bronze,Regular,Yes
223,Ashley,Sanchez,ashley.sanchez.223@outlook.com,(281) 699-5920,Detroit,MI,Midwest,1958,Female,2023-06-30,Consumer,Gold,Regular,No
224,Andrew,Miller,andrew.miller.224@yahoo.com,(492) 612-6044,San Francisco,CA,West,1980,Male,2026-01-09,Consumer,Gold,Frequent,Yes
225,Emily,Robinson,emily.robinson.225@outlook.com,(862) 861-8985,Houston,TX,South,1975,Female,2025-01-04,Small Business,Silver,Regular,Yes
226,Karen,Sanchez,karen.sanchez.226@protonmail.com,(440) 862-5807,Philadelphia,PA,Northeast,1997,Female,2025-06-23,Consumer,Gold,Occasional,Yes
227,Karen,Ramirez,karen.ramirez.227@gmail.com,(709) 769-1436,Hartford,CT,Northeast,2004,Female,2023-08-31,Consumer,Bronze,Frequent,Yes
228,Paul,Taylor,paul.taylor.228@icloud.com,(791) 699-3628,Dallas,TX,South,1999,Male,2024-03-24,Consumer,Gold,Occasional,Yes
229,George,White,george.white.229@icloud.com,(864) 939-9953,Charlotte,NC,South,1995,Male,2025-11-27,Consumer,Silver,Regular,Yes
230,Rebecca,Lee,rebecca.lee.230@icloud.com,(540) 498-4772,Nashville,TN,South,1967,Female,2024-04-04,Consumer,Bronze,Regular,No
231,Steven,Anderson,steven.anderson.231@icloud.com,(691) 307-9907,San Diego,CA,West,1987,Male,2023-12-17,Consumer,Bronze,Regular,Yes
232,Jacob,Thompson,jacob.thompson.232@outlook.com,(526) 510-3594,Hartford,CT,Northeast,2001,Male,2025-04-04,Consumer,Bronze,Occasional,Yes
233,Joshua,Wright,joshua.wright.233@icloud.com,(672) 711-5227,Miami,FL,South,1998,Male,2023-12-31,Small Business,Bronze,Frequent,Yes
234,Jason,Smith,jason.smith.234@icloud.com,(604) 841-2681,Las Vegas,NV,West,2002,Male,2023-03-31,Small Business,Bronze,Regular,Yes
235,Mark,Martinez,mark.martinez.235@protonmail.com,(953) 529-5063,Boston,MA,Northeast,1972,Male,2024-12-14,Small Business,Bronze,Occasional,Yes
236,Brian,Rodriguez,brian.rodriguez.236@gmail.com,(202) 628-3653,Las Vegas,NV,West,1985,Male,2025-12-09,Small Business,Bronze,Occasional,Yes
237,James,Jackson,james.jackson.237@yahoo.com,(686) 420-5403,Los Angeles,CA,West,1967,Male,2023-08-03,Consumer,Silver,Occasional,Yes
238,Rachel,Jones,rachel.jones.238@protonmail.com,(327) 709-1905,Hartford,CT,Northeast,1967,Female,2026-05-18,Consumer,Bronze,Regular,Yes
239,Patricia,Anderson,patricia.anderson.239@protonmail.com,(355) 508-5499,Detroit,MI,Midwest,1991,Female,2025-11-10,Consumer,Bronze,VIP,Yes
240,Mary,Perez,mary.perez.240@icloud.com,(832) 355-5149,Miami,FL,South,1964,Female,2024-09-30,Small Business,Silver,Occasional,Yes
241,Jason,White,jason.white.241@outlook.com,(763) 897-1778,Chicago,IL,Midwest,1949,Male,2025-03-25,Consumer,Bronze,Regular,Yes
242,Brian,Walker,brian.walker.242@protonmail.com,(238) 238-1686,Charlotte,NC,South,1955,Male,2025-01-10,Consumer,Gold,Regular,Yes
243,Robert,Torres,robert.torres.243@icloud.com,(348) 544-2687,Dallas,TX,South,1955,Male,2026-04-09,Enterprise,Bronze,Regular,Yes
244,Joshua,Rodriguez,joshua.rodriguez.244@icloud.com,(770) 863-1684,Detroit,MI,Midwest,1952,Male,2024-12-21,Small Business,Bronze,Occasional,Yes
245,Patricia,Williams,patricia.williams.245@yahoo.com,(460) 341-6235,Charlotte,NC,South,1963,Female,2023-10-06,Consumer,Bronze,Frequent,Yes
246,Edward,Jones,edward.jones.246@yahoo.com,(314) 566-4714,San Francisco,CA,West,1982,Male,2026-07-13,Small Business,Silver,Regular,No
247,Karen,Wilson,karen.wilson.247@gmail.com,(767) 680-6523,Detroit,MI,Midwest,1950,Female,2023-03-31,Consumer,Bronze,Occasional,Yes
248,John,Miller,john.miller.248@outlook.com,(694) 216-6215,Cleveland,OH,Midwest,1976,Male,2023-12-07,Small Business,Silver,Occasional,No
249,James,Robinson,james.robinson.249@yahoo.com,(506) 887-4624,Phoenix,AZ,West,1991,Male,2026-08-29,Small Business,Gold,Occasional,Yes
250,Ashley,Martin,ashley.martin.250@yahoo.com,(388) 389-2890,Seattle,WA,West,1990,Female,2023-12-26,Consumer,Silver,Occasional,Yes
251,Elizabeth,Scott,elizabeth.scott.251@protonmail.com,(212) 383-9807,Denver,CO,West,1949,Female,2024-08-16,Consumer,Bronze,VIP,Yes
252,George,Garcia,george.garcia.252@icloud.com,(555) 398-2944,Indianapolis,IN,Midwest,1993,Male,2025-03-21,Enterprise,Bronze,Occasional,Yes
253,Nicole,Allen,nicole.allen.253@icloud.com,(421) 290-1293,Milwaukee,WI,Midwest,1961,Female,2024-07-13,Consumer,Bronze,VIP,Yes
254,Brandon,Torres,brandon.torres.254@icloud.com,(744) 335-4000,Los Angeles,CA,West,1955,Male,2023-02-08,Consumer,Silver,Occasional,Yes
255,Christina,Williams,christina.williams.255@yahoo.com,(277) 842-3064,New York,NY,Northeast,1964,Female,2026-01-15,Enterprise,Bronze,Frequent,Yes
256,Nathan,Wright,nathan.wright.256@protonmail.com,(231) 729-5073,San Francisco,CA,West,1987,Prefer not to say,2024-08-02,Consumer,Gold,Occasional,Yes
257,Sarah,King,sarah.king.257@yahoo.com,(666) 507-8721,Newark,NJ,Northeast,1963,Female,2025-05-17,Consumer,Bronze,Occasional,Yes
258,Betty,Hill,betty.hill.258@outlook.com,(610) 251-6175,Denver,CO,West,1981,Female,2025-08-20,Consumer,Silver,Frequent,Yes
259,Nicole,Wright,nicole.wright.259@yahoo.com,(927) 564-6838,Miami,FL,South,1973,Female,2023-04-24,Consumer,Bronze,Occasional,No
260,Nathan,Williams,nathan.williams.260@outlook.com,(972) 575-4887,St. Louis,MO,Midwest,1945,Male,2023-12-21,Consumer,Silver,Regular,Yes
261,George,Torres,george.torres.261@protonmail.com,(300) 642-5761,St. Louis,MO,Midwest,2004,Male,2023-09-11,Enterprise,Bronze,Occasional,Yes
262,Emily,Robinson,emily.robinson.262@protonmail.com,(632) 573-7307,Columbus,OH,Midwest,1989,Female,2023-06-10,Consumer,Silver,Occasional,Yes
263,Brian,Lopez,brian.lopez.263@protonmail.com,(847) 737-1236,Miami,FL,South,1981,Male,2023-11-12,Consumer,Silver,Frequent,Yes
264,James,Brown,james.brown.264@icloud.com,(706) 472-8280,Miami,FL,South,1973,Male,2024-09-12,Small Business,Bronze,Frequent,Yes
265,George,Perez,george.perez.265@protonmail.com,(408) 895-4277,Charlotte,NC,South,1980,Male,2024-02-18,Small Business,Bronze,Frequent,Yes
266,Donald,Allen,donald.allen.266@yahoo.com,(706) 681-4390,Seattle,WA,West,1961,Male,2025-04-27,Consumer,Bronze,Frequent,Yes
267,Robert,Hill,robert.hill.267@protonmail.com,(691) 902-3525,Milwaukee,WI,Midwest,1950,Male,2023-04-07,Consumer,Bronze,Regular,Yes
268,Brian,Wright,brian.wright.268@outlook.com,(232) 800-8257,San Francisco,CA,West,1972,Male,2023-09-05,Consumer,Silver,Frequent,Yes
269,Lisa,Smith,lisa.smith.269@gmail.com,(872) 768-1586,Miami,FL,South,1985,Female,2024-06-08,Consumer,Silver,Regular,Yes
270,Sophia,Davis,sophia.davis.270@protonmail.com,(374) 666-7267,Cleveland,OH,Midwest,2005,Female,2023-05-31,Consumer,Bronze,Occasional,Yes
271,Thomas,Flores,thomas.flores.271@gmail.com,(886) 313-1410,Denver,CO,West,1977,Male,2026-05-22,Small Business,Bronze,VIP,No
272,Sandra,Harris,sandra.harris.272@icloud.com,(281) 818-5630,Buffalo,NY,Northeast,1947,Female,2025-06-29,Consumer,Silver,Regular,Yes
273,Ryan,Wright,ryan.wright.273@gmail.com,(240) 638-6727,Boston,MA,Northeast,1963,Male,2023-08-27,Consumer,Bronze,Regular,Yes
274,Melissa,Thompson,melissa.thompson.274@outlook.com,(974) 531-8298,Charlotte,NC,South,2002,Female,2024-02-02,Small Business,Bronze,Frequent,Yes
275,Emma,Flores,emma.flores.275@icloud.com,(458) 630-5474,Columbus,OH,Midwest,1968,Female,2026-08-31,Consumer,Bronze,Regular,Yes
276,John,Lopez,john.lopez.276@icloud.com,(618) 272-8688,Boston,MA,Northeast,1964,Male,2025-07-15,Enterprise,Gold,Frequent,Yes
277,George,Harris,george.harris.277@icloud.com,(802) 710-9005,Nashville,TN,South,1993,Male,2024-11-12,Small Business,Platinum,Regular,Yes
278,Melissa,Wright,melissa.wright.278@icloud.com,(622) 486-6613,Milwaukee,WI,Midwest,1983,Female,2023-12-24,Small Business,Bronze,Regular,Yes
279,Elizabeth,Lee,elizabeth.lee.279@protonmail.com,(438) 326-2705,Milwaukee,WI,Midwest,1956,Female,2024-04-19,Enterprise,Bronze,Regular,No
280,Rebecca,Martinez,rebecca.martinez.280@yahoo.com,(570) 992-7245,St. Louis,MO,Midwest,2004,Female,2026-04-07,Consumer,Silver,Occasional,Yes
281,Jessica,Wright,jessica.wright.281@yahoo.com,(299) 426-2106,Nashville,TN,South,1965,Female,2023-12-14,Consumer,Bronze,Regular,Yes
282,Olivia,Martinez,olivia.martinez.282@icloud.com,(981) 465-5126,Phoenix,AZ,West,1985,Female,2024-08-18,Enterprise,Bronze,Frequent,Yes
283,Anthony,Nguyen,anthony.nguyen.283@yahoo.com,(284) 265-5243,Seattle,WA,West,1958,Male,2024-08-28,Small Business,Bronze,Regular,Yes
284,Andrew,Thompson,andrew.thompson.284@outlook.com,(481) 553-8029,San Diego,CA,West,1975,Male,2026-03-16,Consumer,Bronze,VIP,Yes
285,Donald,Garcia,donald.garcia.285@yahoo.com,(694) 705-6299,Seattle,WA,West,1995,Male,2024-07-31,Consumer,Bronze,Occasional,Yes
286,David,Walker,david.walker.286@outlook.com,(877) 253-1977,Pittsburgh,PA,Northeast,1997,Male,2024-11-08,Small Business,Bronze,Occasional,Yes
287,Donald,Lee,donald.lee.287@yahoo.com,(652) 852-1417,Houston,TX,South,1977,Male,2026-01-15,Consumer,Bronze,Frequent,Yes
288,Thomas,Lopez,thomas.lopez.288@outlook.com,(670) 427-4744,Orlando,FL,South,1982,Male,2024-01-10,Consumer,Bronze,Occasional,No
289,Rebecca,Johnson,rebecca.johnson.289@outlook.com,(324) 709-4067,Seattle,WA,West,1960,Female,2025-10-06,Small Business,Bronze,Regular,Yes
290,Ashley,Wilson,ashley.wilson.290@gmail.com,(284) 914-6763,New York,NY,Northeast,1986,Female,2023-02-07,Consumer,Bronze,Occasional,Yes
291,Mark,Young,mark.young.291@gmail.com,(214) 917-3661,Cleveland,OH,Midwest,1961,Male,2023-03-19,Small Business,Bronze,Occasional,Yes
292,Christopher,Robinson,christopher.robinson.292@gmail.com,(502) 473-5784,Denver,CO,West,1987,Male,2026-06-29,Consumer,Bronze,Regular,Yes
293,Sandra,Hernandez,sandra.hernandez.293@outlook.com,(524) 445-7715,San Francisco,CA,West,1961,Female,2024-11-02,Small Business,Bronze,VIP,Yes
294,Edward,Rodriguez,edward.rodriguez.294@protonmail.com,(245) 741-5981,Dallas,TX,South,1983,Male,2026-06-21,Small Business,Bronze,Regular,Yes
295,Brian,Garcia,brian.garcia.295@outlook.com,(671) 831-6251,Buffalo,NY,Northeast,1977,Male,2025-01-29,Consumer,Gold,Regular,Yes
296,Mary,Scott,mary.scott.296@icloud.com,(682) 614-1079,Nashville,TN,South,1984,Female,2023-05-14,Small Business,Bronze,Occasional,Yes
297,Matthew,Young,matthew.young.297@icloud.com,(695) 691-5886,Charlotte,NC,South,1998,Male,2023-06-24,Small Business,Silver,Occasional,Yes
298,Nathan,Gonzalez,nathan.gonzalez.298@gmail.com,(918) 220-1040,New York,NY,Northeast,1956,Male,2023-12-06,Consumer,Gold,Frequent,Yes
299,Amanda,Allen,amanda.allen.299@outlook.com,(700) 912-8326,Hartford,CT,Northeast,1969,Female,2025-03-01,Consumer,Gold,Occasional,Yes
300,Mark,Clark,mark.clark.300@outlook.com,(712) 937-9254,Dallas,TX,South,1976,Male,2023-02-02,Small Business,Silver,Occasional,Yes
301,Anthony,Martinez,anthony.martinez.301@protonmail.com,(925) 276-7956,Las Vegas,NV,West,1972,Male,2025-07-02,Small Business,Silver,Occasional,Yes
302,William,Taylor,william.taylor.302@protonmail.com,(791) 833-4599,Detroit,MI,Midwest,1956,Male,2023-02-12,Consumer,Bronze,VIP,Yes
303,Paul,Martinez,paul.martinez.303@outlook.com,(224) 897-9935,Chicago,IL,Midwest,1978,Male,2023-03-04,Consumer,Bronze,Regular,No
304,George,Taylor,george.taylor.304@gmail.com,(628) 275-3328,Philadelphia,PA,Northeast,1963,Male,2023-03-30,Consumer,Bronze,Occasional,Yes
305,Lisa,Lewis,lisa.lewis.305@gmail.com,(482) 234-4355,San Francisco,CA,West,1982,Female,2024-09-22,Consumer,Silver,Frequent,Yes
306,James,Martin,james.martin.306@yahoo.com,(722) 721-1102,Las Vegas,NV,West,1946,Male,2023-08-03,Small Business,Bronze,VIP,Yes
307,Ashley,Lewis,ashley.lewis.307@yahoo.com,(567) 326-2755,Providence,RI,Northeast,2005,Female,2026-08-14,Consumer,Bronze,Regular,Yes
308,Melissa,Ramirez,melissa.ramirez.308@protonmail.com,(395) 925-7384,Portland,OR,West,1968,Female,2023-03-08,Small Business,Bronze,Frequent,Yes
309,Daniel,Johnson,daniel.johnson.309@icloud.com,(822) 572-1833,Minneapolis,MN,Midwest,1946,Male,2023-12-02,Small Business,Bronze,Occasional,Yes
310,Nicole,King,nicole.king.310@protonmail.com,(499) 892-8372,Chicago,IL,Midwest,2003,Female,2024-05-21,Small Business,Bronze,Regular,Yes
311,George,Flores,george.flores.311@gmail.com,(214) 429-4049,Seattle,WA,West,1951,Male,2025-05-04,Consumer,Bronze,Regular,Yes
312,Paul,Rodriguez,paul.rodriguez.312@protonmail.com,(831) 803-1864,Philadelphia,PA,Northeast,1986,Male,2025-07-03,Consumer,Bronze,Frequent,Yes
313,Susan,Garcia,susan.garcia.313@gmail.com,(432) 842-9209,Columbus,OH,Midwest,1953,Female,2026-04-09,Consumer,Bronze,Regular,Yes
314,Sophia,Robinson,sophia.robinson.314@protonmail.com,(264) 989-6699,Los Angeles,CA,West,1989,Female,2024-07-03,Small Business,Bronze,Occasional,Yes
315,Jason,King,jason.king.315@icloud.com,(548) 615-1519,St. Louis,MO,Midwest,1967,Male,2023-02-20,Consumer,Silver,Regular,Yes
316,Emma,Smith,emma.smith.316@outlook.com,(909) 257-6981,Boston,MA,Northeast,1974,Female,2023-11-19,Consumer,Bronze,VIP,Yes
317,Andrew,White,andrew.white.317@icloud.com,(527) 530-3049,Milwaukee,WI,Midwest,1961,Male,2025-07-11,Enterprise,Bronze,Frequent,Yes
318,Barbara,Martinez,barbara.martinez.318@icloud.com,(243) 404-3885,Cleveland,OH,Midwest,1973,Female,2026-07-29,Consumer,Silver,Regular,Yes
319,Ryan,Lee,ryan.lee.319@gmail.com,(881) 861-6998,Orlando,FL,South,1949,Male,2024-10-01,Consumer,Bronze,Regular,Yes
320,Mark,Harris,mark.harris.320@gmail.com,(907) 860-6816,Seattle,WA,West,1983,Male,2025-07-06,Consumer,Silver,Occasional,Yes
321,Edward,Robinson,edward.robinson.321@outlook.com,(415) 527-2144,Orlando,FL,South,1973,Male,2024-01-02,Consumer,Bronze,VIP,Yes
322,Sarah,Scott,sarah.scott.322@protonmail.com,(429) 552-1801,San Diego,CA,West,2003,Female,2025-10-31,Small Business,Bronze,VIP,Yes
323,Christina,Walker,christina.walker.323@yahoo.com,(442) 643-4499,Indianapolis,IN,Midwest,1985,Female,2023-04-29,Consumer,Bronze,Occasional,Yes
324,Steven,Williams,steven.williams.324@outlook.com,(917) 327-9917,Cleveland,OH,Midwest,1983,Male,2023-08-12,Enterprise,Silver,Frequent,Yes
325,Nancy,Jackson,nancy.jackson.325@icloud.com,(422) 875-4027,Houston,TX,South,1948,Female,2025-08-23,Consumer,Silver,Occasional,Yes
326,Jason,Lewis,jason.lewis.326@protonmail.com,(440) 618-7834,Houston,TX,South,1959,Male,2026-02-18,Consumer,Silver,Frequent,Yes
327,Edward,Garcia,edward.garcia.327@yahoo.com,(604) 349-4543,Atlanta,GA,South,1996,Male,2024-02-09,Consumer,Silver,Regular,Yes
328,Amanda,Brown,amanda.brown.328@gmail.com,(599) 877-9634,Chicago,IL,Midwest,1948,Female,2025-10-04,Consumer,Bronze,Occasional,Yes
329,Steven,Rodriguez,steven.rodriguez.329@gmail.com,(527) 406-2634,Philadelphia,PA,Northeast,1970,Male,2025-11-06,Consumer,Silver,Regular,Yes
330,Linda,Johnson,linda.johnson.330@icloud.com,(382) 864-7736,Nashville,TN,South,1964,Female,2025-09-02,Consumer,Silver,Regular,Yes
331,Betty,Davis,betty.davis.331@protonmail.com,(431) 710-3215,Richmond,VA,South,1960,Female,2023-09-27,Small Business,Bronze,Regular,Yes
332,Emma,Anderson,emma.anderson.332@gmail.com,(623) 470-1336,Houston,TX,South,1956,Female,2023-02-23,Consumer,Bronze,Frequent,Yes
333,Daniel,Taylor,daniel.taylor.333@yahoo.com,(723) 402-2594,Portland,OR,West,1983,Male,2024-07-20,Enterprise,Bronze,Occasional,Yes
334,Christopher,Thomas,christopher.thomas.334@yahoo.com,(443) 520-8248,Providence,RI,Northeast,1951,Male,2025-02-22,Consumer,Bronze,Frequent,Yes
335,Amanda,Clark,amanda.clark.335@yahoo.com,(651) 987-1461,Pittsburgh,PA,Northeast,1986,Female,2025-03-27,Small Business,Bronze,Frequent,Yes
336,Emma,Smith,emma.smith.336@gmail.com,(861) 599-2147,Providence,RI,Northeast,1994,Female,2025-06-21,Consumer,Silver,Regular,Yes
337,Rebecca,Walker,rebecca.walker.337@outlook.com,(347) 716-7735,Pittsburgh,PA,Northeast,2000,Female,2026-01-27,Consumer,Bronze,Regular,Yes
338,Jennifer,Jackson,jennifer.jackson.338@protonmail.com,(703) 466-8307,San Francisco,CA,West,1960,Female,2026-08-09,Enterprise,Bronze,Regular,Yes
339,Linda,Thompson,linda.thompson.339@protonmail.com,(754) 410-3710,Nashville,TN,South,1991,Female,2023-02-07,Consumer,Bronze,Occasional,Yes
340,Matthew,Lee,matthew.lee.340@outlook.com,(546) 474-1726,Richmond,VA,South,1976,Male,2023-05-08,Small Business,Gold,Regular,Yes
341,David,Rodriguez,david.rodriguez.341@yahoo.com,(359) 611-1837,San Francisco,CA,West,1986,Male,2024-03-12,Consumer,Platinum,Occasional,Yes
342,Robert,White,robert.white.342@gmail.com,(351) 904-2208,Richmond,VA,South,1990,Male,2023-08-12,Consumer,Bronze,Frequent,Yes
343,Brian,White,brian.white.343@yahoo.com,(980) 907-3087,Hartford,CT,Northeast,1980,Male,2024-01-31,Consumer,Bronze,Frequent,No
344,Sandra,Hernandez,sandra.hernandez.344@outlook.com,(584) 633-9225,San Diego,CA,West,1994,Female,2026-01-14,Consumer,Bronze,Occasional,Yes
345,Justin,Young,justin.young.345@yahoo.com,(642) 354-8134,New York,NY,Northeast,1996,Male,2025-11-11,Small Business,Bronze,Regular,Yes
346,Charles,Hernandez,charles.hernandez.346@gmail.com,(885) 418-2574,Buffalo,NY,Northeast,1993,Male,2025-10-08,Consumer,Silver,Regular,Yes
347,Paul,Taylor,paul.taylor.347@protonmail.com,(399) 412-7089,Milwaukee,WI,Midwest,1951,Male,2025-03-17,Consumer,Bronze,Regular,Yes
348,Rachel,Wright,rachel.wright.348@yahoo.com,(735) 604-6607,Seattle,WA,West,1995,Female,2024-04-02,Consumer,Bronze,Regular,Yes
349,Emma,Gonzalez,emma.gonzalez.349@icloud.com,(746) 919-4670,Portland,OR,West,1963,Female,2025-06-11,Small Business,Silver,Regular,Yes
350,Christopher,Hill,christopher.hill.350@gmail.com,(420) 930-4978,San Francisco,CA,West,1995,Male,2026-04-26,Consumer,Silver,Regular,Yes
351,Edward,Harris,edward.harris.351@yahoo.com,(709) 768-8202,Hartford,CT,Northeast,2000,Male,2024-09-18,Small Business,Bronze,Frequent,No
352,Lisa,Thomas,lisa.thomas.352@icloud.com,(845) 767-4661,Miami,FL,South,1958,Female,2023-09-06,Consumer,Gold,Occasional,Yes
353,Matthew,White,matthew.white.353@protonmail.com,(370) 341-2864,Miami,FL,South,1992,Male,2026-01-20,Consumer,Silver,VIP,No
354,Ryan,Walker,ryan.walker.354@yahoo.com,(980) 673-2341,Atlanta,GA,South,1985,Male,2023-04-11,Consumer,Silver,VIP,Yes
355,William,Rodriguez,william.rodriguez.355@gmail.com,(565) 385-1106,New York,NY,Northeast,1984,Male,2023-06-06,Small Business,Silver,Regular,Yes
356,Brandon,White,brandon.white.356@icloud.com,(545) 493-6489,Charlotte,NC,South,1963,Male,2025-06-27,Consumer,Bronze,Regular,Yes
357,Megan,Harris,megan.harris.357@gmail.com,(856) 871-2399,Denver,CO,West,1948,Female,2025-02-03,Consumer,Bronze,Regular,Yes
358,Margaret,Scott,margaret.scott.358@protonmail.com,(536) 836-9821,Seattle,WA,West,1965,Female,2023-02-11,Small Business,Bronze,Regular,Yes
359,Lisa,Walker,lisa.walker.359@outlook.com,(477) 315-8022,Denver,CO,West,1965,Female,2024-02-16,Consumer,Silver,Occasional,Yes
360,James,Robinson,james.robinson.360@gmail.com,(714) 346-6320,Philadelphia,PA,Northeast,1997,Male,2025-06-15,Small Business,Gold,Occasional,Yes
361,Thomas,Sanchez,thomas.sanchez.361@icloud.com,(621) 423-5100,Charlotte,NC,South,1996,Male,2024-08-20,Consumer,Silver,Occasional,Yes
362,George,Jackson,george.jackson.362@outlook.com,(592) 621-5575,Orlando,FL,South,1976,Male,2024-05-31,Small Business,Bronze,Frequent,Yes
363,Andrew,Nguyen,andrew.nguyen.363@gmail.com,(425) 746-5779,Newark,NJ,Northeast,1960,Male,2024-12-30,Consumer,Bronze,Regular,Yes
364,James,Jones,james.jones.364@yahoo.com,(422) 859-2695,Hartford,CT,Northeast,1966,Male,2024-09-09,Consumer,Silver,Occasional,Yes
365,Daniel,Rodriguez,daniel.rodriguez.365@yahoo.com,(464) 616-7196,Portland,OR,West,1980,Male,2025-07-27,Small Business,Bronze,Occasional,Yes
366,Anthony,Smith,anthony.smith.366@protonmail.com,(625) 259-8793,Atlanta,GA,South,1945,Male,2025-04-29,Consumer,Bronze,Regular,Yes
367,Donald,Sanchez,donald.sanchez.367@outlook.com,(436) 758-1998,Milwaukee,WI,Midwest,1945,Male,2025-05-20,Consumer,Bronze,Frequent,No
368,Mary,Harris,mary.harris.368@icloud.com,(456) 218-2106,Las Vegas,NV,West,1954,Female,2026-06-04,Small Business,Bronze,Regular,Yes
369,Kevin,Thomas,kevin.thomas.369@outlook.com,(401) 501-5898,San Diego,CA,West,1970,Male,2025-09-21,Consumer,Gold,Occasional,Yes
370,Ryan,Lopez,ryan.lopez.370@gmail.com,(451) 959-6217,Seattle,WA,West,1966,Male,2026-06-17,Consumer,Silver,Regular,Yes
371,Thomas,Sanchez,thomas.sanchez.371@protonmail.com,(668) 802-9178,Houston,TX,South,2005,Male,2023-02-26,Consumer,Silver,Frequent,No
372,Susan,Ramirez,susan.ramirez.372@protonmail.com,(494) 413-5206,Houston,TX,South,1997,Female,2024-09-21,Small Business,Bronze,Occasional,Yes
373,Ryan,Brown,ryan.brown.373@outlook.com,(234) 592-9187,Denver,CO,West,1964,Male,2025-09-26,Consumer,Bronze,Regular,Yes
374,Nancy,Clark,nancy.clark.374@protonmail.com,(428) 818-7652,Las Vegas,NV,West,1988,Prefer not to say,2026-05-23,Consumer,Bronze,Occasional,Yes
375,Linda,White,linda.white.375@protonmail.com,(397) 575-6204,Charlotte,NC,South,1955,Female,2025-05-23,Small Business,Silver,Regular,Yes
376,James,Ramirez,james.ramirez.376@yahoo.com,(413) 648-9030,Phoenix,AZ,West,2004,Male,2025-03-20,Small Business,Bronze,Occasional,Yes
377,Charles,Smith,charles.smith.377@outlook.com,(610) 525-8785,St. Louis,MO,Midwest,1953,Male,2025-01-02,Consumer,Silver,Regular,Yes
378,Jessica,Johnson,jessica.johnson.378@protonmail.com,(883) 206-5291,Miami,FL,South,1954,Female,2024-12-31,Small Business,Bronze,Regular,Yes
379,Nathan,Harris,nathan.harris.379@yahoo.com,(562) 864-7538,San Francisco,CA,West,2003,Male,2024-03-03,Consumer,Silver,Occasional,Yes
380,Susan,Johnson,susan.johnson.380@yahoo.com,(913) 605-2801,Orlando,FL,South,1946,Female,2026-08-04,Consumer,Gold,Regular,Yes
381,Lisa,Clark,lisa.clark.381@outlook.com,(428) 413-3892,Charlotte,NC,South,1970,Female,2024-05-10,Small Business,Bronze,Frequent,Yes
382,Emily,Wilson,emily.wilson.382@protonmail.com,(770) 589-9703,Boston,MA,Northeast,1966,Female,2026-06-05,Consumer,Bronze,Occasional,No
383,Lisa,Jones,lisa.jones.383@outlook.com,(926) 306-5521,Chicago,IL,Midwest,1960,Female,2023-03-02,Consumer,Bronze,Occasional,Yes
384,David,Hill,david.hill.384@gmail.com,(748) 792-2336,Pittsburgh,PA,Northeast,1993,Male,2024-05-25,Consumer,Bronze,Frequent,Yes
385,Joshua,Perez,joshua.perez.385@protonmail.com,(445) 807-2164,Hartford,CT,Northeast,1958,Male,2026-07-17,Consumer,Bronze,Regular,Yes
386,Joshua,Anderson,joshua.anderson.386@yahoo.com,(833) 476-6358,Miami,FL,South,1969,Male,2025-11-15,Consumer,Bronze,Occasional,Yes
387,Rachel,Scott,rachel.scott.387@outlook.com,(552) 944-7966,Newark,NJ,Northeast,1991,Female,2026-07-18,Consumer,Bronze,Regular,Yes
388,Abigail,Smith,abigail.smith.388@protonmail.com,(841) 503-5961,St. Louis,MO,Midwest,2005,Female,2023-02-24,Consumer,Bronze,Occasional,Yes
389,John,Perez,john.perez.389@outlook.com,(330) 450-7316,San Francisco,CA,West,1995,Male,2023-12-31,Consumer,Silver,Regular,Yes
390,David,Clark,david.clark.390@icloud.com,(759) 380-3377,Dallas,TX,South,1957,Male,2025-07-21,Consumer,Silver,Occasional,Yes
391,Nancy,Miller,nancy.miller.391@protonmail.com,(691) 280-7077,Dallas,TX,South,1959,Female,2023-04-22,Consumer,Bronze,Regular,No
392,Sarah,Gonzalez,sarah.gonzalez.392@protonmail.com,(584) 680-7983,Denver,CO,West,1978,Female,2023-08-06,Consumer,Bronze,Regular,No
393,Margaret,Jones,margaret.jones.393@icloud.com,(485) 970-9927,Charlotte,NC,South,1945,Female,2023-04-29,Small Business,Bronze,Frequent,Yes
394,James,Wright,james.wright.394@gmail.com,(889) 657-4800,Richmond,VA,South,1951,Male,2024-01-03,Consumer,Bronze,Regular,Yes
395,Ashley,Moore,ashley.moore.395@outlook.com,(843) 594-6698,Orlando,FL,South,1994,Nonbinary,2026-05-07,Consumer,Bronze,Occasional,Yes
396,Richard,King,richard.king.396@outlook.com,(645) 899-6597,Orlando,FL,South,1969,Male,2024-10-28,Consumer,Gold,Regular,Yes
397,George,Thomas,george.thomas.397@outlook.com,(554) 586-4923,Portland,OR,West,1974,Male,2025-02-16,Small Business,Silver,Occasional,Yes
398,Michael,Ramirez,michael.ramirez.398@yahoo.com,(910) 778-5937,Nashville,TN,South,1975,Male,2024-06-15,Small Business,Gold,Frequent,Yes
399,Ryan,Ramirez,ryan.ramirez.399@yahoo.com,(893) 946-1620,Buffalo,NY,Northeast,1968,Male,2026-06-07,Consumer,Bronze,Occasional,Yes
400,Anthony,Martinez,anthony.martinez.400@gmail.com,(844) 330-3284,Portland,OR,West,1970,Male,2023-06-09,Small Business,Gold,Frequent,Yes
401,Edward,Lee,edward.lee.401@icloud.com,(553) 652-1923,Houston,TX,South,1996,Male,2023-04-21,Consumer,Silver,Occasional,No
402,Megan,Davis,megan.davis.402@protonmail.com,(759) 844-2703,Providence,RI,Northeast,1989,Female,2025-03-14,Consumer,Silver,Occasional,Yes
403,Ashley,Lewis,ashley.lewis.403@yahoo.com,(526) 435-6292,Los Angeles,CA,West,1979,Female,2023-03-03,Consumer,Silver,Frequent,No
404,Christopher,Martinez,christopher.martinez.404@yahoo.com,(598) 442-9775,Boston,MA,Northeast,1953,Male,2025-02-25,Consumer,Silver,Occasional,No
405,Matthew,Thomas,matthew.thomas.405@outlook.com,(406) 562-5193,Dallas,TX,South,1986,Male,2025-04-01,Consumer,Bronze,Regular,No
406,Rachel,Martin,rachel.martin.406@icloud.com,(238) 353-9036,Houston,TX,South,1969,Female,2024-03-19,Small Business,Gold,Occasional,Yes
407,Linda,Scott,linda.scott.407@gmail.com,(914) 899-3752,Los Angeles,CA,West,1950,Female,2023-12-09,Consumer,Bronze,Occasional,Yes
408,Andrew,Hernandez,andrew.hernandez.408@yahoo.com,(468) 711-8064,San Francisco,CA,West,1993,Male,2025-07-22,Consumer,Bronze,VIP,Yes
409,Margaret,Taylor,margaret.taylor.409@gmail.com,(546) 901-5519,Orlando,FL,South,1993,Female,2023-01-01,Consumer,Silver,Regular,Yes
410,Michael,Brown,michael.brown.410@protonmail.com,(912) 758-1738,Atlanta,GA,South,1963,Male,2023-10-10,Consumer,Silver,Occasional,Yes
411,Andrew,Hill,andrew.hill.411@icloud.com,(588) 785-1433,Chicago,IL,Midwest,1995,Male,2026-05-25,Consumer,Bronze,Occasional,Yes
412,Jason,Miller,jason.miller.412@icloud.com,(552) 853-4124,Boston,MA,Northeast,1950,Male,2023-07-06,Consumer,Bronze,Regular,Yes
413,Christopher,Lopez,christopher.lopez.413@protonmail.com,(830) 899-7784,Orlando,FL,South,1987,Male,2023-09-20,Small Business,Silver,Occasional,Yes
414,Jessica,Perez,jessica.perez.414@outlook.com,(335) 677-3989,Orlando,FL,South,1992,Female,2026-06-24,Consumer,Bronze,Occasional,Yes
415,Jennifer,King,jennifer.king.415@icloud.com,(617) 291-5920,San Diego,CA,West,1976,Female,2024-09-13,Consumer,Bronze,Occasional,Yes
416,Joseph,King,joseph.king.416@protonmail.com,(907) 650-9357,Boston,MA,Northeast,1950,Male,2024-10-06,Consumer,Bronze,Regular,Yes
417,Joshua,Lewis,joshua.lewis.417@gmail.com,(712) 650-1331,Los Angeles,CA,West,1989,Male,2023-04-27,Consumer,Bronze,Occasional,Yes
418,Emma,Torres,emma.torres.418@protonmail.com,(278) 253-9556,San Diego,CA,West,2003,Female,2024-11-23,Small Business,Bronze,Regular,Yes
419,Kevin,Clark,kevin.clark.419@protonmail.com,(425) 495-6077,Richmond,VA,South,1992,Male,2024-08-30,Consumer,Silver,Frequent,Yes
420,Steven,Harris,steven.harris.420@gmail.com,(232) 293-2395,Providence,RI,Northeast,2000,Male,2025-05-01,Consumer,Silver,Regular,Yes
421,Jessica,Thompson,jessica.thompson.421@gmail.com,(404) 363-8162,Atlanta,GA,South,1986,Female,2025-05-30,Consumer,Silver,Frequent,Yes
422,Amanda,Anderson,amanda.anderson.422@yahoo.com,(621) 889-9344,Charlotte,NC,South,2004,Female,2025-04-11,Small Business,Bronze,Frequent,Yes
423,Amanda,Miller,amanda.miller.423@gmail.com,(927) 843-1692,Dallas,TX,South,1994,Female,2026-03-11,Small Business,Bronze,VIP,Yes
424,Lisa,Hernandez,lisa.hernandez.424@protonmail.com,(919) 749-5004,Providence,RI,Northeast,1960,Female,2026-08-26,Small Business,Bronze,Frequent,Yes
425,Steven,Perez,steven.perez.425@outlook.com,(339) 732-7830,Seattle,WA,West,1959,Male,2025-04-09,Consumer,Bronze,Occasional,Yes
426,John,Torres,john.torres.426@outlook.com,(965) 430-2307,Portland,OR,West,1994,Male,2025-03-16,Consumer,Gold,VIP,Yes
427,Thomas,Sanchez,thomas.sanchez.427@icloud.com,(224) 402-8512,Cleveland,OH,Midwest,1956,Male,2023-10-26,Consumer,Bronze,Frequent,Yes
428,David,Taylor,david.taylor.428@protonmail.com,(889) 468-8651,Miami,FL,South,1988,Male,2025-08-04,Consumer,Silver,Regular,Yes
429,Daniel,Hernandez,daniel.hernandez.429@yahoo.com,(659) 332-7348,Milwaukee,WI,Midwest,1987,Male,2024-10-13,Consumer,Bronze,Regular,Yes
430,Mark,Rodriguez,mark.rodriguez.430@protonmail.com,(797) 345-6017,Atlanta,GA,South,1954,Male,2025-07-07,Small Business,Bronze,Frequent,Yes
431,Stephanie,Perez,stephanie.perez.431@yahoo.com,(323) 241-3161,Pittsburgh,PA,Northeast,1956,Female,2026-04-04,Consumer,Silver,Frequent,No
432,Betty,Nguyen,betty.nguyen.432@outlook.com,(742) 389-6969,Detroit,MI,Midwest,1961,Female,2025-06-28,Consumer,Silver,Occasional,Yes
433,William,Hill,william.hill.433@outlook.com,(894) 554-7780,New York,NY,Northeast,1954,Male,2025-03-22,Consumer,Bronze,Regular,Yes
434,Emma,Davis,emma.davis.434@yahoo.com,(508) 754-3145,Miami,FL,South,1956,Female,2025-12-06,Consumer,Bronze,Regular,Yes
435,Linda,Johnson,linda.johnson.435@yahoo.com,(423) 815-8859,Buffalo,NY,Northeast,1954,Female,2024-11-29,Consumer,Bronze,Regular,Yes
436,Jessica,Flores,jessica.flores.436@icloud.com,(560) 752-4369,Los Angeles,CA,West,1995,Female,2025-02-23,Consumer,Gold,Regular,No
437,Melissa,Davis,melissa.davis.437@gmail.com,(522) 792-9118,Seattle,WA,West,1975,Female,2023-12-01,Consumer,Silver,Frequent,Yes
438,David,Flores,david.flores.438@icloud.com,(580) 441-4294,Miami,FL,South,1993,Nonbinary,2026-05-07,Consumer,Bronze,Frequent,Yes
439,Matthew,Moore,matthew.moore.439@yahoo.com,(264) 614-6116,Los Angeles,CA,West,1972,Nonbinary,2024-05-15,Consumer,Gold,Occasional,Yes
440,Ashley,Thomas,ashley.thomas.440@gmail.com,(312) 918-8710,Philadelphia,PA,Northeast,2003,Female,2025-07-22,Consumer,Gold,VIP,Yes
441,Betty,Flores,betty.flores.441@gmail.com,(559) 638-1294,Milwaukee,WI,Midwest,1986,Female,2023-11-21,Small Business,Bronze,VIP,Yes
442,Lisa,Martin,lisa.martin.442@outlook.com,(600) 586-1298,Newark,NJ,Northeast,1975,Female,2026-05-04,Consumer,Gold,VIP,Yes
443,Brandon,Harris,brandon.harris.443@protonmail.com,(862) 890-4630,Milwaukee,WI,Midwest,1968,Male,2026-06-19,Consumer,Bronze,Regular,Yes
444,Lauren,Perez,lauren.perez.444@protonmail.com,(905) 878-1382,Atlanta,GA,South,1987,Female,2025-08-31,Consumer,Bronze,Occasional,Yes
445,Sarah,Sanchez,sarah.sanchez.445@protonmail.com,(523) 222-6549,Minneapolis,MN,Midwest,1994,Female,2024-02-24,Enterprise,Silver,Occasional,Yes
446,Abigail,Wilson,abigail.wilson.446@protonmail.com,(541) 499-1198,Providence,RI,Northeast,1964,Prefer not to say,2026-06-04,Small Business,Bronze,Regular,Yes
447,Michael,Robinson,michael.robinson.447@icloud.com,(627) 750-4149,Phoenix,AZ,West,1954,Nonbinary,2023-06-03,Consumer,Gold,Regular,Yes
448,Daniel,Jackson,daniel.jackson.448@gmail.com,(700) 467-3817,Richmond,VA,South,1952,Male,2024-05-07,Consumer,Silver,Occasional,No
449,Joseph,Martinez,joseph.martinez.449@yahoo.com,(802) 541-7896,New York,NY,Northeast,2005,Male,2023-05-06,Small Business,Bronze,Regular,Yes
450,Edward,Davis,edward.davis.450@gmail.com,(260) 246-1251,Atlanta,GA,South,1959,Male,2025-03-11,Small Business,Silver,Occasional,Yes
451,Stephanie,Jones,stephanie.jones.451@yahoo.com,(307) 899-8566,Minneapolis,MN,Midwest,1960,Female,2025-01-11,Small Business,Bronze,Occasional,Yes
452,Emma,Johnson,emma.johnson.452@yahoo.com,(997) 439-9134,Houston,TX,South,1980,Female,2023-06-12,Enterprise,Silver,Frequent,No
453,Elizabeth,Perez,elizabeth.perez.453@gmail.com,(308) 887-4166,Houston,TX,South,1991,Female,2023-11-24,Consumer,Platinum,Occasional,Yes
454,Ryan,Rodriguez,ryan.rodriguez.454@yahoo.com,(244) 342-9670,Houston,TX,South,1947,Male,2023-11-20,Enterprise,Bronze,Regular,Yes
455,Kevin,Jackson,kevin.jackson.455@gmail.com,(635) 766-2662,Atlanta,GA,South,1982,Male,2025-06-22,Consumer,Bronze,Occasional,Yes
456,George,Williams,george.williams.456@icloud.com,(363) 701-8068,Charlotte,NC,South,1950,Male,2026-08-09,Consumer,Bronze,Occasional,Yes
457,Amanda,Lee,amanda.lee.457@gmail.com,(715) 853-7633,Richmond,VA,South,1972,Female,2023-04-18,Consumer,Bronze,Regular,Yes
458,Thomas,Lee,thomas.lee.458@gmail.com,(852) 478-1731,New York,NY,Northeast,1985,Male,2023-12-26,Consumer,Bronze,Regular,Yes
459,Richard,Rodriguez,richard.rodriguez.459@yahoo.com,(352) 482-1798,Orlando,FL,South,1969,Male,2023-08-28,Enterprise,Bronze,Regular,No
460,Nathan,Lee,nathan.lee.460@protonmail.com,(325) 425-8421,Columbus,OH,Midwest,1969,Male,2025-02-05,Consumer,Gold,Regular,Yes
461,Michael,Brown,michael.brown.461@outlook.com,(521) 954-1788,Charlotte,NC,South,1977,Male,2024-11-22,Consumer,Gold,Frequent,Yes
462,Justin,Clark,justin.clark.462@outlook.com,(543) 807-3225,Chicago,IL,Midwest,1975,Male,2023-01-02,Small Business,Silver,Occasional,Yes
463,Amanda,Thompson,amanda.thompson.463@icloud.com,(421) 806-9881,Richmond,VA,South,1979,Prefer not to say,2026-07-03,Consumer,Platinum,Regular,Yes
464,Elizabeth,Allen,elizabeth.allen.464@yahoo.com,(402) 364-5010,Houston,TX,South,1991,Female,2026-07-15,Consumer,Bronze,Occasional,Yes
465,Joshua,Ramirez,joshua.ramirez.465@icloud.com,(896) 954-1241,Portland,OR,West,1974,Male,2023-09-19,Consumer,Gold,Regular,Yes
466,Melissa,Clark,melissa.clark.466@icloud.com,(935) 451-9496,Charlotte,NC,South,2000,Female,2024-01-13,Consumer,Gold,Frequent,Yes
467,Jessica,Robinson,jessica.robinson.467@yahoo.com,(640) 239-8362,St. Louis,MO,Midwest,1970,Female,2024-03-29,Consumer,Bronze,Regular,Yes
468,Olivia,Lee,olivia.lee.468@icloud.com,(998) 395-6761,Hartford,CT,Northeast,1946,Female,2023-09-17,Consumer,Silver,Frequent,Yes
469,Lauren,Allen,lauren.allen.469@protonmail.com,(463) 773-4149,Miami,FL,South,1983,Female,2024-11-03,Consumer,Silver,Occasional,Yes
470,Margaret,Torres,margaret.torres.470@protonmail.com,(870) 246-8754,Houston,TX,South,1973,Female,2024-03-19,Consumer,Gold,Occasional,Yes
471,Jennifer,Lee,jennifer.lee.471@icloud.com,(991) 769-7904,Milwaukee,WI,Midwest,1998,Female,2025-09-24,Consumer,Gold,Occasional,No
472,Thomas,Perez,thomas.perez.472@yahoo.com,(449) 627-9593,Detroit,MI,Midwest,1950,Male,2026-06-10,Small Business,Bronze,Regular,Yes
473,Nicole,Lopez,nicole.lopez.473@outlook.com,(286) 927-7649,Los Angeles,CA,West,1947,Female,2024-12-30,Consumer,Silver,Frequent,Yes
474,Sandra,Gonzalez,sandra.gonzalez.474@outlook.com,(309) 738-2167,Miami,FL,South,1957,Female,2023-06-13,Consumer,Bronze,Occasional,Yes
475,Olivia,Lewis,olivia.lewis.475@gmail.com,(566) 683-9339,San Diego,CA,West,1998,Female,2023-02-04,Enterprise,Silver,Regular,Yes
476,Linda,Williams,linda.williams.476@protonmail.com,(428) 979-3783,Atlanta,GA,South,1950,Female,2023-01-13,Consumer,Silver,Occasional,No
477,Joseph,Wilson,joseph.wilson.477@outlook.com,(246) 492-3491,Dallas,TX,South,1963,Male,2026-03-13,Consumer,Bronze,Regular,Yes
478,Olivia,Wright,olivia.wright.478@yahoo.com,(842) 996-7525,Houston,TX,South,2001,Female,2026-03-27,Small Business,Bronze,Frequent,No
479,Betty,Lopez,betty.lopez.479@yahoo.com,(786) 499-9568,Milwaukee,WI,Midwest,2000,Female,2024-09-11,Consumer,Bronze,Occasional,Yes
480,Edward,Miller,edward.miller.480@protonmail.com,(957) 334-6190,Indianapolis,IN,Midwest,2003,Male,2023-09-22,Consumer,Bronze,Frequent,Yes
481,Stephanie,Jackson,stephanie.jackson.481@outlook.com,(793) 959-6755,Nashville,TN,South,1993,Female,2024-02-14,Consumer,Bronze,Regular,Yes
482,Emma,Ramirez,emma.ramirez.482@outlook.com,(470) 423-1529,Portland,OR,West,1970,Female,2023-06-06,Small Business,Bronze,Regular,Yes
483,Jennifer,Lewis,jennifer.lewis.483@icloud.com,(323) 433-1328,Richmond,VA,South,1985,Female,2026-04-29,Enterprise,Gold,Occasional,Yes
484,Jacob,Martin,jacob.martin.484@yahoo.com,(650) 977-5893,Miami,FL,South,1968,Male,2024-06-27,Small Business,Platinum,Occasional,Yes
485,Amanda,Thomas,amanda.thomas.485@icloud.com,(741) 519-3349,Houston,TX,South,1967,Female,2026-08-27,Consumer,Bronze,VIP,Yes
486,Rebecca,King,rebecca.king.486@outlook.com,(924) 368-3545,Cleveland,OH,Midwest,1957,Female,2023-12-09,Consumer,Bronze,Frequent,Yes
487,Abigail,Flores,abigail.flores.487@protonmail.com,(381) 336-9322,Denver,CO,West,1958,Female,2025-02-26,Consumer,Platinum,Regular,Yes
488,Rachel,Lewis,rachel.lewis.488@gmail.com,(417) 360-4715,Phoenix,AZ,West,1988,Female,2025-07-12,Consumer,Bronze,Regular,Yes
489,Joseph,Clark,joseph.clark.489@outlook.com,(376) 993-1613,Denver,CO,West,1984,Male,2024-11-13,Consumer,Silver,Occasional,Yes
490,Margaret,Taylor,margaret.taylor.490@protonmail.com,(670) 699-6503,Richmond,VA,South,1994,Female,2026-02-27,Consumer,Silver,Occasional,Yes
491,James,Lewis,james.lewis.491@gmail.com,(850) 257-6376,Nashville,TN,South,2002,Male,2023-06-14,Small Business,Bronze,Regular,Yes
492,Michael,Gonzalez,michael.gonzalez.492@outlook.com,(703) 346-4077,Houston,TX,South,1948,Male,2024-05-26,Consumer,Bronze,Occasional,No
493,Sophia,Johnson,sophia.johnson.493@protonmail.com,(976) 469-7865,Nashville,TN,South,1965,Female,2023-08-18,Consumer,Silver,Regular,Yes
494,Charles,Johnson,charles.johnson.494@protonmail.com,(426) 834-8271,Orlando,FL,South,1958,Male,2025-06-26,Consumer,Bronze,Occasional,Yes
495,Mary,Wilson,mary.wilson.495@gmail.com,(617) 642-8693,New York,NY,Northeast,1951,Female,2023-07-29,Consumer,Bronze,Frequent,No
496,Sophia,Smith,sophia.smith.496@icloud.com,(345) 460-6851,Houston,TX,South,1959,Female,2026-03-12,Consumer,Bronze,Regular,Yes
497,Lisa,King,lisa.king.497@icloud.com,(277) 968-6462,Phoenix,AZ,West,1983,Female,2026-01-11,Small Business,Bronze,Regular,Yes
498,Brandon,Sanchez,brandon.sanchez.498@icloud.com,(999) 478-4470,New York,NY,Northeast,1970,Male,2024-04-15,Small Business,Bronze,Frequent,No
499,Ashley,King,ashley.king.499@gmail.com,(745) 441-9753,Dallas,TX,South,1953,Female,2024-09-16,Consumer,Silver,Occasional,Yes
500,Matthew,Harris,matthew.harris.500@outlook.com,(738) 450-9207,Philadelphia,PA,Northeast,1956,Male,2024-07-07,Consumer,Gold,Regular,Yes
501,Edward,Gonzalez,edward.gonzalez.501@icloud.com,(648) 566-9168,Nashville,TN,South,1994,Male,2026-06-07,Consumer,Bronze,Frequent,Yes
502,Paul,Wright,paul.wright.502@outlook.com,(698) 820-6392,Boston,MA,Northeast,1961,Male,2023-03-02,Enterprise,Bronze,Regular,No
503,Ryan,Jones,ryan.jones.503@yahoo.com,(722) 804-8881,Portland,OR,West,1960,Male,2023-01-15,Consumer,Gold,Occasional,Yes
504,Robert,Wilson,robert.wilson.504@protonmail.com,(514) 221-9794,Atlanta,GA,South,1995,Male,2025-10-07,Consumer,Bronze,Occasional,Yes
505,Sarah,White,sarah.white.505@protonmail.com,(766) 576-1992,Buffalo,NY,Northeast,2003,Female,2025-12-28,Consumer,Bronze,Regular,Yes
506,Steven,Clark,steven.clark.506@gmail.com,(806) 318-4705,Miami,FL,South,1984,Male,2026-07-20,Consumer,Bronze,Regular,Yes
507,Sarah,Garcia,sarah.garcia.507@protonmail.com,(320) 675-4426,Dallas,TX,South,1951,Female,2026-04-09,Consumer,Bronze,Regular,Yes
508,Justin,Gonzalez,justin.gonzalez.508@yahoo.com,(977) 373-9306,New York,NY,Northeast,1966,Male,2023-04-19,Consumer,Bronze,Occasional,Yes
509,Emily,Jackson,emily.jackson.509@gmail.com,(379) 952-8138,New York,NY,Northeast,1995,Female,2023-08-13,Consumer,Bronze,Regular,Yes
510,Edward,Nguyen,edward.nguyen.510@icloud.com,(790) 445-4732,Atlanta,GA,South,1997,Male,2024-06-21,Consumer,Gold,Frequent,No
511,Matthew,Miller,matthew.miller.511@protonmail.com,(448) 711-3304,Richmond,VA,South,1995,Male,2023-04-19,Consumer,Bronze,Regular,Yes
512,William,Thomas,william.thomas.512@yahoo.com,(412) 368-7751,Pittsburgh,PA,Northeast,2005,Male,2023-03-15,Small Business,Bronze,Regular,Yes
513,Betty,Scott,betty.scott.513@outlook.com,(660) 989-6403,Nashville,TN,South,1965,Nonbinary,2023-04-28,Consumer,Bronze,Occasional,Yes
514,Amanda,Garcia,amanda.garcia.514@protonmail.com,(347) 399-5797,Richmond,VA,South,2002,Female,2025-01-05,Consumer,Platinum,VIP,Yes
515,James,Lee,james.lee.515@yahoo.com,(450) 343-6400,Denver,CO,West,1974,Male,2024-08-29,Consumer,Silver,Regular,Yes
516,John,Harris,john.harris.516@outlook.com,(635) 864-8482,Portland,OR,West,1948,Male,2023-03-03,Consumer,Bronze,Occasional,Yes
517,David,Smith,david.smith.517@icloud.com,(451) 273-6006,Phoenix,AZ,West,1992,Male,2024-03-16,Consumer,Bronze,Occasional,Yes
518,Mary,Hill,mary.hill.518@yahoo.com,(286) 239-6472,Richmond,VA,South,1989,Female,2026-05-05,Consumer,Silver,Regular,Yes
519,William,Martinez,william.martinez.519@gmail.com,(298) 706-7462,Las Vegas,NV,West,2001,Male,2025-09-02,Consumer,Silver,Regular,Yes
520,Brandon,Jones,brandon.jones.520@yahoo.com,(558) 202-9983,Charlotte,NC,South,1980,Male,2023-03-10,Consumer,Bronze,Occasional,Yes
521,Karen,Nguyen,karen.nguyen.521@icloud.com,(416) 487-4888,Los Angeles,CA,West,1969,Female,2025-07-24,Consumer,Bronze,Frequent,Yes
522,Betty,Walker,betty.walker.522@icloud.com,(666) 920-2098,Dallas,TX,South,1982,Female,2025-05-15,Consumer,Bronze,Occasional,Yes
523,Jessica,Walker,jessica.walker.523@gmail.com,(475) 993-7616,Denver,CO,West,1946,Female,2024-10-16,Consumer,Bronze,Regular,Yes
524,Edward,Williams,edward.williams.524@icloud.com,(951) 985-2541,Denver,CO,West,1977,Male,2024-06-02,Consumer,Bronze,Occasional,Yes
525,Rebecca,Thomas,rebecca.thomas.525@yahoo.com,(437) 842-2464,Phoenix,AZ,West,1974,Female,2023-10-31,Consumer,Bronze,Occasional,Yes
526,Andrew,Gonzalez,andrew.gonzalez.526@icloud.com,(450) 663-8618,Cleveland,OH,Midwest,2003,Male,2023-11-23,Consumer,Silver,Occasional,Yes
527,Richard,Miller,richard.miller.527@yahoo.com,(201) 356-8368,Dallas,TX,South,1969,Nonbinary,2024-11-21,Small Business,Gold,Frequent,Yes
528,Justin,Hernandez,justin.hernandez.528@gmail.com,(487) 634-2227,Newark,NJ,Northeast,1980,Male,2024-02-16,Small Business,Bronze,Regular,Yes
529,Brandon,Moore,brandon.moore.529@gmail.com,(704) 961-9512,Newark,NJ,Northeast,1972,Male,2024-05-13,Small Business,Silver,Occasional,Yes
530,Megan,Miller,megan.miller.530@outlook.com,(759) 843-2376,Hartford,CT,Northeast,1948,Female,2025-01-25,Small Business,Bronze,Occasional,No
531,Brandon,Anderson,brandon.anderson.531@yahoo.com,(583) 671-9580,Richmond,VA,South,1954,Male,2026-01-01,Consumer,Bronze,Regular,Yes
532,Rebecca,Wilson,rebecca.wilson.532@outlook.com,(268) 583-6977,Chicago,IL,Midwest,1973,Female,2026-07-20,Consumer,Bronze,Occasional,Yes
533,Richard,Garcia,richard.garcia.533@icloud.com,(940) 310-2597,Los Angeles,CA,West,1987,Male,2026-02-25,Consumer,Bronze,Regular,Yes
534,Rebecca,Jones,rebecca.jones.534@gmail.com,(660) 675-2011,Newark,NJ,Northeast,2003,Female,2023-07-11,Enterprise,Silver,Regular,Yes
535,Mark,Walker,mark.walker.535@protonmail.com,(274) 265-6742,Orlando,FL,South,1960,Male,2025-02-27,Consumer,Bronze,Occasional,Yes
536,Susan,White,susan.white.536@yahoo.com,(762) 497-8254,Dallas,TX,South,1983,Female,2023-11-29,Small Business,Bronze,Regular,No
537,Betty,Garcia,betty.garcia.537@yahoo.com,(387) 367-2123,San Diego,CA,West,1994,Female,2024-02-14,Small Business,Bronze,Regular,Yes
538,Donald,Thomas,donald.thomas.538@protonmail.com,(205) 445-4713,St. Louis,MO,Midwest,2002,Male,2026-06-27,Consumer,Bronze,Regular,Yes
539,Melissa,Martin,melissa.martin.539@gmail.com,(525) 724-3234,Charlotte,NC,South,1986,Female,2024-06-26,Enterprise,Bronze,VIP,Yes
540,Richard,King,richard.king.540@protonmail.com,(416) 542-6789,Richmond,VA,South,1966,Male,2024-04-09,Consumer,Bronze,Regular,Yes
541,Joshua,Hernandez,joshua.hernandez.541@outlook.com,(834) 723-4028,Atlanta,GA,South,1951,Male,2025-11-02,Consumer,Bronze,Occasional,Yes
542,Daniel,Lopez,daniel.lopez.542@gmail.com,(318) 654-2246,Detroit,MI,Midwest,1990,Prefer not to say,2024-03-16,Small Business,Silver,Occasional,Yes
543,Thomas,Wright,thomas.wright.543@outlook.com,(640) 661-1849,San Francisco,CA,West,1970,Male,2024-02-05,Consumer,Bronze,Frequent,Yes
544,Michael,Brown,michael.brown.544@yahoo.com,(336) 298-8590,Dallas,TX,South,2000,Male,2024-05-23,Enterprise,Bronze,Regular,No
545,Donald,Scott,donald.scott.545@outlook.com,(420) 612-1501,Nashville,TN,South,1978,Male,2026-05-13,Consumer,Bronze,Occasional,Yes
546,Emma,Rodriguez,emma.rodriguez.546@yahoo.com,(452) 322-1196,San Francisco,CA,West,1956,Female,2025-09-04,Consumer,Silver,Occasional,Yes
547,Linda,Johnson,linda.johnson.547@yahoo.com,(949) 366-1116,Philadelphia,PA,Northeast,1990,Female,2024-05-23,Consumer,Gold,Occasional,Yes
548,Barbara,Nguyen,barbara.nguyen.548@yahoo.com,(380) 936-2105,Houston,TX,South,1989,Female,2023-08-01,Consumer,Bronze,Frequent,No
549,Margaret,Moore,margaret.moore.549@protonmail.com,(563) 762-6350,Indianapolis,IN,Midwest,1994,Female,2024-07-14,Small Business,Bronze,Occasional,Yes
550,Amanda,White,amanda.white.550@gmail.com,(769) 405-9306,Miami,FL,South,1975,Female,2024-08-03,Consumer,Bronze,Frequent,No
551,John,Johnson,john.johnson.551@gmail.com,(361) 578-7245,Philadelphia,PA,Northeast,1955,Male,2026-01-14,Consumer,Bronze,Regular,Yes
552,Richard,Hernandez,richard.hernandez.552@gmail.com,(591) 458-2313,Denver,CO,West,1981,Male,2024-03-12,Consumer,Bronze,Regular,Yes
553,Rachel,Thompson,rachel.thompson.553@gmail.com,(728) 664-5989,Seattle,WA,West,1980,Female,2025-12-22,Small Business,Gold,Regular,Yes
554,Donald,Thompson,donald.thompson.554@protonmail.com,(569) 380-2705,Denver,CO,West,1964,Male,2023-03-28,Consumer,Bronze,Occasional,Yes
555,Justin,King,justin.king.555@icloud.com,(624) 811-7206,Las Vegas,NV,West,1955,Male,2024-07-03,Enterprise,Bronze,Regular,Yes
556,Karen,White,karen.white.556@protonmail.com,(339) 952-9223,Providence,RI,Northeast,1994,Female,2023-12-28,Consumer,Gold,Occasional,Yes
557,Jennifer,Robinson,jennifer.robinson.557@icloud.com,(267) 699-2418,Houston,TX,South,1971,Female,2024-03-14,Consumer,Silver,Occasional,Yes
558,Joshua,Torres,joshua.torres.558@gmail.com,(274) 602-7444,Los Angeles,CA,West,1952,Male,2026-08-17,Consumer,Silver,Occasional,No
559,Lisa,Flores,lisa.flores.559@protonmail.com,(369) 793-8083,Pittsburgh,PA,Northeast,1950,Female,2026-03-31,Small Business,Gold,Frequent,Yes
560,Amanda,Robinson,amanda.robinson.560@icloud.com,(921) 280-9553,Orlando,FL,South,1963,Female,2025-12-01,Consumer,Silver,Regular,Yes
561,Nicole,Harris,nicole.harris.561@gmail.com,(863) 412-2024,Pittsburgh,PA,Northeast,1949,Female,2026-03-27,Small Business,Bronze,Frequent,Yes
562,Lisa,King,lisa.king.562@protonmail.com,(537) 888-1980,Richmond,VA,South,1993,Female,2023-08-23,Small Business,Silver,Regular,Yes
563,Lisa,Anderson,lisa.anderson.563@outlook.com,(778) 379-1519,Atlanta,GA,South,2002,Female,2024-04-15,Consumer,Silver,Regular,Yes
564,Ryan,Allen,ryan.allen.564@icloud.com,(352) 669-2264,Philadelphia,PA,Northeast,1945,Male,2025-03-25,Consumer,Bronze,Frequent,Yes
565,Brian,Nguyen,brian.nguyen.565@icloud.com,(613) 585-1237,Las Vegas,NV,West,1954,Male,2026-07-24,Consumer,Bronze,Regular,Yes
566,Donald,Wright,donald.wright.566@yahoo.com,(934) 628-2910,San Diego,CA,West,1993,Male,2024-07-21,Enterprise,Silver,Occasional,Yes
567,Richard,Thomas,richard.thomas.567@icloud.com,(311) 723-7767,Atlanta,GA,South,1993,Male,2023-03-22,Small Business,Bronze,Frequent,Yes
568,Emily,Taylor,emily.taylor.568@outlook.com,(816) 677-4572,Denver,CO,West,1975,Female,2026-07-20,Small Business,Bronze,Frequent,Yes
569,Brian,Lewis,brian.lewis.569@protonmail.com,(795) 329-5347,Philadelphia,PA,Northeast,1983,Male,2024-08-27,Consumer,Gold,VIP,No
570,Jessica,Jones,jessica.jones.570@outlook.com,(738) 621-5430,Los Angeles,CA,West,1962,Female,2025-01-29,Consumer,Bronze,Frequent,Yes
571,Joseph,Hill,joseph.hill.571@yahoo.com,(938) 348-9497,Los Angeles,CA,West,1986,Male,2024-03-11,Consumer,Bronze,Frequent,No
572,James,Torres,james.torres.572@gmail.com,(972) 901-6761,Nashville,TN,South,2002,Male,2025-08-19,Consumer,Bronze,Regular,Yes
573,Thomas,Williams,thomas.williams.573@outlook.com,(833) 618-4292,Dallas,TX,South,1974,Male,2024-08-02,Small Business,Silver,Occasional,Yes
574,Jessica,King,jessica.king.574@outlook.com,(288) 294-2139,Philadelphia,PA,Northeast,1964,Female,2025-01-17,Consumer,Bronze,Occasional,Yes
575,Rachel,Smith,rachel.smith.575@icloud.com,(303) 641-8532,Atlanta,GA,South,1967,Female,2026-08-13,Consumer,Gold,Regular,Yes
576,Jacob,Lewis,jacob.lewis.576@icloud.com,(917) 490-4133,Dallas,TX,South,1982,Male,2025-01-21,Consumer,Bronze,Frequent,Yes
577,Nicole,Lopez,nicole.lopez.577@outlook.com,(629) 585-9732,Las Vegas,NV,West,1950,Female,2025-05-15,Consumer,Bronze,VIP,Yes
578,Rebecca,Robinson,rebecca.robinson.578@gmail.com,(662) 238-3112,Portland,OR,West,1992,Female,2024-03-20,Small Business,Bronze,Frequent,Yes
579,Brandon,Lewis,brandon.lewis.579@outlook.com,(966) 888-8643,St. Louis,MO,Midwest,1951,Male,2024-09-03,Consumer,Silver,Frequent,Yes
580,Elizabeth,Ramirez,elizabeth.ramirez.580@protonmail.com,(255) 393-7375,Charlotte,NC,South,1955,Female,2025-06-29,Consumer,Silver,Occasional,Yes
581,Lisa,Thompson,lisa.thompson.581@outlook.com,(579) 702-4871,Providence,RI,Northeast,1991,Female,2025-09-28,Consumer,Silver,Regular,Yes
582,Brandon,Rodriguez,brandon.rodriguez.582@gmail.com,(232) 806-1976,Milwaukee,WI,Midwest,1953,Male,2026-07-07,Consumer,Bronze,Frequent,Yes
583,Sandra,Allen,sandra.allen.583@icloud.com,(919) 570-6953,Chicago,IL,Midwest,2000,Female,2025-06-06,Small Business,Bronze,Occasional,No
584,Jacob,Davis,jacob.davis.584@protonmail.com,(893) 873-1095,Denver,CO,West,1962,Male,2024-05-29,Consumer,Bronze,Frequent,Yes
585,Nancy,Hill,nancy.hill.585@protonmail.com,(986) 296-9733,San Diego,CA,West,1970,Female,2026-09-05,Consumer,Gold,Regular,Yes
586,Robert,Moore,robert.moore.586@yahoo.com,(970) 986-9923,Charlotte,NC,South,2000,Male,2026-02-03,Consumer,Gold,Occasional,Yes
587,William,Smith,william.smith.587@protonmail.com,(902) 842-3745,Indianapolis,IN,Midwest,1987,Male,2026-03-12,Small Business,Silver,Frequent,Yes
588,John,Harris,john.harris.588@protonmail.com,(380) 614-5267,Newark,NJ,Northeast,1987,Male,2024-09-15,Consumer,Gold,Regular,Yes
589,Brandon,Taylor,brandon.taylor.589@gmail.com,(818) 411-2310,Columbus,OH,Midwest,1956,Male,2025-02-18,Consumer,Gold,Regular,Yes
590,Amanda,Williams,amanda.williams.590@icloud.com,(510) 422-3732,Hartford,CT,Northeast,1999,Female,2023-09-04,Consumer,Bronze,Frequent,Yes
591,Linda,Clark,linda.clark.591@protonmail.com,(985) 762-5041,Detroit,MI,Midwest,1991,Female,2024-04-12,Consumer,Silver,Frequent,Yes
592,Stephanie,Williams,stephanie.williams.592@gmail.com,(234) 871-7021,Richmond,VA,South,1996,Female,2024-09-04,Consumer,Silver,Occasional,Yes
593,Karen,Hernandez,karen.hernandez.593@gmail.com,(552) 639-8303,Pittsburgh,PA,Northeast,1977,Female,2023-11-11,Consumer,Silver,Regular,Yes
594,Sandra,Jones,sandra.jones.594@protonmail.com,(653) 410-6639,Dallas,TX,South,1993,Female,2025-02-18,Consumer,Bronze,Occasional,Yes
595,Charles,Rodriguez,charles.rodriguez.595@gmail.com,(437) 951-8636,Houston,TX,South,1947,Male,2026-06-25,Enterprise,Bronze,Occasional,Yes
596,Susan,Martinez,susan.martinez.596@yahoo.com,(931) 646-5275,New York,NY,Northeast,1971,Female,2023-06-16,Consumer,Silver,Occasional,Yes
597,Mark,Clark,mark.clark.597@outlook.com,(427) 296-5906,Buffalo,NY,Northeast,2005,Male,2024-09-27,Consumer,Silver,Regular,Yes
598,Linda,Thompson,linda.thompson.598@icloud.com,(751) 784-5873,Providence,RI,Northeast,2003,Female,2025-03-17,Consumer,Platinum,Regular,Yes
599,Donald,Jones,donald.jones.599@outlook.com,(901) 737-9226,Indianapolis,IN,Midwest,1989,Male,2023-11-16,Consumer,Bronze,Occasional,Yes
600,Richard,Johnson,richard.johnson.600@icloud.com,(532) 512-5927,New York,NY,Northeast,1969,Male,2023-10-15,Consumer,Bronze,Occasional,Yes
601,Linda,Williams,linda.williams.601@yahoo.com,(617) 317-1650,Las Vegas,NV,West,1986,Female,2023-03-22,Consumer,Platinum,Regular,Yes
602,Mary,Hill,mary.hill.602@outlook.com,(982) 938-6191,Orlando,FL,South,1965,Female,2024-01-19,Consumer,Silver,Regular,Yes
603,Robert,Wright,robert.wright.603@gmail.com,(748) 832-5910,Minneapolis,MN,Midwest,2000,Male,2023-02-06,Consumer,Bronze,Occasional,Yes
604,John,Anderson,john.anderson.604@icloud.com,(983) 441-5356,Atlanta,GA,South,1997,Male,2024-09-15,Consumer,Gold,Regular,Yes
605,George,Miller,george.miller.605@protonmail.com,(535) 288-8692,Los Angeles,CA,West,1945,Male,2023-11-11,Consumer,Platinum,Occasional,No
606,Joseph,Miller,joseph.miller.606@yahoo.com,(801) 901-4477,Charlotte,NC,South,1954,Male,2024-07-25,Consumer,Silver,Occasional,Yes
607,Christina,Lewis,christina.lewis.607@icloud.com,(868) 987-9177,Indianapolis,IN,Midwest,1983,Female,2024-09-03,Consumer,Bronze,Regular,Yes
608,Michael,King,michael.king.608@yahoo.com,(760) 812-7960,Phoenix,AZ,West,1961,Male,2026-08-08,Consumer,Silver,Occasional,Yes
609,David,Brown,david.brown.609@protonmail.com,(346) 922-1211,Minneapolis,MN,Midwest,1970,Male,2025-02-19,Small Business,Gold,Frequent,Yes
610,Nancy,Clark,nancy.clark.610@icloud.com,(575) 766-3286,Phoenix,AZ,West,1959,Female,2025-04-07,Consumer,Gold,Regular,Yes
611,Lauren,Lewis,lauren.lewis.611@outlook.com,(562) 824-7500,Atlanta,GA,South,1968,Female,2026-07-10,Small Business,Bronze,Occasional,Yes
612,Donald,Hill,donald.hill.612@outlook.com,(530) 931-9830,Minneapolis,MN,Midwest,1969,Male,2026-01-07,Small Business,Bronze,Occasional,No
613,Ashley,Nguyen,ashley.nguyen.613@outlook.com,(360) 434-7229,Dallas,TX,South,1972,Female,2026-04-28,Consumer,Bronze,Occasional,Yes
614,Sandra,Nguyen,sandra.nguyen.614@outlook.com,(267) 282-5296,Newark,NJ,Northeast,1961,Female,2026-04-29,Consumer,Silver,Regular,Yes
615,Stephanie,Moore,stephanie.moore.615@outlook.com,(829) 332-8570,Los Angeles,CA,West,1978,Female,2026-08-14,Small Business,Bronze,Occasional,Yes
616,Daniel,Williams,daniel.williams.616@outlook.com,(456) 384-4995,Miami,FL,South,1969,Male,2025-07-11,Consumer,Bronze,Frequent,Yes
617,Jason,Brown,jason.brown.617@outlook.com,(709) 475-4855,Seattle,WA,West,1958,Male,2025-11-07,Consumer,Silver,Frequent,Yes
618,Elizabeth,Lopez,elizabeth.lopez.618@yahoo.com,(468) 598-8276,Phoenix,AZ,West,1972,Female,2023-07-28,Consumer,Gold,Occasional,Yes
619,Donald,Johnson,donald.johnson.619@protonmail.com,(597) 529-3709,Orlando,FL,South,1963,Male,2025-06-30,Small Business,Bronze,Occasional,Yes
620,George,Lee,george.lee.620@yahoo.com,(285) 903-4083,St. Louis,MO,Midwest,1947,Male,2026-04-26,Consumer,Bronze,Regular,Yes
621,George,King,george.king.621@yahoo.com,(673) 887-9578,Orlando,FL,South,1949,Male,2023-02-04,Small Business,Bronze,Regular,No
622,Jacob,Williams,jacob.williams.622@protonmail.com,(462) 362-4182,Dallas,TX,South,1993,Male,2026-09-04,Consumer,Silver,Regular,Yes
623,Olivia,Anderson,olivia.anderson.623@protonmail.com,(632) 803-4299,San Francisco,CA,West,1958,Female,2023-05-25,Consumer,Platinum,VIP,Yes
624,Nancy,Lee,nancy.lee.624@outlook.com,(622) 481-9769,Orlando,FL,South,1984,Female,2024-08-27,Consumer,Bronze,Occasional,Yes
625,Richard,Wilson,richard.wilson.625@gmail.com,(830) 769-5373,Dallas,TX,South,1952,Male,2023-11-21,Small Business,Silver,Occasional,Yes
626,Mary,Sanchez,mary.sanchez.626@gmail.com,(893) 888-1769,Houston,TX,South,1963,Female,2023-08-24,Small Business,Bronze,Regular,Yes
627,Ashley,Nguyen,ashley.nguyen.627@icloud.com,(669) 295-4086,San Diego,CA,West,1992,Female,2023-07-12,Consumer,Bronze,Frequent,Yes
628,David,Lopez,david.lopez.628@icloud.com,(201) 516-8681,New York,NY,Northeast,1968,Male,2023-10-23,Consumer,Bronze,VIP,Yes
629,Sophia,Martin,sophia.martin.629@icloud.com,(674) 401-1936,San Francisco,CA,West,1986,Female,2023-04-28,Consumer,Bronze,Occasional,Yes
630,Christopher,Lewis,christopher.lewis.630@icloud.com,(401) 950-9458,Portland,OR,West,2002,Male,2025-04-28,Consumer,Bronze,Occasional,No
631,Kevin,Nguyen,kevin.nguyen.631@outlook.com,(508) 243-3312,Denver,CO,West,2005,Male,2025-09-24,Consumer,Bronze,Occasional,Yes
632,Christina,Walker,christina.walker.632@gmail.com,(304) 550-4073,Hartford,CT,Northeast,1980,Prefer not to say,2026-07-06,Consumer,Bronze,Occasional,Yes
633,Emily,Harris,emily.harris.633@icloud.com,(428) 569-3128,Richmond,VA,South,1993,Female,2025-07-15,Small Business,Silver,Occasional,Yes
634,Betty,King,betty.king.634@icloud.com,(776) 305-5284,Milwaukee,WI,Midwest,1977,Female,2023-06-22,Consumer,Silver,Occasional,No
635,Rebecca,Smith,rebecca.smith.635@yahoo.com,(571) 898-1089,Orlando,FL,South,1953,Female,2024-10-15,Small Business,Silver,Occasional,Yes
636,Christina,Martinez,christina.martinez.636@icloud.com,(972) 285-3752,Chicago,IL,Midwest,1968,Female,2026-08-29,Consumer,Bronze,Occasional,Yes
637,Jennifer,Ramirez,jennifer.ramirez.637@icloud.com,(479) 454-1325,Miami,FL,South,1948,Female,2026-02-18,Consumer,Silver,Regular,Yes
638,David,Jones,david.jones.638@protonmail.com,(493) 541-9115,St. Louis,MO,Midwest,1976,Male,2024-01-28,Small Business,Silver,Regular,Yes
639,Linda,Wilson,linda.wilson.639@yahoo.com,(954) 427-2537,Charlotte,NC,South,1994,Female,2024-12-24,Consumer,Silver,Occasional,Yes
640,Nathan,Scott,nathan.scott.640@outlook.com,(943) 802-4725,Newark,NJ,Northeast,1964,Male,2025-08-20,Consumer,Bronze,Occasional,Yes
641,Lisa,Wilson,lisa.wilson.641@yahoo.com,(892) 566-8511,Charlotte,NC,South,1961,Female,2023-12-13,Consumer,Bronze,Regular,Yes
642,Lauren,Sanchez,lauren.sanchez.642@outlook.com,(350) 881-6091,Nashville,TN,South,1998,Female,2025-06-10,Enterprise,Gold,Regular,Yes
643,Rachel,Gonzalez,rachel.gonzalez.643@protonmail.com,(661) 816-8641,Richmond,VA,South,1983,Female,2023-08-21,Consumer,Bronze,Occasional,Yes
644,Linda,Torres,linda.torres.644@gmail.com,(618) 287-1824,Orlando,FL,South,1983,Female,2025-07-20,Small Business,Bronze,Regular,Yes
645,Nicole,Gonzalez,nicole.gonzalez.645@icloud.com,(326) 452-9356,Atlanta,GA,South,1996,Female,2024-04-02,Consumer,Silver,Regular,Yes
646,Daniel,Thompson,daniel.thompson.646@outlook.com,(385) 660-5706,Chicago,IL,Midwest,1996,Male,2025-02-23,Consumer,Bronze,Occasional,Yes
647,Rachel,Torres,rachel.torres.647@outlook.com,(613) 353-4084,Nashville,TN,South,1962,Female,2024-10-07,Consumer,Silver,Regular,Yes
648,Daniel,Moore,daniel.moore.648@gmail.com,(395) 522-1691,San Diego,CA,West,1950,Male,2023-05-06,Small Business,Gold,Regular,No
649,Brandon,Sanchez,brandon.sanchez.649@icloud.com,(917) 617-8875,Cleveland,OH,Midwest,1963,Male,2024-12-23,Small Business,Bronze,Regular,Yes
650,Richard,Ramirez,richard.ramirez.650@icloud.com,(504) 223-6839,Cleveland,OH,Midwest,1998,Male,2026-03-20,Consumer,Gold,Occasional,Yes
651,Nicole,Rodriguez,nicole.rodriguez.651@outlook.com,(858) 703-5182,Dallas,TX,South,1950,Female,2026-01-16,Consumer,Bronze,Occasional,Yes
652,Sophia,Allen,sophia.allen.652@protonmail.com,(740) 467-2587,Phoenix,AZ,West,2001,Female,2023-01-20,Small Business,Silver,Regular,No
653,Olivia,Smith,olivia.smith.653@gmail.com,(853) 690-3157,Los Angeles,CA,West,1952,Female,2024-05-02,Consumer,Bronze,Occasional,Yes
654,Anthony,Perez,anthony.perez.654@gmail.com,(608) 470-6648,Miami,FL,South,1951,Male,2024-02-11,Small Business,Bronze,Frequent,Yes
655,Kevin,Perez,kevin.perez.655@protonmail.com,(876) 980-9490,Charlotte,NC,South,1977,Male,2025-11-11,Consumer,Bronze,Regular,No
656,Christina,Garcia,christina.garcia.656@outlook.com,(892) 536-5416,Atlanta,GA,South,1961,Female,2024-04-03,Consumer,Bronze,Frequent,Yes
657,Stephanie,Taylor,stephanie.taylor.657@protonmail.com,(219) 677-7765,Denver,CO,West,2003,Nonbinary,2025-08-13,Consumer,Bronze,Regular,Yes
658,Olivia,Taylor,olivia.taylor.658@yahoo.com,(928) 642-8391,San Diego,CA,West,1988,Nonbinary,2024-09-07,Consumer,Bronze,Occasional,Yes
659,Sandra,White,sandra.white.659@icloud.com,(461) 791-5009,Richmond,VA,South,1969,Female,2026-08-05,Small Business,Silver,Regular,Yes
660,Lisa,Flores,lisa.flores.660@icloud.com,(982) 840-4487,St. Louis,MO,Midwest,1945,Female,2023-12-26,Consumer,Silver,Frequent,Yes
661,George,Smith,george.smith.661@protonmail.com,(573) 605-8755,Richmond,VA,South,2004,Male,2024-10-13,Consumer,Bronze,Regular,Yes
662,Brandon,Lopez,brandon.lopez.662@icloud.com,(657) 591-1579,Philadelphia,PA,Northeast,1962,Male,2024-07-10,Small Business,Bronze,Frequent,Yes
663,Emma,Flores,emma.flores.663@gmail.com,(843) 848-3258,Newark,NJ,Northeast,1998,Female,2024-09-23,Consumer,Bronze,Occasional,Yes
664,Elizabeth,Brown,elizabeth.brown.664@outlook.com,(659) 603-9521,Hartford,CT,Northeast,1948,Female,2026-06-08,Consumer,Bronze,Frequent,Yes
665,Steven,Williams,steven.williams.665@outlook.com,(282) 945-4408,Pittsburgh,PA,Northeast,2003,Male,2026-07-02,Small Business,Bronze,Regular,Yes
666,Nancy,Ramirez,nancy.ramirez.666@yahoo.com,(736) 213-6891,Los Angeles,CA,West,1952,Female,2025-06-23,Consumer,Bronze,Occasional,No
667,Donald,Flores,donald.flores.667@yahoo.com,(769) 536-1197,New York,NY,Northeast,1972,Male,2023-11-17,Consumer,Bronze,Regular,No
668,Jason,Moore,jason.moore.668@outlook.com,(821) 494-3536,Houston,TX,South,1963,Male,2026-07-08,Consumer,Bronze,Occasional,Yes
669,David,King,david.king.669@outlook.com,(568) 935-4927,Richmond,VA,South,1990,Male,2023-07-31,Consumer,Silver,Frequent,No
670,Steven,Johnson,steven.johnson.670@yahoo.com,(732) 551-3958,Indianapolis,IN,Midwest,1992,Male,2025-09-24,Consumer,Bronze,VIP,Yes
671,Elizabeth,Walker,elizabeth.walker.671@gmail.com,(753) 988-7938,Nashville,TN,South,1978,Female,2024-12-08,Small Business,Bronze,Regular,Yes
672,Mark,Moore,mark.moore.672@protonmail.com,(345) 310-4976,Miami,FL,South,2002,Male,2025-06-07,Consumer,Bronze,Occasional,Yes
673,Daniel,Martin,daniel.martin.673@icloud.com,(293) 449-4642,Minneapolis,MN,Midwest,1953,Male,2023-03-25,Consumer,Bronze,Regular,Yes
674,Margaret,White,margaret.white.674@yahoo.com,(685) 657-2603,Miami,FL,South,1979,Female,2025-05-14,Consumer,Silver,Occasional,Yes
675,Lisa,Martinez,lisa.martinez.675@icloud.com,(207) 627-1152,Charlotte,NC,South,1984,Female,2024-03-10,Small Business,Bronze,Frequent,Yes
676,Nathan,Anderson,nathan.anderson.676@gmail.com,(987) 684-4322,Miami,FL,South,1980,Male,2024-05-13,Small Business,Platinum,Regular,Yes
677,Betty,Wright,betty.wright.677@protonmail.com,(900) 611-5674,Dallas,TX,South,2001,Female,2025-02-07,Small Business,Bronze,Regular,Yes
678,Ashley,Young,ashley.young.678@outlook.com,(989) 858-4405,Charlotte,NC,South,2003,Female,2023-12-25,Consumer,Gold,Regular,Yes
679,Jessica,Flores,jessica.flores.679@icloud.com,(326) 338-2121,Houston,TX,South,1965,Female,2025-02-20,Consumer,Bronze,Regular,Yes
680,Melissa,Wright,melissa.wright.680@gmail.com,(902) 524-2160,San Francisco,CA,West,1965,Female,2024-08-12,Consumer,Bronze,Frequent,No
681,Brian,Thomas,brian.thomas.681@outlook.com,(214) 924-2531,Detroit,MI,Midwest,2002,Male,2025-03-18,Consumer,Bronze,Regular,Yes
682,Mark,Walker,mark.walker.682@gmail.com,(245) 902-6073,Columbus,OH,Midwest,1945,Male,2026-02-01,Consumer,Bronze,Regular,Yes
683,Paul,Scott,paul.scott.683@icloud.com,(325) 472-2018,Nashville,TN,South,1961,Male,2026-09-04,Consumer,Bronze,Frequent,Yes
684,Anthony,Flores,anthony.flores.684@yahoo.com,(729) 667-4066,Los Angeles,CA,West,1999,Male,2026-03-30,Small Business,Bronze,Frequent,Yes
685,George,Taylor,george.taylor.685@icloud.com,(648) 623-4778,Seattle,WA,West,1990,Male,2026-03-11,Consumer,Bronze,Regular,Yes
686,Emily,Taylor,emily.taylor.686@protonmail.com,(533) 691-5101,Newark,NJ,Northeast,1945,Female,2025-01-15,Consumer,Bronze,Regular,Yes
687,Betty,Young,betty.young.687@gmail.com,(883) 686-8014,Pittsburgh,PA,Northeast,1954,Female,2025-09-20,Consumer,Silver,Regular,Yes
688,Patricia,Torres,patricia.torres.688@gmail.com,(295) 865-6503,Phoenix,AZ,West,1980,Female,2025-04-16,Small Business,Bronze,Occasional,Yes
689,Olivia,Anderson,olivia.anderson.689@protonmail.com,(912) 922-2823,Charlotte,NC,South,1969,Female,2024-08-10,Consumer,Bronze,Regular,Yes
690,Nancy,Gonzalez,nancy.gonzalez.690@icloud.com,(960) 851-3861,Seattle,WA,West,1988,Female,2024-05-20,Enterprise,Gold,Occasional,Yes
691,George,King,george.king.691@protonmail.com,(547) 509-3554,Denver,CO,West,1987,Male,2024-08-24,Consumer,Bronze,Frequent,No
692,Thomas,Lee,thomas.lee.692@yahoo.com,(983) 520-9269,Seattle,WA,West,1948,Male,2024-12-11,Consumer,Bronze,Regular,Yes
693,Linda,White,linda.white.693@yahoo.com,(481) 524-8295,San Francisco,CA,West,1983,Female,2024-03-17,Consumer,Bronze,Regular,Yes
694,William,Martinez,william.martinez.694@protonmail.com,(858) 900-4507,Nashville,TN,South,1965,Male,2023-12-16,Small Business,Bronze,Frequent,Yes
695,Rachel,Martinez,rachel.martinez.695@gmail.com,(649) 944-7021,Seattle,WA,West,1994,Female,2024-06-25,Consumer,Gold,Regular,Yes
696,Lauren,Taylor,lauren.taylor.696@yahoo.com,(877) 208-4038,Los Angeles,CA,West,1985,Female,2025-04-09,Consumer,Silver,Regular,Yes
697,Charles,Miller,charles.miller.697@gmail.com,(640) 953-2572,Hartford,CT,Northeast,1972,Male,2024-10-19,Consumer,Bronze,Occasional,Yes
698,Brandon,Nguyen,brandon.nguyen.698@gmail.com,(259) 406-7183,Nashville,TN,South,2004,Male,2023-08-11,Consumer,Gold,Frequent,Yes
699,Nicole,Wright,nicole.wright.699@outlook.com,(496) 587-2837,Nashville,TN,South,1999,Female,2026-03-14,Small Business,Bronze,Regular,Yes
700,Stephanie,Miller,stephanie.miller.700@outlook.com,(553) 655-3608,Miami,FL,South,1991,Female,2025-11-11,Consumer,Silver,Regular,Yes
701,Nicole,Taylor,nicole.taylor.701@outlook.com,(473) 594-9317,Cleveland,OH,Midwest,1989,Female,2026-06-23,Consumer,Bronze,Occasional,Yes
702,Sophia,Walker,sophia.walker.702@outlook.com,(568) 972-5062,Dallas,TX,South,1964,Female,2026-05-07,Consumer,Bronze,Regular,Yes
703,Elizabeth,Lee,elizabeth.lee.703@gmail.com,(973) 873-2999,Providence,RI,Northeast,1969,Female,2025-02-09,Consumer,Gold,Regular,No
704,Stephanie,King,stephanie.king.704@gmail.com,(727) 480-4779,Richmond,VA,South,1982,Female,2023-12-04,Consumer,Bronze,Occasional,Yes
705,Christina,Jackson,christina.jackson.705@gmail.com,(218) 637-5846,Indianapolis,IN,Midwest,2000,Female,2024-08-27,Consumer,Silver,Regular,Yes
706,Barbara,Jackson,barbara.jackson.706@gmail.com,(771) 654-2598,Denver,CO,West,1986,Female,2025-01-10,Small Business,Bronze,Regular,Yes
707,Megan,Lee,megan.lee.707@outlook.com,(322) 346-6854,Providence,RI,Northeast,1992,Female,2024-09-09,Consumer,Bronze,Occasional,No
708,Christina,Allen,christina.allen.708@yahoo.com,(467) 797-1912,Charlotte,NC,South,1967,Female,2026-07-07,Small Business,Silver,Occasional,Yes
709,Lisa,Torres,lisa.torres.709@gmail.com,(812) 277-9605,Detroit,MI,Midwest,2000,Female,2023-08-27,Consumer,Bronze,Regular,Yes
710,Brandon,Moore,brandon.moore.710@protonmail.com,(342) 209-2230,Hartford,CT,Northeast,1956,Male,2024-07-25,Consumer,Bronze,Regular,No
711,Stephanie,Robinson,stephanie.robinson.711@gmail.com,(575) 942-9526,Seattle,WA,West,1988,Female,2026-05-13,Consumer,Silver,Occasional,Yes
712,Matthew,Perez,matthew.perez.712@gmail.com,(821) 600-9111,Richmond,VA,South,1953,Male,2023-12-14,Small Business,Silver,Occasional,Yes
713,Richard,Martinez,richard.martinez.713@gmail.com,(484) 707-8925,Miami,FL,South,1981,Male,2024-01-23,Small Business,Silver,Regular,Yes
714,Margaret,Martinez,margaret.martinez.714@yahoo.com,(735) 593-2264,Columbus,OH,Midwest,1945,Female,2024-05-14,Consumer,Bronze,Frequent,Yes
715,Steven,Taylor,steven.taylor.715@protonmail.com,(669) 471-1873,Nashville,TN,South,1957,Male,2024-10-12,Enterprise,Bronze,Occasional,Yes
716,Andrew,Hill,andrew.hill.716@gmail.com,(654) 846-4200,Detroit,MI,Midwest,1953,Male,2023-12-13,Consumer,Bronze,Occasional,Yes
717,Jessica,Sanchez,jessica.sanchez.717@yahoo.com,(801) 404-5327,Miami,FL,South,1980,Female,2023-12-08,Small Business,Bronze,Regular,Yes
718,Daniel,Nguyen,daniel.nguyen.718@yahoo.com,(672) 204-6644,Nashville,TN,South,1985,Male,2025-08-09,Small Business,Bronze,VIP,Yes
719,Stephanie,White,stephanie.white.719@outlook.com,(503) 551-3539,San Francisco,CA,West,1984,Female,2023-05-07,Consumer,Gold,VIP,Yes
720,Margaret,Sanchez,margaret.sanchez.720@yahoo.com,(256) 911-7853,Charlotte,NC,South,1965,Female,2024-04-15,Consumer,Silver,Frequent,Yes
721,Karen,Rodriguez,karen.rodriguez.721@icloud.com,(690) 289-3032,Portland,OR,West,1953,Female,2025-03-15,Consumer,Silver,Occasional,Yes
722,Joseph,Young,joseph.young.722@yahoo.com,(840) 426-6934,Los Angeles,CA,West,1958,Male,2023-01-20,Consumer,Bronze,Occasional,Yes
723,Jessica,Brown,jessica.brown.723@yahoo.com,(428) 630-6736,Newark,NJ,Northeast,1992,Female,2025-02-19,Consumer,Silver,Regular,Yes
724,Donald,Jackson,donald.jackson.724@yahoo.com,(398) 464-6115,Boston,MA,Northeast,1976,Male,2024-11-23,Consumer,Bronze,Regular,Yes
725,Andrew,Martinez,andrew.martinez.725@gmail.com,(706) 239-9411,Portland,OR,West,1977,Male,2024-06-30,Consumer,Bronze,Regular,Yes
726,Amanda,Flores,amanda.flores.726@gmail.com,(420) 956-1731,Pittsburgh,PA,Northeast,2001,Female,2024-07-06,Consumer,Bronze,Regular,Yes
727,Barbara,Lee,barbara.lee.727@gmail.com,(262) 377-4212,St. Louis,MO,Midwest,1996,Female,2025-01-13,Consumer,Bronze,Regular,Yes
728,Jacob,Scott,jacob.scott.728@icloud.com,(501) 698-1505,Philadelphia,PA,Northeast,2001,Male,2023-02-01,Enterprise,Silver,Frequent,Yes
729,Sarah,Rodriguez,sarah.rodriguez.729@outlook.com,(711) 448-3473,Phoenix,AZ,West,1970,Female,2023-10-01,Enterprise,Bronze,Occasional,Yes
730,Daniel,Hernandez,daniel.hernandez.730@icloud.com,(274) 403-8357,Phoenix,AZ,West,1988,Male,2026-07-13,Consumer,Bronze,Regular,Yes
731,Olivia,Ramirez,olivia.ramirez.731@yahoo.com,(870) 629-4220,Houston,TX,South,1973,Female,2026-09-01,Consumer,Gold,Regular,Yes
732,Mark,Robinson,mark.robinson.732@yahoo.com,(494) 251-7931,Las Vegas,NV,West,2001,Male,2023-01-26,Consumer,Bronze,Frequent,Yes
733,Daniel,Walker,daniel.walker.733@gmail.com,(410) 357-4302,Hartford,CT,Northeast,1945,Male,2023-06-06,Consumer,Bronze,Occasional,Yes
734,Justin,Hernandez,justin.hernandez.734@yahoo.com,(797) 271-3087,Milwaukee,WI,Midwest,1977,Male,2024-08-21,Consumer,Gold,Regular,No
735,Amanda,Hernandez,amanda.hernandez.735@gmail.com,(650) 743-5738,Columbus,OH,Midwest,1953,Female,2025-05-05,Small Business,Bronze,Regular,Yes
736,Sandra,Smith,sandra.smith.736@icloud.com,(313) 441-5278,Chicago,IL,Midwest,1966,Female,2023-10-02,Consumer,Bronze,Occasional,Yes
737,Jessica,Young,jessica.young.737@icloud.com,(745) 534-5470,Richmond,VA,South,1988,Female,2024-06-19,Small Business,Bronze,Frequent,Yes
738,Patricia,Gonzalez,patricia.gonzalez.738@yahoo.com,(632) 770-8124,Las Vegas,NV,West,1976,Female,2024-02-23,Small Business,Bronze,Regular,Yes
739,Joshua,Jones,joshua.jones.739@protonmail.com,(291) 693-4196,Detroit,MI,Midwest,1959,Male,2023-03-13,Consumer,Silver,Occasional,Yes
740,Nicole,Brown,nicole.brown.740@gmail.com,(545) 758-7486,Minneapolis,MN,Midwest,1977,Female,2025-12-15,Consumer,Bronze,Regular,Yes
741,Nicole,Gonzalez,nicole.gonzalez.741@gmail.com,(366) 570-4847,Las Vegas,NV,West,1961,Female,2025-12-18,Consumer,Bronze,Occasional,No
742,Anthony,Nguyen,anthony.nguyen.742@yahoo.com,(514) 640-6457,Phoenix,AZ,West,1985,Male,2024-09-10,Consumer,Bronze,Frequent,Yes
743,Patricia,Johnson,patricia.johnson.743@icloud.com,(276) 845-5841,Columbus,OH,Midwest,1954,Female,2023-01-24,Consumer,Bronze,Regular,Yes
744,William,King,william.king.744@gmail.com,(535) 420-6624,Houston,TX,South,1966,Male,2025-07-23,Enterprise,Silver,Regular,Yes
745,Paul,Scott,paul.scott.745@outlook.com,(627) 993-4030,Charlotte,NC,South,1945,Male,2025-03-14,Consumer,Bronze,Regular,Yes
746,Robert,Nguyen,robert.nguyen.746@yahoo.com,(538) 463-4241,Dallas,TX,South,1953,Male,2023-04-13,Enterprise,Bronze,Regular,No
747,Nathan,Thomas,nathan.thomas.747@icloud.com,(927) 732-3921,Phoenix,AZ,West,1978,Male,2024-08-07,Consumer,Bronze,Regular,Yes
748,Jacob,Harris,jacob.harris.748@protonmail.com,(656) 481-9263,Milwaukee,WI,Midwest,2000,Nonbinary,2026-03-12,Consumer,Silver,Regular,Yes
749,Robert,Thomas,robert.thomas.749@icloud.com,(729) 488-8411,New York,NY,Northeast,1998,Male,2023-03-13,Consumer,Bronze,Frequent,Yes
750,Nicole,Lee,nicole.lee.750@yahoo.com,(674) 879-8788,Indianapolis,IN,Midwest,1990,Female,2023-07-20,Consumer,Bronze,Frequent,Yes
751,Stephanie,Smith,stephanie.smith.751@icloud.com,(329) 966-8465,Phoenix,AZ,West,2003,Female,2025-06-10,Small Business,Bronze,Occasional,Yes
752,Rebecca,Perez,rebecca.perez.752@gmail.com,(842) 883-7649,Los Angeles,CA,West,1975,Female,2024-03-16,Consumer,Bronze,Occasional,Yes
753,Robert,Allen,robert.allen.753@yahoo.com,(477) 354-3885,Minneapolis,MN,Midwest,1969,Male,2023-05-09,Consumer,Bronze,Occasional,Yes
754,Linda,Johnson,linda.johnson.754@icloud.com,(210) 916-5429,Charlotte,NC,South,1998,Female,2023-04-18,Small Business,Bronze,Occasional,No
755,Nathan,Lewis,nathan.lewis.755@yahoo.com,(254) 435-2196,Newark,NJ,Northeast,1952,Male,2023-04-17,Consumer,Bronze,Occasional,Yes
756,Jessica,Allen,jessica.allen.756@yahoo.com,(869) 825-5103,Atlanta,GA,South,1978,Female,2024-02-14,Small Business,Bronze,Occasional,Yes
757,Rebecca,Robinson,rebecca.robinson.757@yahoo.com,(541) 739-3560,Orlando,FL,South,1981,Prefer not to say,2024-08-22,Consumer,Silver,Occasional,Yes
758,Christopher,Rodriguez,christopher.rodriguez.758@protonmail.com,(694) 809-6615,Denver,CO,West,1980,Male,2023-07-15,Consumer,Bronze,Regular,Yes
759,Donald,Sanchez,donald.sanchez.759@yahoo.com,(203) 492-1041,San Francisco,CA,West,1963,Male,2026-05-19,Small Business,Bronze,VIP,Yes
760,Abigail,Anderson,abigail.anderson.760@icloud.com,(819) 985-4907,Boston,MA,Northeast,1985,Prefer not to say,2024-05-26,Consumer,Bronze,Frequent,Yes
761,Paul,Thomas,paul.thomas.761@icloud.com,(480) 624-1206,St. Louis,MO,Midwest,1967,Male,2026-01-07,Consumer,Bronze,Frequent,Yes
762,Charles,Jones,charles.jones.762@outlook.com,(538) 997-5624,Miami,FL,South,1997,Male,2025-12-22,Small Business,Bronze,Frequent,Yes
763,Michael,Perez,michael.perez.763@gmail.com,(439) 883-5973,Atlanta,GA,South,1973,Male,2025-01-15,Small Business,Silver,Occasional,Yes
764,Megan,Sanchez,megan.sanchez.764@outlook.com,(401) 562-2874,Charlotte,NC,South,1961,Female,2023-06-24,Consumer,Bronze,Occasional,Yes
765,Mark,Wright,mark.wright.765@outlook.com,(971) 564-8271,Nashville,TN,South,1947,Male,2024-01-19,Consumer,Bronze,Regular,Yes
766,Brian,Flores,brian.flores.766@gmail.com,(231) 827-4641,Milwaukee,WI,Midwest,1957,Male,2026-06-30,Consumer,Gold,VIP,Yes
767,Nicole,Williams,nicole.williams.767@outlook.com,(357) 961-8504,Orlando,FL,South,1956,Female,2023-09-17,Consumer,Gold,Regular,Yes
768,Amanda,Brown,amanda.brown.768@protonmail.com,(653) 705-4862,Orlando,FL,South,1971,Female,2023-10-26,Consumer,Bronze,VIP,Yes
769,Karen,Rodriguez,karen.rodriguez.769@outlook.com,(281) 328-3719,Nashville,TN,South,1993,Female,2026-03-16,Small Business,Bronze,Frequent,Yes
770,John,Smith,john.smith.770@yahoo.com,(234) 941-4281,Miami,FL,South,1958,Male,2026-03-28,Consumer,Bronze,Regular,Yes
771,Megan,Young,megan.young.771@yahoo.com,(542) 966-8134,Charlotte,NC,South,1985,Female,2025-11-17,Enterprise,Gold,Occasional,Yes
772,Mary,Davis,mary.davis.772@outlook.com,(315) 460-2587,Phoenix,AZ,West,1965,Female,2026-05-09,Consumer,Silver,Regular,Yes
773,Emma,Young,emma.young.773@icloud.com,(704) 270-4745,Minneapolis,MN,Midwest,1978,Female,2025-10-13,Consumer,Bronze,Occasional,Yes
774,Melissa,Jackson,melissa.jackson.774@protonmail.com,(219) 693-8011,St. Louis,MO,Midwest,1988,Female,2025-02-23,Consumer,Silver,Regular,Yes
775,Nathan,Thomas,nathan.thomas.775@yahoo.com,(518) 431-1071,St. Louis,MO,Midwest,1950,Male,2023-01-19,Enterprise,Gold,Regular,Yes
776,James,Lee,james.lee.776@icloud.com,(759) 566-9782,Minneapolis,MN,Midwest,1950,Nonbinary,2024-04-18,Enterprise,Bronze,Occasional,Yes
777,David,Lopez,david.lopez.777@yahoo.com,(395) 288-8419,Cleveland,OH,Midwest,1991,Nonbinary,2024-07-22,Consumer,Silver,Frequent,Yes
778,Paul,Williams,paul.williams.778@icloud.com,(678) 687-8046,Dallas,TX,South,1992,Male,2025-04-17,Consumer,Silver,Occasional,Yes
779,Richard,Wilson,richard.wilson.779@icloud.com,(895) 234-6311,Indianapolis,IN,Midwest,1964,Male,2024-09-20,Small Business,Gold,Regular,Yes
780,Mark,Lee,mark.lee.780@outlook.com,(587) 892-8178,Portland,OR,West,1979,Male,2023-06-10,Consumer,Gold,Regular,Yes
781,Anthony,Taylor,anthony.taylor.781@protonmail.com,(745) 511-4963,Dallas,TX,South,1962,Male,2025-10-29,Consumer,Gold,VIP,Yes
782,Betty,Taylor,betty.taylor.782@outlook.com,(652) 488-7891,Los Angeles,CA,West,1952,Female,2024-01-25,Consumer,Gold,Regular,Yes
783,Susan,Martinez,susan.martinez.783@protonmail.com,(216) 252-5830,Denver,CO,West,1955,Female,2023-08-26,Consumer,Bronze,Occasional,Yes
784,Margaret,Wilson,margaret.wilson.784@icloud.com,(214) 789-1048,Portland,OR,West,1975,Female,2026-01-28,Consumer,Bronze,VIP,Yes
785,David,Martin,david.martin.785@outlook.com,(406) 845-9614,St. Louis,MO,Midwest,1992,Male,2025-12-07,Consumer,Bronze,Occasional,Yes
786,John,Scott,john.scott.786@gmail.com,(936) 652-7057,Richmond,VA,South,1953,Male,2023-03-30,Consumer,Bronze,Occasional,No
787,Steven,Hernandez,steven.hernandez.787@yahoo.com,(528) 518-9018,Richmond,VA,South,1969,Male,2026-08-01,Consumer,Bronze,Occasional,Yes
788,Sarah,Robinson,sarah.robinson.788@gmail.com,(423) 257-1299,Milwaukee,WI,Midwest,1979,Female,2025-01-20,Consumer,Gold,Frequent,Yes
789,Matthew,Scott,matthew.scott.789@yahoo.com,(996) 246-4927,Richmond,VA,South,1998,Male,2023-09-03,Enterprise,Bronze,Occasional,Yes
790,Ryan,Martin,ryan.martin.790@icloud.com,(442) 490-1525,Dallas,TX,South,1983,Nonbinary,2026-05-17,Consumer,Bronze,Occasional,No
791,Linda,Thompson,linda.thompson.791@icloud.com,(282) 379-7267,Orlando,FL,South,1988,Female,2024-04-28,Consumer,Platinum,Regular,Yes
792,Stephanie,Robinson,stephanie.robinson.792@yahoo.com,(923) 338-5124,Los Angeles,CA,West,1971,Female,2024-09-17,Consumer,Bronze,Frequent,Yes
793,Andrew,Martin,andrew.martin.793@outlook.com,(874) 700-5962,Richmond,VA,South,1999,Male,2024-11-04,Small Business,Bronze,Regular,Yes
794,Thomas,Robinson,thomas.robinson.794@icloud.com,(727) 738-1627,Boston,MA,Northeast,1979,Male,2025-08-14,Consumer,Bronze,Regular,Yes
795,Robert,Lewis,robert.lewis.795@protonmail.com,(352) 650-2730,Boston,MA,Northeast,1957,Male,2025-01-11,Consumer,Bronze,Occasional,Yes
796,William,Brown,william.brown.796@protonmail.com,(599) 412-7688,Denver,CO,West,1991,Male,2025-04-29,Small Business,Bronze,Regular,Yes
797,Sophia,Young,sophia.young.797@icloud.com,(313) 383-6572,Phoenix,AZ,West,1972,Female,2025-08-31,Consumer,Bronze,Regular,Yes
798,Ashley,Nguyen,ashley.nguyen.798@outlook.com,(357) 464-3164,San Francisco,CA,West,1996,Female,2026-06-20,Consumer,Silver,Occasional,Yes
799,Karen,Lopez,karen.lopez.799@yahoo.com,(349) 778-6537,Houston,TX,South,1994,Female,2026-07-26,Small Business,Silver,Occasional,Yes
800,Stephanie,Thomas,stephanie.thomas.800@icloud.com,(638) 665-2758,Los Angeles,CA,West,1964,Female,2024-06-03,Enterprise,Bronze,Occasional,Yes
801,Lauren,Young,lauren.young.801@yahoo.com,(508) 334-9113,Houston,TX,South,1968,Female,2024-10-07,Consumer,Bronze,Regular,Yes
802,Lauren,Miller,lauren.miller.802@icloud.com,(751) 700-6012,Buffalo,NY,Northeast,1986,Female,2026-01-21,Consumer,Silver,Occasional,Yes
803,Nathan,Lopez,nathan.lopez.803@yahoo.com,(579) 663-4188,Cleveland,OH,Midwest,1991,Male,2025-05-15,Consumer,Platinum,Occasional,Yes
804,Stephanie,Allen,stephanie.allen.804@outlook.com,(754) 615-9401,St. Louis,MO,Midwest,1994,Female,2024-05-04,Consumer,Bronze,Frequent,Yes
805,Andrew,Sanchez,andrew.sanchez.805@protonmail.com,(737) 482-3097,Providence,RI,Northeast,1980,Male,2023-02-10,Small Business,Bronze,VIP,Yes
806,Paul,Wright,paul.wright.806@gmail.com,(601) 356-4101,Las Vegas,NV,West,1983,Male,2023-02-28,Consumer,Bronze,Regular,Yes
807,Olivia,Lewis,olivia.lewis.807@gmail.com,(511) 261-3196,Miami,FL,South,1967,Female,2025-05-24,Consumer,Bronze,Regular,Yes
808,Richard,Davis,richard.davis.808@outlook.com,(933) 403-1240,Dallas,TX,South,1950,Male,2023-02-28,Consumer,Gold,Regular,No
809,Joshua,Lewis,joshua.lewis.809@yahoo.com,(457) 283-4918,Nashville,TN,South,1975,Male,2024-12-14,Small Business,Bronze,Regular,Yes
810,Margaret,Taylor,margaret.taylor.810@outlook.com,(730) 760-7678,Portland,OR,West,1998,Female,2023-08-15,Consumer,Bronze,Regular,Yes
811,Richard,Smith,richard.smith.811@outlook.com,(998) 552-3275,Seattle,WA,West,1963,Male,2025-05-20,Consumer,Bronze,Occasional,Yes
812,Jennifer,Robinson,jennifer.robinson.812@gmail.com,(893) 540-3593,Seattle,WA,West,2001,Female,2024-10-06,Consumer,Bronze,Occasional,Yes
813,Daniel,Brown,daniel.brown.813@icloud.com,(447) 996-1368,St. Louis,MO,Midwest,1989,Male,2025-01-28,Consumer,Bronze,VIP,Yes
814,Daniel,King,daniel.king.814@yahoo.com,(792) 494-3840,Orlando,FL,South,2003,Male,2024-11-03,Small Business,Silver,Occasional,Yes
815,Michael,Johnson,michael.johnson.815@protonmail.com,(996) 205-1297,Houston,TX,South,1953,Nonbinary,2026-03-22,Small Business,Gold,Regular,No
816,Christina,Hernandez,christina.hernandez.816@protonmail.com,(726) 358-1249,Milwaukee,WI,Midwest,1968,Female,2026-04-16,Consumer,Bronze,Regular,Yes
817,Charles,Johnson,charles.johnson.817@yahoo.com,(536) 934-7208,St. Louis,MO,Midwest,1990,Male,2026-06-02,Consumer,Platinum,Regular,Yes
818,Daniel,Davis,daniel.davis.818@yahoo.com,(696) 611-7217,Chicago,IL,Midwest,1971,Male,2023-05-09,Small Business,Bronze,Occasional,Yes
819,Joseph,Davis,joseph.davis.819@protonmail.com,(524) 212-8220,Minneapolis,MN,Midwest,1986,Male,2026-01-13,Consumer,Bronze,Frequent,Yes
820,Sandra,Walker,sandra.walker.820@outlook.com,(649) 493-8615,San Diego,CA,West,1958,Female,2023-05-10,Consumer,Bronze,Occasional,Yes
821,Ashley,Sanchez,ashley.sanchez.821@outlook.com,(361) 463-3925,Los Angeles,CA,West,2001,Female,2024-06-23,Consumer,Bronze,Regular,No
822,Justin,Garcia,justin.garcia.822@icloud.com,(655) 298-8011,Detroit,MI,Midwest,1991,Male,2024-04-22,Consumer,Bronze,Regular,Yes
823,Patricia,Lopez,patricia.lopez.823@icloud.com,(618) 284-8455,Chicago,IL,Midwest,1958,Female,2024-01-14,Enterprise,Bronze,Regular,No
824,Nicole,Hill,nicole.hill.824@yahoo.com,(314) 380-1312,Hartford,CT,Northeast,1946,Female,2023-09-30,Consumer,Bronze,Frequent,Yes
825,David,White,david.white.825@yahoo.com,(471) 512-4252,Columbus,OH,Midwest,1955,Male,2025-06-27,Consumer,Bronze,Regular,Yes
826,Joseph,Gonzalez,joseph.gonzalez.826@gmail.com,(218) 567-1741,Hartford,CT,Northeast,1977,Male,2023-06-26,Enterprise,Silver,Regular,Yes
827,Melissa,Martin,melissa.martin.827@gmail.com,(389) 732-5508,Seattle,WA,West,1980,Female,2024-11-16,Small Business,Silver,Frequent,Yes
828,Matthew,Lopez,matthew.lopez.828@outlook.com,(522) 632-8870,Charlotte,NC,South,1958,Male,2024-03-30,Consumer,Silver,Occasional,Yes
829,Richard,Wilson,richard.wilson.829@gmail.com,(620) 792-6519,Hartford,CT,Northeast,1957,Male,2024-10-10,Consumer,Silver,Occasional,Yes
830,Mark,Ramirez,mark.ramirez.830@icloud.com,(488) 698-1140,Cleveland,OH,Midwest,2004,Male,2025-12-15,Small Business,Bronze,Frequent,Yes
831,Betty,Johnson,betty.johnson.831@yahoo.com,(916) 904-8904,Orlando,FL,South,1957,Prefer not to say,2025-05-04,Enterprise,Bronze,Regular,Yes
832,Emma,Ramirez,emma.ramirez.832@outlook.com,(878) 676-7701,Charlotte,NC,South,1964,Female,2025-01-07,Consumer,Bronze,Frequent,Yes
833,Daniel,Walker,daniel.walker.833@yahoo.com,(388) 358-7139,Las Vegas,NV,West,1970,Male,2024-06-12,Consumer,Bronze,VIP,Yes
834,Kevin,Davis,kevin.davis.834@yahoo.com,(930) 775-3187,Los Angeles,CA,West,1963,Male,2023-06-13,Consumer,Gold,Occasional,Yes
835,Brandon,Moore,brandon.moore.835@outlook.com,(309) 233-9884,Indianapolis,IN,Midwest,1978,Male,2023-08-03,Consumer,Bronze,Occasional,Yes
836,Jacob,King,jacob.king.836@icloud.com,(353) 775-3542,Indianapolis,IN,Midwest,1990,Male,2026-07-06,Consumer,Bronze,Regular,Yes
837,Elizabeth,Anderson,elizabeth.anderson.837@icloud.com,(470) 668-1448,Columbus,OH,Midwest,1974,Female,2026-03-25,Consumer,Gold,Regular,Yes
838,Ashley,Garcia,ashley.garcia.838@protonmail.com,(458) 522-2478,Indianapolis,IN,Midwest,1980,Female,2025-04-13,Small Business,Silver,Regular,Yes
839,Andrew,White,andrew.white.839@gmail.com,(446) 567-2519,Houston,TX,South,1990,Male,2024-02-12,Consumer,Bronze,Regular,Yes
840,Joshua,Hill,joshua.hill.840@gmail.com,(675) 613-4606,Houston,TX,South,2000,Male,2025-05-15,Enterprise,Silver,Occasional,Yes
841,James,Scott,james.scott.841@protonmail.com,(763) 925-2893,Detroit,MI,Midwest,1977,Male,2023-04-11,Small Business,Gold,Occasional,Yes
842,Rebecca,Miller,rebecca.miller.842@icloud.com,(341) 718-5263,Charlotte,NC,South,1958,Female,2024-10-14,Consumer,Bronze,Frequent,Yes
843,Matthew,Davis,matthew.davis.843@protonmail.com,(552) 448-3243,Detroit,MI,Midwest,1978,Male,2023-01-20,Consumer,Platinum,Frequent,Yes
844,Amanda,Anderson,amanda.anderson.844@yahoo.com,(970) 295-4733,Buffalo,NY,Northeast,1962,Female,2025-11-09,Enterprise,Bronze,Occasional,Yes
845,Daniel,Gonzalez,daniel.gonzalez.845@protonmail.com,(300) 266-3658,San Francisco,CA,West,1962,Male,2023-05-21,Consumer,Gold,Regular,Yes
846,Justin,Gonzalez,justin.gonzalez.846@protonmail.com,(954) 246-4665,Atlanta,GA,South,1951,Male,2026-01-22,Consumer,Bronze,Occasional,Yes
847,Lauren,Smith,lauren.smith.847@gmail.com,(455) 750-7811,Richmond,VA,South,1969,Female,2023-01-19,Small Business,Silver,Occasional,No
848,Olivia,Allen,olivia.allen.848@protonmail.com,(243) 711-3758,Orlando,FL,South,1973,Female,2023-08-20,Consumer,Bronze,Regular,Yes
849,Brian,Ramirez,brian.ramirez.849@outlook.com,(330) 620-8237,Pittsburgh,PA,Northeast,1954,Male,2024-03-02,Consumer,Platinum,Regular,Yes
850,Sandra,Gonzalez,sandra.gonzalez.850@protonmail.com,(472) 918-4407,Providence,RI,Northeast,1970,Female,2024-04-15,Small Business,Bronze,Occasional,Yes
851,Olivia,Rodriguez,olivia.rodriguez.851@outlook.com,(700) 875-7865,Portland,OR,West,1959,Female,2024-07-18,Consumer,Bronze,Regular,Yes
852,William,Miller,william.miller.852@outlook.com,(586) 453-8956,Dallas,TX,South,1975,Male,2024-01-14,Small Business,Bronze,Regular,Yes
853,Melissa,Lopez,melissa.lopez.853@outlook.com,(656) 246-4260,Atlanta,GA,South,1998,Female,2024-03-01,Consumer,Bronze,Occasional,Yes
854,Jason,Perez,jason.perez.854@yahoo.com,(490) 563-3913,Phoenix,AZ,West,1994,Male,2025-08-12,Consumer,Bronze,Frequent,Yes
855,Jacob,Wilson,jacob.wilson.855@icloud.com,(432) 459-5967,Indianapolis,IN,Midwest,1978,Male,2023-02-20,Small Business,Silver,Frequent,No
856,John,Young,john.young.856@gmail.com,(526) 673-8500,Miami,FL,South,1951,Male,2026-05-23,Consumer,Bronze,Occasional,Yes
857,Sarah,Jackson,sarah.jackson.857@yahoo.com,(308) 885-4775,Denver,CO,West,2003,Female,2025-05-07,Consumer,Bronze,Frequent,No
858,Richard,Perez,richard.perez.858@protonmail.com,(506) 339-8644,San Diego,CA,West,1970,Male,2024-12-31,Small Business,Silver,Occasional,Yes
859,Rebecca,Hernandez,rebecca.hernandez.859@gmail.com,(815) 584-4373,Chicago,IL,Midwest,1955,Female,2026-08-20,Small Business,Gold,Regular,Yes
860,Emma,Lopez,emma.lopez.860@icloud.com,(666) 454-9574,San Diego,CA,West,1972,Female,2023-02-11,Small Business,Bronze,Regular,Yes
861,Emily,Scott,emily.scott.861@icloud.com,(528) 971-8550,Buffalo,NY,Northeast,1991,Female,2023-10-18,Enterprise,Bronze,Frequent,Yes
862,Betty,Clark,betty.clark.862@outlook.com,(424) 486-5641,Houston,TX,South,1980,Female,2025-09-16,Consumer,Bronze,Occasional,Yes
863,Patricia,Miller,patricia.miller.863@protonmail.com,(749) 793-5471,Minneapolis,MN,Midwest,1970,Female,2023-01-12,Consumer,Silver,Frequent,Yes
864,Megan,Wright,megan.wright.864@outlook.com,(241) 984-6346,Nashville,TN,South,1999,Female,2026-01-06,Enterprise,Gold,Frequent,Yes
865,Charles,Brown,charles.brown.865@protonmail.com,(403) 423-9289,Portland,OR,West,1982,Prefer not to say,2026-07-18,Consumer,Bronze,VIP,Yes
866,James,Jones,james.jones.866@outlook.com,(327) 647-8492,Chicago,IL,Midwest,1984,Male,2025-11-15,Small Business,Bronze,Frequent,Yes
867,Charles,Allen,charles.allen.867@protonmail.com,(696) 251-4692,Richmond,VA,South,1994,Male,2023-06-11,Consumer,Bronze,Regular,No
868,Karen,Nguyen,karen.nguyen.868@outlook.com,(226) 968-9934,San Francisco,CA,West,2003,Female,2025-04-07,Consumer,Bronze,Regular,Yes
869,Emily,Jones,emily.jones.869@protonmail.com,(578) 686-6665,Denver,CO,West,1994,Female,2024-12-31,Small Business,Gold,Occasional,Yes
870,Brian,Hernandez,brian.hernandez.870@protonmail.com,(754) 282-3164,Minneapolis,MN,Midwest,1972,Male,2023-07-03,Consumer,Gold,Regular,Yes
871,Michael,Hill,michael.hill.871@icloud.com,(814) 885-2663,Orlando,FL,South,1956,Male,2023-03-09,Small Business,Bronze,Regular,Yes
872,Sophia,Hernandez,sophia.hernandez.872@protonmail.com,(621) 837-6814,Detroit,MI,Midwest,1980,Female,2025-12-08,Consumer,Bronze,Regular,Yes
873,Christina,Miller,christina.miller.873@gmail.com,(566) 865-4202,Las Vegas,NV,West,1955,Prefer not to say,2026-05-22,Small Business,Bronze,Frequent,Yes
874,Betty,Harris,betty.harris.874@protonmail.com,(424) 374-8793,Atlanta,GA,South,1988,Female,2025-05-30,Consumer,Silver,Occasional,No
875,Rebecca,Ramirez,rebecca.ramirez.875@icloud.com,(355) 340-7150,San Diego,CA,West,1954,Female,2023-10-28,Consumer,Bronze,Occasional,Yes
876,Joseph,Allen,joseph.allen.876@outlook.com,(956) 691-5427,Chicago,IL,Midwest,1975,Male,2025-12-15,Consumer,Bronze,Regular,No
877,James,Williams,james.williams.877@protonmail.com,(540) 736-1304,Houston,TX,South,2004,Nonbinary,2023-07-06,Consumer,Bronze,VIP,Yes
878,Nathan,Torres,nathan.torres.878@protonmail.com,(294) 479-7380,Nashville,TN,South,1947,Male,2026-01-20,Small Business,Bronze,Occasional,Yes
879,Lauren,Williams,lauren.williams.879@yahoo.com,(458) 424-8789,Richmond,VA,South,1974,Female,2024-02-03,Consumer,Bronze,Occasional,Yes
880,James,King,james.king.880@protonmail.com,(566) 876-2141,Chicago,IL,Midwest,1978,Male,2023-10-07,Consumer,Bronze,Occasional,Yes
881,Linda,Davis,linda.davis.881@yahoo.com,(877) 705-2455,Cleveland,OH,Midwest,1958,Female,2024-10-17,Consumer,Platinum,Occasional,Yes
882,James,Thompson,james.thompson.882@yahoo.com,(772) 886-6467,Orlando,FL,South,1951,Male,2026-02-06,Small Business,Bronze,Occasional,Yes
883,Jason,Hernandez,jason.hernandez.883@icloud.com,(819) 296-5484,Newark,NJ,Northeast,1993,Male,2026-07-07,Consumer,Gold,Regular,Yes
884,Emily,Jackson,emily.jackson.884@gmail.com,(512) 847-9090,Richmond,VA,South,1960,Female,2023-03-12,Consumer,Bronze,Regular,No
885,Anthony,Clark,anthony.clark.885@outlook.com,(732) 620-9531,Buffalo,NY,Northeast,1977,Male,2026-08-16,Consumer,Silver,Occasional,Yes
886,Emily,Rodriguez,emily.rodriguez.886@protonmail.com,(762) 384-3777,Las Vegas,NV,West,1946,Female,2024-02-27,Consumer,Silver,Occasional,Yes
887,Mark,Thompson,mark.thompson.887@yahoo.com,(970) 237-1623,Miami,FL,South,1979,Male,2026-05-22,Consumer,Bronze,Occasional,Yes
888,Emily,Scott,emily.scott.888@outlook.com,(712) 455-1518,Denver,CO,West,2001,Female,2026-03-19,Consumer,Bronze,Frequent,Yes
889,Matthew,Allen,matthew.allen.889@yahoo.com,(879) 877-4307,Newark,NJ,Northeast,1984,Male,2023-03-22,Small Business,Bronze,Occasional,Yes
890,Sophia,Anderson,sophia.anderson.890@outlook.com,(743) 244-3152,Nashville,TN,South,1970,Female,2025-02-18,Consumer,Bronze,Occasional,Yes
891,Susan,Taylor,susan.taylor.891@yahoo.com,(368) 376-7754,Buffalo,NY,Northeast,1959,Female,2025-12-03,Small Business,Bronze,Regular,Yes
892,Nancy,Davis,nancy.davis.892@icloud.com,(677) 863-1166,St. Louis,MO,Midwest,1999,Female,2024-11-15,Small Business,Platinum,Occasional,Yes
893,James,Hernandez,james.hernandez.893@yahoo.com,(952) 544-2138,Columbus,OH,Midwest,1953,Male,2024-07-02,Enterprise,Bronze,Occasional,Yes
894,William,Taylor,william.taylor.894@gmail.com,(477) 557-4734,Houston,TX,South,2005,Male,2024-03-27,Enterprise,Bronze,Occasional,Yes
895,Joshua,Moore,joshua.moore.895@icloud.com,(753) 864-9026,Dallas,TX,South,1950,Male,2023-09-30,Small Business,Gold,Occasional,Yes
896,Susan,Jones,susan.jones.896@protonmail.com,(339) 328-4616,Phoenix,AZ,West,1987,Female,2026-08-16,Small Business,Gold,Occasional,Yes
897,Linda,White,linda.white.897@yahoo.com,(772) 511-7672,San Francisco,CA,West,1979,Female,2025-06-06,Consumer,Bronze,Regular,Yes
898,Donald,Thompson,donald.thompson.898@icloud.com,(562) 449-6929,Chicago,IL,Midwest,1947,Male,2025-07-18,Consumer,Gold,Regular,Yes
899,Richard,Perez,richard.perez.899@protonmail.com,(440) 883-9917,Indianapolis,IN,Midwest,1949,Male,2024-12-18,Consumer,Bronze,Occasional,Yes
900,Jacob,Thomas,jacob.thomas.900@yahoo.com,(692) 698-8537,Chicago,IL,Midwest,1996,Male,2026-08-23,Consumer,Bronze,Regular,Yes
901,Jennifer,King,jennifer.king.901@protonmail.com,(833) 993-5139,Boston,MA,Northeast,1965,Female,2024-07-02,Consumer,Platinum,Occasional,Yes
902,Sophia,Wright,sophia.wright.902@outlook.com,(403) 248-9443,Dallas,TX,South,1983,Female,2026-06-07,Consumer,Gold,Occasional,Yes
903,Patricia,Lee,patricia.lee.903@yahoo.com,(442) 219-8073,Milwaukee,WI,Midwest,1962,Female,2026-01-27,Consumer,Bronze,Occasional,Yes
904,Lauren,Davis,lauren.davis.904@gmail.com,(876) 257-3289,Minneapolis,MN,Midwest,2001,Female,2023-10-22,Consumer,Bronze,Regular,Yes
905,Patricia,Hernandez,patricia.hernandez.905@protonmail.com,(350) 999-2341,Los Angeles,CA,West,1946,Female,2023-10-15,Consumer,Bronze,Regular,Yes
906,Nicole,Jones,nicole.jones.906@outlook.com,(872) 282-8538,Seattle,WA,West,1988,Female,2024-08-27,Consumer,Silver,Occasional,Yes
907,Justin,Johnson,justin.johnson.907@outlook.com,(321) 402-8329,Houston,TX,South,1987,Male,2024-07-18,Consumer,Bronze,Frequent,Yes
908,Barbara,Thomas,barbara.thomas.908@icloud.com,(924) 859-2989,Buffalo,NY,Northeast,1973,Female,2026-05-16,Consumer,Bronze,Occasional,Yes
909,Abigail,Nguyen,abigail.nguyen.909@protonmail.com,(452) 388-7225,Atlanta,GA,South,1959,Female,2024-07-21,Consumer,Bronze,Occasional,Yes
910,Margaret,Perez,margaret.perez.910@gmail.com,(731) 684-8493,Indianapolis,IN,Midwest,1964,Female,2025-01-23,Consumer,Bronze,Regular,Yes
911,Ashley,Sanchez,ashley.sanchez.911@yahoo.com,(571) 483-9872,Buffalo,NY,Northeast,1974,Female,2026-01-09,Consumer,Bronze,Regular,Yes
912,Sandra,White,sandra.white.912@icloud.com,(990) 554-7457,Dallas,TX,South,1955,Female,2026-03-14,Consumer,Silver,VIP,Yes
913,Jason,Allen,jason.allen.913@protonmail.com,(387) 666-7300,Providence,RI,Northeast,1989,Male,2025-04-27,Consumer,Bronze,Regular,Yes
914,Emma,Miller,emma.miller.914@yahoo.com,(974) 383-7118,Denver,CO,West,1979,Female,2024-09-21,Consumer,Bronze,Occasional,Yes
915,Barbara,Jackson,barbara.jackson.915@gmail.com,(269) 346-7514,Richmond,VA,South,1997,Female,2024-07-11,Consumer,Bronze,Frequent,Yes
916,Steven,Jones,steven.jones.916@gmail.com,(765) 531-6893,Houston,TX,South,1981,Male,2025-07-21,Consumer,Bronze,Occasional,Yes
917,Emily,Sanchez,emily.sanchez.917@gmail.com,(701) 799-3800,Nashville,TN,South,1972,Female,2026-04-20,Consumer,Silver,Occasional,Yes
918,Joshua,Walker,joshua.walker.918@yahoo.com,(609) 675-1164,Orlando,FL,South,1954,Male,2023-10-04,Consumer,Bronze,Regular,Yes
919,George,Jackson,george.jackson.919@outlook.com,(223) 665-3851,Dallas,TX,South,1989,Male,2023-03-30,Consumer,Silver,Regular,Yes
920,Jessica,Brown,jessica.brown.920@gmail.com,(739) 709-6341,Cleveland,OH,Midwest,1954,Female,2024-07-01,Consumer,Bronze,Regular,Yes
921,Mark,Lee,mark.lee.921@protonmail.com,(764) 803-8530,New York,NY,Northeast,1978,Male,2023-04-13,Consumer,Bronze,Occasional,Yes
922,Jennifer,Martin,jennifer.martin.922@protonmail.com,(449) 431-4376,Charlotte,NC,South,1949,Female,2023-04-25,Consumer,Silver,Occasional,No
923,Sarah,White,sarah.white.923@protonmail.com,(836) 256-9055,Boston,MA,Northeast,1950,Female,2023-03-23,Consumer,Bronze,Frequent,Yes
924,Emma,Hernandez,emma.hernandez.924@icloud.com,(332) 345-4771,Buffalo,NY,Northeast,1948,Female,2024-02-24,Small Business,Gold,Regular,Yes
925,Barbara,Taylor,barbara.taylor.925@icloud.com,(406) 801-9001,Houston,TX,South,1967,Female,2023-01-06,Consumer,Gold,Regular,Yes
926,Nancy,Young,nancy.young.926@yahoo.com,(509) 390-4742,Las Vegas,NV,West,1974,Female,2023-07-28,Consumer,Silver,Occasional,Yes
927,Mary,Perez,mary.perez.927@protonmail.com,(277) 245-9823,Denver,CO,West,1956,Female,2026-05-31,Consumer,Bronze,Occasional,Yes
928,Charles,Walker,charles.walker.928@outlook.com,(642) 683-6404,Charlotte,NC,South,1971,Male,2025-04-25,Consumer,Bronze,Occasional,Yes
929,James,Hernandez,james.hernandez.929@outlook.com,(398) 833-6239,Buffalo,NY,Northeast,1964,Male,2026-04-14,Consumer,Bronze,Frequent,Yes
930,Ashley,King,ashley.king.930@outlook.com,(409) 736-8444,Providence,RI,Northeast,1969,Female,2025-10-06,Consumer,Bronze,Regular,Yes
931,William,Lopez,william.lopez.931@gmail.com,(886) 734-7703,Miami,FL,South,1966,Male,2026-04-23,Small Business,Bronze,Occasional,No
932,David,Anderson,david.anderson.932@icloud.com,(799) 996-9340,Los Angeles,CA,West,1952,Male,2023-09-01,Consumer,Gold,Occasional,Yes
933,Thomas,Hernandez,thomas.hernandez.933@icloud.com,(435) 262-3196,New York,NY,Northeast,1991,Male,2024-10-06,Small Business,Bronze,Regular,Yes
934,Justin,Moore,justin.moore.934@yahoo.com,(930) 888-1475,Cleveland,OH,Midwest,2004,Male,2025-06-19,Consumer,Silver,Regular,Yes
935,Charles,Martin,charles.martin.935@outlook.com,(820) 981-2759,San Francisco,CA,West,1971,Nonbinary,2023-08-18,Consumer,Gold,Occasional,Yes
936,Amanda,White,amanda.white.936@icloud.com,(721) 770-1673,Detroit,MI,Midwest,1986,Female,2024-06-23,Consumer,Bronze,Regular,Yes
937,Richard,Sanchez,richard.sanchez.937@outlook.com,(317) 596-9851,San Diego,CA,West,1957,Male,2025-01-26,Consumer,Bronze,Regular,Yes
938,Justin,Allen,justin.allen.938@gmail.com,(824) 894-3074,Milwaukee,WI,Midwest,1993,Male,2026-03-05,Consumer,Bronze,Regular,Yes
939,Barbara,Wilson,barbara.wilson.939@outlook.com,(651) 592-8549,Orlando,FL,South,1957,Female,2023-12-31,Small Business,Bronze,Occasional,Yes
940,Patricia,Harris,patricia.harris.940@protonmail.com,(937) 551-3308,Richmond,VA,South,2002,Female,2025-03-22,Consumer,Bronze,Regular,Yes
941,Kevin,Flores,kevin.flores.941@icloud.com,(927) 943-6626,St. Louis,MO,Midwest,1979,Male,2024-02-07,Consumer,Silver,Regular,Yes
942,Barbara,Jones,barbara.jones.942@icloud.com,(435) 200-1593,Houston,TX,South,1967,Female,2025-10-11,Consumer,Platinum,Frequent,Yes
943,Ryan,Robinson,ryan.robinson.943@protonmail.com,(601) 543-1715,Dallas,TX,South,2000,Male,2026-01-13,Consumer,Silver,Frequent,Yes
944,Matthew,Clark,matthew.clark.944@gmail.com,(395) 300-1486,San Diego,CA,West,1990,Nonbinary,2025-01-30,Consumer,Bronze,Regular,Yes
945,Anthony,Moore,anthony.moore.945@icloud.com,(728) 455-9456,Buffalo,NY,Northeast,1948,Male,2026-07-03,Consumer,Silver,Regular,Yes
946,Mark,Clark,mark.clark.946@outlook.com,(479) 775-8763,New York,NY,Northeast,1984,Male,2023-11-13,Small Business,Silver,Regular,Yes
947,Paul,Miller,paul.miller.947@outlook.com,(832) 866-6028,Orlando,FL,South,1999,Male,2025-02-08,Consumer,Silver,Occasional,Yes
948,Anthony,Clark,anthony.clark.948@gmail.com,(750) 724-3048,Philadelphia,PA,Northeast,1994,Male,2026-08-24,Consumer,Gold,Regular,No
949,Stephanie,Nguyen,stephanie.nguyen.949@yahoo.com,(774) 392-3306,Orlando,FL,South,1962,Female,2024-06-28,Consumer,Gold,Occasional,Yes
950,Brandon,Perez,brandon.perez.950@icloud.com,(764) 414-3217,Atlanta,GA,South,1994,Male,2024-09-20,Consumer,Bronze,Occasional,Yes
951,David,Scott,david.scott.951@gmail.com,(397) 520-3642,Boston,MA,Northeast,1956,Male,2025-05-07,Small Business,Bronze,Frequent,Yes
952,Elizabeth,Wilson,elizabeth.wilson.952@yahoo.com,(726) 210-3280,Portland,OR,West,1951,Female,2026-02-08,Consumer,Silver,Occasional,No
953,Margaret,Williams,margaret.williams.953@protonmail.com,(668) 710-1441,Buffalo,NY,Northeast,1959,Female,2026-03-31,Small Business,Gold,Regular,No
954,Karen,Wilson,karen.wilson.954@outlook.com,(786) 717-2801,Buffalo,NY,Northeast,1989,Female,2025-02-10,Consumer,Silver,Regular,Yes
955,Elizabeth,Lewis,elizabeth.lewis.955@outlook.com,(224) 673-2975,Pittsburgh,PA,Northeast,1999,Nonbinary,2023-01-11,Consumer,Silver,Frequent,Yes
956,Charles,Sanchez,charles.sanchez.956@protonmail.com,(570) 773-1746,Columbus,OH,Midwest,1953,Male,2024-07-02,Consumer,Gold,Occasional,Yes
957,Edward,King,edward.king.957@gmail.com,(352) 202-2084,Richmond,VA,South,1964,Male,2025-08-27,Small Business,Gold,Regular,Yes
958,Brandon,Jackson,brandon.jackson.958@icloud.com,(454) 578-6086,Charlotte,NC,South,1973,Male,2023-12-13,Consumer,Bronze,Occasional,Yes
959,Christina,Walker,christina.walker.959@protonmail.com,(874) 549-7252,Seattle,WA,West,1991,Female,2024-04-24,Consumer,Bronze,Frequent,No
960,Lauren,Thompson,lauren.thompson.960@icloud.com,(589) 596-5630,Boston,MA,Northeast,1978,Prefer not to say,2026-05-24,Small Business,Bronze,Regular,Yes
961,Emily,Johnson,emily.johnson.961@protonmail.com,(555) 586-6671,Las Vegas,NV,West,1981,Female,2026-03-20,Enterprise,Bronze,Frequent,Yes
962,Betty,Martinez,betty.martinez.962@yahoo.com,(766) 492-8333,Minneapolis,MN,Midwest,1973,Female,2025-07-19,Consumer,Bronze,Regular,Yes
963,Richard,Smith,richard.smith.963@protonmail.com,(265) 855-9507,Charlotte,NC,South,1985,Male,2026-02-12,Consumer,Bronze,Regular,Yes
964,Betty,Wilson,betty.wilson.964@icloud.com,(634) 447-6527,Orlando,FL,South,1968,Female,2023-03-28,Consumer,Silver,Regular,Yes
965,Rachel,Robinson,rachel.robinson.965@yahoo.com,(324) 714-5805,Nashville,TN,South,1956,Female,2025-07-25,Consumer,Bronze,Occasional,Yes
966,Edward,Jones,edward.jones.966@protonmail.com,(772) 706-8093,Phoenix,AZ,West,1986,Male,2025-09-19,Small Business,Bronze,Occasional,Yes
967,Olivia,Smith,olivia.smith.967@gmail.com,(658) 822-4326,Richmond,VA,South,1983,Female,2023-03-27,Small Business,Bronze,VIP,Yes
968,Christina,Sanchez,christina.sanchez.968@icloud.com,(447) 707-2585,Las Vegas,NV,West,2004,Female,2026-07-23,Consumer,Gold,Occasional,No
969,Mary,Hernandez,mary.hernandez.969@gmail.com,(293) 511-6108,Las Vegas,NV,West,1986,Female,2023-03-22,Consumer,Bronze,Regular,Yes
970,Linda,King,linda.king.970@outlook.com,(392) 857-3655,Chicago,IL,Midwest,1965,Female,2025-12-11,Consumer,Bronze,Occasional,Yes
971,Elizabeth,Jackson,elizabeth.jackson.971@protonmail.com,(430) 675-4779,Nashville,TN,South,2004,Female,2024-02-28,Consumer,Gold,Occasional,No
972,Melissa,Wright,melissa.wright.972@outlook.com,(686) 203-4856,Houston,TX,South,1958,Female,2026-02-08,Consumer,Bronze,Frequent,Yes
973,Jacob,Johnson,jacob.johnson.973@protonmail.com,(790) 269-1478,New York,NY,Northeast,1950,Male,2026-04-08,Consumer,Gold,Occasional,Yes
974,Matthew,Moore,matthew.moore.974@yahoo.com,(572) 285-9583,Chicago,IL,Midwest,1947,Male,2026-08-27,Small Business,Platinum,Occasional,Yes
975,Nathan,Lee,nathan.lee.975@gmail.com,(966) 493-5928,New York,NY,Northeast,1951,Male,2025-09-11,Consumer,Platinum,Occasional,Yes
976,Steven,Perez,steven.perez.976@outlook.com,(351) 695-8792,New York,NY,Northeast,1980,Male,2025-10-08,Small Business,Bronze,Frequent,Yes
977,George,Moore,george.moore.977@icloud.com,(843) 882-4767,Cleveland,OH,Midwest,1949,Male,2023-09-09,Consumer,Bronze,Regular,Yes
978,Linda,Clark,linda.clark.978@icloud.com,(856) 289-4529,Richmond,VA,South,1972,Female,2024-02-05,Small Business,Gold,Regular,Yes
979,Rachel,Miller,rachel.miller.979@gmail.com,(648) 280-7875,Nashville,TN,South,1982,Female,2024-08-11,Small Business,Bronze,Frequent,Yes
980,Charles,Smith,charles.smith.980@gmail.com,(555) 747-1632,Philadelphia,PA,Northeast,1986,Male,2024-11-15,Consumer,Bronze,Regular,Yes
981,Betty,Lopez,betty.lopez.981@outlook.com,(229) 427-5338,Orlando,FL,South,1994,Female,2026-04-26,Consumer,Bronze,Occasional,Yes
982,Emily,Lee,emily.lee.982@protonmail.com,(959) 982-6071,Charlotte,NC,South,1972,Female,2024-06-23,Consumer,Bronze,Occasional,Yes
983,Jennifer,Davis,jennifer.davis.983@outlook.com,(244) 374-3361,Seattle,WA,West,1970,Female,2024-01-20,Consumer,Bronze,Regular,Yes
984,Thomas,Rodriguez,thomas.rodriguez.984@outlook.com,(883) 418-8046,Nashville,TN,South,1977,Male,2026-03-13,Consumer,Bronze,Regular,No
985,Margaret,Flores,margaret.flores.985@icloud.com,(753) 385-7249,Denver,CO,West,1950,Female,2023-12-15,Consumer,Bronze,Frequent,Yes
986,Karen,Clark,karen.clark.986@protonmail.com,(313) 787-5279,Newark,NJ,Northeast,1993,Female,2024-09-07,Consumer,Gold,VIP,Yes
987,David,Hill,david.hill.987@yahoo.com,(377) 976-3370,Phoenix,AZ,West,1956,Male,2023-08-16,Small Business,Bronze,Occasional,Yes
988,Elizabeth,White,elizabeth.white.988@icloud.com,(622) 739-8266,Atlanta,GA,South,2005,Female,2023-11-13,Small Business,Bronze,Regular,No
989,Barbara,Young,barbara.young.989@protonmail.com,(305) 896-6753,Buffalo,NY,Northeast,1951,Female,2025-08-05,Consumer,Bronze,Regular,Yes
990,Lisa,Jackson,lisa.jackson.990@protonmail.com,(480) 763-6280,Atlanta,GA,South,2002,Female,2025-06-03,Small Business,Bronze,Occasional,Yes
991,Andrew,Allen,andrew.allen.991@gmail.com,(428) 931-7258,Charlotte,NC,South,1979,Male,2026-01-27,Consumer,Silver,Frequent,Yes
992,Nicole,Davis,nicole.davis.992@protonmail.com,(483) 400-9785,Buffalo,NY,Northeast,1955,Female,2025-06-12,Enterprise,Silver,Frequent,Yes
993,Christopher,Torres,christopher.torres.993@gmail.com,(611) 510-3461,Dallas,TX,South,1965,Male,2025-11-11,Consumer,Bronze,Frequent,Yes
994,Anthony,Taylor,anthony.taylor.994@gmail.com,(431) 446-3430,Nashville,TN,South,1953,Male,2025-08-30,Consumer,Gold,Regular,Yes
995,Jessica,Smith,jessica.smith.995@protonmail.com,(719) 295-1398,Hartford,CT,Northeast,1981,Female,2023-09-14,Consumer,Bronze,Frequent,Yes
996,Melissa,Hernandez,melissa.hernandez.996@gmail.com,(354) 464-1601,San Diego,CA,West,1968,Female,2024-03-31,Consumer,Gold,Regular,Yes
997,Andrew,Anderson,andrew.anderson.997@protonmail.com,(389) 224-6133,Minneapolis,MN,Midwest,1959,Male,2025-12-31,Small Business,Bronze,Regular,Yes
998,Mary,White,mary.white.998@protonmail.com,(278) 463-5982,Cleveland,OH,Midwest,1949,Female,2025-12-17,Consumer,Silver,VIP,Yes
999,Thomas,Garcia,thomas.garcia.999@icloud.com,(502) 258-8596,Phoenix,AZ,West,1949,Male,2026-08-15,Consumer,Bronze,Regular,Yes
1000,Christopher,Robinson,christopher.robinson.1000@icloud.com,(717) 926-9995,Newark,NJ,Northeast,1978,Male,2023-02-25,Consumer,Bronze,Regular,Yes
1001,Michael,Jackson,michael.jackson.1001@outlook.com,(836) 648-9244,Hartford,CT,Northeast,1980,Male,2023-03-15,Consumer,Bronze,Regular,Yes
1002,Mark,Gonzalez,mark.gonzalez.1002@icloud.com,(411) 231-8332,Cleveland,OH,Midwest,1954,Male,2024-09-14,Consumer,Bronze,Occasional,Yes
1003,Megan,Perez,megan.perez.1003@outlook.com,(979) 465-4852,Newark,NJ,Northeast,1958,Female,2026-03-07,Consumer,Bronze,Occasional,Yes
1004,Andrew,Gonzalez,andrew.gonzalez.1004@gmail.com,(235) 213-2942,Columbus,OH,Midwest,1998,Male,2026-07-15,Consumer,Bronze,Frequent,No
1005,Christopher,Clark,christopher.clark.1005@outlook.com,(633) 933-3270,Richmond,VA,South,1964,Male,2023-05-07,Consumer,Gold,Occasional,Yes
1006,Jacob,Scott,jacob.scott.1006@protonmail.com,(866) 794-1757,Boston,MA,Northeast,1982,Male,2026-02-05,Consumer,Silver,Regular,Yes
1007,Mark,Ramirez,mark.ramirez.1007@protonmail.com,(726) 218-1739,Miami,FL,South,1984,Male,2026-01-22,Consumer,Bronze,Frequent,Yes
1008,Nicole,Martin,nicole.martin.1008@protonmail.com,(289) 493-2542,St. Louis,MO,Midwest,1969,Female,2023-11-12,Consumer,Bronze,Regular,Yes
1009,Linda,Ramirez,linda.ramirez.1009@protonmail.com,(428) 551-3364,Philadelphia,PA,Northeast,1958,Female,2026-07-20,Consumer,Silver,Regular,Yes
1010,Jason,Thompson,jason.thompson.1010@protonmail.com,(643) 312-5481,Buffalo,NY,Northeast,1974,Male,2026-05-21,Consumer,Silver,VIP,Yes
1011,Brian,Martin,brian.martin.1011@outlook.com,(525) 920-8573,Milwaukee,WI,Midwest,1983,Prefer not to say,2025-03-21,Small Business,Silver,Regular,Yes
1012,Edward,Garcia,edward.garcia.1012@gmail.com,(886) 713-4738,Nashville,TN,South,1958,Male,2023-01-16,Consumer,Bronze,Regular,Yes
1013,Michael,Lopez,michael.lopez.1013@outlook.com,(561) 414-3860,Milwaukee,WI,Midwest,2003,Male,2024-08-14,Consumer,Bronze,Regular,Yes
1014,Nancy,Clark,nancy.clark.1014@outlook.com,(661) 685-9294,Dallas,TX,South,2002,Female,2023-02-22,Consumer,Bronze,Occasional,No
1015,Anthony,Torres,anthony.torres.1015@outlook.com,(304) 254-7923,Miami,FL,South,2001,Male,2025-03-05,Consumer,Silver,Occasional,Yes
1016,Patricia,Thompson,patricia.thompson.1016@yahoo.com,(222) 209-5511,Atlanta,GA,South,1981,Female,2024-07-02,Small Business,Bronze,Frequent,Yes
1017,Elizabeth,Gonzalez,elizabeth.gonzalez.1017@yahoo.com,(500) 319-8846,Minneapolis,MN,Midwest,1969,Female,2025-12-03,Small Business,Silver,Regular,Yes
1018,Paul,King,paul.king.1018@gmail.com,(307) 536-5994,Houston,TX,South,1953,Male,2024-07-03,Small Business,Gold,Frequent,Yes
1019,Christina,Hill,christina.hill.1019@protonmail.com,(810) 713-3462,Los Angeles,CA,West,1999,Female,2023-08-17,Consumer,Bronze,Frequent,Yes
1020,Brian,Clark,brian.clark.1020@protonmail.com,(423) 999-5823,Seattle,WA,West,1967,Male,2026-02-24,Enterprise,Silver,Regular,Yes
1021,Christina,Ramirez,christina.ramirez.1021@icloud.com,(402) 412-9552,Dallas,TX,South,1975,Female,2023-01-02,Consumer,Silver,Occasional,Yes
1022,Abigail,Garcia,abigail.garcia.1022@yahoo.com,(563) 737-4067,Hartford,CT,Northeast,1976,Female,2025-04-03,Consumer,Bronze,Occasional,Yes
1023,Sandra,Jackson,sandra.jackson.1023@icloud.com,(256) 766-6853,Charlotte,NC,South,1950,Female,2025-11-15,Consumer,Bronze,Occasional,Yes
1024,James,Garcia,james.garcia.1024@yahoo.com,(897) 720-6654,Charlotte,NC,South,1957,Male,2024-08-01,Small Business,Silver,Occasional,Yes
1025,Betty,Moore,betty.moore.1025@protonmail.com,(968) 755-4794,Denver,CO,West,1978,Female,2025-06-17,Consumer,Bronze,Frequent,Yes
1026,Nancy,White,nancy.white.1026@gmail.com,(332) 769-2263,Atlanta,GA,South,1960,Female,2025-10-09,Enterprise,Silver,Occasional,Yes
1027,Jacob,Moore,jacob.moore.1027@outlook.com,(974) 697-1649,Cleveland,OH,Midwest,1996,Male,2025-08-03,Small Business,Bronze,Occasional,Yes
1028,Mark,Smith,mark.smith.1028@outlook.com,(781) 643-4011,New York,NY,Northeast,1955,Prefer not to say,2025-02-17,Small Business,Bronze,Occasional,Yes
1029,Joseph,Lewis,joseph.lewis.1029@icloud.com,(268) 599-8654,Dallas,TX,South,1981,Male,2025-09-05,Consumer,Bronze,Frequent,Yes
1030,Emily,Gonzalez,emily.gonzalez.1030@outlook.com,(841) 619-5930,Atlanta,GA,South,1973,Female,2023-04-22,Consumer,Silver,Frequent,Yes
1031,James,Robinson,james.robinson.1031@icloud.com,(691) 997-8999,Houston,TX,South,1983,Male,2024-10-24,Consumer,Silver,Frequent,Yes
1032,David,Thompson,david.thompson.1032@icloud.com,(729) 831-8172,Phoenix,AZ,West,1993,Male,2026-02-19,Small Business,Silver,Regular,Yes
1033,Thomas,Smith,thomas.smith.1033@gmail.com,(626) 464-7525,Philadelphia,PA,Northeast,1954,Male,2025-09-16,Consumer,Gold,Frequent,Yes
1034,Brian,Walker,brian.walker.1034@icloud.com,(830) 391-2170,Philadelphia,PA,Northeast,1961,Male,2025-10-27,Small Business,Bronze,Occasional,Yes
1035,Lauren,Wilson,lauren.wilson.1035@protonmail.com,(323) 977-2690,Newark,NJ,Northeast,1984,Female,2025-08-11,Consumer,Bronze,Regular,Yes
1036,Nancy,Walker,nancy.walker.1036@protonmail.com,(700) 320-9957,Houston,TX,South,1973,Female,2025-04-06,Consumer,Bronze,Frequent,Yes
1037,George,Jackson,george.jackson.1037@icloud.com,(968) 897-7179,Columbus,OH,Midwest,1967,Male,2026-06-30,Consumer,Bronze,VIP,Yes
1038,Amanda,Thomas,amanda.thomas.1038@protonmail.com,(229) 940-6258,Las Vegas,NV,West,1949,Female,2026-07-27,Consumer,Bronze,Regular,Yes
1039,Thomas,Hernandez,thomas.hernandez.1039@gmail.com,(441) 885-2144,Phoenix,AZ,West,1968,Male,2025-03-23,Small Business,Bronze,Regular,No
1040,Olivia,Clark,olivia.clark.1040@gmail.com,(890) 673-2192,Charlotte,NC,South,1982,Female,2025-05-07,Consumer,Bronze,Regular,Yes
1041,Paul,Williams,paul.williams.1041@outlook.com,(885) 812-8892,Houston,TX,South,1952,Male,2025-12-11,Consumer,Silver,Occasional,Yes
1042,Joseph,Gonzalez,joseph.gonzalez.1042@protonmail.com,(606) 859-5108,Orlando,FL,South,1949,Male,2026-07-05,Consumer,Silver,VIP,Yes
1043,Nathan,Wright,nathan.wright.1043@outlook.com,(679) 975-2347,San Francisco,CA,West,1967,Male,2026-08-01,Consumer,Bronze,Regular,Yes
1044,George,Perez,george.perez.1044@icloud.com,(738) 884-4320,Richmond,VA,South,1949,Male,2024-11-22,Consumer,Bronze,Regular,Yes
1045,Donald,Miller,donald.miller.1045@icloud.com,(871) 805-5799,Richmond,VA,South,1980,Male,2023-09-22,Small Business,Bronze,Regular,Yes
1046,Christina,King,christina.king.1046@outlook.com,(837) 665-2084,Pittsburgh,PA,Northeast,1983,Nonbinary,2026-06-17,Consumer,Platinum,VIP,Yes
1047,David,Lopez,david.lopez.1047@icloud.com,(210) 754-9910,Cleveland,OH,Midwest,1950,Male,2024-12-12,Small Business,Bronze,Regular,Yes
1048,Charles,King,charles.king.1048@gmail.com,(501) 413-4037,Chicago,IL,Midwest,1999,Male,2025-06-03,Consumer,Silver,Regular,No
1049,Patricia,Thompson,patricia.thompson.1049@yahoo.com,(994) 470-1721,New York,NY,Northeast,1957,Female,2025-02-09,Consumer,Gold,Regular,Yes
1050,Elizabeth,Sanchez,elizabeth.sanchez.1050@outlook.com,(823) 384-5257,Las Vegas,NV,West,1947,Female,2024-10-27,Consumer,Bronze,Frequent,No
1051,Linda,Harris,linda.harris.1051@protonmail.com,(538) 255-9552,Las Vegas,NV,West,1959,Female,2026-03-17,Consumer,Bronze,Occasional,Yes
1052,Megan,King,megan.king.1052@yahoo.com,(560) 935-4558,Boston,MA,Northeast,1987,Female,2023-02-13,Consumer,Gold,Frequent,Yes
1053,Charles,Nguyen,charles.nguyen.1053@yahoo.com,(867) 254-8618,Minneapolis,MN,Midwest,1967,Male,2023-12-11,Consumer,Bronze,Occasional,Yes
1054,James,Perez,james.perez.1054@gmail.com,(561) 288-1363,Orlando,FL,South,1966,Male,2024-11-18,Consumer,Gold,Frequent,Yes
1055,Ryan,Torres,ryan.torres.1055@outlook.com,(862) 845-5295,New York,NY,Northeast,1987,Male,2023-07-10,Consumer,Bronze,Occasional,Yes
1056,Rebecca,Harris,rebecca.harris.1056@yahoo.com,(868) 864-1186,Atlanta,GA,South,1997,Female,2025-11-06,Consumer,Silver,Frequent,Yes
1057,Donald,Walker,donald.walker.1057@outlook.com,(469) 715-8753,Detroit,MI,Midwest,1956,Male,2026-05-15,Consumer,Bronze,Occasional,Yes
1058,Mark,Lewis,mark.lewis.1058@icloud.com,(268) 877-9919,Richmond,VA,South,1976,Male,2026-01-08,Small Business,Bronze,Frequent,Yes
1059,Stephanie,Walker,stephanie.walker.1059@gmail.com,(722) 410-3537,Charlotte,NC,South,1960,Female,2024-01-19,Consumer,Silver,Occasional,Yes
1060,Joseph,Smith,joseph.smith.1060@protonmail.com,(397) 445-6424,Portland,OR,West,2000,Male,2023-10-15,Consumer,Bronze,Occasional,Yes
1061,Jacob,Rodriguez,jacob.rodriguez.1061@icloud.com,(327) 571-5177,Portland,OR,West,1986,Male,2024-01-03,Consumer,Bronze,Regular,Yes
1062,Stephanie,Gonzalez,stephanie.gonzalez.1062@protonmail.com,(386) 332-4661,Columbus,OH,Midwest,1969,Female,2024-08-05,Small Business,Bronze,Occasional,Yes
1063,Edward,Jackson,edward.jackson.1063@gmail.com,(846) 895-4464,St. Louis,MO,Midwest,2001,Male,2026-04-17,Consumer,Bronze,Occasional,Yes
1064,Anthony,Harris,anthony.harris.1064@gmail.com,(773) 842-3028,Richmond,VA,South,2003,Male,2025-03-20,Consumer,Bronze,Occasional,Yes
1065,Margaret,Harris,margaret.harris.1065@protonmail.com,(723) 400-3889,Houston,TX,South,1962,Female,2025-04-14,Small Business,Silver,Occasional,Yes
1066,Joseph,Walker,joseph.walker.1066@outlook.com,(282) 653-9951,Columbus,OH,Midwest,1966,Male,2026-02-04,Small Business,Bronze,Occasional,Yes
1067,Richard,Clark,richard.clark.1067@icloud.com,(553) 632-9706,Charlotte,NC,South,2001,Nonbinary,2023-05-07,Consumer,Silver,Regular,Yes
1068,Margaret,White,margaret.white.1068@yahoo.com,(814) 851-6855,San Francisco,CA,West,1994,Female,2026-08-12,Consumer,Gold,Regular,Yes
1069,Karen,Davis,karen.davis.1069@outlook.com,(334) 887-5792,Las Vegas,NV,West,1989,Nonbinary,2024-09-20,Consumer,Silver,Regular,Yes
1070,Justin,Miller,justin.miller.1070@outlook.com,(853) 806-1175,Las Vegas,NV,West,1972,Male,2026-03-12,Consumer,Bronze,Regular,Yes
1071,John,Perez,john.perez.1071@icloud.com,(487) 827-8300,Dallas,TX,South,1946,Male,2023-03-07,Consumer,Platinum,Occasional,Yes
1072,Ashley,Hill,ashley.hill.1072@gmail.com,(230) 444-3363,Dallas,TX,South,1955,Female,2025-04-22,Consumer,Bronze,Frequent,Yes
1073,Christina,Garcia,christina.garcia.1073@outlook.com,(714) 735-7263,Dallas,TX,South,1980,Female,2023-05-07,Consumer,Bronze,Regular,Yes
1074,Linda,Hill,linda.hill.1074@outlook.com,(783) 777-8444,Richmond,VA,South,1981,Female,2023-10-01,Consumer,Silver,Occasional,Yes
1075,Nathan,Lopez,nathan.lopez.1075@icloud.com,(263) 294-7519,Indianapolis,IN,Midwest,2005,Male,2023-11-18,Consumer,Bronze,Occasional,Yes
1076,Jason,Brown,jason.brown.1076@icloud.com,(479) 364-2781,Nashville,TN,South,1979,Male,2026-02-20,Small Business,Gold,Regular,Yes
1077,Richard,Jones,richard.jones.1077@icloud.com,(459) 660-6096,Phoenix,AZ,West,1970,Male,2024-01-27,Consumer,Silver,Occasional,Yes
1078,Rebecca,Martin,rebecca.martin.1078@protonmail.com,(879) 344-3220,Cleveland,OH,Midwest,1973,Female,2025-04-02,Consumer,Gold,Regular,Yes
1079,Daniel,Jones,daniel.jones.1079@yahoo.com,(458) 852-3028,Providence,RI,Northeast,1972,Male,2024-08-18,Consumer,Bronze,Regular,No
1080,Emily,Miller,emily.miller.1080@icloud.com,(442) 280-1056,Atlanta,GA,South,2003,Female,2024-09-14,Consumer,Bronze,Occasional,No
1081,Christopher,Johnson,christopher.johnson.1081@icloud.com,(392) 245-2793,Indianapolis,IN,Midwest,2005,Male,2024-11-25,Consumer,Bronze,Occasional,Yes
1082,Mary,Clark,mary.clark.1082@icloud.com,(480) 599-8231,Indianapolis,IN,Midwest,1990,Female,2024-04-08,Consumer,Bronze,Occasional,No
1083,Rachel,Rodriguez,rachel.rodriguez.1083@icloud.com,(645) 339-3959,Denver,CO,West,1951,Female,2024-07-15,Consumer,Bronze,Regular,Yes
1084,Brandon,Martin,brandon.martin.1084@icloud.com,(691) 483-9385,San Diego,CA,West,1959,Male,2026-05-04,Consumer,Bronze,Frequent,Yes
1085,Lisa,Rodriguez,lisa.rodriguez.1085@outlook.com,(284) 384-5383,Atlanta,GA,South,1993,Female,2024-11-05,Small Business,Bronze,Occasional,Yes
1086,Thomas,Nguyen,thomas.nguyen.1086@yahoo.com,(693) 557-4538,Miami,FL,South,1958,Male,2025-03-28,Small Business,Bronze,Occasional,Yes
1087,Megan,Davis,megan.davis.1087@icloud.com,(970) 759-6592,San Diego,CA,West,1947,Nonbinary,2025-09-07,Consumer,Gold,Occasional,Yes
1088,George,Moore,george.moore.1088@gmail.com,(881) 913-2146,Seattle,WA,West,1970,Male,2023-01-29,Consumer,Bronze,Regular,No
1089,Melissa,Clark,melissa.clark.1089@yahoo.com,(820) 686-3515,Los Angeles,CA,West,1972,Female,2023-11-13,Enterprise,Silver,Occasional,Yes
1090,Emily,Torres,emily.torres.1090@outlook.com,(469) 258-5489,Philadelphia,PA,Northeast,1985,Female,2024-08-05,Consumer,Bronze,Regular,Yes
1091,Emily,Taylor,emily.taylor.1091@outlook.com,(456) 993-3470,Detroit,MI,Midwest,1998,Female,2026-07-29,Consumer,Silver,Occasional,No
1092,Abigail,Wright,abigail.wright.1092@protonmail.com,(908) 971-8122,Houston,TX,South,1970,Female,2023-07-09,Consumer,Bronze,Frequent,No
1093,Sarah,Moore,sarah.moore.1093@icloud.com,(691) 684-7746,New York,NY,Northeast,1989,Nonbinary,2025-01-25,Consumer,Bronze,Occasional,Yes
1094,John,Lewis,john.lewis.1094@gmail.com,(699) 745-4514,San Francisco,CA,West,1977,Male,2023-05-07,Consumer,Silver,Regular,No
1095,Stephanie,Scott,stephanie.scott.1095@outlook.com,(721) 538-7590,New York,NY,Northeast,1949,Female,2023-03-30,Consumer,Silver,Occasional,Yes
1096,Joseph,Taylor,joseph.taylor.1096@outlook.com,(706) 749-9610,Charlotte,NC,South,1956,Male,2026-09-05,Consumer,Bronze,Occasional,Yes
1097,Steven,White,steven.white.1097@protonmail.com,(516) 783-2335,Detroit,MI,Midwest,1957,Male,2025-10-30,Consumer,Bronze,Frequent,Yes
1098,Steven,Sanchez,steven.sanchez.1098@protonmail.com,(704) 476-7650,Atlanta,GA,South,1975,Male,2026-06-11,Small Business,Bronze,Occasional,Yes
1099,Elizabeth,Jones,elizabeth.jones.1099@gmail.com,(807) 277-2355,Boston,MA,Northeast,1999,Female,2026-07-31,Consumer,Silver,Regular,Yes
1100,Brian,Hill,brian.hill.1100@yahoo.com,(430) 974-9558,Dallas,TX,South,1962,Male,2024-07-07,Small Business,Bronze,Frequent,Yes
1101,Steven,Lopez,steven.lopez.1101@gmail.com,(348) 966-8731,New York,NY,Northeast,1950,Male,2023-08-26,Consumer,Bronze,Occasional,Yes
1102,Margaret,Martin,margaret.martin.1102@gmail.com,(202) 545-6948,Columbus,OH,Midwest,1991,Nonbinary,2024-01-05,Consumer,Bronze,Occasional,Yes
1103,Christopher,Sanchez,christopher.sanchez.1103@outlook.com,(556) 639-6061,Atlanta,GA,South,1998,Male,2023-10-25,Consumer,Gold,Occasional,No
1104,John,Thomas,john.thomas.1104@gmail.com,(639) 887-9394,San Diego,CA,West,1994,Male,2026-07-02,Consumer,Silver,Frequent,Yes
1105,Thomas,White,thomas.white.1105@gmail.com,(651) 398-5760,Denver,CO,West,1973,Nonbinary,2023-08-27,Consumer,Bronze,Regular,Yes
1106,Joseph,Perez,joseph.perez.1106@gmail.com,(794) 816-2013,Miami,FL,South,1981,Nonbinary,2023-11-15,Small Business,Bronze,Frequent,Yes
1107,Megan,Young,megan.young.1107@outlook.com,(862) 368-6118,San Francisco,CA,West,1988,Female,2024-03-21,Consumer,Bronze,Regular,Yes
1108,Sarah,Smith,sarah.smith.1108@outlook.com,(381) 811-8583,Milwaukee,WI,Midwest,1993,Female,2023-03-24,Consumer,Bronze,Occasional,Yes
1109,Sophia,Harris,sophia.harris.1109@yahoo.com,(435) 473-7751,Orlando,FL,South,1975,Female,2025-10-21,Consumer,Gold,Frequent,No
1110,Christina,Robinson,christina.robinson.1110@protonmail.com,(423) 832-1245,Cleveland,OH,Midwest,1971,Female,2026-04-21,Consumer,Bronze,Regular,Yes
1111,Megan,Taylor,megan.taylor.1111@outlook.com,(604) 826-6267,Orlando,FL,South,1958,Female,2023-02-25,Consumer,Bronze,Occasional,Yes
1112,Nancy,Miller,nancy.miller.1112@protonmail.com,(527) 724-1831,Newark,NJ,Northeast,1981,Female,2024-05-15,Consumer,Silver,Occasional,Yes
1113,Joseph,Robinson,joseph.robinson.1113@yahoo.com,(260) 903-4835,Denver,CO,West,1945,Male,2024-05-31,Enterprise,Bronze,Regular,Yes
1114,Sandra,Lewis,sandra.lewis.1114@protonmail.com,(703) 759-8286,Nashville,TN,South,1997,Female,2024-04-29,Consumer,Bronze,Occasional,Yes
1115,Emily,Martinez,emily.martinez.1115@yahoo.com,(904) 903-5543,San Diego,CA,West,1999,Female,2024-10-12,Small Business,Platinum,Regular,Yes
1116,Jennifer,Miller,jennifer.miller.1116@protonmail.com,(643) 862-7146,Hartford,CT,Northeast,2000,Female,2025-09-10,Small Business,Bronze,Regular,Yes
1117,Christopher,Perez,christopher.perez.1117@outlook.com,(517) 585-7122,Orlando,FL,South,1993,Male,2024-06-20,Small Business,Bronze,Occasional,Yes
1118,Rachel,White,rachel.white.1118@gmail.com,(640) 274-5768,New York,NY,Northeast,1965,Female,2025-07-19,Consumer,Silver,VIP,Yes
1119,Amanda,Thomas,amanda.thomas.1119@icloud.com,(926) 942-5342,San Francisco,CA,West,1979,Female,2025-07-02,Consumer,Bronze,Frequent,Yes
1120,Edward,Wilson,edward.wilson.1120@outlook.com,(913) 289-5829,Philadelphia,PA,Northeast,2001,Male,2024-12-23,Consumer,Silver,Occasional,Yes
1121,Joshua,Hernandez,joshua.hernandez.1121@gmail.com,(739) 316-5467,Hartford,CT,Northeast,2002,Male,2024-05-30,Enterprise,Bronze,Regular,Yes
1122,Emma,Johnson,emma.johnson.1122@protonmail.com,(741) 773-4949,San Francisco,CA,West,1962,Female,2026-08-16,Small Business,Bronze,Frequent,Yes
1123,James,Rodriguez,james.rodriguez.1123@outlook.com,(677) 733-1141,Providence,RI,Northeast,1988,Male,2024-05-25,Small Business,Bronze,Frequent,Yes
1124,David,Gonzalez,david.gonzalez.1124@yahoo.com,(760) 543-3490,San Francisco,CA,West,1957,Male,2025-03-14,Consumer,Bronze,Regular,Yes
1125,Charles,Jones,charles.jones.1125@outlook.com,(530) 707-2346,Orlando,FL,South,1979,Male,2026-05-17,Consumer,Silver,Regular,Yes
1126,Christopher,Ramirez,christopher.ramirez.1126@outlook.com,(365) 331-3074,Cleveland,OH,Midwest,1953,Male,2023-11-21,Small Business,Bronze,Regular,Yes
1127,Brandon,Miller,brandon.miller.1127@outlook.com,(309) 252-4306,Minneapolis,MN,Midwest,1988,Male,2026-03-15,Consumer,Bronze,Regular,Yes
1128,Jacob,Harris,jacob.harris.1128@protonmail.com,(349) 540-7385,Hartford,CT,Northeast,1995,Male,2026-03-03,Consumer,Platinum,Occasional,Yes
1129,Christina,Martinez,christina.martinez.1129@outlook.com,(820) 587-9978,Denver,CO,West,1982,Female,2025-10-08,Consumer,Silver,VIP,No
1130,Jennifer,Jackson,jennifer.jackson.1130@icloud.com,(961) 840-3488,Detroit,MI,Midwest,2005,Female,2025-05-09,Consumer,Silver,Frequent,Yes
1131,Abigail,Ramirez,abigail.ramirez.1131@yahoo.com,(440) 916-5732,Las Vegas,NV,West,1975,Female,2026-08-28,Consumer,Silver,Regular,Yes
1132,William,Jackson,william.jackson.1132@gmail.com,(801) 804-6258,Cleveland,OH,Midwest,1945,Male,2024-08-12,Consumer,Bronze,Regular,Yes
1133,Sarah,Miller,sarah.miller.1133@protonmail.com,(766) 852-3886,Indianapolis,IN,Midwest,1977,Female,2023-11-10,Consumer,Bronze,VIP,Yes
1134,Mark,Thomas,mark.thomas.1134@outlook.com,(376) 971-2526,Charlotte,NC,South,1958,Male,2024-11-09,Consumer,Bronze,Regular,Yes
1135,Stephanie,Flores,stephanie.flores.1135@outlook.com,(793) 504-8821,Atlanta,GA,South,1984,Female,2026-01-31,Consumer,Bronze,Occasional,Yes
1136,Michael,Flores,michael.flores.1136@outlook.com,(790) 899-9731,Charlotte,NC,South,1968,Male,2025-01-29,Consumer,Silver,Occasional,Yes
1137,Patricia,Thompson,patricia.thompson.1137@protonmail.com,(662) 822-2109,Dallas,TX,South,1953,Female,2023-09-04,Consumer,Gold,Occasional,Yes
1138,Betty,Lopez,betty.lopez.1138@outlook.com,(905) 547-9278,Nashville,TN,South,1999,Female,2026-06-19,Consumer,Gold,Occasional,Yes
1139,Sandra,Lopez,sandra.lopez.1139@icloud.com,(522) 567-2980,Miami,FL,South,2002,Female,2025-08-01,Consumer,Bronze,Regular,Yes
1140,Lauren,Lopez,lauren.lopez.1140@yahoo.com,(474) 640-6334,Hartford,CT,Northeast,1991,Female,2023-10-23,Consumer,Silver,Regular,No
1141,Charles,Martin,charles.martin.1141@icloud.com,(613) 432-1776,Dallas,TX,South,1977,Male,2024-08-17,Consumer,Bronze,Occasional,Yes
1142,Rachel,Wright,rachel.wright.1142@yahoo.com,(402) 835-1544,Seattle,WA,West,1997,Female,2025-05-27,Small Business,Bronze,Regular,Yes
1143,Kevin,Scott,kevin.scott.1143@outlook.com,(684) 660-6815,Buffalo,NY,Northeast,1982,Male,2023-11-19,Small Business,Silver,Frequent,Yes
1144,Steven,White,steven.white.1144@outlook.com,(980) 847-7250,Indianapolis,IN,Midwest,1981,Male,2024-09-24,Consumer,Silver,Regular,Yes
1145,Amanda,Martin,amanda.martin.1145@gmail.com,(271) 877-5211,Orlando,FL,South,2005,Female,2025-07-27,Consumer,Silver,Regular,Yes
1146,Brian,Thompson,brian.thompson.1146@yahoo.com,(949) 417-4736,Richmond,VA,South,1946,Male,2025-11-15,Consumer,Bronze,Occasional,Yes
1147,Jacob,Torres,jacob.torres.1147@yahoo.com,(799) 442-5885,Miami,FL,South,1965,Male,2024-05-15,Consumer,Bronze,Occasional,Yes
1148,Linda,Anderson,linda.anderson.1148@yahoo.com,(926) 788-8199,Cleveland,OH,Midwest,1986,Female,2024-06-06,Consumer,Silver,Occasional,No
1149,Emma,Torres,emma.torres.1149@outlook.com,(510) 516-1790,Pittsburgh,PA,Northeast,1959,Female,2024-09-13,Small Business,Silver,Occasional,Yes
1150,Rachel,Moore,rachel.moore.1150@protonmail.com,(340) 713-5650,Providence,RI,Northeast,1980,Female,2026-06-22,Consumer,Silver,Occasional,Yes
1151,Thomas,Jackson,thomas.jackson.1151@protonmail.com,(872) 682-9769,Richmond,VA,South,1994,Male,2026-04-11,Consumer,Bronze,Frequent,Yes
1152,James,Taylor,james.taylor.1152@outlook.com,(214) 993-4193,New York,NY,Northeast,1987,Male,2025-10-27,Consumer,Gold,Frequent,Yes
1153,Matthew,Scott,matthew.scott.1153@yahoo.com,(742) 869-7583,Las Vegas,NV,West,2000,Male,2024-03-06,Consumer,Bronze,Regular,Yes
1154,Kevin,Gonzalez,kevin.gonzalez.1154@icloud.com,(544) 755-7376,Phoenix,AZ,West,2000,Male,2024-11-02,Consumer,Gold,Regular,Yes
1155,Nicole,Thompson,nicole.thompson.1155@protonmail.com,(533) 879-6859,Providence,RI,Northeast,1996,Nonbinary,2023-09-28,Consumer,Bronze,Frequent,Yes
1156,Daniel,Martin,daniel.martin.1156@protonmail.com,(718) 754-4168,Philadelphia,PA,Northeast,1965,Male,2024-04-06,Consumer,Bronze,Regular,Yes
1157,Melissa,Smith,melissa.smith.1157@protonmail.com,(225) 831-7091,Newark,NJ,Northeast,1955,Female,2026-01-22,Consumer,Silver,Occasional,Yes
1158,Ryan,Anderson,ryan.anderson.1158@icloud.com,(726) 316-1187,Atlanta,GA,South,1978,Male,2025-02-03,Consumer,Bronze,Regular,Yes
1159,Karen,Hernandez,karen.hernandez.1159@protonmail.com,(645) 558-8817,Providence,RI,Northeast,1997,Female,2025-02-11,Consumer,Silver,Regular,Yes
1160,Kevin,Nguyen,kevin.nguyen.1160@gmail.com,(419) 813-8547,Minneapolis,MN,Midwest,1956,Male,2024-06-19,Consumer,Bronze,Occasional,Yes
1161,Sandra,Johnson,sandra.johnson.1161@outlook.com,(708) 695-8573,Chicago,IL,Midwest,1977,Female,2026-05-17,Consumer,Bronze,Occasional,Yes
1162,Elizabeth,Lewis,elizabeth.lewis.1162@yahoo.com,(372) 754-8548,Charlotte,NC,South,2003,Female,2024-09-18,Small Business,Bronze,Regular,Yes
1163,Kevin,King,kevin.king.1163@icloud.com,(972) 887-9765,Dallas,TX,South,1953,Male,2023-01-18,Small Business,Silver,Occasional,No
1164,Sarah,Sanchez,sarah.sanchez.1164@gmail.com,(636) 909-4461,Richmond,VA,South,1955,Female,2024-03-28,Small Business,Bronze,Regular,No
1165,Edward,Allen,edward.allen.1165@outlook.com,(454) 780-3307,Orlando,FL,South,1987,Male,2025-06-29,Consumer,Silver,Occasional,Yes
1166,Emily,Torres,emily.torres.1166@icloud.com,(445) 548-2259,Minneapolis,MN,Midwest,1984,Female,2026-02-06,Small Business,Bronze,Occasional,Yes
1167,Ashley,Flores,ashley.flores.1167@yahoo.com,(717) 583-8887,Indianapolis,IN,Midwest,1997,Female,2026-06-16,Consumer,Bronze,Regular,Yes
1168,Megan,Miller,megan.miller.1168@outlook.com,(561) 861-9668,Houston,TX,South,1960,Female,2025-07-16,Consumer,Silver,Frequent,Yes
1169,Lisa,Martin,lisa.martin.1169@gmail.com,(903) 404-5329,Phoenix,AZ,West,1991,Female,2023-05-11,Consumer,Bronze,Occasional,Yes
1170,Thomas,Gonzalez,thomas.gonzalez.1170@icloud.com,(979) 823-2390,Dallas,TX,South,1966,Male,2025-10-12,Consumer,Bronze,Regular,Yes
1171,Jacob,Hill,jacob.hill.1171@icloud.com,(936) 823-4211,Cleveland,OH,Midwest,1996,Male,2025-06-25,Consumer,Bronze,Occasional,No
1172,Emma,Walker,emma.walker.1172@yahoo.com,(873) 701-1022,Houston,TX,South,1956,Female,2023-12-01,Small Business,Bronze,Regular,No
1173,Jason,Davis,jason.davis.1173@yahoo.com,(968) 312-2609,Milwaukee,WI,Midwest,1992,Male,2023-11-12,Consumer,Bronze,Frequent,Yes
1174,Michael,Harris,michael.harris.1174@yahoo.com,(634) 748-2269,Buffalo,NY,Northeast,2005,Male,2025-09-18,Small Business,Silver,Frequent,Yes
1175,Anthony,Johnson,anthony.johnson.1175@yahoo.com,(458) 213-5115,San Diego,CA,West,1952,Male,2024-11-29,Consumer,Bronze,Frequent,Yes
1176,Mary,Martin,mary.martin.1176@outlook.com,(330) 321-8561,Columbus,OH,Midwest,1977,Female,2025-11-05,Consumer,Bronze,Frequent,Yes
1177,Margaret,Martin,margaret.martin.1177@yahoo.com,(430) 765-2424,Charlotte,NC,South,1970,Female,2026-06-14,Consumer,Bronze,Regular,Yes
1178,Jacob,Harris,jacob.harris.1178@protonmail.com,(867) 529-4960,Cleveland,OH,Midwest,1952,Male,2025-01-15,Consumer,Bronze,Regular,Yes
1179,Kevin,Anderson,kevin.anderson.1179@icloud.com,(397) 667-1788,Richmond,VA,South,1998,Male,2026-05-08,Consumer,Gold,Regular,Yes
1180,Daniel,Thomas,daniel.thomas.1180@protonmail.com,(825) 688-1191,Richmond,VA,South,1981,Male,2023-02-08,Consumer,Silver,Regular,No
1181,Emma,Anderson,emma.anderson.1181@icloud.com,(211) 945-4094,Philadelphia,PA,Northeast,1995,Female,2023-02-28,Consumer,Bronze,Frequent,Yes
1182,Robert,Sanchez,robert.sanchez.1182@yahoo.com,(941) 303-4039,Hartford,CT,Northeast,1962,Male,2025-11-21,Consumer,Bronze,Occasional,Yes
1183,Joshua,Clark,joshua.clark.1183@icloud.com,(632) 702-6189,Milwaukee,WI,Midwest,2005,Male,2023-01-02,Small Business,Bronze,Regular,Yes
1184,Edward,Sanchez,edward.sanchez.1184@protonmail.com,(463) 958-4157,Houston,TX,South,1956,Male,2025-02-24,Consumer,Bronze,Regular,Yes
1185,Paul,Flores,paul.flores.1185@gmail.com,(622) 742-7739,Hartford,CT,Northeast,1950,Male,2023-01-07,Consumer,Bronze,Regular,Yes
1186,Rachel,Hill,rachel.hill.1186@outlook.com,(236) 567-5527,Orlando,FL,South,1960,Female,2023-01-12,Consumer,Silver,Regular,Yes
1187,Lauren,Wright,lauren.wright.1187@gmail.com,(438) 564-1030,Providence,RI,Northeast,1985,Female,2024-04-26,Small Business,Bronze,Occasional,Yes
1188,Lauren,Gonzalez,lauren.gonzalez.1188@protonmail.com,(707) 729-5422,Cleveland,OH,Midwest,2005,Female,2025-01-06,Consumer,Bronze,Occasional,Yes
1189,Megan,Davis,megan.davis.1189@protonmail.com,(390) 891-4268,Las Vegas,NV,West,1989,Female,2023-04-18,Consumer,Bronze,Occasional,Yes
1190,Patricia,Martinez,patricia.martinez.1190@yahoo.com,(445) 899-6571,Atlanta,GA,South,1951,Female,2024-11-14,Consumer,Bronze,Regular,Yes
1191,Stephanie,Robinson,stephanie.robinson.1191@yahoo.com,(992) 784-7564,Columbus,OH,Midwest,1982,Nonbinary,2024-07-13,Consumer,Bronze,Regular,Yes
1192,Rachel,Thompson,rachel.thompson.1192@outlook.com,(618) 616-5635,Phoenix,AZ,West,1982,Female,2025-05-08,Consumer,Bronze,Regular,No
1193,Rebecca,Johnson,rebecca.johnson.1193@yahoo.com,(856) 380-1492,Minneapolis,MN,Midwest,1990,Female,2023-01-24,Consumer,Bronze,Regular,No
1194,David,Perez,david.perez.1194@yahoo.com,(949) 814-3448,Atlanta,GA,South,1952,Male,2026-05-24,Consumer,Bronze,Frequent,Yes
1195,Joshua,Allen,joshua.allen.1195@gmail.com,(792) 612-9162,Los Angeles,CA,West,1973,Male,2024-11-01,Small Business,Bronze,Frequent,Yes
1196,Stephanie,Hernandez,stephanie.hernandez.1196@icloud.com,(430) 960-9469,Charlotte,NC,South,1953,Prefer not to say,2023-03-02,Consumer,Gold,Frequent,Yes
1197,Joshua,Flores,joshua.flores.1197@yahoo.com,(528) 747-5596,St. Louis,MO,Midwest,1991,Nonbinary,2025-01-30,Consumer,Bronze,Occasional,No
1198,Michael,Rodriguez,michael.rodriguez.1198@icloud.com,(642) 828-9224,San Francisco,CA,West,1994,Male,2024-07-14,Consumer,Bronze,Regular,Yes
1199,George,Jackson,george.jackson.1199@gmail.com,(861) 958-7343,St. Louis,MO,Midwest,1963,Male,2025-06-19,Small Business,Bronze,Occasional,Yes
1200,Barbara,Sanchez,barbara.sanchez.1200@outlook.com,(434) 655-2245,New York,NY,Northeast,1951,Female,2023-07-07,Small Business,Bronze,Regular,No
1201,Susan,Ramirez,susan.ramirez.1201@protonmail.com,(939) 610-6705,Miami,FL,South,1971,Female,2024-06-28,Consumer,Bronze,Frequent,Yes
1202,John,Hernandez,john.hernandez.1202@protonmail.com,(872) 860-9023,Chicago,IL,Midwest,1967,Male,2025-05-06,Small Business,Gold,Regular,Yes
1203,Ashley,Torres,ashley.torres.1203@outlook.com,(644) 625-6850,Detroit,MI,Midwest,1999,Female,2025-07-17,Consumer,Bronze,Frequent,Yes
1204,Nathan,Miller,nathan.miller.1204@gmail.com,(815) 799-1251,Buffalo,NY,Northeast,1966,Male,2024-09-30,Consumer,Bronze,Regular,No
1205,Paul,Lopez,paul.lopez.1205@protonmail.com,(588) 863-5161,New York,NY,Northeast,1998,Male,2023-08-04,Enterprise,Silver,Occasional,No
1206,Olivia,Hernandez,olivia.hernandez.1206@yahoo.com,(690) 582-7690,Buffalo,NY,Northeast,1957,Female,2023-10-06,Consumer,Gold,Occasional,No
1207,Brandon,Davis,brandon.davis.1207@gmail.com,(776) 420-2840,Chicago,IL,Midwest,1968,Male,2025-10-17,Consumer,Silver,Frequent,Yes
1208,Ryan,Lopez,ryan.lopez.1208@protonmail.com,(739) 907-9493,Dallas,TX,South,1986,Male,2023-03-23,Consumer,Silver,Regular,No
1209,Charles,Wright,charles.wright.1209@protonmail.com,(586) 545-3861,Nashville,TN,South,1975,Male,2026-02-03,Small Business,Bronze,Frequent,Yes
1210,Daniel,Wilson,daniel.wilson.1210@yahoo.com,(857) 429-1101,Orlando,FL,South,2005,Male,2024-08-27,Consumer,Silver,Occasional,Yes
1211,Donald,Hernandez,donald.hernandez.1211@outlook.com,(229) 943-4607,Charlotte,NC,South,1965,Male,2024-09-21,Consumer,Bronze,Occasional,Yes
1212,Betty,Scott,betty.scott.1212@outlook.com,(695) 716-3466,Philadelphia,PA,Northeast,2001,Female,2023-09-12,Consumer,Bronze,Regular,Yes
1213,Joseph,Moore,joseph.moore.1213@gmail.com,(728) 746-7984,San Francisco,CA,West,1968,Male,2026-07-07,Consumer,Bronze,Occasional,Yes
1214,Betty,Miller,betty.miller.1214@yahoo.com,(354) 706-5218,Indianapolis,IN,Midwest,1977,Female,2024-02-15,Consumer,Bronze,Occasional,Yes
1215,Abigail,Young,abigail.young.1215@gmail.com,(342) 413-6634,Las Vegas,NV,West,1976,Female,2026-04-04,Consumer,Bronze,Frequent,Yes
1216,Jennifer,Gonzalez,jennifer.gonzalez.1216@protonmail.com,(299) 880-7977,Phoenix,AZ,West,1985,Female,2026-07-06,Consumer,Bronze,Regular,Yes
1217,Kevin,Flores,kevin.flores.1217@icloud.com,(376) 880-6017,St. Louis,MO,Midwest,1948,Male,2025-08-02,Consumer,Bronze,Occasional,Yes
1218,Emily,Wilson,emily.wilson.1218@gmail.com,(505) 512-1211,Atlanta,GA,South,1965,Female,2024-12-17,Consumer,Bronze,Regular,Yes
1219,Sandra,Wright,sandra.wright.1219@icloud.com,(350) 222-2929,Nashville,TN,South,1963,Female,2023-01-10,Enterprise,Silver,Frequent,No
1220,Amanda,White,amanda.white.1220@protonmail.com,(913) 260-6651,Denver,CO,West,1987,Female,2024-01-31,Enterprise,Platinum,Frequent,Yes
1221,Andrew,Brown,andrew.brown.1221@icloud.com,(590) 291-7024,Dallas,TX,South,1956,Male,2023-12-21,Consumer,Silver,Occasional,Yes
1222,David,White,david.white.1222@icloud.com,(294) 534-8370,Boston,MA,Northeast,1977,Male,2023-10-12,Small Business,Bronze,Regular,Yes
1223,John,Allen,john.allen.1223@gmail.com,(942) 805-5719,Miami,FL,South,1988,Male,2023-08-28,Consumer,Silver,Regular,Yes
1224,Lisa,Davis,lisa.davis.1224@outlook.com,(761) 364-5584,Newark,NJ,Northeast,1963,Female,2023-07-08,Consumer,Bronze,Regular,Yes
1225,Steven,Harris,steven.harris.1225@outlook.com,(831) 886-7003,Newark,NJ,Northeast,1987,Male,2026-06-08,Consumer,Bronze,Regular,Yes
1226,Betty,Taylor,betty.taylor.1226@gmail.com,(746) 750-3813,Newark,NJ,Northeast,1955,Female,2024-06-12,Consumer,Gold,Frequent,Yes
1227,James,Miller,james.miller.1227@gmail.com,(499) 786-7561,Las Vegas,NV,West,1961,Male,2026-06-02,Enterprise,Bronze,VIP,Yes
1228,Jessica,Taylor,jessica.taylor.1228@protonmail.com,(431) 415-6858,St. Louis,MO,Midwest,1971,Female,2026-01-14,Consumer,Silver,Frequent,Yes
1229,Mary,Walker,mary.walker.1229@outlook.com,(510) 525-7567,Portland,OR,West,2003,Female,2025-12-11,Consumer,Bronze,Occasional,Yes
1230,Andrew,Young,andrew.young.1230@icloud.com,(279) 796-6683,Minneapolis,MN,Midwest,1994,Male,2023-09-28,Consumer,Bronze,Occasional,Yes
1231,Sarah,Sanchez,sarah.sanchez.1231@gmail.com,(562) 568-7639,Milwaukee,WI,Midwest,1984,Nonbinary,2026-04-29,Consumer,Bronze,Regular,Yes
1232,Emily,Garcia,emily.garcia.1232@outlook.com,(449) 726-6679,Los Angeles,CA,West,1958,Female,2025-09-19,Consumer,Bronze,Regular,No
1233,Patricia,Clark,patricia.clark.1233@yahoo.com,(664) 425-5552,Richmond,VA,South,1946,Female,2024-09-11,Consumer,Silver,Regular,Yes
1234,Emma,Jackson,emma.jackson.1234@yahoo.com,(251) 911-1013,Newark,NJ,Northeast,1968,Female,2023-01-17,Small Business,Bronze,Regular,Yes
1235,Jessica,Moore,jessica.moore.1235@yahoo.com,(635) 992-2199,Las Vegas,NV,West,2002,Female,2025-02-04,Small Business,Bronze,Regular,Yes
1236,Lauren,Robinson,lauren.robinson.1236@gmail.com,(403) 757-1642,Hartford,CT,Northeast,1976,Female,2024-12-08,Enterprise,Bronze,Regular,Yes
1237,Margaret,Walker,margaret.walker.1237@gmail.com,(524) 919-7610,Cleveland,OH,Midwest,2001,Female,2026-06-27,Consumer,Silver,Occasional,Yes
1238,Brian,Torres,brian.torres.1238@gmail.com,(747) 279-2990,Indianapolis,IN,Midwest,1995,Male,2026-04-30,Enterprise,Gold,Occasional,Yes
1239,Jennifer,Ramirez,jennifer.ramirez.1239@gmail.com,(983) 996-9185,Richmond,VA,South,2002,Female,2024-04-04,Consumer,Bronze,Frequent,Yes
1240,Sarah,Lewis,sarah.lewis.1240@yahoo.com,(353) 600-8647,Charlotte,NC,South,1980,Female,2023-11-03,Consumer,Bronze,Regular,Yes
1241,Joshua,Lee,joshua.lee.1241@protonmail.com,(343) 370-5972,Atlanta,GA,South,1964,Male,2025-03-09,Consumer,Bronze,Frequent,Yes
1242,Sophia,Davis,sophia.davis.1242@icloud.com,(629) 787-7447,Richmond,VA,South,1969,Female,2024-11-20,Consumer,Bronze,Occasional,Yes
1243,Joseph,Flores,joseph.flores.1243@protonmail.com,(862) 533-4084,Boston,MA,Northeast,1952,Male,2026-08-21,Consumer,Silver,Regular,No
1244,Susan,Jackson,susan.jackson.1244@icloud.com,(993) 395-5748,Los Angeles,CA,West,1952,Nonbinary,2025-11-04,Consumer,Bronze,Regular,Yes
1245,James,Miller,james.miller.1245@protonmail.com,(312) 336-6006,Philadelphia,PA,Northeast,1983,Male,2026-07-02,Consumer,Bronze,Regular,Yes
1246,Christopher,Johnson,christopher.johnson.1246@gmail.com,(509) 845-3269,Charlotte,NC,South,1999,Male,2025-05-18,Small Business,Silver,Regular,Yes
1247,Abigail,Torres,abigail.torres.1247@icloud.com,(286) 600-8708,Richmond,VA,South,1977,Female,2025-08-04,Consumer,Bronze,Regular,Yes
1248,Margaret,Brown,margaret.brown.1248@yahoo.com,(590) 472-6021,Houston,TX,South,1970,Female,2025-10-04,Small Business,Bronze,Regular,Yes
1249,Mary,Williams,mary.williams.1249@protonmail.com,(351) 813-1582,Orlando,FL,South,1962,Female,2024-04-18,Consumer,Bronze,Occasional,Yes
1250,Linda,Davis,linda.davis.1250@yahoo.com,(612) 645-3815,Portland,OR,West,2001,Female,2023-12-28,Consumer,Silver,Occasional,Yes
1251,Ashley,White,ashley.white.1251@yahoo.com,(370) 372-3637,Hartford,CT,Northeast,1953,Female,2025-01-03,Consumer,Bronze,Regular,Yes
1252,Christopher,Garcia,christopher.garcia.1252@icloud.com,(414) 726-6381,Denver,CO,West,1989,Male,2023-07-24,Enterprise,Bronze,Occasional,Yes
1253,Joseph,Garcia,joseph.garcia.1253@gmail.com,(816) 793-4932,Seattle,WA,West,1955,Male,2026-02-07,Small Business,Bronze,Occasional,No
1254,Jacob,Flores,jacob.flores.1254@outlook.com,(374) 892-6016,Charlotte,NC,South,1992,Male,2024-08-04,Small Business,Gold,Regular,Yes
1255,Brandon,Miller,brandon.miller.1255@yahoo.com,(603) 467-5627,Phoenix,AZ,West,1964,Male,2024-09-10,Consumer,Bronze,Frequent,Yes
1256,Paul,White,paul.white.1256@yahoo.com,(874) 774-1451,Minneapolis,MN,Midwest,1961,Male,2026-04-12,Consumer,Silver,Occasional,Yes
1257,Nicole,Torres,nicole.torres.1257@protonmail.com,(845) 991-8619,Indianapolis,IN,Midwest,1986,Female,2024-02-06,Consumer,Bronze,Regular,Yes
1258,Jennifer,Lewis,jennifer.lewis.1258@protonmail.com,(640) 790-6569,Newark,NJ,Northeast,1968,Female,2024-12-15,Consumer,Bronze,Occasional,Yes
1259,Ryan,Johnson,ryan.johnson.1259@yahoo.com,(244) 972-2403,Las Vegas,NV,West,1978,Male,2025-05-09,Consumer,Bronze,Occasional,Yes
1260,Brian,Garcia,brian.garcia.1260@icloud.com,(233) 885-7415,Columbus,OH,Midwest,1948,Male,2023-04-16,Small Business,Bronze,Frequent,Yes
1261,Mark,Davis,mark.davis.1261@gmail.com,(714) 292-6926,Las Vegas,NV,West,2002,Male,2023-04-30,Consumer,Bronze,Regular,Yes
1262,William,Hernandez,william.hernandez.1262@gmail.com,(966) 919-6729,Detroit,MI,Midwest,2001,Male,2025-07-20,Small Business,Gold,Occasional,Yes
1263,Lauren,Torres,lauren.torres.1263@protonmail.com,(867) 971-4158,St. Louis,MO,Midwest,1987,Female,2023-05-22,Consumer,Silver,Occasional,No
1264,Olivia,Brown,olivia.brown.1264@protonmail.com,(788) 437-9012,Seattle,WA,West,1962,Female,2024-01-09,Small Business,Bronze,Occasional,Yes
1265,Betty,Young,betty.young.1265@gmail.com,(613) 987-7562,New York,NY,Northeast,1968,Female,2023-06-30,Consumer,Bronze,Regular,Yes
1266,David,Wright,david.wright.1266@protonmail.com,(277) 627-3233,Denver,CO,West,1953,Male,2025-07-11,Small Business,Bronze,Frequent,No
1267,Robert,Anderson,robert.anderson.1267@yahoo.com,(992) 376-4719,Minneapolis,MN,Midwest,1961,Male,2024-09-26,Small Business,Gold,Occasional,No
1268,Stephanie,King,stephanie.king.1268@gmail.com,(694) 549-5613,Portland,OR,West,1996,Female,2023-01-08,Consumer,Silver,Frequent,Yes
1269,Lisa,Sanchez,lisa.sanchez.1269@yahoo.com,(215) 486-6946,Charlotte,NC,South,1992,Female,2026-04-14,Consumer,Platinum,Occasional,Yes
1270,Megan,Garcia,megan.garcia.1270@outlook.com,(405) 302-2459,Buffalo,NY,Northeast,1992,Female,2023-08-12,Consumer,Bronze,Occasional,Yes
1271,Justin,Thomas,justin.thomas.1271@gmail.com,(965) 257-2908,Seattle,WA,West,1993,Male,2026-01-18,Consumer,Silver,Occasional,Yes
1272,Robert,Wilson,robert.wilson.1272@protonmail.com,(460) 534-6670,Atlanta,GA,South,1966,Male,2024-10-12,Consumer,Silver,Occasional,Yes
1273,William,Walker,william.walker.1273@outlook.com,(337) 804-5471,Providence,RI,Northeast,1950,Male,2026-03-15,Consumer,Silver,VIP,Yes
1274,Justin,Torres,justin.torres.1274@protonmail.com,(818) 779-2170,Miami,FL,South,1992,Prefer not to say,2023-11-20,Consumer,Silver,Regular,Yes
1275,Brandon,Allen,brandon.allen.1275@outlook.com,(559) 295-3432,Portland,OR,West,1983,Male,2025-07-27,Consumer,Silver,Regular,Yes
1276,Linda,Allen,linda.allen.1276@gmail.com,(394) 633-3713,Dallas,TX,South,1998,Female,2023-09-02,Consumer,Bronze,Occasional,Yes
1277,Robert,Martin,robert.martin.1277@gmail.com,(675) 638-6072,Newark,NJ,Northeast,1986,Male,2023-05-19,Consumer,Bronze,Frequent,Yes
1278,William,White,william.white.1278@outlook.com,(393) 797-7982,Miami,FL,South,1996,Male,2025-11-19,Consumer,Bronze,Regular,Yes
1279,Megan,Johnson,megan.johnson.1279@yahoo.com,(531) 629-1713,Buffalo,NY,Northeast,1983,Female,2024-02-04,Consumer,Bronze,Frequent,No
1280,Brandon,Moore,brandon.moore.1280@gmail.com,(886) 389-3541,Orlando,FL,South,1985,Male,2026-08-20,Consumer,Silver,Regular,Yes
1281,Lauren,Wright,lauren.wright.1281@yahoo.com,(637) 740-9252,Milwaukee,WI,Midwest,1965,Female,2026-01-03,Small Business,Bronze,Frequent,Yes
1282,Anthony,Nguyen,anthony.nguyen.1282@icloud.com,(916) 802-3463,Newark,NJ,Northeast,1950,Male,2023-12-17,Enterprise,Bronze,Regular,Yes
1283,Richard,Jackson,richard.jackson.1283@yahoo.com,(234) 517-2679,Dallas,TX,South,1967,Male,2024-07-27,Consumer,Bronze,Regular,Yes
1284,Justin,Allen,justin.allen.1284@icloud.com,(737) 734-9243,Detroit,MI,Midwest,1972,Male,2023-12-20,Consumer,Bronze,Occasional,Yes
1285,Rebecca,Rodriguez,rebecca.rodriguez.1285@yahoo.com,(906) 458-3591,Milwaukee,WI,Midwest,1958,Female,2025-11-07,Consumer,Bronze,VIP,Yes
1286,Nathan,Williams,nathan.williams.1286@icloud.com,(647) 643-8336,Minneapolis,MN,Midwest,1962,Male,2023-10-04,Consumer,Gold,Regular,Yes
1287,Joseph,King,joseph.king.1287@yahoo.com,(487) 201-5259,Atlanta,GA,South,1949,Male,2024-08-02,Consumer,Gold,Occasional,Yes
1288,Linda,Young,linda.young.1288@protonmail.com,(398) 553-7037,Denver,CO,West,1950,Female,2026-04-14,Small Business,Bronze,Regular,Yes
1289,Michael,Johnson,michael.johnson.1289@icloud.com,(999) 469-5384,Cleveland,OH,Midwest,1969,Male,2023-01-29,Consumer,Bronze,Frequent,Yes
1290,Nicole,Martinez,nicole.martinez.1290@protonmail.com,(980) 805-4374,Los Angeles,CA,West,2000,Female,2025-12-03,Consumer,Gold,Occasional,Yes
1291,Stephanie,Davis,stephanie.davis.1291@gmail.com,(985) 388-6347,Orlando,FL,South,1975,Female,2023-06-06,Consumer,Gold,Occasional,No
1292,Elizabeth,Lee,elizabeth.lee.1292@icloud.com,(391) 710-8917,San Francisco,CA,West,1963,Female,2024-09-06,Consumer,Bronze,Occasional,No
1293,Justin,Hernandez,justin.hernandez.1293@outlook.com,(587) 763-3246,Seattle,WA,West,1995,Male,2025-07-17,Small Business,Bronze,Occasional,Yes
1294,Rachel,Williams,rachel.williams.1294@gmail.com,(233) 366-1704,Miami,FL,South,1988,Female,2025-08-05,Consumer,Bronze,Occasional,Yes
1295,Christina,Hill,christina.hill.1295@yahoo.com,(207) 479-9063,Milwaukee,WI,Midwest,1984,Female,2024-05-30,Consumer,Silver,Regular,Yes
1296,Patricia,Moore,patricia.moore.1296@icloud.com,(459) 539-4675,Milwaukee,WI,Midwest,1956,Female,2024-05-31,Consumer,Gold,Occasional,Yes
1297,Christina,Torres,christina.torres.1297@yahoo.com,(788) 893-7960,Orlando,FL,South,1976,Female,2025-05-22,Consumer,Bronze,Regular,Yes
1298,James,Wright,james.wright.1298@gmail.com,(363) 398-2288,Orlando,FL,South,1963,Male,2025-03-21,Consumer,Bronze,Frequent,No
1299,Mark,Sanchez,mark.sanchez.1299@outlook.com,(228) 326-1509,Chicago,IL,Midwest,1963,Male,2024-06-26,Small Business,Bronze,VIP,Yes
1300,Christopher,Harris,christopher.harris.1300@yahoo.com,(681) 918-6235,Atlanta,GA,South,1966,Male,2025-11-27,Small Business,Silver,Occasional,Yes
1301,Ashley,Young,ashley.young.1301@protonmail.com,(786) 828-1778,Chicago,IL,Midwest,1986,Female,2024-11-13,Consumer,Bronze,Regular,Yes
1302,Amanda,Hill,amanda.hill.1302@gmail.com,(899) 554-9826,Denver,CO,West,2005,Female,2023-05-23,Consumer,Bronze,Frequent,Yes
1303,Joseph,Young,joseph.young.1303@icloud.com,(400) 540-2701,Milwaukee,WI,Midwest,1987,Male,2023-07-24,Enterprise,Bronze,Occasional,No
1304,Donald,Moore,donald.moore.1304@gmail.com,(605) 938-9726,Orlando,FL,South,1946,Male,2025-02-20,Small Business,Gold,Frequent,Yes
1305,John,Lewis,john.lewis.1305@gmail.com,(813) 902-5787,Minneapolis,MN,Midwest,1994,Male,2026-06-06,Consumer,Silver,VIP,Yes
1306,Amanda,Gonzalez,amanda.gonzalez.1306@outlook.com,(721) 216-8842,Philadelphia,PA,Northeast,1982,Female,2024-03-27,Small Business,Silver,Regular,Yes
1307,Steven,Gonzalez,steven.gonzalez.1307@icloud.com,(929) 478-9231,Chicago,IL,Midwest,2003,Male,2023-07-22,Small Business,Bronze,Frequent,No
1308,Emma,Hernandez,emma.hernandez.1308@outlook.com,(873) 506-4010,St. Louis,MO,Midwest,1961,Nonbinary,2023-01-19,Consumer,Bronze,Regular,Yes
1309,Brandon,Flores,brandon.flores.1309@icloud.com,(435) 970-3743,Las Vegas,NV,West,1978,Male,2026-08-27,Consumer,Bronze,Regular,Yes
1310,James,Hernandez,james.hernandez.1310@yahoo.com,(361) 787-2207,Nashville,TN,South,1983,Male,2025-07-17,Consumer,Bronze,Frequent,Yes
1311,Joseph,Davis,joseph.davis.1311@yahoo.com,(642) 348-1497,Pittsburgh,PA,Northeast,1977,Male,2025-12-04,Consumer,Bronze,Occasional,Yes
1312,Steven,Jones,steven.jones.1312@yahoo.com,(589) 530-4498,Cleveland,OH,Midwest,1979,Male,2026-01-03,Consumer,Platinum,Occasional,Yes
1313,Linda,Martin,linda.martin.1313@protonmail.com,(267) 371-2370,Philadelphia,PA,Northeast,1989,Female,2024-12-16,Small Business,Platinum,Frequent,Yes
1314,Sandra,Torres,sandra.torres.1314@gmail.com,(285) 542-7468,Las Vegas,NV,West,1954,Prefer not to say,2026-03-08,Consumer,Silver,Occasional,Yes
1315,Karen,Harris,karen.harris.1315@gmail.com,(671) 347-6912,Detroit,MI,Midwest,1964,Female,2024-07-02,Consumer,Silver,Occasional,Yes
1316,Nathan,White,nathan.white.1316@outlook.com,(721) 673-5257,Cleveland,OH,Midwest,1998,Male,2024-05-28,Consumer,Bronze,Regular,Yes
1317,Justin,Clark,justin.clark.1317@protonmail.com,(890) 358-8424,Buffalo,NY,Northeast,1946,Male,2024-08-12,Consumer,Bronze,VIP,Yes
1318,Justin,Clark,justin.clark.1318@outlook.com,(605) 672-1011,Columbus,OH,Midwest,1993,Male,2026-02-16,Small Business,Silver,Regular,Yes
1319,Christina,Martinez,christina.martinez.1319@protonmail.com,(554) 213-2264,Atlanta,GA,South,1987,Female,2025-06-15,Consumer,Bronze,Frequent,Yes
1320,Linda,Lee,linda.lee.1320@icloud.com,(914) 663-9827,Atlanta,GA,South,1952,Female,2023-11-23,Consumer,Silver,Regular,Yes
1321,Amanda,Williams,amanda.williams.1321@gmail.com,(699) 298-8032,Charlotte,NC,South,2001,Female,2026-06-27,Consumer,Bronze,Regular,Yes
1322,Jessica,Smith,jessica.smith.1322@outlook.com,(727) 491-8634,Dallas,TX,South,1996,Female,2024-05-25,Enterprise,Bronze,Frequent,No
1323,Mary,Lee,mary.lee.1323@yahoo.com,(932) 208-6970,Indianapolis,IN,Midwest,1950,Female,2024-10-19,Consumer,Gold,Regular,Yes
1324,Megan,Anderson,megan.anderson.1324@icloud.com,(831) 918-7873,Denver,CO,West,1951,Female,2024-05-26,Consumer,Bronze,Regular,Yes
1325,Margaret,Rodriguez,margaret.rodriguez.1325@protonmail.com,(778) 479-6477,Cleveland,OH,Midwest,1970,Female,2024-05-16,Small Business,Bronze,Occasional,Yes
1326,Amanda,Taylor,amanda.taylor.1326@gmail.com,(711) 323-2224,Houston,TX,South,1956,Female,2023-09-28,Consumer,Silver,Regular,Yes
1327,Andrew,Jones,andrew.jones.1327@yahoo.com,(775) 956-2007,Seattle,WA,West,2000,Male,2025-05-18,Consumer,Silver,Occasional,Yes
1328,Christopher,Moore,christopher.moore.1328@outlook.com,(355) 538-7779,Hartford,CT,Northeast,2005,Male,2024-01-31,Consumer,Silver,Regular,Yes
1329,Lauren,Harris,lauren.harris.1329@outlook.com,(540) 516-7397,Charlotte,NC,South,1980,Female,2024-09-04,Consumer,Platinum,Occasional,Yes
1330,Robert,Clark,robert.clark.1330@icloud.com,(680) 258-2321,Atlanta,GA,South,1968,Male,2023-02-05,Consumer,Bronze,Occasional,No
1331,Abigail,Martinez,abigail.martinez.1331@gmail.com,(919) 315-8417,Nashville,TN,South,1981,Female,2024-08-08,Consumer,Bronze,Occasional,Yes
1332,Sophia,Brown,sophia.brown.1332@outlook.com,(352) 977-6706,St. Louis,MO,Midwest,1980,Female,2026-01-04,Consumer,Silver,Regular,Yes
1333,Edward,Sanchez,edward.sanchez.1333@protonmail.com,(969) 859-8410,Denver,CO,West,1959,Male,2023-02-23,Small Business,Gold,Regular,No
1334,Donald,Davis,donald.davis.1334@yahoo.com,(792) 800-3531,Atlanta,GA,South,1992,Male,2026-05-17,Consumer,Bronze,Regular,Yes
1335,Megan,Rodriguez,megan.rodriguez.1335@gmail.com,(430) 292-9196,Phoenix,AZ,West,2004,Female,2025-02-24,Consumer,Bronze,Occasional,Yes
1336,Sarah,Martinez,sarah.martinez.1336@protonmail.com,(717) 271-8634,Cleveland,OH,Midwest,1967,Female,2026-08-16,Consumer,Silver,Occasional,Yes
1337,Jessica,Anderson,jessica.anderson.1337@icloud.com,(796) 661-9992,Orlando,FL,South,1967,Female,2024-10-08,Consumer,Bronze,Regular,No
1338,Susan,Flores,susan.flores.1338@gmail.com,(937) 396-3100,Columbus,OH,Midwest,1959,Female,2023-08-03,Consumer,Bronze,Frequent,Yes
1339,Jason,Flores,jason.flores.1339@protonmail.com,(341) 904-1621,Richmond,VA,South,1995,Male,2026-06-18,Consumer,Gold,Regular,Yes
1340,Betty,Hill,betty.hill.1340@yahoo.com,(537) 354-9206,Orlando,FL,South,1956,Female,2026-05-19,Small Business,Bronze,Regular,Yes
1341,Kevin,Moore,kevin.moore.1341@protonmail.com,(805) 887-7702,Milwaukee,WI,Midwest,1976,Male,2026-01-26,Enterprise,Bronze,Regular,Yes
1342,Megan,Martin,megan.martin.1342@icloud.com,(883) 690-2814,Indianapolis,IN,Midwest,1987,Female,2023-08-31,Consumer,Bronze,Regular,Yes
1343,Christopher,Davis,christopher.davis.1343@gmail.com,(712) 905-5291,Miami,FL,South,1970,Male,2024-03-29,Consumer,Gold,Occasional,Yes
1344,Michael,Thompson,michael.thompson.1344@icloud.com,(458) 409-9439,Nashville,TN,South,1991,Male,2023-10-26,Small Business,Bronze,Regular,Yes
1345,Thomas,Young,thomas.young.1345@icloud.com,(216) 334-4300,Buffalo,NY,Northeast,1959,Male,2023-01-07,Small Business,Silver,Regular,Yes
1346,Mark,Scott,mark.scott.1346@outlook.com,(684) 883-6927,Pittsburgh,PA,Northeast,1984,Male,2025-12-05,Small Business,Bronze,Occasional,Yes
1347,Margaret,Robinson,margaret.robinson.1347@gmail.com,(273) 343-7488,Las Vegas,NV,West,1954,Female,2026-06-24,Enterprise,Bronze,Frequent,Yes
1348,Jennifer,Robinson,jennifer.robinson.1348@protonmail.com,(952) 987-3163,Houston,TX,South,1974,Female,2024-03-18,Small Business,Bronze,Occasional,Yes
1349,Richard,Martin,richard.martin.1349@outlook.com,(272) 658-3423,Los Angeles,CA,West,1980,Male,2026-07-16,Small Business,Silver,Frequent,Yes
1350,Karen,Moore,karen.moore.1350@outlook.com,(509) 648-5349,Seattle,WA,West,1988,Female,2023-07-10,Small Business,Bronze,Occasional,Yes
1351,Jessica,Jones,jessica.jones.1351@outlook.com,(502) 248-4738,San Diego,CA,West,1996,Female,2026-02-19,Consumer,Gold,Occasional,Yes
1352,Jacob,Torres,jacob.torres.1352@yahoo.com,(498) 906-7959,Philadelphia,PA,Northeast,1985,Male,2024-10-19,Consumer,Bronze,Occasional,Yes
1353,Steven,Johnson,steven.johnson.1353@icloud.com,(562) 626-3688,Los Angeles,CA,West,1951,Male,2025-03-25,Consumer,Gold,Occasional,Yes
1354,Megan,Jackson,megan.jackson.1354@protonmail.com,(351) 829-9762,Atlanta,GA,South,1962,Nonbinary,2025-07-17,Small Business,Bronze,VIP,Yes
1355,Ryan,Wright,ryan.wright.1355@yahoo.com,(404) 784-2971,Portland,OR,West,1972,Male,2025-12-12,Consumer,Bronze,Occasional,Yes
1356,Jason,Smith,jason.smith.1356@protonmail.com,(731) 385-5489,Richmond,VA,South,1958,Male,2024-07-15,Consumer,Bronze,Frequent,Yes
1357,Joshua,Rodriguez,joshua.rodriguez.1357@outlook.com,(988) 611-5057,Cleveland,OH,Midwest,1971,Male,2025-02-26,Consumer,Bronze,Regular,Yes
1358,Sophia,Allen,sophia.allen.1358@icloud.com,(888) 749-8437,Charlotte,NC,South,1965,Female,2023-06-09,Consumer,Bronze,Regular,Yes
1359,Steven,Johnson,steven.johnson.1359@icloud.com,(616) 955-4038,Philadelphia,PA,Northeast,2004,Male,2026-02-26,Small Business,Bronze,Regular,Yes
1360,Kevin,Brown,kevin.brown.1360@icloud.com,(330) 653-3354,Richmond,VA,South,1968,Nonbinary,2023-05-27,Enterprise,Bronze,Regular,Yes
1361,Rebecca,Brown,rebecca.brown.1361@gmail.com,(776) 281-3012,Cleveland,OH,Midwest,1954,Female,2024-11-10,Consumer,Bronze,Frequent,Yes
1362,Linda,Lewis,linda.lewis.1362@protonmail.com,(261) 983-3100,St. Louis,MO,Midwest,1948,Female,2023-07-04,Consumer,Bronze,Frequent,Yes
1363,James,Sanchez,james.sanchez.1363@gmail.com,(205) 219-7500,Chicago,IL,Midwest,1960,Male,2025-04-13,Consumer,Platinum,Frequent,Yes
1364,Lisa,Smith,lisa.smith.1364@icloud.com,(741) 420-6457,Minneapolis,MN,Midwest,1949,Female,2024-07-02,Consumer,Bronze,Occasional,Yes
1365,Linda,Lopez,linda.lopez.1365@icloud.com,(405) 786-8740,Providence,RI,Northeast,1962,Female,2026-06-15,Consumer,Bronze,Occasional,Yes
1366,William,Martinez,william.martinez.1366@protonmail.com,(471) 808-3781,Atlanta,GA,South,1950,Male,2024-06-22,Consumer,Gold,Occasional,Yes
1367,Karen,Young,karen.young.1367@yahoo.com,(693) 436-7888,Dallas,TX,South,1947,Female,2024-07-10,Consumer,Silver,Occasional,Yes
1368,Kevin,Walker,kevin.walker.1368@icloud.com,(792) 932-8783,Las Vegas,NV,West,2004,Male,2023-08-24,Consumer,Bronze,Regular,Yes
1369,Sarah,Brown,sarah.brown.1369@gmail.com,(926) 956-1992,Newark,NJ,Northeast,1979,Female,2025-10-05,Consumer,Bronze,Frequent,Yes
1370,Ashley,Robinson,ashley.robinson.1370@icloud.com,(639) 349-2442,Las Vegas,NV,West,1951,Female,2024-05-21,Small Business,Bronze,Regular,Yes
1371,Robert,Lewis,robert.lewis.1371@gmail.com,(208) 595-5519,Cleveland,OH,Midwest,1981,Male,2024-04-07,Small Business,Gold,Occasional,No
1372,John,Ramirez,john.ramirez.1372@outlook.com,(826) 806-1056,Houston,TX,South,1981,Male,2026-03-22,Consumer,Bronze,Occasional,Yes
1373,James,Miller,james.miller.1373@icloud.com,(318) 272-9253,Richmond,VA,South,1949,Male,2025-05-02,Consumer,Bronze,VIP,Yes
1374,Stephanie,Young,stephanie.young.1374@gmail.com,(882) 647-7615,Las Vegas,NV,West,1965,Female,2025-10-13,Consumer,Bronze,Occasional,Yes
1375,Brandon,Hill,brandon.hill.1375@yahoo.com,(277) 294-9323,Denver,CO,West,1982,Nonbinary,2026-07-21,Consumer,Silver,Regular,Yes
1376,Linda,Clark,linda.clark.1376@outlook.com,(746) 690-9177,Richmond,VA,South,1987,Female,2026-03-05,Small Business,Bronze,Occasional,Yes
1377,Paul,Williams,paul.williams.1377@yahoo.com,(450) 212-3193,Buffalo,NY,Northeast,2001,Male,2023-07-23,Small Business,Bronze,Frequent,Yes
1378,Emma,Jackson,emma.jackson.1378@yahoo.com,(612) 476-2097,St. Louis,MO,Midwest,1982,Female,2026-08-24,Consumer,Gold,Occasional,Yes
1379,Barbara,Robinson,barbara.robinson.1379@gmail.com,(224) 702-3621,Charlotte,NC,South,1951,Female,2024-07-13,Consumer,Bronze,Frequent,No
1380,Patricia,Torres,patricia.torres.1380@gmail.com,(751) 682-3135,Orlando,FL,South,1967,Female,2025-10-19,Enterprise,Bronze,Occasional,Yes
1381,Sandra,Thomas,sandra.thomas.1381@protonmail.com,(406) 214-7801,Seattle,WA,West,1997,Female,2024-10-29,Enterprise,Silver,Occasional,Yes
1382,Jessica,Anderson,jessica.anderson.1382@outlook.com,(844) 251-5076,Portland,OR,West,2001,Female,2024-04-24,Consumer,Bronze,Regular,Yes
1383,Amanda,Hill,amanda.hill.1383@protonmail.com,(415) 885-1176,Philadelphia,PA,Northeast,1948,Female,2024-04-07,Consumer,Silver,Frequent,Yes
1384,Michael,White,michael.white.1384@protonmail.com,(968) 437-4884,Columbus,OH,Midwest,1962,Male,2024-03-19,Small Business,Gold,Occasional,Yes
1385,Sandra,Martin,sandra.martin.1385@protonmail.com,(791) 569-5716,Las Vegas,NV,West,1982,Female,2025-05-09,Consumer,Bronze,Occasional,Yes
1386,Emily,Garcia,emily.garcia.1386@gmail.com,(987) 689-3264,Nashville,TN,South,1990,Female,2025-06-08,Consumer,Bronze,Occasional,Yes
1387,Lauren,Young,lauren.young.1387@yahoo.com,(631) 982-8878,Seattle,WA,West,1994,Female,2025-11-18,Consumer,Bronze,Regular,Yes
1388,Anthony,Johnson,anthony.johnson.1388@gmail.com,(711) 555-8924,Orlando,FL,South,1966,Male,2024-11-06,Consumer,Bronze,Regular,Yes
1389,Betty,Clark,betty.clark.1389@gmail.com,(694) 432-5703,Pittsburgh,PA,Northeast,1983,Female,2023-06-24,Consumer,Bronze,Frequent,Yes
1390,Richard,Scott,richard.scott.1390@icloud.com,(844) 297-7531,Boston,MA,Northeast,1991,Male,2026-03-14,Consumer,Silver,Occasional,Yes
1391,Nicole,Lewis,nicole.lewis.1391@protonmail.com,(374) 369-5011,Detroit,MI,Midwest,1998,Female,2025-01-23,Small Business,Bronze,Frequent,Yes
1392,Mark,Harris,mark.harris.1392@yahoo.com,(509) 880-7636,Indianapolis,IN,Midwest,1947,Male,2025-02-13,Consumer,Bronze,Frequent,Yes
1393,Robert,Thompson,robert.thompson.1393@protonmail.com,(981) 249-2087,Milwaukee,WI,Midwest,2002,Male,2024-10-20,Consumer,Bronze,Regular,No
1394,Lisa,Williams,lisa.williams.1394@outlook.com,(519) 303-3900,Charlotte,NC,South,1970,Female,2024-12-21,Consumer,Silver,Occasional,Yes
1395,Brandon,Lopez,brandon.lopez.1395@gmail.com,(923) 927-3167,Miami,FL,South,1947,Male,2026-08-23,Consumer,Bronze,Frequent,Yes
1396,Sarah,Brown,sarah.brown.1396@protonmail.com,(992) 219-7534,Atlanta,GA,South,1965,Female,2024-08-19,Consumer,Silver,Frequent,Yes
1397,Abigail,Hernandez,abigail.hernandez.1397@gmail.com,(883) 754-5054,Seattle,WA,West,1967,Female,2026-04-03,Consumer,Bronze,Occasional,Yes
1398,Brian,Thomas,brian.thomas.1398@gmail.com,(317) 911-5872,Portland,OR,West,1992,Male,2023-08-17,Small Business,Silver,Frequent,Yes
1399,David,Robinson,david.robinson.1399@icloud.com,(846) 708-8159,Atlanta,GA,South,2002,Male,2024-12-05,Consumer,Bronze,Occasional,No
1400,George,Lewis,george.lewis.1400@protonmail.com,(541) 579-2794,Milwaukee,WI,Midwest,1967,Male,2024-02-29,Consumer,Gold,Regular,Yes
1401,Christopher,Davis,christopher.davis.1401@outlook.com,(339) 890-4284,Dallas,TX,South,1962,Male,2026-09-05,Consumer,Gold,Regular,Yes
1402,Rachel,Flores,rachel.flores.1402@outlook.com,(321) 760-9638,Miami,FL,South,1977,Female,2023-01-26,Consumer,Bronze,Regular,Yes
1403,Jacob,Miller,jacob.miller.1403@outlook.com,(450) 946-4576,Los Angeles,CA,West,1955,Male,2024-12-07,Consumer,Silver,Regular,Yes
1404,Christina,Torres,christina.torres.1404@yahoo.com,(345) 596-4119,Milwaukee,WI,Midwest,1996,Female,2025-05-03,Small Business,Gold,Frequent,Yes
1405,Karen,Martin,karen.martin.1405@yahoo.com,(948) 481-9081,Las Vegas,NV,West,1986,Female,2024-01-14,Consumer,Silver,Regular,Yes
1406,Rachel,Rodriguez,rachel.rodriguez.1406@yahoo.com,(615) 234-9385,San Diego,CA,West,1945,Female,2026-01-26,Small Business,Bronze,Frequent,Yes
1407,Justin,Martinez,justin.martinez.1407@protonmail.com,(323) 491-9416,Las Vegas,NV,West,1979,Male,2026-02-20,Consumer,Silver,Frequent,Yes
1408,John,Gonzalez,john.gonzalez.1408@yahoo.com,(638) 606-8378,San Francisco,CA,West,2003,Prefer not to say,2024-02-28,Consumer,Bronze,Occasional,Yes
1409,Jacob,Gonzalez,jacob.gonzalez.1409@outlook.com,(737) 622-6436,Seattle,WA,West,1993,Male,2024-04-06,Consumer,Bronze,Regular,Yes
1410,John,Johnson,john.johnson.1410@protonmail.com,(238) 974-9558,Newark,NJ,Northeast,1946,Male,2026-07-25,Consumer,Silver,Occasional,Yes
1411,Patricia,Anderson,patricia.anderson.1411@yahoo.com,(787) 361-3296,Los Angeles,CA,West,1952,Female,2026-08-17,Consumer,Silver,Regular,Yes
1412,Jennifer,Flores,jennifer.flores.1412@icloud.com,(873) 371-8459,Las Vegas,NV,West,1957,Female,2025-02-01,Consumer,Bronze,Occasional,Yes
1413,Sarah,Hill,sarah.hill.1413@gmail.com,(485) 950-9430,Indianapolis,IN,Midwest,1984,Female,2025-03-03,Small Business,Silver,Regular,Yes
1414,Susan,Thomas,susan.thomas.1414@outlook.com,(602) 633-2971,Providence,RI,Northeast,1967,Female,2025-06-05,Consumer,Bronze,Frequent,Yes
1415,Karen,Jones,karen.jones.1415@yahoo.com,(572) 329-4938,Hartford,CT,Northeast,1945,Female,2025-09-10,Consumer,Silver,Regular,No
1416,Rebecca,Wilson,rebecca.wilson.1416@gmail.com,(648) 272-2990,Dallas,TX,South,1985,Female,2024-07-26,Consumer,Bronze,Frequent,Yes
1417,Jennifer,Wright,jennifer.wright.1417@gmail.com,(768) 346-9360,Detroit,MI,Midwest,1955,Female,2023-10-04,Consumer,Silver,Frequent,Yes
1418,Stephanie,Young,stephanie.young.1418@outlook.com,(773) 367-8714,San Francisco,CA,West,1945,Female,2023-04-04,Small Business,Bronze,Regular,Yes
1419,Jacob,Anderson,jacob.anderson.1419@yahoo.com,(259) 299-6096,New York,NY,Northeast,1989,Male,2025-10-20,Consumer,Silver,Occasional,Yes
1420,Joseph,Moore,joseph.moore.1420@outlook.com,(432) 328-9493,Nashville,TN,South,1992,Male,2023-08-31,Small Business,Bronze,Occasional,Yes
1421,William,Harris,william.harris.1421@outlook.com,(473) 595-6612,San Francisco,CA,West,2004,Male,2025-06-17,Consumer,Platinum,Regular,Yes
1422,Amanda,Davis,amanda.davis.1422@yahoo.com,(726) 496-7505,Portland,OR,West,2005,Female,2026-03-31,Consumer,Bronze,Regular,Yes
1423,Susan,Torres,susan.torres.1423@outlook.com,(722) 752-3729,Indianapolis,IN,Midwest,1963,Female,2024-12-29,Small Business,Bronze,Occasional,No
1424,Brandon,Rodriguez,brandon.rodriguez.1424@protonmail.com,(631) 328-1090,Dallas,TX,South,1969,Male,2025-04-02,Consumer,Bronze,Regular,Yes
1425,William,Hill,william.hill.1425@icloud.com,(981) 361-6483,Pittsburgh,PA,Northeast,1961,Male,2024-08-25,Small Business,Bronze,Regular,Yes
1426,Sandra,Perez,sandra.perez.1426@protonmail.com,(386) 455-7701,Charlotte,NC,South,1995,Female,2025-08-13,Consumer,Gold,Occasional,Yes
1427,Jessica,Scott,jessica.scott.1427@yahoo.com,(201) 801-6697,New York,NY,Northeast,1962,Female,2024-04-22,Consumer,Gold,Frequent,Yes
1428,Jacob,Ramirez,jacob.ramirez.1428@yahoo.com,(738) 263-3318,Dallas,TX,South,1983,Male,2025-08-10,Consumer,Bronze,Occasional,Yes
1429,Edward,Perez,edward.perez.1429@icloud.com,(357) 496-9690,Newark,NJ,Northeast,1954,Male,2024-05-20,Consumer,Gold,Frequent,Yes
1430,Lauren,Hill,lauren.hill.1430@gmail.com,(853) 694-3350,Minneapolis,MN,Midwest,1965,Female,2025-06-09,Consumer,Bronze,Occasional,Yes
1431,Melissa,Clark,melissa.clark.1431@outlook.com,(218) 967-7324,Charlotte,NC,South,1989,Female,2025-10-13,Consumer,Bronze,Occasional,Yes
1432,Thomas,Lopez,thomas.lopez.1432@outlook.com,(530) 524-5328,Newark,NJ,Northeast,1962,Male,2023-09-08,Enterprise,Gold,Regular,Yes
1433,Paul,Martinez,paul.martinez.1433@yahoo.com,(702) 594-1270,Nashville,TN,South,1952,Male,2025-07-22,Consumer,Bronze,Occasional,Yes
1434,James,Robinson,james.robinson.1434@gmail.com,(832) 819-6823,Richmond,VA,South,1953,Male,2023-02-11,Consumer,Bronze,Occasional,Yes
1435,Steven,Anderson,steven.anderson.1435@protonmail.com,(510) 955-3471,Chicago,IL,Midwest,1968,Male,2025-05-20,Consumer,Bronze,Occasional,Yes
1436,Karen,Scott,karen.scott.1436@outlook.com,(564) 208-1082,Providence,RI,Northeast,1996,Female,2026-06-18,Small Business,Bronze,Regular,Yes
1437,Richard,Hernandez,richard.hernandez.1437@icloud.com,(301) 290-4408,San Francisco,CA,West,1960,Male,2023-01-12,Consumer,Silver,Frequent,Yes
1438,Edward,Scott,edward.scott.1438@yahoo.com,(789) 260-2921,Miami,FL,South,1971,Male,2023-07-06,Consumer,Bronze,VIP,Yes
1439,Lisa,King,lisa.king.1439@gmail.com,(465) 409-6708,Cleveland,OH,Midwest,1991,Female,2025-09-18,Consumer,Bronze,Frequent,Yes
1440,Charles,Torres,charles.torres.1440@icloud.com,(668) 650-4234,San Diego,CA,West,1960,Male,2026-02-02,Consumer,Silver,Occasional,Yes
1441,Nancy,Garcia,nancy.garcia.1441@gmail.com,(281) 586-8883,Houston,TX,South,1952,Female,2024-02-05,Consumer,Bronze,Occasional,Yes
1442,Olivia,Wright,olivia.wright.1442@icloud.com,(519) 493-1469,Boston,MA,Northeast,1994,Female,2024-01-19,Small Business,Silver,Regular,Yes
1443,Anthony,Moore,anthony.moore.1443@gmail.com,(368) 739-2476,Atlanta,GA,South,1989,Male,2023-07-19,Consumer,Silver,Occasional,Yes
1444,Daniel,Flores,daniel.flores.1444@protonmail.com,(443) 876-4027,Pittsburgh,PA,Northeast,1978,Male,2025-06-02,Small Business,Bronze,Regular,Yes
1445,Ashley,Sanchez,ashley.sanchez.1445@icloud.com,(734) 581-3130,Detroit,MI,Midwest,1988,Female,2023-03-27,Small Business,Bronze,Regular,Yes
1446,Edward,Young,edward.young.1446@yahoo.com,(600) 379-5366,Boston,MA,Northeast,1983,Nonbinary,2023-11-25,Consumer,Bronze,Occasional,Yes
1447,Lisa,Nguyen,lisa.nguyen.1447@yahoo.com,(240) 705-9478,Milwaukee,WI,Midwest,1956,Female,2024-12-05,Consumer,Bronze,Regular,No
1448,Rebecca,Miller,rebecca.miller.1448@yahoo.com,(604) 266-1725,Hartford,CT,Northeast,1965,Female,2025-03-08,Small Business,Bronze,VIP,Yes
1449,Nicole,Garcia,nicole.garcia.1449@protonmail.com,(772) 741-6954,Orlando,FL,South,1997,Female,2025-01-28,Consumer,Gold,VIP,Yes
1450,Sophia,Ramirez,sophia.ramirez.1450@outlook.com,(509) 489-9585,Buffalo,NY,Northeast,1971,Female,2026-06-21,Consumer,Silver,Occasional,Yes
1451,Emma,Lopez,emma.lopez.1451@icloud.com,(664) 715-5770,Charlotte,NC,South,1976,Female,2023-01-10,Consumer,Bronze,Regular,Yes
1452,Kevin,Torres,kevin.torres.1452@outlook.com,(241) 634-7828,Minneapolis,MN,Midwest,1979,Male,2023-08-16,Enterprise,Silver,Frequent,No
1453,Sarah,Anderson,sarah.anderson.1453@protonmail.com,(239) 751-9722,Providence,RI,Northeast,1975,Female,2025-07-07,Small Business,Silver,Occasional,Yes
1454,James,Garcia,james.garcia.1454@gmail.com,(598) 249-2312,Columbus,OH,Midwest,1949,Male,2023-06-06,Consumer,Bronze,Occasional,Yes
1455,Olivia,Clark,olivia.clark.1455@icloud.com,(867) 226-6986,Richmond,VA,South,1989,Female,2025-04-18,Consumer,Silver,Frequent,No
1456,Daniel,Moore,daniel.moore.1456@icloud.com,(412) 967-8156,Las Vegas,NV,West,1986,Male,2024-03-27,Consumer,Bronze,Occasional,No
1457,Ryan,Moore,ryan.moore.1457@icloud.com,(346) 316-5831,San Diego,CA,West,1963,Male,2023-06-02,Small Business,Gold,Occasional,Yes
1458,Justin,Clark,justin.clark.1458@protonmail.com,(352) 407-7040,Charlotte,NC,South,1981,Male,2023-07-09,Consumer,Gold,Occasional,Yes
1459,Melissa,Thomas,melissa.thomas.1459@protonmail.com,(562) 495-4178,Phoenix,AZ,West,1967,Female,2023-08-25,Consumer,Gold,Occasional,Yes
1460,Nicole,Thomas,nicole.thomas.1460@protonmail.com,(590) 691-1625,Boston,MA,Northeast,1982,Female,2024-01-19,Consumer,Silver,Occasional,Yes
1461,James,Anderson,james.anderson.1461@outlook.com,(653) 235-4884,Charlotte,NC,South,1971,Male,2025-01-30,Consumer,Silver,Regular,No
1462,David,White,david.white.1462@gmail.com,(477) 690-9218,Philadelphia,PA,Northeast,1971,Male,2025-07-10,Consumer,Bronze,VIP,Yes
1463,Rachel,Taylor,rachel.taylor.1463@icloud.com,(491) 374-7749,Philadelphia,PA,Northeast,1952,Female,2023-07-20,Small Business,Gold,Occasional,Yes
1464,James,Martinez,james.martinez.1464@icloud.com,(855) 394-8988,Nashville,TN,South,1966,Male,2023-03-02,Consumer,Bronze,Frequent,Yes
1465,Lisa,Walker,lisa.walker.1465@yahoo.com,(441) 780-2953,Phoenix,AZ,West,1965,Female,2024-04-29,Consumer,Bronze,Regular,Yes
1466,Lisa,Robinson,lisa.robinson.1466@gmail.com,(913) 481-9132,Nashville,TN,South,1998,Female,2024-03-08,Consumer,Silver,Occasional,Yes
1467,Susan,Clark,susan.clark.1467@yahoo.com,(935) 576-9797,Seattle,WA,West,1954,Female,2023-10-22,Small Business,Bronze,Frequent,No
1468,Lauren,Thomas,lauren.thomas.1468@icloud.com,(696) 244-9482,Detroit,MI,Midwest,1988,Female,2023-10-25,Small Business,Silver,Regular,Yes
1469,Michael,Jones,michael.jones.1469@outlook.com,(585) 335-5227,Las Vegas,NV,West,1987,Male,2026-06-10,Consumer,Bronze,Frequent,Yes
1470,Amanda,Smith,amanda.smith.1470@gmail.com,(898) 323-5589,Houston,TX,South,1958,Female,2024-02-06,Enterprise,Silver,Occasional,Yes
1471,Jason,Nguyen,jason.nguyen.1471@yahoo.com,(927) 821-9803,Boston,MA,Northeast,1967,Male,2024-12-14,Consumer,Gold,Regular,Yes
1472,Brian,Williams,brian.williams.1472@yahoo.com,(763) 510-4941,Dallas,TX,South,1972,Male,2026-06-11,Consumer,Bronze,Occasional,Yes
1473,Edward,Rodriguez,edward.rodriguez.1473@icloud.com,(360) 403-3611,Las Vegas,NV,West,1988,Male,2024-08-08,Enterprise,Gold,Frequent,Yes
1474,James,Taylor,james.taylor.1474@yahoo.com,(433) 220-1535,Hartford,CT,Northeast,1981,Male,2023-11-22,Consumer,Silver,Regular,Yes
1475,George,Wilson,george.wilson.1475@protonmail.com,(298) 988-2083,Dallas,TX,South,1983,Male,2023-01-19,Small Business,Bronze,Frequent,Yes
1476,Robert,Anderson,robert.anderson.1476@protonmail.com,(468) 715-9302,Miami,FL,South,1952,Male,2025-02-11,Consumer,Gold,VIP,Yes
1477,Ashley,Brown,ashley.brown.1477@protonmail.com,(671) 765-1323,Philadelphia,PA,Northeast,1995,Female,2023-04-11,Small Business,Bronze,Frequent,Yes
1478,Andrew,Taylor,andrew.taylor.1478@protonmail.com,(239) 670-2375,Miami,FL,South,1951,Male,2024-10-09,Consumer,Silver,Frequent,Yes
1479,Christina,Lewis,christina.lewis.1479@outlook.com,(751) 382-3525,Atlanta,GA,South,1968,Female,2024-05-15,Consumer,Bronze,Regular,Yes
1480,Barbara,Garcia,barbara.garcia.1480@icloud.com,(947) 400-1168,Richmond,VA,South,1958,Female,2024-12-07,Small Business,Platinum,Regular,Yes
1481,Abigail,Jackson,abigail.jackson.1481@icloud.com,(587) 636-2738,Milwaukee,WI,Midwest,1965,Female,2023-04-09,Consumer,Bronze,Occasional,Yes
1482,Nancy,Martin,nancy.martin.1482@protonmail.com,(244) 338-6534,Atlanta,GA,South,1987,Female,2025-11-04,Consumer,Silver,Regular,Yes
1483,Richard,Thomas,richard.thomas.1483@outlook.com,(662) 261-2795,Cleveland,OH,Midwest,1980,Male,2025-07-18,Consumer,Bronze,Regular,Yes
1484,Emma,Miller,emma.miller.1484@gmail.com,(638) 510-1447,Richmond,VA,South,1957,Female,2024-04-20,Consumer,Silver,Regular,Yes
1485,Rebecca,Wilson,rebecca.wilson.1485@protonmail.com,(752) 222-3621,San Francisco,CA,West,1956,Female,2023-12-29,Enterprise,Silver,Frequent,Yes
1486,Elizabeth,Torres,elizabeth.torres.1486@gmail.com,(757) 669-6412,San Diego,CA,West,1971,Female,2025-04-04,Small Business,Gold,Frequent,Yes
1487,Joseph,White,joseph.white.1487@protonmail.com,(934) 239-5861,Dallas,TX,South,2003,Male,2025-05-27,Consumer,Bronze,Regular,Yes
1488,Mary,Robinson,mary.robinson.1488@icloud.com,(408) 548-8410,Miami,FL,South,1951,Female,2023-04-26,Small Business,Bronze,Regular,Yes
1489,Nancy,Torres,nancy.torres.1489@protonmail.com,(803) 948-2366,Phoenix,AZ,West,1996,Female,2026-08-05,Consumer,Bronze,Regular,Yes
1490,Margaret,Moore,margaret.moore.1490@yahoo.com,(807) 671-7644,Nashville,TN,South,1961,Female,2026-06-13,Consumer,Silver,Occasional,Yes
1491,Abigail,Martinez,abigail.martinez.1491@yahoo.com,(578) 803-4112,Orlando,FL,South,1970,Female,2024-05-05,Small Business,Silver,Regular,Yes
1492,Christopher,Johnson,christopher.johnson.1492@icloud.com,(894) 361-8611,Nashville,TN,South,1947,Male,2024-11-04,Consumer,Bronze,Regular,Yes
1493,Nathan,Sanchez,nathan.sanchez.1493@gmail.com,(668) 780-4240,Seattle,WA,West,1969,Male,2025-10-25,Enterprise,Bronze,Occasional,Yes
1494,Melissa,Miller,melissa.miller.1494@outlook.com,(463) 611-2209,Las Vegas,NV,West,1978,Female,2023-06-28,Consumer,Silver,Regular,Yes
1495,Jacob,Flores,jacob.flores.1495@gmail.com,(469) 685-1969,Portland,OR,West,1997,Male,2023-01-20,Small Business,Bronze,Occasional,Yes
1496,Olivia,Scott,olivia.scott.1496@outlook.com,(339) 530-1317,St. Louis,MO,Midwest,1947,Female,2023-08-21,Consumer,Silver,Occasional,Yes
1497,Anthony,Miller,anthony.miller.1497@outlook.com,(566) 728-8925,Las Vegas,NV,West,1956,Male,2024-03-18,Small Business,Bronze,Occasional,Yes
1498,Olivia,Ramirez,olivia.ramirez.1498@yahoo.com,(218) 863-7955,Los Angeles,CA,West,1997,Female,2023-08-27,Consumer,Bronze,VIP,Yes
1499,Nicole,Perez,nicole.perez.1499@icloud.com,(231) 306-6817,Detroit,MI,Midwest,2004,Nonbinary,2024-05-12,Consumer,Bronze,Regular,No
1500,Melissa,Jones,melissa.jones.1500@outlook.com,(928) 839-4133,Dallas,TX,South,1979,Female,2023-09-21,Consumer,Bronze,Occasional,Yes
1501,Margaret,Jones,margaret.jones.1501@icloud.com,(871) 616-6582,Minneapolis,MN,Midwest,1992,Female,2026-03-12,Consumer,Silver,Regular,Yes
1502,Megan,Jones,megan.jones.1502@outlook.com,(814) 795-6328,Orlando,FL,South,1996,Female,2024-10-28,Small Business,Silver,Frequent,Yes
1503,Michael,Robinson,michael.robinson.1503@outlook.com,(798) 876-4175,Los Angeles,CA,West,1989,Male,2024-07-04,Consumer,Bronze,Occasional,Yes
1504,Elizabeth,Brown,elizabeth.brown.1504@gmail.com,(451) 749-8629,Buffalo,NY,Northeast,1973,Female,2025-04-04,Consumer,Bronze,Frequent,Yes
1505,Betty,Martin,betty.martin.1505@gmail.com,(938) 620-8187,Philadelphia,PA,Northeast,1999,Female,2025-06-12,Consumer,Bronze,Frequent,Yes
1506,Joshua,Ramirez,joshua.ramirez.1506@yahoo.com,(395) 620-3842,Detroit,MI,Midwest,1948,Male,2026-05-04,Consumer,Silver,Occasional,Yes
1507,Joshua,Robinson,joshua.robinson.1507@gmail.com,(563) 260-7464,Las Vegas,NV,West,1956,Male,2023-06-10,Small Business,Bronze,Occasional,Yes
1508,Nancy,Harris,nancy.harris.1508@gmail.com,(625) 455-8809,Houston,TX,South,2003,Female,2025-06-12,Consumer,Bronze,Frequent,Yes
1509,Ryan,Jones,ryan.jones.1509@protonmail.com,(975) 956-8087,Orlando,FL,South,1990,Male,2025-01-05,Consumer,Silver,Regular,Yes
1510,Brian,Robinson,brian.robinson.1510@yahoo.com,(209) 238-6675,Las Vegas,NV,West,1958,Male,2026-06-27,Enterprise,Silver,Regular,Yes
1511,John,Smith,john.smith.1511@gmail.com,(637) 980-8594,Indianapolis,IN,Midwest,1958,Male,2024-07-13,Small Business,Silver,Regular,Yes
1512,Rachel,Allen,rachel.allen.1512@icloud.com,(720) 398-3147,Milwaukee,WI,Midwest,1977,Female,2024-01-25,Small Business,Silver,Occasional,Yes
1513,Sarah,Thomas,sarah.thomas.1513@gmail.com,(233) 579-5756,Pittsburgh,PA,Northeast,1998,Female,2025-12-06,Small Business,Bronze,Frequent,Yes
1514,Nicole,Miller,nicole.miller.1514@icloud.com,(624) 565-8328,Newark,NJ,Northeast,2004,Female,2023-01-10,Consumer,Silver,Frequent,Yes
1515,Michael,Moore,michael.moore.1515@yahoo.com,(932) 349-6499,Houston,TX,South,1955,Male,2026-07-06,Consumer,Bronze,Regular,Yes
1516,Melissa,Williams,melissa.williams.1516@gmail.com,(882) 763-1193,San Diego,CA,West,1973,Female,2024-09-02,Consumer,Platinum,Occasional,Yes
1517,Amanda,Martinez,amanda.martinez.1517@gmail.com,(726) 614-9641,Miami,FL,South,1960,Female,2024-10-08,Consumer,Silver,Frequent,Yes
1518,Joshua,White,joshua.white.1518@protonmail.com,(928) 502-8160,Orlando,FL,South,1974,Male,2026-05-01,Small Business,Bronze,Occasional,Yes
1519,Melissa,Anderson,melissa.anderson.1519@yahoo.com,(976) 885-8866,Chicago,IL,Midwest,1958,Female,2025-02-25,Consumer,Bronze,Occasional,Yes
1520,Nicole,Anderson,nicole.anderson.1520@icloud.com,(539) 490-2291,Houston,TX,South,1983,Female,2026-01-01,Consumer,Bronze,Occasional,Yes
1521,Amanda,Smith,amanda.smith.1521@protonmail.com,(573) 536-1448,Houston,TX,South,1993,Female,2025-10-22,Small Business,Silver,Occasional,Yes
1522,James,Lopez,james.lopez.1522@icloud.com,(411) 783-1925,Boston,MA,Northeast,1990,Male,2024-08-18,Consumer,Silver,VIP,Yes
1523,Robert,Davis,robert.davis.1523@outlook.com,(918) 524-7958,Dallas,TX,South,1963,Male,2026-06-03,Enterprise,Bronze,Occasional,Yes
1524,Jennifer,Nguyen,jennifer.nguyen.1524@protonmail.com,(980) 842-5887,Atlanta,GA,South,1991,Female,2023-10-13,Consumer,Silver,Frequent,Yes
1525,James,Young,james.young.1525@protonmail.com,(570) 857-7791,Charlotte,NC,South,1981,Male,2026-05-29,Small Business,Bronze,Frequent,Yes
1526,Charles,Taylor,charles.taylor.1526@yahoo.com,(737) 441-9952,Cleveland,OH,Midwest,1988,Male,2023-11-15,Consumer,Bronze,Regular,Yes
1527,Nathan,Martin,nathan.martin.1527@outlook.com,(900) 588-2816,Boston,MA,Northeast,1964,Male,2024-11-23,Consumer,Gold,Frequent,Yes
1528,Michael,White,michael.white.1528@yahoo.com,(312) 612-9252,Miami,FL,South,1966,Male,2026-06-11,Consumer,Bronze,Regular,Yes
1529,Linda,Lopez,linda.lopez.1529@gmail.com,(947) 875-4759,San Francisco,CA,West,1976,Female,2024-02-20,Consumer,Gold,Occasional,Yes
1530,Donald,Lopez,donald.lopez.1530@icloud.com,(365) 976-6879,Atlanta,GA,South,1963,Male,2025-08-24,Consumer,Silver,Regular,Yes
1531,Jennifer,Wright,jennifer.wright.1531@yahoo.com,(825) 474-5998,Seattle,WA,West,2001,Female,2024-05-06,Consumer,Silver,Occasional,Yes
1532,Nicole,Hill,nicole.hill.1532@icloud.com,(856) 220-8824,Charlotte,NC,South,1996,Female,2026-08-21,Enterprise,Silver,Occasional,Yes
1533,Jason,Thompson,jason.thompson.1533@outlook.com,(304) 452-8252,Las Vegas,NV,West,1967,Male,2023-11-07,Enterprise,Bronze,Occasional,Yes
1534,Linda,Lewis,linda.lewis.1534@protonmail.com,(716) 994-8981,Dallas,TX,South,1953,Female,2024-06-02,Consumer,Bronze,Occasional,Yes
1535,Stephanie,Walker,stephanie.walker.1535@outlook.com,(798) 622-4084,Minneapolis,MN,Midwest,1969,Female,2025-07-29,Consumer,Bronze,Regular,Yes
1536,Barbara,Torres,barbara.torres.1536@gmail.com,(357) 527-3413,Columbus,OH,Midwest,1977,Female,2025-07-05,Consumer,Platinum,Occasional,Yes
1537,George,Thomas,george.thomas.1537@yahoo.com,(588) 930-8204,Minneapolis,MN,Midwest,1984,Male,2023-11-25,Consumer,Bronze,Regular,Yes
1538,Steven,Jackson,steven.jackson.1538@icloud.com,(235) 963-7940,Portland,OR,West,1975,Male,2025-03-12,Consumer,Bronze,Regular,Yes
1539,Sandra,Robinson,sandra.robinson.1539@gmail.com,(608) 597-5618,Boston,MA,Northeast,1966,Female,2023-08-11,Consumer,Bronze,Frequent,Yes
1540,Karen,Robinson,karen.robinson.1540@gmail.com,(482) 851-4065,Houston,TX,South,1975,Female,2024-08-03,Small Business,Bronze,Occasional,Yes
1541,Amanda,Jackson,amanda.jackson.1541@outlook.com,(465) 302-5414,Atlanta,GA,South,1963,Female,2024-01-15,Consumer,Silver,Occasional,Yes
1542,Nathan,Wilson,nathan.wilson.1542@icloud.com,(899) 591-2390,Columbus,OH,Midwest,1999,Male,2023-11-20,Small Business,Silver,Regular,Yes
1543,Ryan,Allen,ryan.allen.1543@icloud.com,(371) 272-3878,Chicago,IL,Midwest,1968,Male,2024-09-27,Consumer,Bronze,Frequent,Yes
1544,Daniel,Garcia,daniel.garcia.1544@protonmail.com,(820) 473-6557,Chicago,IL,Midwest,1954,Male,2024-08-31,Small Business,Silver,Frequent,Yes
1545,Emily,Flores,emily.flores.1545@icloud.com,(939) 247-6193,Nashville,TN,South,1956,Female,2024-08-22,Small Business,Silver,VIP,Yes
1546,David,Lewis,david.lewis.1546@outlook.com,(690) 528-6889,San Diego,CA,West,1966,Male,2023-06-16,Consumer,Gold,Frequent,Yes
1547,Mary,Scott,mary.scott.1547@yahoo.com,(267) 843-8920,Columbus,OH,Midwest,1999,Female,2024-07-26,Consumer,Bronze,Occasional,Yes
1548,Margaret,Gonzalez,margaret.gonzalez.1548@protonmail.com,(680) 991-5710,Charlotte,NC,South,1962,Female,2023-07-19,Consumer,Bronze,Regular,Yes
1549,Anthony,Gonzalez,anthony.gonzalez.1549@protonmail.com,(539) 645-7754,Phoenix,AZ,West,1947,Male,2024-09-12,Consumer,Bronze,Occasional,Yes
1550,Nancy,Allen,nancy.allen.1550@yahoo.com,(984) 565-7952,Hartford,CT,Northeast,1998,Female,2025-04-19,Consumer,Bronze,Regular,Yes
1551,Thomas,Taylor,thomas.taylor.1551@yahoo.com,(328) 910-8354,San Diego,CA,West,1972,Male,2026-07-14,Small Business,Gold,Occasional,Yes
1552,Anthony,Lee,anthony.lee.1552@icloud.com,(817) 875-2777,Phoenix,AZ,West,1975,Male,2024-08-17,Consumer,Bronze,Regular,Yes
1553,Nathan,White,nathan.white.1553@icloud.com,(666) 503-5647,San Diego,CA,West,2000,Male,2025-08-22,Consumer,Bronze,Frequent,Yes
1554,Jason,Lee,jason.lee.1554@outlook.com,(930) 588-5451,Hartford,CT,Northeast,1968,Male,2026-03-03,Consumer,Silver,Occasional,Yes
1555,Paul,Lee,paul.lee.1555@outlook.com,(325) 703-7306,Minneapolis,MN,Midwest,1998,Male,2023-06-09,Consumer,Platinum,VIP,Yes
1556,Amanda,Smith,amanda.smith.1556@protonmail.com,(447) 346-2347,Orlando,FL,South,1969,Female,2023-05-06,Consumer,Bronze,Occasional,Yes
1557,Daniel,Taylor,daniel.taylor.1557@protonmail.com,(270) 390-9678,Charlotte,NC,South,1951,Male,2026-01-07,Consumer,Gold,Regular,No
1558,Richard,Nguyen,richard.nguyen.1558@protonmail.com,(998) 374-3061,Buffalo,NY,Northeast,1987,Male,2023-12-19,Small Business,Bronze,Regular,Yes
1559,Amanda,Sanchez,amanda.sanchez.1559@yahoo.com,(269) 693-7749,St. Louis,MO,Midwest,1974,Female,2023-05-13,Consumer,Bronze,Occasional,Yes
1560,Patricia,Harris,patricia.harris.1560@protonmail.com,(675) 426-6670,Houston,TX,South,1959,Female,2024-12-27,Small Business,Silver,Occasional,Yes
1561,Joseph,Hill,joseph.hill.1561@gmail.com,(385) 844-7132,Las Vegas,NV,West,1964,Male,2026-07-28,Consumer,Silver,Regular,Yes
1562,Michael,Wilson,michael.wilson.1562@yahoo.com,(337) 224-8038,Chicago,IL,Midwest,1972,Male,2025-07-29,Enterprise,Bronze,Regular,Yes
1563,Rebecca,Lewis,rebecca.lewis.1563@yahoo.com,(900) 354-5956,Phoenix,AZ,West,1981,Female,2024-03-30,Consumer,Bronze,Regular,Yes
1564,Joseph,Johnson,joseph.johnson.1564@protonmail.com,(877) 824-4968,Las Vegas,NV,West,2001,Male,2024-10-02,Consumer,Bronze,Regular,Yes
1565,David,Rodriguez,david.rodriguez.1565@gmail.com,(416) 956-1617,Pittsburgh,PA,Northeast,1998,Male,2025-10-23,Consumer,Bronze,Occasional,No
1566,Justin,Hernandez,justin.hernandez.1566@icloud.com,(813) 690-7013,Charlotte,NC,South,1971,Male,2026-02-04,Consumer,Bronze,Regular,No
1567,Joshua,Jones,joshua.jones.1567@outlook.com,(492) 273-9425,Philadelphia,PA,Northeast,1954,Male,2026-06-19,Consumer,Bronze,Occasional,Yes
1568,James,King,james.king.1568@outlook.com,(654) 359-7909,Nashville,TN,South,1987,Male,2024-10-25,Consumer,Bronze,Occasional,Yes
1569,Joseph,Martin,joseph.martin.1569@gmail.com,(717) 902-8369,Milwaukee,WI,Midwest,2005,Male,2025-05-20,Consumer,Silver,Regular,Yes
1570,Abigail,Williams,abigail.williams.1570@protonmail.com,(657) 760-6262,Orlando,FL,South,1951,Female,2025-10-11,Consumer,Silver,Occasional,Yes
1571,Rachel,Martin,rachel.martin.1571@icloud.com,(757) 765-8432,Chicago,IL,Midwest,2002,Female,2024-06-07,Consumer,Gold,Regular,Yes
1572,Ashley,Jones,ashley.jones.1572@yahoo.com,(853) 948-8944,Columbus,OH,Midwest,1991,Female,2025-07-02,Consumer,Bronze,VIP,Yes
1573,Justin,Scott,justin.scott.1573@gmail.com,(625) 320-4419,Atlanta,GA,South,1970,Male,2025-07-21,Consumer,Silver,Occasional,Yes
1574,Emily,Brown,emily.brown.1574@icloud.com,(209) 484-1717,Los Angeles,CA,West,1962,Female,2024-02-22,Small Business,Silver,Regular,Yes
1575,Donald,Perez,donald.perez.1575@icloud.com,(772) 829-8218,Miami,FL,South,1984,Male,2023-12-07,Consumer,Silver,Regular,Yes
1576,Ashley,Gonzalez,ashley.gonzalez.1576@icloud.com,(748) 586-9997,San Diego,CA,West,2002,Female,2025-02-05,Consumer,Bronze,Regular,No
1577,Stephanie,Anderson,stephanie.anderson.1577@icloud.com,(879) 641-2825,Detroit,MI,Midwest,1987,Female,2026-05-02,Consumer,Bronze,Occasional,Yes
1578,Andrew,Nguyen,andrew.nguyen.1578@icloud.com,(365) 948-5892,Pittsburgh,PA,Northeast,2001,Male,2024-06-21,Consumer,Bronze,Regular,Yes
1579,Margaret,Torres,margaret.torres.1579@gmail.com,(538) 604-1284,Indianapolis,IN,Midwest,1989,Female,2024-01-08,Consumer,Silver,Occasional,Yes
1580,Jennifer,Thompson,jennifer.thompson.1580@protonmail.com,(908) 755-2876,Miami,FL,South,1989,Female,2026-03-17,Small Business,Bronze,Regular,Yes
1581,Emma,Martin,emma.martin.1581@yahoo.com,(417) 299-4823,Boston,MA,Northeast,1972,Female,2026-01-24,Small Business,Bronze,Occasional,Yes
1582,Nicole,Sanchez,nicole.sanchez.1582@icloud.com,(235) 744-5541,Nashville,TN,South,2000,Female,2025-01-08,Consumer,Bronze,Occasional,Yes
1583,Christina,Miller,christina.miller.1583@icloud.com,(353) 415-7676,Pittsburgh,PA,Northeast,1983,Female,2026-08-02,Small Business,Silver,Regular,Yes
1584,Betty,Walker,betty.walker.1584@gmail.com,(798) 662-1152,Denver,CO,West,1995,Female,2026-04-15,Consumer,Bronze,Regular,Yes
1585,Megan,Lewis,megan.lewis.1585@icloud.com,(382) 791-2373,Richmond,VA,South,1958,Female,2024-09-30,Consumer,Bronze,Occasional,No
1586,Donald,Gonzalez,donald.gonzalez.1586@icloud.com,(936) 661-8858,Chicago,IL,Midwest,1952,Male,2025-10-20,Enterprise,Gold,Regular,Yes
1587,Kevin,Gonzalez,kevin.gonzalez.1587@outlook.com,(356) 438-9159,Philadelphia,PA,Northeast,1973,Male,2025-04-08,Consumer,Bronze,Occasional,No
1588,Donald,Garcia,donald.garcia.1588@outlook.com,(991) 240-7815,Newark,NJ,Northeast,1989,Male,2026-03-29,Consumer,Bronze,Frequent,Yes
1589,Olivia,Scott,olivia.scott.1589@gmail.com,(586) 399-6353,New York,NY,Northeast,1977,Female,2024-09-23,Consumer,Bronze,Regular,Yes
1590,Mary,Miller,mary.miller.1590@protonmail.com,(955) 229-2285,Orlando,FL,South,1946,Female,2023-12-08,Consumer,Bronze,Occasional,Yes
1591,Olivia,Wright,olivia.wright.1591@outlook.com,(863) 554-4923,Los Angeles,CA,West,1957,Female,2024-10-12,Consumer,Bronze,Occasional,Yes
1592,Jessica,Martinez,jessica.martinez.1592@outlook.com,(559) 477-5549,Orlando,FL,South,2003,Female,2023-03-10,Consumer,Silver,Occasional,Yes
1593,Emma,Lewis,emma.lewis.1593@protonmail.com,(433) 234-7149,Providence,RI,Northeast,1993,Female,2024-10-30,Consumer,Bronze,Occasional,No
1594,Margaret,Wright,margaret.wright.1594@outlook.com,(345) 801-5544,Los Angeles,CA,West,1973,Female,2023-04-20,Consumer,Bronze,VIP,Yes
1595,Mark,Moore,mark.moore.1595@gmail.com,(250) 366-5523,Providence,RI,Northeast,2003,Male,2025-09-24,Consumer,Bronze,Regular,Yes
1596,John,White,john.white.1596@gmail.com,(520) 554-4441,Cleveland,OH,Midwest,1963,Male,2023-11-02,Consumer,Bronze,Regular,Yes
1597,Anthony,Harris,anthony.harris.1597@icloud.com,(902) 968-3604,St. Louis,MO,Midwest,1959,Male,2024-10-07,Small Business,Bronze,Occasional,Yes
1598,Joseph,Wright,joseph.wright.1598@outlook.com,(929) 637-1700,Houston,TX,South,1957,Male,2024-09-22,Enterprise,Bronze,Regular,Yes
1599,Stephanie,Torres,stephanie.torres.1599@yahoo.com,(694) 879-3049,Newark,NJ,Northeast,1982,Female,2026-08-10,Consumer,Silver,Regular,Yes
1600,Linda,Harris,linda.harris.1600@icloud.com,(763) 891-4343,Indianapolis,IN,Midwest,1955,Female,2025-09-18,Consumer,Silver,Regular,No
1601,Brandon,Perez,brandon.perez.1601@outlook.com,(332) 891-9151,Charlotte,NC,South,1956,Male,2025-03-26,Consumer,Bronze,Frequent,Yes
1602,Lauren,Brown,lauren.brown.1602@yahoo.com,(792) 356-1150,San Francisco,CA,West,1968,Female,2024-12-05,Consumer,Bronze,Regular,Yes
1603,Anthony,Lee,anthony.lee.1603@outlook.com,(324) 833-2253,Phoenix,AZ,West,1997,Male,2023-06-19,Consumer,Silver,Occasional,Yes
1604,Jennifer,Jones,jennifer.jones.1604@icloud.com,(227) 689-7948,Milwaukee,WI,Midwest,1986,Prefer not to say,2025-01-28,Consumer,Silver,Regular,Yes
1605,Paul,Taylor,paul.taylor.1605@gmail.com,(743) 970-8675,Orlando,FL,South,1988,Prefer not to say,2024-07-10,Consumer,Silver,Regular,Yes
1606,Karen,Johnson,karen.johnson.1606@gmail.com,(541) 495-2479,Nashville,TN,South,1956,Female,2026-07-14,Enterprise,Bronze,Frequent,Yes
1607,Nicole,Ramirez,nicole.ramirez.1607@outlook.com,(433) 757-9948,San Francisco,CA,West,1953,Female,2024-10-12,Consumer,Bronze,Occasional,Yes
1608,Lisa,Martinez,lisa.martinez.1608@gmail.com,(376) 314-6815,Denver,CO,West,1945,Female,2023-12-31,Consumer,Bronze,Regular,Yes
1609,Mark,Johnson,mark.johnson.1609@gmail.com,(992) 888-3633,Cleveland,OH,Midwest,1948,Male,2025-01-01,Consumer,Bronze,Frequent,Yes
1610,Edward,Williams,edward.williams.1610@outlook.com,(557) 931-9019,Miami,FL,South,1960,Male,2023-06-19,Small Business,Silver,Regular,Yes
1611,Jacob,Perez,jacob.perez.1611@protonmail.com,(589) 421-3263,Las Vegas,NV,West,1991,Male,2025-03-08,Small Business,Bronze,Occasional,Yes
1612,Melissa,Wilson,melissa.wilson.1612@icloud.com,(701) 311-6878,Indianapolis,IN,Midwest,1963,Female,2026-07-10,Consumer,Bronze,Occasional,Yes
1613,Mark,Young,mark.young.1613@yahoo.com,(477) 469-1145,Charlotte,NC,South,1966,Male,2025-04-26,Enterprise,Gold,Regular,Yes
1614,Jessica,Martin,jessica.martin.1614@protonmail.com,(367) 252-6875,San Diego,CA,West,2002,Female,2025-04-19,Consumer,Bronze,Regular,Yes
1615,Lauren,Sanchez,lauren.sanchez.1615@yahoo.com,(240) 230-7280,Detroit,MI,Midwest,1999,Female,2026-08-18,Small Business,Gold,Frequent,Yes
1616,Susan,Thompson,susan.thompson.1616@yahoo.com,(958) 695-6774,Pittsburgh,PA,Northeast,1969,Female,2024-10-22,Small Business,Bronze,Occasional,Yes
1617,Stephanie,Walker,stephanie.walker.1617@yahoo.com,(659) 205-5516,San Francisco,CA,West,1960,Female,2026-02-23,Consumer,Bronze,Regular,Yes
1618,Anthony,Jones,anthony.jones.1618@icloud.com,(757) 553-9905,Minneapolis,MN,Midwest,1964,Male,2024-09-26,Consumer,Bronze,Occasional,No
1619,Daniel,Thompson,daniel.thompson.1619@gmail.com,(561) 570-8601,Charlotte,NC,South,1953,Male,2026-06-16,Consumer,Bronze,Regular,Yes
1620,Edward,Brown,edward.brown.1620@icloud.com,(211) 432-6060,Orlando,FL,South,2001,Male,2026-03-13,Consumer,Bronze,Regular,Yes
1621,Ashley,Hill,ashley.hill.1621@outlook.com,(753) 252-4802,Columbus,OH,Midwest,1961,Female,2025-01-16,Consumer,Silver,Regular,Yes
1622,Mary,Lewis,mary.lewis.1622@yahoo.com,(648) 853-1382,Richmond,VA,South,1945,Female,2024-03-08,Small Business,Bronze,Regular,Yes
1623,Mary,Lopez,mary.lopez.1623@icloud.com,(775) 388-3481,Orlando,FL,South,1998,Female,2023-05-08,Consumer,Bronze,Frequent,Yes
1624,Edward,Hernandez,edward.hernandez.1624@gmail.com,(492) 510-9244,Atlanta,GA,South,1952,Male,2023-07-07,Consumer,Silver,Occasional,Yes
1625,Susan,Moore,susan.moore.1625@outlook.com,(768) 576-9319,Charlotte,NC,South,1951,Female,2023-11-04,Consumer,Silver,Regular,No
1626,Jason,Moore,jason.moore.1626@protonmail.com,(222) 482-3047,Cleveland,OH,Midwest,1965,Male,2025-01-18,Consumer,Bronze,Regular,No
1627,David,Allen,david.allen.1627@protonmail.com,(851) 342-6843,Las Vegas,NV,West,1971,Male,2024-06-18,Consumer,Bronze,Regular,Yes
1628,Melissa,Harris,melissa.harris.1628@protonmail.com,(993) 297-9609,Chicago,IL,Midwest,1980,Female,2025-04-20,Consumer,Silver,Regular,Yes
1629,Brandon,Nguyen,brandon.nguyen.1629@gmail.com,(559) 623-6393,Milwaukee,WI,Midwest,2002,Male,2026-05-08,Consumer,Bronze,Frequent,Yes
1630,Margaret,Walker,margaret.walker.1630@yahoo.com,(531) 268-3913,Atlanta,GA,South,1961,Female,2023-05-29,Consumer,Bronze,Regular,Yes
1631,Joshua,Johnson,joshua.johnson.1631@outlook.com,(551) 987-5562,Houston,TX,South,1986,Male,2025-12-08,Small Business,Bronze,Occasional,Yes
1632,Brian,Williams,brian.williams.1632@protonmail.com,(668) 645-3920,Boston,MA,Northeast,1969,Male,2025-07-23,Consumer,Bronze,Occasional,No
1633,Daniel,Moore,daniel.moore.1633@protonmail.com,(736) 966-7189,Houston,TX,South,1999,Male,2025-08-22,Consumer,Bronze,Regular,Yes
1634,Andrew,Smith,andrew.smith.1634@gmail.com,(783) 567-4515,San Francisco,CA,West,1995,Male,2026-08-26,Consumer,Bronze,Regular,Yes
1635,Olivia,Miller,olivia.miller.1635@icloud.com,(638) 583-9332,Atlanta,GA,South,1977,Female,2026-04-24,Consumer,Bronze,Frequent,Yes
1636,Melissa,White,melissa.white.1636@outlook.com,(513) 572-2814,San Francisco,CA,West,1962,Female,2025-04-17,Consumer,Gold,VIP,Yes
1637,Matthew,Jackson,matthew.jackson.1637@gmail.com,(547) 538-8526,San Francisco,CA,West,1954,Male,2024-11-02,Consumer,Bronze,Occasional,Yes
1638,Olivia,Lewis,olivia.lewis.1638@outlook.com,(356) 963-8927,Richmond,VA,South,1963,Female,2026-01-21,Enterprise,Bronze,Regular,Yes
1639,Nancy,Robinson,nancy.robinson.1639@icloud.com,(631) 783-5427,Richmond,VA,South,1967,Female,2026-05-28,Consumer,Silver,Regular,Yes
1640,William,Wilson,william.wilson.1640@outlook.com,(977) 331-4116,Atlanta,GA,South,2000,Male,2023-11-20,Consumer,Silver,Frequent,Yes
1641,Rachel,Martinez,rachel.martinez.1641@icloud.com,(563) 572-5896,Portland,OR,West,1980,Female,2026-06-09,Enterprise,Bronze,Occasional,Yes
1642,Margaret,Smith,margaret.smith.1642@outlook.com,(847) 547-2211,Seattle,WA,West,2004,Female,2025-02-18,Consumer,Bronze,Occasional,Yes
1643,Daniel,Wright,daniel.wright.1643@yahoo.com,(303) 926-3281,Richmond,VA,South,1984,Male,2023-12-24,Consumer,Silver,Regular,No
1644,Jason,Walker,jason.walker.1644@outlook.com,(279) 604-7723,Richmond,VA,South,1988,Male,2023-07-05,Consumer,Bronze,Regular,No
1645,Edward,Miller,edward.miller.1645@outlook.com,(766) 414-5205,Dallas,TX,South,1961,Male,2023-01-31,Consumer,Bronze,Frequent,No
1646,Sarah,Brown,sarah.brown.1646@outlook.com,(241) 592-1303,Milwaukee,WI,Midwest,1977,Female,2023-02-13,Consumer,Silver,Frequent,Yes
1647,Amanda,Lee,amanda.lee.1647@icloud.com,(715) 927-5021,Orlando,FL,South,1978,Female,2024-09-09,Small Business,Bronze,Occasional,Yes
1648,Charles,Hill,charles.hill.1648@yahoo.com,(860) 657-1155,Las Vegas,NV,West,1992,Male,2024-07-20,Small Business,Bronze,Regular,Yes
1649,Lisa,Flores,lisa.flores.1649@icloud.com,(503) 364-6748,Boston,MA,Northeast,1983,Female,2023-06-11,Small Business,Silver,Regular,No
1650,Kevin,Brown,kevin.brown.1650@protonmail.com,(498) 344-7582,Richmond,VA,South,1957,Male,2024-04-23,Consumer,Silver,Occasional,Yes
1651,Donald,King,donald.king.1651@icloud.com,(231) 473-9589,Indianapolis,IN,Midwest,1994,Male,2026-02-22,Consumer,Bronze,Occasional,Yes
1652,Emma,Johnson,emma.johnson.1652@icloud.com,(689) 764-3520,Detroit,MI,Midwest,1999,Female,2025-10-31,Small Business,Bronze,Regular,Yes
1653,Lauren,Williams,lauren.williams.1653@outlook.com,(551) 278-9817,Richmond,VA,South,1990,Female,2023-12-25,Consumer,Silver,Occasional,Yes
1654,Abigail,Garcia,abigail.garcia.1654@protonmail.com,(721) 430-6327,Nashville,TN,South,1947,Female,2024-02-24,Consumer,Bronze,Frequent,Yes
1655,Charles,Johnson,charles.johnson.1655@protonmail.com,(494) 938-1651,Richmond,VA,South,1992,Male,2024-12-17,Small Business,Bronze,Regular,Yes
1656,Michael,Anderson,michael.anderson.1656@icloud.com,(308) 501-8725,Nashville,TN,South,2003,Male,2023-12-06,Consumer,Bronze,Frequent,Yes
1657,Abigail,Johnson,abigail.johnson.1657@yahoo.com,(873) 269-9568,Detroit,MI,Midwest,1964,Female,2025-06-01,Consumer,Bronze,Frequent,Yes
1658,Jason,Harris,jason.harris.1658@gmail.com,(220) 896-7799,Denver,CO,West,1997,Male,2026-02-07,Enterprise,Bronze,Regular,Yes
1659,Lauren,White,lauren.white.1659@yahoo.com,(374) 459-2214,Milwaukee,WI,Midwest,1967,Female,2025-03-06,Consumer,Silver,Occasional,Yes
1660,Stephanie,Torres,stephanie.torres.1660@yahoo.com,(510) 742-3774,Miami,FL,South,1982,Female,2023-08-27,Consumer,Bronze,Frequent,Yes
1661,Olivia,Young,olivia.young.1661@outlook.com,(576) 679-8414,Seattle,WA,West,1966,Female,2023-01-08,Small Business,Bronze,Regular,Yes
1662,Rachel,Torres,rachel.torres.1662@gmail.com,(376) 527-7079,Richmond,VA,South,1962,Female,2023-07-19,Small Business,Bronze,Occasional,Yes
1663,Robert,Miller,robert.miller.1663@outlook.com,(805) 255-1799,Indianapolis,IN,Midwest,1960,Male,2024-03-19,Consumer,Silver,Regular,Yes
1664,Jessica,King,jessica.king.1664@yahoo.com,(973) 536-1578,Newark,NJ,Northeast,1996,Female,2026-01-18,Consumer,Bronze,Occasional,Yes
1665,Abigail,Rodriguez,abigail.rodriguez.1665@icloud.com,(965) 897-8266,Houston,TX,South,1979,Female,2026-05-09,Consumer,Silver,Occasional,Yes
1666,Michael,Lee,michael.lee.1666@outlook.com,(212) 820-6774,Atlanta,GA,South,1964,Male,2024-02-26,Consumer,Bronze,Regular,Yes
1667,Robert,Flores,robert.flores.1667@outlook.com,(467) 673-3636,San Diego,CA,West,1957,Male,2023-12-21,Small Business,Bronze,Regular,Yes
1668,Brian,Ramirez,brian.ramirez.1668@protonmail.com,(683) 286-8590,St. Louis,MO,Midwest,1967,Male,2025-07-17,Consumer,Bronze,VIP,Yes
1669,Brandon,Sanchez,brandon.sanchez.1669@outlook.com,(615) 972-1880,Richmond,VA,South,1956,Male,2024-06-30,Consumer,Gold,Occasional,No
1670,Brandon,Smith,brandon.smith.1670@outlook.com,(916) 729-2923,Dallas,TX,South,1951,Male,2025-06-22,Consumer,Bronze,Regular,Yes
1671,Patricia,Thompson,patricia.thompson.1671@gmail.com,(982) 362-5875,Detroit,MI,Midwest,1949,Female,2024-12-29,Consumer,Bronze,Regular,No
1672,Edward,Ramirez,edward.ramirez.1672@yahoo.com,(359) 805-7146,Detroit,MI,Midwest,1963,Male,2023-05-24,Consumer,Gold,Occasional,Yes
1673,Nicole,Walker,nicole.walker.1673@icloud.com,(505) 962-3425,Chicago,IL,Midwest,1960,Nonbinary,2026-01-01,Consumer,Bronze,Regular,Yes
1674,Sophia,Thomas,sophia.thomas.1674@yahoo.com,(467) 682-2282,Nashville,TN,South,1984,Female,2025-01-27,Consumer,Bronze,Occasional,Yes
1675,Kevin,Sanchez,kevin.sanchez.1675@yahoo.com,(677) 248-2177,Atlanta,GA,South,1945,Male,2026-03-17,Consumer,Bronze,Regular,Yes
1676,Megan,Davis,megan.davis.1676@gmail.com,(796) 730-5600,Cleveland,OH,Midwest,1985,Female,2026-01-31,Consumer,Gold,Regular,Yes
1677,Jessica,Torres,jessica.torres.1677@icloud.com,(890) 881-2421,Hartford,CT,Northeast,1966,Female,2024-07-19,Consumer,Bronze,Regular,Yes
1678,Thomas,Hill,thomas.hill.1678@gmail.com,(999) 960-2595,Dallas,TX,South,1954,Male,2026-01-05,Small Business,Silver,Occasional,Yes
1679,Stephanie,Jackson,stephanie.jackson.1679@protonmail.com,(216) 969-8453,St. Louis,MO,Midwest,1954,Female,2025-10-09,Consumer,Silver,Regular,Yes
1680,Michael,Allen,michael.allen.1680@icloud.com,(732) 870-1609,Las Vegas,NV,West,1963,Male,2025-05-18,Consumer,Silver,Occasional,Yes
1681,Robert,Jackson,robert.jackson.1681@outlook.com,(495) 757-5425,Buffalo,NY,Northeast,1978,Male,2025-01-23,Consumer,Platinum,VIP,Yes
1682,Emily,Taylor,emily.taylor.1682@outlook.com,(375) 438-8159,Milwaukee,WI,Midwest,1982,Female,2023-07-23,Small Business,Bronze,Regular,Yes
1683,Lauren,Hernandez,lauren.hernandez.1683@protonmail.com,(559) 711-2614,New York,NY,Northeast,1971,Female,2026-06-19,Consumer,Gold,Regular,Yes
1684,Sarah,Smith,sarah.smith.1684@icloud.com,(225) 901-2532,Seattle,WA,West,1953,Female,2023-10-09,Consumer,Bronze,Regular,Yes
1685,Nancy,Torres,nancy.torres.1685@protonmail.com,(205) 781-3569,Phoenix,AZ,West,1991,Female,2025-01-04,Small Business,Bronze,Regular,Yes
1686,Anthony,Jackson,anthony.jackson.1686@yahoo.com,(293) 666-3641,Las Vegas,NV,West,1992,Male,2023-05-25,Consumer,Bronze,VIP,Yes
1687,Susan,Anderson,susan.anderson.1687@icloud.com,(956) 461-7213,San Francisco,CA,West,1984,Female,2024-11-14,Small Business,Bronze,Frequent,Yes
1688,Barbara,Thompson,barbara.thompson.1688@outlook.com,(411) 681-4431,Las Vegas,NV,West,1981,Female,2024-04-09,Consumer,Bronze,Occasional,No
1689,Nathan,Clark,nathan.clark.1689@protonmail.com,(654) 384-1240,Phoenix,AZ,West,1982,Male,2025-03-13,Small Business,Gold,Frequent,Yes
1690,Stephanie,Thomas,stephanie.thomas.1690@protonmail.com,(312) 446-4186,Boston,MA,Northeast,1998,Female,2023-08-22,Consumer,Bronze,Regular,Yes
1691,Jessica,Smith,jessica.smith.1691@outlook.com,(659) 336-6621,Providence,RI,Northeast,1977,Female,2026-01-08,Consumer,Bronze,Regular,Yes
1692,William,Anderson,william.anderson.1692@icloud.com,(527) 598-1530,Indianapolis,IN,Midwest,1986,Male,2024-11-21,Consumer,Platinum,Regular,Yes
1693,Nancy,Ramirez,nancy.ramirez.1693@gmail.com,(297) 639-3704,Boston,MA,Northeast,1989,Female,2024-01-18,Enterprise,Bronze,Occasional,Yes
1694,Jessica,Williams,jessica.williams.1694@gmail.com,(260) 513-7532,Richmond,VA,South,1966,Female,2025-11-27,Small Business,Bronze,Regular,Yes
1695,Barbara,Lee,barbara.lee.1695@icloud.com,(299) 996-3916,Portland,OR,West,1980,Female,2025-04-20,Consumer,Bronze,Occasional,Yes
1696,Paul,King,paul.king.1696@outlook.com,(590) 980-6016,Atlanta,GA,South,1949,Male,2023-01-23,Consumer,Bronze,Occasional,Yes
1697,Michael,Garcia,michael.garcia.1697@outlook.com,(832) 516-6231,Charlotte,NC,South,1973,Male,2025-10-15,Consumer,Bronze,Regular,Yes
1698,Patricia,King,patricia.king.1698@gmail.com,(884) 678-8044,Atlanta,GA,South,1962,Female,2023-09-09,Consumer,Bronze,Regular,Yes
1699,Kevin,Rodriguez,kevin.rodriguez.1699@gmail.com,(441) 877-1283,Houston,TX,South,1968,Male,2025-11-17,Consumer,Bronze,Regular,No
1700,George,Brown,george.brown.1700@outlook.com,(773) 441-6310,Portland,OR,West,1945,Male,2025-01-12,Small Business,Bronze,Regular,Yes
1701,Sarah,Jackson,sarah.jackson.1701@yahoo.com,(564) 942-6032,Las Vegas,NV,West,1979,Female,2025-08-07,Consumer,Bronze,Occasional,Yes
1702,Joseph,Hernandez,joseph.hernandez.1702@icloud.com,(691) 380-3878,Boston,MA,Northeast,1980,Male,2024-11-19,Consumer,Bronze,Occasional,Yes
1703,Sarah,Rodriguez,sarah.rodriguez.1703@outlook.com,(970) 834-4570,Phoenix,AZ,West,1995,Female,2023-11-30,Consumer,Bronze,Regular,Yes
1704,Margaret,Martin,margaret.martin.1704@gmail.com,(204) 285-9061,Providence,RI,Northeast,1981,Female,2024-12-26,Consumer,Silver,Regular,Yes
1705,Joseph,Wilson,joseph.wilson.1705@outlook.com,(412) 924-6109,St. Louis,MO,Midwest,1954,Male,2026-08-08,Consumer,Silver,Occasional,Yes
1706,James,Thomas,james.thomas.1706@gmail.com,(803) 433-2512,Charlotte,NC,South,1996,Male,2026-07-04,Consumer,Bronze,Regular,No
1707,Anthony,Ramirez,anthony.ramirez.1707@outlook.com,(421) 396-1070,Hartford,CT,Northeast,1995,Male,2025-02-03,Small Business,Gold,Regular,Yes
1708,Rebecca,Brown,rebecca.brown.1708@gmail.com,(360) 463-9852,Seattle,WA,West,1951,Female,2026-06-14,Consumer,Platinum,Regular,No
1709,Brandon,Clark,brandon.clark.1709@icloud.com,(699) 701-5532,Richmond,VA,South,1979,Male,2023-06-03,Consumer,Gold,VIP,Yes
1710,Anthony,Taylor,anthony.taylor.1710@gmail.com,(626) 512-9295,Columbus,OH,Midwest,1968,Male,2024-06-30,Consumer,Gold,Occasional,Yes
1711,Rebecca,Young,rebecca.young.1711@yahoo.com,(665) 453-6612,Nashville,TN,South,1980,Female,2025-02-07,Small Business,Bronze,Occasional,Yes
1712,Emma,Davis,emma.davis.1712@outlook.com,(778) 630-3095,Milwaukee,WI,Midwest,2003,Nonbinary,2026-03-04,Small Business,Bronze,Regular,Yes
1713,Charles,Thomas,charles.thomas.1713@protonmail.com,(949) 777-6356,Los Angeles,CA,West,1977,Male,2024-06-07,Consumer,Silver,Occasional,Yes
1714,Nancy,Clark,nancy.clark.1714@gmail.com,(296) 517-1971,Atlanta,GA,South,1983,Nonbinary,2023-11-12,Consumer,Platinum,Occasional,Yes
1715,Jason,Martin,jason.martin.1715@icloud.com,(862) 515-4704,Las Vegas,NV,West,1981,Male,2024-01-03,Consumer,Bronze,Occasional,Yes
1716,Susan,Miller,susan.miller.1716@outlook.com,(494) 841-8876,San Francisco,CA,West,1964,Female,2024-12-17,Consumer,Bronze,Occasional,Yes
1717,Mary,King,mary.king.1717@icloud.com,(411) 861-7982,Houston,TX,South,1997,Female,2024-06-25,Consumer,Bronze,Occasional,Yes
1718,Anthony,Perez,anthony.perez.1718@gmail.com,(735) 490-8818,Chicago,IL,Midwest,1998,Male,2023-10-05,Consumer,Silver,Frequent,Yes
1719,Olivia,Hill,olivia.hill.1719@outlook.com,(866) 460-9418,Seattle,WA,West,1990,Female,2024-07-11,Enterprise,Bronze,Frequent,Yes
1720,Richard,Gonzalez,richard.gonzalez.1720@gmail.com,(768) 481-8563,Cleveland,OH,Midwest,1957,Male,2023-10-05,Consumer,Silver,Regular,Yes
1721,Sandra,Torres,sandra.torres.1721@protonmail.com,(209) 488-3182,Minneapolis,MN,Midwest,1953,Female,2024-03-01,Consumer,Bronze,Frequent,Yes
1722,Edward,King,edward.king.1722@protonmail.com,(407) 550-4888,Minneapolis,MN,Midwest,1974,Male,2024-03-08,Consumer,Silver,Regular,Yes
1723,Melissa,Clark,melissa.clark.1723@icloud.com,(497) 970-8529,Orlando,FL,South,1991,Female,2026-09-04,Small Business,Bronze,Regular,Yes
1724,Stephanie,Wright,stephanie.wright.1724@icloud.com,(548) 828-4186,St. Louis,MO,Midwest,1947,Female,2024-12-31,Consumer,Bronze,Regular,Yes
1725,Margaret,King,margaret.king.1725@outlook.com,(925) 518-4999,Providence,RI,Northeast,1981,Female,2023-04-14,Consumer,Silver,Occasional,Yes
1726,John,Torres,john.torres.1726@icloud.com,(485) 824-3330,Detroit,MI,Midwest,1967,Prefer not to say,2023-05-18,Consumer,Silver,Occasional,Yes
1727,Mark,Scott,mark.scott.1727@icloud.com,(854) 641-3702,San Diego,CA,West,1994,Male,2023-12-01,Consumer,Silver,Frequent,Yes
1728,Abigail,Williams,abigail.williams.1728@icloud.com,(864) 742-6923,Providence,RI,Northeast,1958,Female,2026-07-15,Consumer,Bronze,Occasional,Yes
1729,Charles,Brown,charles.brown.1729@yahoo.com,(360) 378-5480,San Francisco,CA,West,1999,Prefer not to say,2024-05-28,Consumer,Bronze,Regular,No
1730,Amanda,Sanchez,amanda.sanchez.1730@icloud.com,(371) 390-3945,Atlanta,GA,South,1984,Female,2023-07-18,Small Business,Gold,Frequent,Yes
1731,Betty,Wright,betty.wright.1731@yahoo.com,(528) 496-2669,Charlotte,NC,South,1972,Female,2024-06-02,Small Business,Gold,Regular,Yes
1732,Rebecca,Williams,rebecca.williams.1732@yahoo.com,(540) 561-4109,Nashville,TN,South,1994,Female,2023-05-29,Consumer,Bronze,Occasional,Yes
1733,Steven,Walker,steven.walker.1733@outlook.com,(491) 436-5347,Houston,TX,South,1947,Male,2023-07-06,Consumer,Silver,Occasional,Yes
1734,Joseph,Brown,joseph.brown.1734@protonmail.com,(490) 761-4778,Dallas,TX,South,2005,Male,2025-08-03,Small Business,Silver,Occasional,Yes
1735,Emma,Martin,emma.martin.1735@protonmail.com,(728) 824-5188,Las Vegas,NV,West,1956,Female,2023-04-12,Consumer,Silver,Regular,No
1736,Elizabeth,Hernandez,elizabeth.hernandez.1736@outlook.com,(705) 417-6536,San Diego,CA,West,1997,Female,2026-07-14,Small Business,Bronze,Frequent,Yes
1737,Steven,Flores,steven.flores.1737@outlook.com,(322) 764-1654,Miami,FL,South,1997,Male,2024-01-24,Consumer,Bronze,Regular,No
1738,Melissa,Jones,melissa.jones.1738@yahoo.com,(205) 278-3735,Orlando,FL,South,1974,Female,2025-12-13,Consumer,Silver,Regular,Yes
1739,Stephanie,Young,stephanie.young.1739@icloud.com,(288) 876-3694,Columbus,OH,Midwest,1966,Female,2024-03-14,Consumer,Silver,Regular,Yes
1740,William,Smith,william.smith.1740@yahoo.com,(729) 769-3611,Columbus,OH,Midwest,1996,Male,2026-01-18,Consumer,Bronze,Regular,Yes
1741,Karen,Lopez,karen.lopez.1741@protonmail.com,(497) 961-5519,Pittsburgh,PA,Northeast,1949,Female,2023-01-19,Consumer,Bronze,Regular,Yes
1742,Lauren,Wilson,lauren.wilson.1742@protonmail.com,(879) 590-4289,Houston,TX,South,2001,Female,2025-05-05,Consumer,Bronze,Occasional,No
1743,Andrew,Ramirez,andrew.ramirez.1743@yahoo.com,(635) 863-6752,Hartford,CT,Northeast,1988,Male,2024-05-12,Consumer,Bronze,Regular,Yes
1744,Linda,Lewis,linda.lewis.1744@outlook.com,(441) 662-1565,Charlotte,NC,South,1959,Female,2025-03-14,Consumer,Platinum,Regular,No
1745,John,Johnson,john.johnson.1745@icloud.com,(673) 997-1369,Richmond,VA,South,2003,Male,2026-08-04,Consumer,Gold,Occasional,Yes
1746,Ashley,Thompson,ashley.thompson.1746@gmail.com,(638) 542-6559,Portland,OR,West,1987,Female,2025-03-05,Consumer,Silver,Regular,Yes
1747,Daniel,Scott,daniel.scott.1747@icloud.com,(594) 588-4947,Richmond,VA,South,1993,Male,2024-10-09,Consumer,Bronze,Occasional,Yes
1748,Edward,Young,edward.young.1748@outlook.com,(223) 271-1370,St. Louis,MO,Midwest,2003,Male,2023-11-11,Consumer,Bronze,Regular,Yes
1749,Jennifer,Garcia,jennifer.garcia.1749@icloud.com,(720) 769-2944,Las Vegas,NV,West,1987,Female,2024-12-05,Consumer,Silver,Frequent,No
1750,Betty,Scott,betty.scott.1750@protonmail.com,(498) 603-7400,Indianapolis,IN,Midwest,1978,Female,2024-11-06,Small Business,Silver,Occasional,Yes
1751,Brandon,Scott,brandon.scott.1751@icloud.com,(818) 953-7178,Chicago,IL,Midwest,1964,Male,2026-04-27,Consumer,Silver,Frequent,Yes
1752,Melissa,Williams,melissa.williams.1752@yahoo.com,(509) 734-1136,Detroit,MI,Midwest,1965,Female,2023-11-06,Small Business,Silver,Regular,No
1753,David,Clark,david.clark.1753@outlook.com,(327) 603-8100,St. Louis,MO,Midwest,1991,Prefer not to say,2025-04-17,Consumer,Bronze,Regular,Yes
1754,Lauren,Brown,lauren.brown.1754@icloud.com,(556) 281-4021,Nashville,TN,South,1998,Female,2025-08-25,Small Business,Bronze,Regular,Yes
1755,Ryan,Lewis,ryan.lewis.1755@yahoo.com,(887) 349-2331,Miami,FL,South,1970,Male,2024-05-11,Consumer,Bronze,Frequent,Yes
1756,Karen,Thompson,karen.thompson.1756@gmail.com,(205) 325-3730,Seattle,WA,West,1956,Female,2025-02-07,Consumer,Bronze,Frequent,Yes
1757,Paul,Miller,paul.miller.1757@protonmail.com,(455) 626-3760,Newark,NJ,Northeast,1993,Male,2023-08-06,Consumer,Gold,Occasional,Yes
1758,Patricia,Smith,patricia.smith.1758@outlook.com,(296) 792-2080,Houston,TX,South,2000,Female,2025-11-15,Small Business,Bronze,Regular,Yes
1759,Nathan,Harris,nathan.harris.1759@outlook.com,(747) 867-2183,Boston,MA,Northeast,1958,Male,2024-01-31,Consumer,Gold,Occasional,Yes
1760,Robert,Ramirez,robert.ramirez.1760@protonmail.com,(935) 211-8714,Denver,CO,West,1999,Nonbinary,2024-10-16,Small Business,Bronze,Occasional,No
1761,Steven,Martinez,steven.martinez.1761@gmail.com,(488) 254-1605,Miami,FL,South,2004,Male,2025-06-11,Consumer,Gold,Occasional,Yes
1762,Steven,Rodriguez,steven.rodriguez.1762@icloud.com,(903) 496-2837,Minneapolis,MN,Midwest,1955,Male,2025-08-29,Consumer,Silver,Occasional,Yes
1763,Sarah,Scott,sarah.scott.1763@gmail.com,(323) 583-5683,San Diego,CA,West,2000,Female,2023-01-02,Consumer,Bronze,Frequent,Yes
1764,Brian,Nguyen,brian.nguyen.1764@yahoo.com,(949) 341-7913,New York,NY,Northeast,1994,Male,2023-09-10,Consumer,Bronze,Frequent,Yes
1765,Ryan,Jackson,ryan.jackson.1765@outlook.com,(546) 434-9987,Detroit,MI,Midwest,1974,Male,2024-08-28,Consumer,Silver,Regular,Yes
1766,Margaret,Brown,margaret.brown.1766@protonmail.com,(330) 692-7262,Miami,FL,South,1950,Female,2024-08-18,Consumer,Bronze,Regular,Yes
1767,Justin,King,justin.king.1767@protonmail.com,(610) 316-5548,Newark,NJ,Northeast,1992,Male,2025-05-12,Consumer,Bronze,Regular,Yes
1768,Charles,Jackson,charles.jackson.1768@gmail.com,(983) 539-9596,Cleveland,OH,Midwest,1995,Male,2025-11-16,Consumer,Bronze,Regular,Yes
1769,Betty,Hernandez,betty.hernandez.1769@protonmail.com,(915) 255-1398,Atlanta,GA,South,1988,Female,2025-02-05,Consumer,Bronze,Frequent,Yes
1770,Jessica,Young,jessica.young.1770@yahoo.com,(557) 655-8101,Los Angeles,CA,West,1968,Female,2025-10-26,Consumer,Bronze,Regular,Yes
1771,Rachel,Harris,rachel.harris.1771@icloud.com,(435) 705-2632,Miami,FL,South,1990,Female,2025-01-28,Consumer,Silver,Occasional,No
1772,Sandra,Young,sandra.young.1772@icloud.com,(936) 463-5112,Pittsburgh,PA,Northeast,1946,Female,2023-04-13,Consumer,Silver,Occasional,No
1773,Nicole,Martinez,nicole.martinez.1773@protonmail.com,(406) 278-4047,Charlotte,NC,South,1983,Female,2025-07-15,Enterprise,Platinum,Occasional,Yes
1774,Brian,Moore,brian.moore.1774@protonmail.com,(544) 725-6874,Newark,NJ,Northeast,1984,Male,2024-12-17,Small Business,Gold,Occasional,Yes
1775,Rachel,Torres,rachel.torres.1775@gmail.com,(256) 562-6300,Seattle,WA,West,2002,Female,2024-10-03,Consumer,Silver,Frequent,Yes
1776,Lauren,Rodriguez,lauren.rodriguez.1776@outlook.com,(825) 399-7836,Charlotte,NC,South,2001,Female,2025-04-18,Consumer,Bronze,Frequent,Yes
1777,Thomas,Gonzalez,thomas.gonzalez.1777@outlook.com,(476) 821-3679,San Francisco,CA,West,1996,Male,2025-03-17,Consumer,Bronze,Regular,Yes
1778,Richard,Harris,richard.harris.1778@gmail.com,(998) 269-9374,Milwaukee,WI,Midwest,1979,Male,2025-08-31,Consumer,Bronze,Frequent,Yes
1779,Kevin,Young,kevin.young.1779@gmail.com,(858) 866-1890,Nashville,TN,South,1978,Male,2024-07-27,Consumer,Bronze,Regular,Yes
1780,Ryan,Smith,ryan.smith.1780@outlook.com,(912) 859-5805,Newark,NJ,Northeast,1949,Male,2024-03-24,Consumer,Silver,Regular,Yes
1781,Christopher,Flores,christopher.flores.1781@gmail.com,(699) 257-8140,Hartford,CT,Northeast,1983,Male,2026-01-04,Small Business,Bronze,Frequent,Yes
1782,Kevin,Garcia,kevin.garcia.1782@protonmail.com,(290) 661-9656,San Francisco,CA,West,1952,Male,2024-01-23,Consumer,Bronze,Occasional,Yes
1783,Nancy,Robinson,nancy.robinson.1783@yahoo.com,(881) 589-2168,Orlando,FL,South,1962,Female,2023-07-24,Consumer,Gold,Occasional,Yes
1784,John,Hill,john.hill.1784@gmail.com,(562) 698-3369,Indianapolis,IN,Midwest,1991,Prefer not to say,2025-07-25,Consumer,Bronze,Occasional,Yes
1785,Lauren,Davis,lauren.davis.1785@yahoo.com,(336) 581-8031,Detroit,MI,Midwest,1999,Female,2023-12-10,Consumer,Bronze,Occasional,Yes
1786,Susan,Flores,susan.flores.1786@icloud.com,(228) 623-7858,Phoenix,AZ,West,1961,Female,2026-02-11,Consumer,Bronze,Occasional,Yes
1787,Steven,Martinez,steven.martinez.1787@outlook.com,(532) 715-6500,St. Louis,MO,Midwest,1952,Male,2023-07-20,Consumer,Bronze,Regular,No
1788,Kevin,Perez,kevin.perez.1788@yahoo.com,(649) 772-6826,Houston,TX,South,1948,Male,2026-05-29,Small Business,Bronze,Occasional,Yes
1789,Elizabeth,Rodriguez,elizabeth.rodriguez.1789@icloud.com,(331) 509-4158,Providence,RI,Northeast,1993,Female,2024-04-15,Consumer,Bronze,Frequent,Yes
1790,John,Thompson,john.thompson.1790@icloud.com,(903) 718-4520,Indianapolis,IN,Midwest,1969,Male,2026-07-24,Consumer,Bronze,Regular,Yes
1791,Nicole,Williams,nicole.williams.1791@protonmail.com,(928) 694-3915,Houston,TX,South,1970,Female,2024-07-29,Consumer,Bronze,Occasional,Yes
1792,Richard,Flores,richard.flores.1792@icloud.com,(390) 783-4009,Houston,TX,South,1945,Male,2026-04-19,Consumer,Bronze,VIP,Yes
1793,Mary,Jackson,mary.jackson.1793@yahoo.com,(832) 226-2419,Cleveland,OH,Midwest,1998,Female,2026-01-20,Consumer,Silver,Frequent,Yes
1794,Matthew,Wright,matthew.wright.1794@gmail.com,(918) 341-8141,Atlanta,GA,South,1947,Male,2025-09-22,Consumer,Bronze,Frequent,Yes
1795,Steven,Clark,steven.clark.1795@yahoo.com,(802) 388-6155,Miami,FL,South,1985,Male,2025-08-07,Enterprise,Bronze,Occasional,Yes
1796,George,Scott,george.scott.1796@protonmail.com,(355) 934-3670,Denver,CO,West,1963,Male,2024-08-14,Small Business,Bronze,Frequent,Yes
1797,Nicole,Harris,nicole.harris.1797@gmail.com,(337) 847-4712,Charlotte,NC,South,1984,Female,2026-07-02,Consumer,Silver,Regular,Yes
1798,Rebecca,Rodriguez,rebecca.rodriguez.1798@gmail.com,(576) 344-6692,Houston,TX,South,1959,Female,2023-03-02,Consumer,Bronze,Regular,Yes
1799,Robert,Jones,robert.jones.1799@protonmail.com,(758) 561-6267,Portland,OR,West,1959,Male,2024-12-13,Consumer,Gold,Regular,Yes
1800,Thomas,Garcia,thomas.garcia.1800@outlook.com,(555) 686-2944,Portland,OR,West,1989,Male,2024-08-10,Consumer,Bronze,Frequent,Yes
1801,Andrew,Harris,andrew.harris.1801@protonmail.com,(368) 340-6504,San Francisco,CA,West,1974,Male,2026-03-11,Consumer,Bronze,Occasional,Yes
1802,Megan,Lopez,megan.lopez.1802@yahoo.com,(275) 583-5815,Detroit,MI,Midwest,1980,Female,2023-04-17,Small Business,Silver,Occasional,Yes
1803,Megan,Harris,megan.harris.1803@protonmail.com,(732) 790-4254,Detroit,MI,Midwest,2002,Female,2024-05-08,Consumer,Bronze,Regular,Yes
1804,James,Thompson,james.thompson.1804@outlook.com,(927) 590-9583,Los Angeles,CA,West,2002,Male,2025-09-28,Consumer,Silver,Regular,Yes
1805,Nathan,Wright,nathan.wright.1805@protonmail.com,(340) 212-9448,New York,NY,Northeast,1978,Male,2024-01-04,Consumer,Gold,Regular,Yes
1806,Sophia,Harris,sophia.harris.1806@protonmail.com,(228) 932-2204,Charlotte,NC,South,1982,Female,2025-01-16,Small Business,Bronze,Occasional,Yes
1807,George,Sanchez,george.sanchez.1807@yahoo.com,(810) 357-2694,Hartford,CT,Northeast,1961,Male,2023-11-12,Enterprise,Silver,Regular,Yes
1808,Joshua,Hernandez,joshua.hernandez.1808@outlook.com,(416) 724-7936,Dallas,TX,South,1956,Male,2026-07-24,Small Business,Platinum,Regular,No
1809,Mary,Moore,mary.moore.1809@icloud.com,(901) 398-9782,Dallas,TX,South,1951,Female,2023-11-05,Consumer,Silver,Frequent,Yes
1810,Thomas,Scott,thomas.scott.1810@yahoo.com,(350) 807-2106,Detroit,MI,Midwest,1971,Male,2025-07-13,Consumer,Silver,Frequent,Yes
1811,Jacob,Hill,jacob.hill.1811@icloud.com,(279) 577-5297,San Diego,CA,West,1977,Male,2026-03-03,Small Business,Bronze,Regular,Yes
1812,Amanda,Martin,amanda.martin.1812@icloud.com,(401) 249-5340,San Francisco,CA,West,1945,Female,2026-05-06,Enterprise,Bronze,Regular,Yes
1813,Edward,Moore,edward.moore.1813@gmail.com,(862) 582-5385,Boston,MA,Northeast,1987,Male,2025-10-05,Consumer,Bronze,VIP,Yes
1814,Emily,Moore,emily.moore.1814@protonmail.com,(672) 695-1959,Charlotte,NC,South,1993,Female,2025-01-11,Consumer,Bronze,Occasional,No
1815,Christopher,Rodriguez,christopher.rodriguez.1815@outlook.com,(703) 572-8722,Charlotte,NC,South,1996,Male,2024-01-16,Consumer,Gold,Occasional,Yes
1816,Lauren,Young,lauren.young.1816@protonmail.com,(752) 699-5973,Denver,CO,West,2004,Female,2026-04-29,Consumer,Platinum,Frequent,Yes
1817,Brian,Jones,brian.jones.1817@yahoo.com,(760) 381-6440,Houston,TX,South,1990,Male,2025-12-02,Small Business,Silver,Regular,Yes
1818,Sophia,Hernandez,sophia.hernandez.1818@icloud.com,(642) 420-3752,Charlotte,NC,South,1951,Prefer not to say,2025-01-23,Consumer,Bronze,Occasional,Yes
1819,Rebecca,Scott,rebecca.scott.1819@icloud.com,(551) 844-5416,Phoenix,AZ,West,1978,Female,2025-12-18,Small Business,Bronze,Occasional,Yes
1820,James,Martin,james.martin.1820@protonmail.com,(644) 283-5989,Milwaukee,WI,Midwest,1983,Male,2023-05-05,Consumer,Silver,Regular,Yes
1821,Olivia,Scott,olivia.scott.1821@icloud.com,(887) 262-5591,Chicago,IL,Midwest,1949,Female,2024-03-29,Small Business,Bronze,Frequent,No
1822,Matthew,Hernandez,matthew.hernandez.1822@protonmail.com,(204) 896-8974,Charlotte,NC,South,2002,Nonbinary,2023-01-16,Small Business,Gold,Occasional,Yes
1823,Brian,Ramirez,brian.ramirez.1823@icloud.com,(201) 298-1403,Miami,FL,South,1947,Male,2024-09-27,Consumer,Bronze,Frequent,Yes
1824,Rebecca,Wright,rebecca.wright.1824@icloud.com,(456) 212-5407,San Francisco,CA,West,1971,Female,2025-09-10,Consumer,Bronze,Occasional,Yes
1825,Steven,Allen,steven.allen.1825@protonmail.com,(994) 679-5510,Richmond,VA,South,1975,Male,2024-10-26,Small Business,Bronze,Frequent,Yes
1826,William,Lopez,william.lopez.1826@protonmail.com,(481) 682-3404,St. Louis,MO,Midwest,1955,Male,2023-01-04,Consumer,Bronze,Regular,Yes
1827,Patricia,Martinez,patricia.martinez.1827@yahoo.com,(921) 311-1569,Miami,FL,South,1962,Female,2023-11-13,Small Business,Bronze,Occasional,No
1828,Jennifer,Hernandez,jennifer.hernandez.1828@icloud.com,(387) 533-1710,Indianapolis,IN,Midwest,1985,Female,2025-10-03,Consumer,Bronze,Regular,Yes
1829,Jennifer,Allen,jennifer.allen.1829@outlook.com,(781) 685-7726,San Francisco,CA,West,2004,Female,2024-08-24,Consumer,Gold,Regular,Yes
1830,Jennifer,Smith,jennifer.smith.1830@protonmail.com,(539) 258-1983,Portland,OR,West,2005,Female,2025-03-15,Consumer,Gold,Occasional,Yes
1831,Melissa,Allen,melissa.allen.1831@icloud.com,(891) 675-7915,St. Louis,MO,Midwest,1965,Female,2024-06-21,Consumer,Bronze,Frequent,No
1832,Betty,Perez,betty.perez.1832@icloud.com,(639) 472-8604,Providence,RI,Northeast,1981,Female,2026-01-11,Consumer,Silver,Occasional,Yes
1833,Rachel,Johnson,rachel.johnson.1833@outlook.com,(938) 736-8842,Denver,CO,West,1953,Female,2024-08-29,Consumer,Bronze,Regular,Yes
1834,Abigail,Smith,abigail.smith.1834@protonmail.com,(792) 419-4662,Detroit,MI,Midwest,1957,Female,2023-10-07,Consumer,Silver,Occasional,No
1835,Brandon,Perez,brandon.perez.1835@gmail.com,(509) 859-9621,San Francisco,CA,West,1985,Male,2025-03-03,Consumer,Platinum,VIP,Yes
1836,Linda,Johnson,linda.johnson.1836@gmail.com,(581) 225-4275,Dallas,TX,South,1962,Female,2024-05-17,Consumer,Bronze,Regular,Yes
1837,Patricia,Hill,patricia.hill.1837@protonmail.com,(579) 350-4575,St. Louis,MO,Midwest,1993,Female,2025-09-17,Enterprise,Bronze,Frequent,Yes
1838,Linda,Martinez,linda.martinez.1838@protonmail.com,(481) 513-7149,Charlotte,NC,South,1967,Female,2024-03-02,Consumer,Bronze,Regular,Yes
1839,Abigail,Smith,abigail.smith.1839@gmail.com,(698) 429-4650,Orlando,FL,South,1946,Female,2025-04-05,Consumer,Bronze,Occasional,Yes
1840,Melissa,King,melissa.king.1840@outlook.com,(531) 696-4451,Newark,NJ,Northeast,1953,Female,2026-09-05,Consumer,Silver,Regular,Yes
1841,James,Thompson,james.thompson.1841@gmail.com,(677) 498-6263,Columbus,OH,Midwest,1962,Male,2024-06-19,Consumer,Bronze,Regular,Yes
1842,Michael,Johnson,michael.johnson.1842@gmail.com,(891) 272-8502,Pittsburgh,PA,Northeast,1958,Male,2026-03-21,Consumer,Platinum,Regular,Yes
1843,Abigail,Jackson,abigail.jackson.1843@protonmail.com,(929) 948-3280,Miami,FL,South,1993,Prefer not to say,2026-01-15,Consumer,Bronze,Regular,Yes
1844,George,Garcia,george.garcia.1844@icloud.com,(777) 336-7627,Newark,NJ,Northeast,1967,Male,2024-03-09,Consumer,Bronze,Occasional,Yes
1845,James,Miller,james.miller.1845@outlook.com,(681) 653-5077,Phoenix,AZ,West,1985,Male,2024-09-03,Small Business,Silver,Occasional,Yes
1846,Mark,Allen,mark.allen.1846@protonmail.com,(528) 247-2291,Buffalo,NY,Northeast,1962,Male,2026-03-15,Small Business,Silver,Occasional,Yes
1847,Donald,Jones,donald.jones.1847@protonmail.com,(983) 699-6539,Detroit,MI,Midwest,1988,Male,2026-07-14,Consumer,Bronze,Occasional,Yes
1848,Linda,Wright,linda.wright.1848@yahoo.com,(758) 659-8144,Houston,TX,South,1964,Female,2026-01-29,Enterprise,Bronze,Occasional,Yes
1849,Margaret,Taylor,margaret.taylor.1849@outlook.com,(274) 202-6978,Detroit,MI,Midwest,1998,Female,2025-12-11,Consumer,Bronze,Frequent,Yes
1850,John,Lewis,john.lewis.1850@icloud.com,(685) 974-7301,Seattle,WA,West,1977,Male,2023-08-14,Consumer,Gold,Regular,No
1851,Sophia,Hernandez,sophia.hernandez.1851@gmail.com,(395) 918-7824,San Francisco,CA,West,1960,Female,2025-02-23,Consumer,Bronze,Regular,Yes
1852,Donald,Torres,donald.torres.1852@outlook.com,(589) 917-5093,Orlando,FL,South,1953,Male,2024-07-22,Enterprise,Bronze,Frequent,Yes
1853,James,Flores,james.flores.1853@yahoo.com,(773) 956-8433,Las Vegas,NV,West,1986,Male,2025-08-16,Consumer,Bronze,Occasional,Yes
1854,Donald,Perez,donald.perez.1854@icloud.com,(440) 216-2557,Cleveland,OH,Midwest,1958,Male,2024-11-26,Consumer,Gold,Regular,Yes
1855,Donald,Thompson,donald.thompson.1855@protonmail.com,(546) 338-5276,Indianapolis,IN,Midwest,1968,Male,2023-05-02,Enterprise,Silver,Frequent,No
1856,Abigail,Torres,abigail.torres.1856@gmail.com,(556) 947-8538,Las Vegas,NV,West,1971,Female,2024-04-25,Small Business,Gold,Occasional,Yes
1857,Donald,Thompson,donald.thompson.1857@yahoo.com,(636) 200-7437,Houston,TX,South,1980,Male,2024-07-31,Consumer,Bronze,Regular,Yes
1858,David,Garcia,david.garcia.1858@protonmail.com,(370) 318-7810,New York,NY,Northeast,1949,Male,2025-04-21,Consumer,Gold,Frequent,Yes
1859,Jennifer,Perez,jennifer.perez.1859@gmail.com,(702) 962-4516,Columbus,OH,Midwest,1983,Female,2025-05-07,Consumer,Bronze,Regular,Yes
1860,George,Lee,george.lee.1860@gmail.com,(468) 370-9375,Phoenix,AZ,West,1966,Male,2026-01-10,Consumer,Bronze,Frequent,Yes
1861,Christopher,Perez,christopher.perez.1861@outlook.com,(250) 294-4508,Seattle,WA,West,2003,Male,2024-09-21,Consumer,Silver,VIP,Yes
1862,Linda,Davis,linda.davis.1862@yahoo.com,(560) 255-7386,Nashville,TN,South,1974,Female,2023-10-21,Consumer,Gold,Occasional,Yes
1863,Sandra,Jackson,sandra.jackson.1863@outlook.com,(906) 634-9776,Columbus,OH,Midwest,2003,Female,2023-05-26,Consumer,Bronze,Frequent,Yes
1864,Amanda,Taylor,amanda.taylor.1864@protonmail.com,(813) 561-4468,St. Louis,MO,Midwest,2003,Female,2024-03-15,Consumer,Silver,VIP,Yes
1865,John,Moore,john.moore.1865@gmail.com,(790) 323-1273,Phoenix,AZ,West,1993,Male,2026-07-06,Consumer,Silver,Occasional,Yes
1866,Brian,Martinez,brian.martinez.1866@icloud.com,(669) 723-1924,Nashville,TN,South,1997,Male,2024-03-26,Consumer,Gold,Occasional,No
1867,Christopher,Wilson,christopher.wilson.1867@gmail.com,(752) 526-9230,Detroit,MI,Midwest,1973,Male,2024-06-25,Consumer,Bronze,Occasional,Yes
1868,Linda,Rodriguez,linda.rodriguez.1868@outlook.com,(438) 495-7047,Phoenix,AZ,West,1967,Female,2025-12-29,Consumer,Bronze,Regular,Yes
1869,George,Young,george.young.1869@protonmail.com,(498) 931-8508,Detroit,MI,Midwest,2004,Male,2026-08-29,Small Business,Bronze,Occasional,Yes
1870,George,Torres,george.torres.1870@outlook.com,(395) 834-7048,Richmond,VA,South,1971,Male,2023-09-19,Small Business,Bronze,Frequent,Yes
1871,William,Davis,william.davis.1871@gmail.com,(990) 288-3123,Pittsburgh,PA,Northeast,1963,Male,2023-05-16,Consumer,Gold,Occasional,Yes
1872,Christina,Robinson,christina.robinson.1872@outlook.com,(924) 375-7345,Phoenix,AZ,West,1945,Female,2023-11-22,Enterprise,Bronze,Regular,Yes
1873,Joseph,Scott,joseph.scott.1873@gmail.com,(957) 547-9741,Detroit,MI,Midwest,2000,Male,2025-11-16,Consumer,Bronze,Occasional,Yes
1874,Mark,Lopez,mark.lopez.1874@gmail.com,(598) 781-5336,Detroit,MI,Midwest,1988,Male,2025-12-28,Consumer,Bronze,Regular,Yes
1875,Brandon,Rodriguez,brandon.rodriguez.1875@gmail.com,(707) 478-2509,Las Vegas,NV,West,1999,Male,2024-06-28,Consumer,Bronze,Regular,Yes
1876,William,Smith,william.smith.1876@icloud.com,(761) 690-4465,San Diego,CA,West,2002,Male,2026-03-31,Small Business,Platinum,Regular,Yes
1877,William,Hill,william.hill.1877@outlook.com,(819) 536-5217,Atlanta,GA,South,1976,Male,2026-06-23,Consumer,Bronze,Occasional,Yes
1878,Lauren,Brown,lauren.brown.1878@protonmail.com,(780) 862-6403,Phoenix,AZ,West,2005,Female,2023-09-01,Enterprise,Silver,Regular,Yes
1879,William,Garcia,william.garcia.1879@icloud.com,(963) 595-6035,Seattle,WA,West,2002,Male,2023-05-05,Consumer,Bronze,Frequent,Yes
1880,Michael,Robinson,michael.robinson.1880@gmail.com,(339) 811-2377,Indianapolis,IN,Midwest,1979,Male,2025-03-01,Consumer,Bronze,Occasional,Yes
1881,Paul,Torres,paul.torres.1881@outlook.com,(456) 742-8473,Denver,CO,West,1975,Male,2023-03-15,Consumer,Silver,Regular,Yes
1882,Edward,Gonzalez,edward.gonzalez.1882@gmail.com,(898) 667-3972,Columbus,OH,Midwest,1947,Male,2024-02-17,Consumer,Bronze,Occasional,Yes
1883,Amanda,Martinez,amanda.martinez.1883@outlook.com,(651) 850-2122,Miami,FL,South,1951,Female,2024-03-06,Small Business,Silver,Regular,Yes
1884,Christina,Taylor,christina.taylor.1884@protonmail.com,(420) 919-6767,St. Louis,MO,Midwest,1991,Female,2024-01-26,Consumer,Silver,Occasional,Yes
1885,Jason,Sanchez,jason.sanchez.1885@gmail.com,(590) 999-4730,San Diego,CA,West,1964,Male,2024-06-17,Consumer,Gold,VIP,Yes
1886,David,Young,david.young.1886@gmail.com,(454) 744-2467,Las Vegas,NV,West,1985,Male,2024-08-30,Small Business,Bronze,Occasional,Yes
1887,Mary,Allen,mary.allen.1887@gmail.com,(802) 893-3229,New York,NY,Northeast,1991,Female,2024-09-19,Consumer,Silver,Frequent,Yes
1888,John,Hill,john.hill.1888@icloud.com,(940) 641-4688,Miami,FL,South,1953,Male,2025-10-15,Consumer,Bronze,Regular,Yes
1889,Andrew,Thomas,andrew.thomas.1889@outlook.com,(660) 204-5426,Atlanta,GA,South,1986,Male,2024-01-27,Consumer,Silver,Regular,Yes
1890,Olivia,Brown,olivia.brown.1890@outlook.com,(542) 528-4122,Minneapolis,MN,Midwest,2002,Female,2026-05-27,Consumer,Bronze,Occasional,Yes
1891,Joseph,Garcia,joseph.garcia.1891@yahoo.com,(400) 663-7309,Portland,OR,West,1985,Male,2023-10-30,Consumer,Silver,Regular,Yes
1892,Anthony,Hernandez,anthony.hernandez.1892@icloud.com,(365) 372-4748,Houston,TX,South,1964,Male,2024-08-09,Small Business,Silver,Frequent,Yes
1893,Lisa,Rodriguez,lisa.rodriguez.1893@icloud.com,(578) 213-2052,Nashville,TN,South,1953,Female,2026-04-25,Consumer,Silver,Occasional,Yes
1894,Richard,Rodriguez,richard.rodriguez.1894@yahoo.com,(487) 712-1571,Dallas,TX,South,1963,Male,2024-01-23,Consumer,Bronze,Regular,Yes
1895,James,Allen,james.allen.1895@icloud.com,(711) 419-8469,Newark,NJ,Northeast,1970,Male,2024-10-19,Consumer,Silver,Occasional,No
1896,Christina,Lewis,christina.lewis.1896@outlook.com,(853) 557-2197,Denver,CO,West,1948,Female,2026-06-28,Consumer,Bronze,Occasional,Yes
1897,Nancy,Hernandez,nancy.hernandez.1897@yahoo.com,(921) 369-7973,San Francisco,CA,West,1954,Female,2025-01-31,Consumer,Bronze,Frequent,Yes
1898,Rebecca,Moore,rebecca.moore.1898@gmail.com,(804) 634-4447,Denver,CO,West,1984,Female,2025-08-23,Small Business,Bronze,Occasional,Yes
1899,William,Jackson,william.jackson.1899@outlook.com,(413) 296-6884,Dallas,TX,South,1980,Male,2024-05-01,Enterprise,Silver,Occasional,Yes
1900,Sophia,Wright,sophia.wright.1900@yahoo.com,(958) 418-4430,Denver,CO,West,1975,Female,2025-09-07,Consumer,Bronze,Regular,Yes
1901,Margaret,Flores,margaret.flores.1901@yahoo.com,(918) 844-9475,Newark,NJ,Northeast,1965,Female,2024-01-23,Consumer,Bronze,VIP,Yes
1902,Thomas,Miller,thomas.miller.1902@outlook.com,(935) 460-8382,Atlanta,GA,South,1957,Male,2025-07-20,Consumer,Silver,Occasional,Yes
1903,Joshua,Sanchez,joshua.sanchez.1903@icloud.com,(473) 283-7570,Chicago,IL,Midwest,1991,Male,2024-12-06,Consumer,Bronze,Frequent,Yes
1904,Jason,Lee,jason.lee.1904@protonmail.com,(698) 446-8308,Miami,FL,South,2004,Male,2023-10-25,Consumer,Bronze,Regular,Yes
1905,Jacob,Wright,jacob.wright.1905@outlook.com,(311) 464-2331,Las Vegas,NV,West,1995,Male,2024-11-21,Consumer,Bronze,Occasional,Yes
1906,Elizabeth,Lee,elizabeth.lee.1906@protonmail.com,(724) 929-8268,Denver,CO,West,1985,Female,2025-11-14,Small Business,Bronze,Regular,Yes
1907,James,Miller,james.miller.1907@icloud.com,(678) 617-3079,Philadelphia,PA,Northeast,1990,Male,2023-05-20,Consumer,Silver,Frequent,Yes
1908,Patricia,Taylor,patricia.taylor.1908@protonmail.com,(258) 984-4635,Denver,CO,West,1993,Female,2026-03-30,Small Business,Gold,Frequent,Yes
1909,Richard,Sanchez,richard.sanchez.1909@yahoo.com,(808) 247-1706,Newark,NJ,Northeast,1981,Male,2023-03-10,Consumer,Bronze,Frequent,Yes
1910,Lauren,Williams,lauren.williams.1910@protonmail.com,(448) 222-2793,Seattle,WA,West,1986,Female,2024-06-08,Small Business,Platinum,Occasional,Yes
1911,Jennifer,Nguyen,jennifer.nguyen.1911@yahoo.com,(924) 864-1158,St. Louis,MO,Midwest,1952,Female,2024-10-01,Small Business,Bronze,Regular,Yes
1912,Barbara,Walker,barbara.walker.1912@protonmail.com,(821) 729-1407,Houston,TX,South,1975,Female,2023-02-23,Consumer,Silver,Occasional,Yes
1913,David,Jones,david.jones.1913@protonmail.com,(404) 770-9897,Providence,RI,Northeast,1986,Nonbinary,2024-03-16,Small Business,Gold,Regular,Yes
1914,Karen,Clark,karen.clark.1914@gmail.com,(892) 902-4108,Cleveland,OH,Midwest,2002,Female,2026-08-29,Consumer,Gold,Occasional,Yes
1915,Emily,Flores,emily.flores.1915@protonmail.com,(432) 460-9605,Charlotte,NC,South,1985,Female,2023-05-18,Consumer,Bronze,Regular,Yes
1916,Karen,Jackson,karen.jackson.1916@protonmail.com,(349) 570-4607,Buffalo,NY,Northeast,1963,Female,2023-02-18,Consumer,Platinum,Occasional,No
1917,Michael,Williams,michael.williams.1917@outlook.com,(412) 691-2426,Orlando,FL,South,1978,Male,2026-02-13,Consumer,Silver,Occasional,Yes
1918,Lisa,Nguyen,lisa.nguyen.1918@protonmail.com,(966) 963-8211,Cleveland,OH,Midwest,1977,Female,2026-03-02,Enterprise,Silver,VIP,Yes
1919,Justin,Perez,justin.perez.1919@protonmail.com,(271) 840-6708,Nashville,TN,South,1978,Male,2024-10-20,Consumer,Gold,Regular,Yes
1920,Brandon,Walker,brandon.walker.1920@protonmail.com,(719) 203-6567,Atlanta,GA,South,1995,Male,2023-09-15,Consumer,Gold,Regular,Yes
1921,Richard,Young,richard.young.1921@gmail.com,(723) 323-9379,Houston,TX,South,1986,Male,2025-11-21,Consumer,Bronze,Occasional,No
1922,Paul,Rodriguez,paul.rodriguez.1922@gmail.com,(219) 429-2627,Houston,TX,South,1955,Male,2023-06-24,Consumer,Bronze,Occasional,Yes
1923,Anthony,Thompson,anthony.thompson.1923@outlook.com,(213) 477-7143,Orlando,FL,South,1972,Male,2026-02-02,Consumer,Gold,Regular,Yes
1924,David,Ramirez,david.ramirez.1924@icloud.com,(652) 428-9202,Houston,TX,South,1994,Male,2025-05-29,Consumer,Bronze,Occasional,Yes
1925,Thomas,Jackson,thomas.jackson.1925@outlook.com,(905) 767-2243,San Diego,CA,West,2002,Male,2023-02-13,Consumer,Silver,Frequent,Yes
1926,Amanda,Martinez,amanda.martinez.1926@gmail.com,(450) 434-3406,Charlotte,NC,South,1994,Female,2025-06-01,Consumer,Bronze,Regular,Yes
1927,Steven,Robinson,steven.robinson.1927@yahoo.com,(619) 854-9204,Philadelphia,PA,Northeast,1952,Male,2026-07-03,Enterprise,Bronze,Regular,Yes
1928,Barbara,Harris,barbara.harris.1928@yahoo.com,(318) 980-7112,Boston,MA,Northeast,1997,Female,2023-10-22,Consumer,Bronze,Regular,No
1929,Jennifer,Miller,jennifer.miller.1929@protonmail.com,(758) 841-5019,Las Vegas,NV,West,1996,Female,2024-10-12,Small Business,Bronze,Frequent,No
1930,Megan,Smith,megan.smith.1930@icloud.com,(540) 385-1311,Charlotte,NC,South,1965,Female,2026-06-06,Consumer,Gold,Occasional,Yes
1931,Michael,Martin,michael.martin.1931@yahoo.com,(458) 516-5223,Indianapolis,IN,Midwest,1963,Male,2026-02-25,Consumer,Bronze,Occasional,No
1932,Kevin,Moore,kevin.moore.1932@icloud.com,(372) 622-9258,St. Louis,MO,Midwest,2005,Male,2025-09-16,Consumer,Bronze,Frequent,Yes
1933,Sophia,Harris,sophia.harris.1933@gmail.com,(255) 565-5061,Hartford,CT,Northeast,1955,Female,2023-06-28,Consumer,Bronze,Regular,No
1934,Joseph,Torres,joseph.torres.1934@icloud.com,(418) 267-9026,Hartford,CT,Northeast,1968,Male,2024-07-07,Consumer,Silver,Occasional,Yes
1935,Sandra,Wright,sandra.wright.1935@yahoo.com,(934) 482-6792,Denver,CO,West,1985,Female,2026-08-01,Small Business,Bronze,Occasional,Yes
1936,Michael,Brown,michael.brown.1936@yahoo.com,(204) 534-1553,Houston,TX,South,1970,Male,2023-06-12,Consumer,Bronze,Occasional,Yes
1937,Paul,Davis,paul.davis.1937@outlook.com,(931) 247-8834,Las Vegas,NV,West,1962,Male,2024-06-03,Small Business,Gold,Regular,Yes
1938,Sandra,Nguyen,sandra.nguyen.1938@outlook.com,(497) 537-9016,Seattle,WA,West,1957,Female,2023-08-02,Consumer,Gold,Regular,Yes
1939,Sandra,Johnson,sandra.johnson.1939@outlook.com,(835) 343-5411,Los Angeles,CA,West,1948,Prefer not to say,2026-05-28,Consumer,Bronze,Regular,Yes
1940,James,Gonzalez,james.gonzalez.1940@gmail.com,(682) 245-9580,Miami,FL,South,2003,Male,2023-05-11,Consumer,Bronze,Regular,No
1941,Edward,Flores,edward.flores.1941@gmail.com,(482) 207-3181,Atlanta,GA,South,1948,Male,2023-11-20,Consumer,Bronze,Regular,Yes
1942,Stephanie,Allen,stephanie.allen.1942@yahoo.com,(965) 535-4890,Orlando,FL,South,1998,Female,2023-11-08,Small Business,Silver,Frequent,Yes
1943,Nicole,Jones,nicole.jones.1943@icloud.com,(228) 414-6717,Las Vegas,NV,West,1997,Female,2026-08-24,Consumer,Bronze,Regular,Yes
1944,Justin,Thompson,justin.thompson.1944@protonmail.com,(786) 542-6300,Dallas,TX,South,1971,Male,2024-01-27,Consumer,Silver,Occasional,Yes
1945,Richard,Jackson,richard.jackson.1945@gmail.com,(452) 457-5512,Richmond,VA,South,1994,Prefer not to say,2025-12-28,Consumer,Bronze,Regular,Yes
1946,William,Scott,william.scott.1946@icloud.com,(675) 461-8051,Cleveland,OH,Midwest,1964,Male,2023-09-04,Consumer,Bronze,Regular,Yes
1947,David,Rodriguez,david.rodriguez.1947@protonmail.com,(731) 723-2565,Nashville,TN,South,1971,Male,2025-11-28,Small Business,Bronze,Occasional,Yes
1948,Thomas,Scott,thomas.scott.1948@yahoo.com,(606) 362-3627,Nashville,TN,South,1970,Male,2024-08-30,Consumer,Gold,Frequent,Yes
1949,Kevin,Allen,kevin.allen.1949@icloud.com,(444) 267-7007,Nashville,TN,South,1961,Male,2025-12-02,Enterprise,Silver,Frequent,Yes
1950,Mary,Ramirez,mary.ramirez.1950@protonmail.com,(717) 969-9207,Newark,NJ,Northeast,1986,Female,2024-10-02,Consumer,Bronze,Regular,Yes
1951,Melissa,Martin,melissa.martin.1951@yahoo.com,(711) 995-6123,Detroit,MI,Midwest,1967,Female,2024-10-02,Enterprise,Bronze,Regular,Yes
1952,Robert,Allen,robert.allen.1952@yahoo.com,(382) 599-4968,Cleveland,OH,Midwest,1957,Male,2024-02-19,Consumer,Bronze,Occasional,Yes
1953,Melissa,Gonzalez,melissa.gonzalez.1953@protonmail.com,(337) 886-3589,Las Vegas,NV,West,1973,Female,2023-09-07,Consumer,Bronze,Regular,Yes
1954,Sophia,Scott,sophia.scott.1954@protonmail.com,(219) 381-1483,Richmond,VA,South,1959,Female,2026-04-15,Small Business,Bronze,Regular,Yes
1955,David,Martinez,david.martinez.1955@yahoo.com,(781) 914-4372,Chicago,IL,Midwest,1954,Male,2024-10-22,Consumer,Silver,Occasional,No
1956,Jessica,Thompson,jessica.thompson.1956@protonmail.com,(464) 840-1022,Atlanta,GA,South,1955,Female,2025-07-21,Consumer,Bronze,Frequent,Yes
1957,Lauren,Taylor,lauren.taylor.1957@outlook.com,(432) 605-9320,Columbus,OH,Midwest,1984,Female,2026-04-06,Consumer,Bronze,Occasional,Yes
1958,Andrew,Smith,andrew.smith.1958@gmail.com,(526) 298-4405,Detroit,MI,Midwest,1957,Male,2023-02-02,Consumer,Gold,Regular,No
1959,Stephanie,Rodriguez,stephanie.rodriguez.1959@protonmail.com,(384) 321-3291,Columbus,OH,Midwest,1972,Female,2025-12-14,Enterprise,Silver,Regular,No
1960,Nancy,Jackson,nancy.jackson.1960@protonmail.com,(247) 438-9902,Detroit,MI,Midwest,1998,Female,2026-08-07,Consumer,Bronze,VIP,Yes
1961,Steven,Perez,steven.perez.1961@icloud.com,(530) 997-2284,Miami,FL,South,1967,Male,2024-12-19,Consumer,Silver,Occasional,Yes
1962,Megan,White,megan.white.1962@icloud.com,(207) 287-6362,Dallas,TX,South,1980,Female,2024-10-18,Enterprise,Bronze,Regular,Yes
1963,Brian,Johnson,brian.johnson.1963@yahoo.com,(232) 523-7608,Houston,TX,South,2003,Male,2025-02-21,Consumer,Bronze,Occasional,Yes
1964,Barbara,Ramirez,barbara.ramirez.1964@gmail.com,(476) 314-8035,Charlotte,NC,South,1972,Female,2025-09-20,Consumer,Bronze,Frequent,Yes
1965,Lauren,Allen,lauren.allen.1965@gmail.com,(578) 850-5268,Columbus,OH,Midwest,1952,Female,2023-06-08,Consumer,Bronze,Regular,Yes
1966,Kevin,Hill,kevin.hill.1966@gmail.com,(303) 311-5325,Detroit,MI,Midwest,1999,Male,2025-06-12,Consumer,Silver,Regular,Yes
1967,Jennifer,Lopez,jennifer.lopez.1967@icloud.com,(805) 531-5324,Indianapolis,IN,Midwest,1951,Female,2026-07-18,Consumer,Bronze,Regular,Yes
1968,Nicole,Wilson,nicole.wilson.1968@protonmail.com,(568) 725-7716,Portland,OR,West,1991,Female,2026-05-29,Small Business,Gold,Regular,Yes
1969,Jennifer,Lee,jennifer.lee.1969@protonmail.com,(573) 902-5170,Miami,FL,South,1963,Female,2025-10-29,Consumer,Gold,Regular,Yes
1970,Linda,Thompson,linda.thompson.1970@outlook.com,(943) 562-9482,Miami,FL,South,1959,Female,2024-04-16,Small Business,Bronze,VIP,No
1971,Anthony,Brown,anthony.brown.1971@outlook.com,(659) 216-6447,San Francisco,CA,West,1970,Male,2026-04-07,Consumer,Silver,Occasional,Yes
1972,George,Lopez,george.lopez.1972@gmail.com,(705) 563-3523,Houston,TX,South,1951,Male,2024-03-02,Small Business,Bronze,Occasional,Yes
1973,Elizabeth,Thompson,elizabeth.thompson.1973@outlook.com,(547) 554-2493,Seattle,WA,West,1994,Female,2026-01-29,Small Business,Bronze,Regular,Yes
1974,Nancy,Martin,nancy.martin.1974@icloud.com,(394) 944-1199,Los Angeles,CA,West,1967,Female,2023-12-15,Consumer,Silver,Regular,No
1975,Megan,Rodriguez,megan.rodriguez.1975@gmail.com,(699) 422-9312,Columbus,OH,Midwest,1961,Female,2025-08-29,Consumer,Bronze,Regular,Yes
1976,Jacob,Moore,jacob.moore.1976@protonmail.com,(228) 742-7139,Miami,FL,South,1971,Male,2023-03-10,Consumer,Bronze,Regular,No
1977,Sophia,Brown,sophia.brown.1977@yahoo.com,(951) 315-1439,New York,NY,Northeast,1963,Female,2023-11-04,Consumer,Bronze,Occasional,Yes
1978,Sandra,Wright,sandra.wright.1978@protonmail.com,(495) 657-2758,Nashville,TN,South,2005,Female,2023-01-08,Small Business,Bronze,Occasional,No
1979,Betty,Wright,betty.wright.1979@icloud.com,(417) 383-3004,Phoenix,AZ,West,1958,Female,2023-08-01,Consumer,Bronze,Regular,Yes
1980,Nicole,Wright,nicole.wright.1980@protonmail.com,(380) 937-8470,Columbus,OH,Midwest,1995,Female,2026-06-07,Small Business,Silver,Regular,Yes
1981,Ryan,Ramirez,ryan.ramirez.1981@yahoo.com,(861) 867-3994,Las Vegas,NV,West,1953,Male,2026-04-10,Consumer,Bronze,Regular,Yes
1982,Sarah,Young,sarah.young.1982@protonmail.com,(409) 969-8065,Miami,FL,South,1960,Female,2024-05-20,Consumer,Bronze,Regular,No
1983,Richard,Smith,richard.smith.1983@yahoo.com,(848) 897-9079,Milwaukee,WI,Midwest,1956,Male,2023-05-22,Consumer,Bronze,Regular,Yes
1984,Nathan,White,nathan.white.1984@gmail.com,(691) 794-1418,Denver,CO,West,1954,Male,2023-01-12,Consumer,Bronze,Occasional,No
1985,David,Allen,david.allen.1985@yahoo.com,(916) 920-9354,Nashville,TN,South,1953,Male,2026-03-10,Consumer,Bronze,Regular,Yes
1986,Betty,Lee,betty.lee.1986@gmail.com,(962) 527-6931,Charlotte,NC,South,1962,Female,2026-07-12,Consumer,Bronze,Occasional,Yes
1987,Anthony,Thompson,anthony.thompson.1987@yahoo.com,(678) 902-9707,Dallas,TX,South,1962,Male,2025-04-05,Consumer,Bronze,Regular,Yes
1988,Justin,Lopez,justin.lopez.1988@yahoo.com,(591) 343-8740,Atlanta,GA,South,1999,Male,2024-05-15,Small Business,Gold,Frequent,Yes
1989,Susan,Perez,susan.perez.1989@protonmail.com,(926) 468-7753,Philadelphia,PA,Northeast,1981,Female,2026-08-25,Small Business,Bronze,Frequent,Yes
1990,Donald,Miller,donald.miller.1990@icloud.com,(574) 487-6403,Charlotte,NC,South,1951,Male,2023-05-03,Consumer,Gold,Occasional,Yes
1991,Mary,Johnson,mary.johnson.1991@yahoo.com,(750) 568-1706,Cleveland,OH,Midwest,1993,Female,2023-10-12,Consumer,Silver,Regular,Yes
1992,Donald,Martin,donald.martin.1992@gmail.com,(728) 820-3015,Columbus,OH,Midwest,1979,Male,2024-05-16,Enterprise,Bronze,Frequent,Yes
1993,David,Lee,david.lee.1993@outlook.com,(611) 478-7800,Boston,MA,Northeast,1961,Male,2023-12-25,Consumer,Bronze,Regular,Yes
1994,Matthew,Lee,matthew.lee.1994@outlook.com,(972) 688-2888,Columbus,OH,Midwest,1983,Male,2023-05-12,Consumer,Gold,Regular,Yes
1995,Charles,Young,charles.young.1995@yahoo.com,(467) 921-8868,Charlotte,NC,South,1966,Male,2025-08-25,Consumer,Bronze,Occasional,No
1996,Mary,Sanchez,mary.sanchez.1996@yahoo.com,(320) 710-5303,Nashville,TN,South,1997,Prefer not to say,2026-03-14,Consumer,Bronze,Frequent,Yes
1997,Elizabeth,Flores,elizabeth.flores.1997@gmail.com,(331) 384-7218,Atlanta,GA,South,1973,Female,2023-03-08,Consumer,Gold,Occasional,Yes
1998,Daniel,Allen,daniel.allen.1998@yahoo.com,(844) 596-1388,Dallas,TX,South,2001,Male,2026-01-28,Small Business,Gold,Frequent,Yes
1999,Lauren,White,lauren.white.1999@yahoo.com,(919) 392-4651,Philadelphia,PA,Northeast,1996,Female,2025-01-31,Small Business,Gold,Regular,Yes
2000,Ashley,Johnson,ashley.johnson.2000@protonmail.com,(288) 413-1110,Orlando,FL,South,1959,Female,2024-09-05,Consumer,Bronze,Occasional,Yes
2001,William,Miller,william.miller.2001@protonmail.com,(942) 554-9228,Milwaukee,WI,Midwest,1960,Male,2023-06-26,Consumer,Bronze,Regular,Yes
2002,John,Scott,john.scott.2002@yahoo.com,(952) 378-6580,Orlando,FL,South,1975,Male,2025-10-05,Small Business,Bronze,Regular,Yes
2003,Anthony,Williams,anthony.williams.2003@outlook.com,(245) 576-4556,Newark,NJ,Northeast,1969,Male,2023-07-25,Consumer,Bronze,Occasional,Yes
2004,Brandon,Jackson,brandon.jackson.2004@protonmail.com,(532) 851-7900,Las Vegas,NV,West,1970,Male,2023-01-02,Consumer,Bronze,Regular,Yes
2005,Megan,Davis,megan.davis.2005@gmail.com,(307) 697-1151,Hartford,CT,Northeast,1956,Female,2025-05-19,Consumer,Gold,Frequent,Yes
2006,Sandra,Moore,sandra.moore.2006@gmail.com,(713) 278-1339,Detroit,MI,Midwest,1953,Female,2026-07-03,Consumer,Bronze,Frequent,Yes
2007,Donald,Rodriguez,donald.rodriguez.2007@icloud.com,(420) 291-2888,St. Louis,MO,Midwest,1984,Male,2025-05-17,Consumer,Bronze,Regular,No
2008,Mary,Hill,mary.hill.2008@protonmail.com,(224) 969-5378,Dallas,TX,South,2004,Female,2026-05-11,Enterprise,Silver,Occasional,Yes
2009,Charles,Rodriguez,charles.rodriguez.2009@gmail.com,(964) 283-4428,Providence,RI,Northeast,1962,Male,2023-12-05,Enterprise,Bronze,Frequent,Yes
2010,Patricia,Scott,patricia.scott.2010@gmail.com,(219) 967-8990,Las Vegas,NV,West,1975,Female,2026-04-13,Consumer,Bronze,Regular,Yes
2011,Nancy,Moore,nancy.moore.2011@yahoo.com,(650) 652-5317,Boston,MA,Northeast,1968,Female,2024-06-15,Consumer,Silver,Occasional,Yes
2012,Andrew,Taylor,andrew.taylor.2012@protonmail.com,(777) 311-4868,Dallas,TX,South,1950,Male,2024-11-15,Small Business,Bronze,Occasional,Yes
2013,Jason,Lewis,jason.lewis.2013@protonmail.com,(503) 267-7245,Houston,TX,South,1981,Male,2023-09-08,Consumer,Bronze,Occasional,No
2014,Robert,Jackson,robert.jackson.2014@gmail.com,(715) 635-7461,St. Louis,MO,Midwest,1981,Male,2026-01-25,Consumer,Silver,Frequent,No
2015,Mark,Walker,mark.walker.2015@gmail.com,(398) 484-8780,Miami,FL,South,1965,Male,2023-03-14,Consumer,Bronze,Frequent,Yes
2016,Richard,Davis,richard.davis.2016@gmail.com,(353) 382-5437,San Diego,CA,West,1979,Male,2025-07-21,Consumer,Gold,Regular,Yes
2017,Jessica,Taylor,jessica.taylor.2017@gmail.com,(592) 575-7622,Atlanta,GA,South,1988,Female,2023-01-04,Consumer,Silver,Occasional,Yes
2018,Justin,Young,justin.young.2018@gmail.com,(795) 444-4784,Seattle,WA,West,1974,Male,2023-06-07,Small Business,Bronze,Occasional,Yes
2019,Joshua,Harris,joshua.harris.2019@icloud.com,(529) 377-4569,Los Angeles,CA,West,1956,Male,2026-01-21,Consumer,Silver,Occasional,Yes
2020,Brian,Scott,brian.scott.2020@protonmail.com,(460) 675-5802,Philadelphia,PA,Northeast,1967,Male,2025-06-19,Consumer,Bronze,Regular,Yes
2021,Linda,White,linda.white.2021@gmail.com,(502) 466-1162,Phoenix,AZ,West,1994,Female,2023-04-29,Consumer,Silver,Frequent,No
2022,Charles,Lopez,charles.lopez.2022@protonmail.com,(350) 781-4840,Miami,FL,South,1992,Male,2023-12-25,Consumer,Bronze,Regular,Yes
2023,Emily,Scott,emily.scott.2023@gmail.com,(774) 577-4476,Seattle,WA,West,1967,Female,2025-12-20,Small Business,Silver,Frequent,No
2024,Anthony,Clark,anthony.clark.2024@yahoo.com,(298) 770-5824,Detroit,MI,Midwest,1949,Male,2023-08-24,Consumer,Silver,Regular,Yes
2025,Brandon,Harris,brandon.harris.2025@protonmail.com,(244) 919-5601,Portland,OR,West,1996,Male,2024-05-01,Consumer,Bronze,Frequent,Yes
2026,John,Jackson,john.jackson.2026@protonmail.com,(903) 268-5815,Nashville,TN,South,1966,Male,2026-04-14,Consumer,Bronze,VIP,Yes
2027,Emily,Anderson,emily.anderson.2027@yahoo.com,(657) 509-9038,Miami,FL,South,1948,Female,2024-06-21,Consumer,Silver,Regular,Yes
2028,Linda,Thompson,linda.thompson.2028@yahoo.com,(990) 269-3774,Detroit,MI,Midwest,1952,Female,2024-08-21,Consumer,Silver,Frequent,Yes
2029,Olivia,Smith,olivia.smith.2029@protonmail.com,(971) 881-3067,Buffalo,NY,Northeast,1995,Female,2023-07-06,Small Business,Bronze,Regular,Yes
2030,Ashley,Garcia,ashley.garcia.2030@icloud.com,(573) 313-3927,Denver,CO,West,1964,Female,2025-07-17,Small Business,Bronze,Frequent,Yes
2031,William,Lopez,william.lopez.2031@protonmail.com,(402) 594-3478,Nashville,TN,South,1953,Male,2023-04-29,Consumer,Silver,Occasional,Yes
2032,Thomas,Young,thomas.young.2032@outlook.com,(812) 310-4643,Atlanta,GA,South,1967,Male,2024-06-30,Consumer,Gold,VIP,Yes
2033,Patricia,Miller,patricia.miller.2033@icloud.com,(672) 653-4507,Orlando,FL,South,1996,Female,2024-07-27,Consumer,Bronze,Regular,Yes
2034,Thomas,Davis,thomas.davis.2034@icloud.com,(798) 212-9668,Las Vegas,NV,West,1963,Male,2026-01-04,Small Business,Silver,Occasional,Yes
2035,Amanda,Thomas,amanda.thomas.2035@yahoo.com,(339) 889-9280,Portland,OR,West,1974,Female,2026-08-21,Consumer,Bronze,Occasional,Yes
2036,John,Taylor,john.taylor.2036@outlook.com,(989) 590-2418,Denver,CO,West,1997,Nonbinary,2023-01-25,Consumer,Bronze,Regular,Yes
2037,Jacob,Taylor,jacob.taylor.2037@icloud.com,(649) 412-6858,Charlotte,NC,South,1948,Male,2025-07-13,Small Business,Bronze,Occasional,Yes
2038,Jacob,Lopez,jacob.lopez.2038@gmail.com,(309) 864-6813,Boston,MA,Northeast,1984,Male,2026-06-13,Consumer,Bronze,Regular,Yes
2039,Karen,Hernandez,karen.hernandez.2039@protonmail.com,(397) 499-6471,Los Angeles,CA,West,1951,Female,2026-04-26,Consumer,Bronze,Frequent,Yes
2040,Stephanie,Garcia,stephanie.garcia.2040@gmail.com,(529) 727-1133,Miami,FL,South,1999,Female,2025-08-22,Consumer,Silver,Occasional,Yes
2041,Megan,Ramirez,megan.ramirez.2041@icloud.com,(965) 800-6703,New York,NY,Northeast,1953,Female,2025-11-30,Consumer,Bronze,Regular,Yes
2042,Susan,Robinson,susan.robinson.2042@protonmail.com,(945) 737-9421,Hartford,CT,Northeast,1975,Female,2024-10-27,Consumer,Bronze,Frequent,Yes
2043,Nathan,Clark,nathan.clark.2043@protonmail.com,(577) 296-1000,Orlando,FL,South,1976,Male,2023-05-10,Consumer,Bronze,Occasional,Yes
2044,Abigail,Young,abigail.young.2044@yahoo.com,(656) 299-2467,Phoenix,AZ,West,1963,Female,2023-08-23,Consumer,Bronze,Frequent,Yes
2045,Barbara,King,barbara.king.2045@gmail.com,(763) 527-1505,Pittsburgh,PA,Northeast,1978,Female,2025-07-23,Consumer,Bronze,Occasional,No
2046,Nathan,Rodriguez,nathan.rodriguez.2046@yahoo.com,(586) 348-9845,Houston,TX,South,1961,Male,2023-01-29,Consumer,Gold,Regular,No
2047,Sophia,Wright,sophia.wright.2047@icloud.com,(455) 267-4836,Phoenix,AZ,West,1988,Female,2024-02-25,Consumer,Silver,Frequent,Yes
2048,Nicole,King,nicole.king.2048@protonmail.com,(209) 728-3556,Orlando,FL,South,1987,Female,2023-10-29,Small Business,Gold,Regular,Yes
2049,Melissa,Lopez,melissa.lopez.2049@yahoo.com,(299) 840-3068,Portland,OR,West,1986,Female,2023-08-10,Small Business,Bronze,Occasional,Yes
2050,Karen,Torres,karen.torres.2050@protonmail.com,(710) 717-9418,Pittsburgh,PA,Northeast,1972,Female,2025-03-13,Consumer,Bronze,Regular,Yes
2051,Jacob,Williams,jacob.williams.2051@outlook.com,(648) 220-1771,Philadelphia,PA,Northeast,1998,Male,2026-07-01,Consumer,Bronze,Frequent,Yes
2052,Anthony,Martinez,anthony.martinez.2052@yahoo.com,(798) 925-4188,Nashville,TN,South,1948,Male,2026-01-01,Consumer,Bronze,Regular,Yes
2053,Jennifer,Clark,jennifer.clark.2053@gmail.com,(598) 519-2516,Cleveland,OH,Midwest,1971,Prefer not to say,2026-07-31,Small Business,Silver,Regular,Yes
2054,Christopher,Ramirez,christopher.ramirez.2054@outlook.com,(617) 758-6669,Charlotte,NC,South,1994,Male,2023-01-20,Consumer,Silver,VIP,Yes
2055,Thomas,Thompson,thomas.thompson.2055@outlook.com,(264) 745-8461,Atlanta,GA,South,1975,Male,2025-01-30,Consumer,Silver,Occasional,Yes
2056,Thomas,Johnson,thomas.johnson.2056@outlook.com,(657) 904-2529,Portland,OR,West,1991,Male,2025-11-01,Consumer,Silver,Frequent,Yes
2057,Edward,Young,edward.young.2057@icloud.com,(697) 215-5834,Houston,TX,South,1967,Male,2025-07-09,Consumer,Bronze,Frequent,Yes
2058,Susan,Harris,susan.harris.2058@gmail.com,(929) 866-3085,San Francisco,CA,West,1979,Female,2024-12-28,Small Business,Gold,Regular,Yes
2059,Susan,Clark,susan.clark.2059@yahoo.com,(641) 245-9780,Portland,OR,West,2000,Female,2024-03-11,Consumer,Bronze,Regular,Yes
2060,Barbara,Rodriguez,barbara.rodriguez.2060@gmail.com,(255) 212-5135,Hartford,CT,Northeast,1990,Female,2025-11-18,Consumer,Bronze,Regular,Yes
2061,William,Ramirez,william.ramirez.2061@outlook.com,(838) 755-5932,Los Angeles,CA,West,2000,Male,2024-05-09,Consumer,Silver,Frequent,Yes
2062,Richard,Gonzalez,richard.gonzalez.2062@icloud.com,(888) 349-8006,Dallas,TX,South,1993,Male,2025-05-03,Consumer,Bronze,VIP,Yes
2063,Edward,Williams,edward.williams.2063@protonmail.com,(946) 416-8643,Milwaukee,WI,Midwest,1947,Male,2024-06-15,Small Business,Silver,Occasional,Yes
2064,Ryan,Wilson,ryan.wilson.2064@protonmail.com,(828) 779-4548,Portland,OR,West,1958,Male,2025-05-22,Small Business,Bronze,Occasional,Yes
2065,Michael,Lewis,michael.lewis.2065@protonmail.com,(751) 777-1209,Boston,MA,Northeast,1969,Male,2024-05-18,Small Business,Bronze,Occasional,Yes
2066,Donald,Hernandez,donald.hernandez.2066@icloud.com,(782) 538-6086,Miami,FL,South,1960,Male,2025-09-13,Consumer,Bronze,Regular,Yes
2067,Nathan,White,nathan.white.2067@gmail.com,(342) 488-9149,Philadelphia,PA,Northeast,2002,Male,2026-06-25,Consumer,Silver,Occasional,Yes
2068,Emily,Lopez,emily.lopez.2068@outlook.com,(806) 416-3702,Charlotte,NC,South,1975,Nonbinary,2025-07-15,Consumer,Bronze,Occasional,Yes
2069,Daniel,Flores,daniel.flores.2069@protonmail.com,(410) 951-3047,Miami,FL,South,1953,Male,2025-08-24,Consumer,Bronze,Frequent,Yes
2070,Nicole,Rodriguez,nicole.rodriguez.2070@icloud.com,(382) 252-7409,Richmond,VA,South,1975,Female,2025-12-31,Consumer,Silver,VIP,Yes
2071,Brian,Ramirez,brian.ramirez.2071@yahoo.com,(791) 495-9913,Seattle,WA,West,2004,Male,2023-11-28,Consumer,Silver,Regular,Yes
2072,Brian,Lopez,brian.lopez.2072@outlook.com,(599) 504-9479,Atlanta,GA,South,1965,Male,2023-04-21,Enterprise,Silver,Occasional,Yes
2073,Jacob,Thompson,jacob.thompson.2073@gmail.com,(677) 398-7681,Orlando,FL,South,1977,Male,2026-05-31,Small Business,Bronze,Occasional,Yes
2074,Nancy,Thomas,nancy.thomas.2074@icloud.com,(489) 418-3696,Atlanta,GA,South,2000,Female,2023-09-18,Consumer,Gold,Regular,Yes
2075,Robert,Miller,robert.miller.2075@protonmail.com,(951) 813-3693,Denver,CO,West,1951,Male,2025-09-15,Consumer,Bronze,Regular,Yes
2076,Nicole,Johnson,nicole.johnson.2076@gmail.com,(830) 478-4725,San Diego,CA,West,1985,Female,2026-03-16,Consumer,Gold,Occasional,Yes
2077,Thomas,Miller,thomas.miller.2077@protonmail.com,(790) 272-2097,Minneapolis,MN,Midwest,2000,Male,2026-07-20,Small Business,Bronze,Regular,Yes
2078,Daniel,White,daniel.white.2078@yahoo.com,(944) 884-2635,Miami,FL,South,1973,Male,2025-09-26,Consumer,Bronze,Occasional,Yes
2079,Brian,Moore,brian.moore.2079@icloud.com,(992) 933-9220,Indianapolis,IN,Midwest,1993,Male,2024-03-13,Consumer,Bronze,Regular,Yes
2080,Stephanie,Flores,stephanie.flores.2080@outlook.com,(528) 219-6778,Portland,OR,West,1948,Female,2025-04-24,Small Business,Bronze,Regular,Yes
2081,Joseph,Thomas,joseph.thomas.2081@icloud.com,(555) 395-1117,Houston,TX,South,1984,Male,2024-05-13,Small Business,Bronze,Occasional,Yes
2082,Paul,Brown,paul.brown.2082@icloud.com,(277) 878-5951,Houston,TX,South,1976,Male,2024-08-14,Consumer,Bronze,Frequent,Yes
2083,Patricia,Anderson,patricia.anderson.2083@outlook.com,(899) 528-8531,Nashville,TN,South,1951,Female,2024-05-11,Consumer,Silver,VIP,Yes
2084,Margaret,Young,margaret.young.2084@icloud.com,(449) 964-9867,Dallas,TX,South,1981,Nonbinary,2025-02-24,Consumer,Silver,Occasional,Yes
2085,Rebecca,Ramirez,rebecca.ramirez.2085@outlook.com,(743) 832-3661,Denver,CO,West,1980,Female,2024-04-29,Consumer,Bronze,Occasional,Yes
2086,Linda,Jones,linda.jones.2086@yahoo.com,(348) 556-9064,Miami,FL,South,2001,Female,2026-08-11,Consumer,Bronze,Frequent,Yes
2087,James,Martinez,james.martinez.2087@gmail.com,(787) 272-2347,Richmond,VA,South,1967,Male,2024-02-14,Consumer,Bronze,Regular,Yes
2088,Brian,Walker,brian.walker.2088@gmail.com,(671) 890-6886,Richmond,VA,South,2000,Male,2025-03-12,Consumer,Silver,Frequent,Yes
2089,Thomas,Taylor,thomas.taylor.2089@gmail.com,(869) 265-6454,Detroit,MI,Midwest,1985,Male,2026-07-28,Small Business,Bronze,Regular,Yes
2090,Margaret,Allen,margaret.allen.2090@yahoo.com,(484) 464-4464,Milwaukee,WI,Midwest,1991,Female,2024-06-10,Consumer,Bronze,Occasional,Yes
2091,Mary,Anderson,mary.anderson.2091@yahoo.com,(542) 673-6363,Milwaukee,WI,Midwest,1983,Female,2023-02-28,Consumer,Bronze,Occasional,Yes
2092,Nathan,Rodriguez,nathan.rodriguez.2092@protonmail.com,(940) 675-5046,Miami,FL,South,1962,Male,2026-06-27,Consumer,Silver,Regular,Yes
2093,Amanda,Jackson,amanda.jackson.2093@protonmail.com,(330) 886-4091,Miami,FL,South,1986,Female,2026-02-11,Consumer,Silver,Regular,Yes
2094,Kevin,Lewis,kevin.lewis.2094@outlook.com,(848) 352-9938,Providence,RI,Northeast,1954,Male,2026-02-21,Consumer,Gold,Frequent,Yes
2095,Donald,Garcia,donald.garcia.2095@outlook.com,(279) 275-7687,Nashville,TN,South,1955,Male,2026-01-03,Consumer,Bronze,Occasional,Yes
2096,Christopher,Ramirez,christopher.ramirez.2096@icloud.com,(698) 704-9857,Dallas,TX,South,1956,Male,2023-04-07,Consumer,Bronze,Regular,Yes
2097,Richard,Martinez,richard.martinez.2097@yahoo.com,(848) 647-1958,Milwaukee,WI,Midwest,1984,Male,2024-09-29,Small Business,Bronze,VIP,Yes
2098,Margaret,Hill,margaret.hill.2098@outlook.com,(507) 674-4285,Los Angeles,CA,West,1948,Female,2025-01-15,Consumer,Bronze,Occasional,No
2099,Matthew,Thompson,matthew.thompson.2099@outlook.com,(376) 765-8444,Cleveland,OH,Midwest,1986,Male,2023-11-16,Small Business,Platinum,Regular,Yes
2100,William,White,william.white.2100@yahoo.com,(208) 361-7957,San Diego,CA,West,1996,Male,2025-10-22,Consumer,Bronze,Occasional,Yes
2101,Lisa,Johnson,lisa.johnson.2101@icloud.com,(833) 829-5832,Denver,CO,West,1981,Female,2026-04-22,Consumer,Platinum,Occasional,Yes
2102,William,Lewis,william.lewis.2102@gmail.com,(762) 947-5192,Orlando,FL,South,2003,Male,2026-06-01,Consumer,Gold,Frequent,Yes
2103,Lauren,Harris,lauren.harris.2103@gmail.com,(644) 845-3874,Houston,TX,South,1961,Prefer not to say,2025-01-21,Small Business,Bronze,Regular,Yes
2104,Brandon,Johnson,brandon.johnson.2104@gmail.com,(449) 858-9348,Las Vegas,NV,West,1974,Male,2024-02-15,Small Business,Bronze,Frequent,No
2105,John,Lewis,john.lewis.2105@protonmail.com,(247) 904-8539,Phoenix,AZ,West,1987,Nonbinary,2023-09-26,Consumer,Bronze,Occasional,Yes
2106,Margaret,Moore,margaret.moore.2106@gmail.com,(602) 236-9745,Minneapolis,MN,Midwest,1976,Female,2026-04-02,Consumer,Silver,Regular,Yes
2107,Susan,Wright,susan.wright.2107@icloud.com,(565) 692-7745,San Francisco,CA,West,1999,Female,2024-02-11,Small Business,Silver,Occasional,Yes
2108,Sandra,Davis,sandra.davis.2108@outlook.com,(907) 624-1242,Indianapolis,IN,Midwest,2001,Female,2026-08-23,Consumer,Silver,Occasional,Yes
2109,Richard,Ramirez,richard.ramirez.2109@protonmail.com,(609) 619-6828,New York,NY,Northeast,1976,Male,2024-09-15,Small Business,Bronze,Regular,Yes
2110,Margaret,Nguyen,margaret.nguyen.2110@icloud.com,(340) 747-9737,San Francisco,CA,West,1956,Female,2023-08-26,Consumer,Bronze,Regular,Yes
2111,Betty,Williams,betty.williams.2111@protonmail.com,(466) 763-6827,San Diego,CA,West,1959,Female,2026-04-29,Consumer,Gold,Occasional,Yes
2112,Anthony,Wilson,anthony.wilson.2112@yahoo.com,(646) 983-1360,Detroit,MI,Midwest,2005,Male,2024-10-25,Small Business,Bronze,Frequent,Yes
2113,Ryan,Scott,ryan.scott.2113@icloud.com,(907) 721-6501,Detroit,MI,Midwest,1977,Male,2023-05-22,Consumer,Bronze,Regular,Yes
2114,Anthony,Flores,anthony.flores.2114@protonmail.com,(693) 850-6084,Indianapolis,IN,Midwest,1969,Male,2025-10-31,Consumer,Gold,Occasional,Yes
2115,Richard,Brown,richard.brown.2115@protonmail.com,(716) 471-6357,Cleveland,OH,Midwest,1948,Male,2026-02-12,Consumer,Silver,Occasional,Yes
2116,Sandra,Brown,sandra.brown.2116@icloud.com,(242) 649-1217,San Diego,CA,West,1973,Female,2024-03-16,Consumer,Gold,Occasional,No
2117,Olivia,Martinez,olivia.martinez.2117@icloud.com,(838) 610-4495,Las Vegas,NV,West,1953,Female,2024-12-08,Enterprise,Bronze,Occasional,Yes
2118,James,Allen,james.allen.2118@outlook.com,(927) 645-6218,Atlanta,GA,South,1974,Male,2025-01-02,Small Business,Silver,Occasional,Yes
2119,Karen,Martin,karen.martin.2119@gmail.com,(326) 975-4573,Nashville,TN,South,1967,Female,2024-09-13,Consumer,Silver,Frequent,No
2120,Mary,Nguyen,mary.nguyen.2120@protonmail.com,(230) 520-9560,Las Vegas,NV,West,1987,Female,2024-08-27,Consumer,Silver,Frequent,Yes
2121,Sarah,Lewis,sarah.lewis.2121@outlook.com,(280) 292-9297,Detroit,MI,Midwest,1951,Female,2025-11-30,Enterprise,Bronze,Regular,Yes
2122,George,Nguyen,george.nguyen.2122@protonmail.com,(788) 204-2110,Orlando,FL,South,1964,Male,2026-04-01,Small Business,Silver,Regular,Yes
2123,Charles,Martin,charles.martin.2123@protonmail.com,(444) 387-8360,Houston,TX,South,1986,Male,2025-04-14,Consumer,Bronze,Regular,Yes
2124,Sandra,Rodriguez,sandra.rodriguez.2124@icloud.com,(575) 624-2225,Seattle,WA,West,1980,Female,2023-05-03,Consumer,Gold,Frequent,No
2125,James,Walker,james.walker.2125@gmail.com,(744) 813-8526,Atlanta,GA,South,1994,Male,2026-06-23,Consumer,Bronze,VIP,Yes
2126,Andrew,Johnson,andrew.johnson.2126@gmail.com,(546) 534-4276,Columbus,OH,Midwest,1979,Male,2024-10-19,Consumer,Bronze,Occasional,Yes
2127,Emily,Robinson,emily.robinson.2127@gmail.com,(472) 645-7551,Miami,FL,South,1975,Female,2023-04-09,Enterprise,Silver,Occasional,No
2128,Nancy,Young,nancy.young.2128@protonmail.com,(603) 940-5238,Charlotte,NC,South,1987,Female,2026-07-29,Consumer,Bronze,VIP,Yes
2129,Michael,Anderson,michael.anderson.2129@icloud.com,(562) 390-5395,Richmond,VA,South,1977,Male,2025-07-15,Consumer,Silver,Frequent,Yes
2130,Mark,Moore,mark.moore.2130@protonmail.com,(616) 361-9675,Richmond,VA,South,1972,Male,2023-11-09,Small Business,Bronze,Occasional,No
2131,Paul,Miller,paul.miller.2131@outlook.com,(937) 766-6345,Charlotte,NC,South,1948,Male,2023-09-01,Small Business,Silver,Regular,Yes
2132,William,Hill,william.hill.2132@protonmail.com,(307) 414-2981,New York,NY,Northeast,1945,Male,2026-02-26,Small Business,Gold,Frequent,Yes
2133,David,Clark,david.clark.2133@icloud.com,(926) 770-5239,Charlotte,NC,South,1961,Male,2023-04-14,Consumer,Silver,Occasional,No
2134,Robert,Lee,robert.lee.2134@protonmail.com,(634) 696-7153,Boston,MA,Northeast,1957,Male,2026-06-13,Consumer,Silver,VIP,Yes
2135,Nancy,Williams,nancy.williams.2135@protonmail.com,(880) 385-6740,St. Louis,MO,Midwest,1974,Female,2023-08-11,Consumer,Bronze,Frequent,Yes
2136,Rebecca,Rodriguez,rebecca.rodriguez.2136@gmail.com,(457) 605-2515,Hartford,CT,Northeast,2005,Female,2024-11-26,Consumer,Gold,Regular,Yes
2137,Richard,Garcia,richard.garcia.2137@gmail.com,(947) 879-1990,Indianapolis,IN,Midwest,1974,Male,2025-07-03,Consumer,Bronze,Regular,Yes
2138,Ashley,Miller,ashley.miller.2138@icloud.com,(670) 917-8003,Orlando,FL,South,1976,Female,2025-07-02,Consumer,Silver,Regular,Yes
2139,Justin,Taylor,justin.taylor.2139@icloud.com,(257) 656-4473,Hartford,CT,Northeast,1978,Male,2025-05-09,Consumer,Bronze,Occasional,Yes
2140,Paul,Lewis,paul.lewis.2140@outlook.com,(941) 697-3666,Columbus,OH,Midwest,1974,Male,2023-12-07,Consumer,Bronze,Frequent,No
2141,Emma,Young,emma.young.2141@outlook.com,(331) 775-4749,Detroit,MI,Midwest,1951,Female,2025-06-07,Small Business,Bronze,Regular,Yes
2142,Justin,Wilson,justin.wilson.2142@protonmail.com,(955) 266-8136,Chicago,IL,Midwest,1989,Male,2026-04-26,Consumer,Bronze,Regular,Yes
2143,Karen,Ramirez,karen.ramirez.2143@protonmail.com,(908) 916-8547,Orlando,FL,South,1975,Female,2023-08-13,Consumer,Bronze,Frequent,Yes
2144,Robert,Sanchez,robert.sanchez.2144@yahoo.com,(853) 322-2152,Nashville,TN,South,1967,Prefer not to say,2024-08-12,Consumer,Bronze,Regular,Yes
2145,Richard,White,richard.white.2145@yahoo.com,(216) 675-4291,Milwaukee,WI,Midwest,1988,Male,2026-01-16,Consumer,Bronze,Regular,Yes
2146,Ryan,Sanchez,ryan.sanchez.2146@yahoo.com,(850) 996-2737,Chicago,IL,Midwest,1987,Male,2023-06-26,Consumer,Silver,Frequent,Yes
2147,Paul,Martinez,paul.martinez.2147@gmail.com,(698) 758-2114,Hartford,CT,Northeast,1998,Male,2025-07-17,Consumer,Bronze,Regular,Yes
2148,Rebecca,King,rebecca.king.2148@outlook.com,(214) 954-8576,Indianapolis,IN,Midwest,1990,Female,2025-09-11,Consumer,Bronze,Frequent,Yes
2149,Ashley,White,ashley.white.2149@outlook.com,(996) 992-7249,Minneapolis,MN,Midwest,1986,Female,2024-01-01,Consumer,Bronze,Frequent,Yes
2150,Sophia,Jackson,sophia.jackson.2150@protonmail.com,(833) 607-9380,Providence,RI,Northeast,1946,Female,2024-01-01,Consumer,Bronze,Regular,Yes
2151,Lauren,Lewis,lauren.lewis.2151@outlook.com,(509) 480-8957,Minneapolis,MN,Midwest,1993,Female,2025-02-28,Consumer,Bronze,Frequent,Yes
2152,Steven,Gonzalez,steven.gonzalez.2152@yahoo.com,(725) 559-4848,Boston,MA,Northeast,1997,Male,2023-10-07,Consumer,Silver,Occasional,Yes
2153,Sophia,Torres,sophia.torres.2153@icloud.com,(696) 957-4589,Seattle,WA,West,1982,Female,2023-07-03,Consumer,Bronze,Occasional,Yes
2154,Donald,Anderson,donald.anderson.2154@icloud.com,(265) 581-1066,New York,NY,Northeast,1994,Male,2023-08-26,Consumer,Bronze,Regular,No
2155,Sandra,Moore,sandra.moore.2155@yahoo.com,(519) 974-8871,San Francisco,CA,West,1974,Female,2024-01-29,Consumer,Bronze,Regular,Yes
2156,Patricia,Lee,patricia.lee.2156@yahoo.com,(269) 338-8452,Denver,CO,West,1993,Female,2023-06-09,Consumer,Silver,VIP,Yes
2157,Lauren,Allen,lauren.allen.2157@gmail.com,(313) 328-6458,San Diego,CA,West,1986,Female,2023-04-07,Consumer,Bronze,Regular,No
2158,Mark,Walker,mark.walker.2158@icloud.com,(224) 399-6943,New York,NY,Northeast,1949,Male,2024-01-11,Consumer,Bronze,Frequent,Yes
2159,Karen,Jackson,karen.jackson.2159@yahoo.com,(353) 543-5259,Nashville,TN,South,1955,Female,2023-04-21,Consumer,Bronze,Occasional,Yes
2160,Nathan,White,nathan.white.2160@icloud.com,(379) 944-1915,Miami,FL,South,1949,Male,2023-04-29,Consumer,Gold,Occasional,Yes
2161,Betty,Lee,betty.lee.2161@outlook.com,(265) 347-5461,Milwaukee,WI,Midwest,1995,Female,2024-11-01,Small Business,Bronze,VIP,Yes
2162,Lisa,Ramirez,lisa.ramirez.2162@gmail.com,(786) 977-6668,Orlando,FL,South,1977,Female,2025-09-07,Small Business,Silver,Frequent,No
2163,Emily,Rodriguez,emily.rodriguez.2163@yahoo.com,(217) 277-5390,Atlanta,GA,South,1945,Female,2023-05-08,Consumer,Silver,Frequent,Yes
2164,Robert,Clark,robert.clark.2164@yahoo.com,(382) 635-5324,Houston,TX,South,1957,Male,2024-07-04,Consumer,Bronze,Regular,Yes
2165,Emma,Davis,emma.davis.2165@gmail.com,(496) 888-1350,Indianapolis,IN,Midwest,1967,Female,2024-08-25,Consumer,Bronze,Regular,No
2166,Mark,Ramirez,mark.ramirez.2166@gmail.com,(598) 597-2654,Las Vegas,NV,West,1960,Male,2023-09-19,Consumer,Gold,Regular,Yes
2167,Megan,Rodriguez,megan.rodriguez.2167@protonmail.com,(349) 566-1235,Houston,TX,South,1976,Female,2026-07-28,Consumer,Bronze,Regular,Yes
2168,William,Hill,william.hill.2168@icloud.com,(671) 730-5948,Richmond,VA,South,1995,Male,2024-12-20,Small Business,Silver,Regular,Yes
2169,Ryan,Scott,ryan.scott.2169@outlook.com,(710) 542-8073,Indianapolis,IN,Midwest,1983,Male,2023-06-14,Consumer,Bronze,Occasional,Yes
2170,Joseph,Jackson,joseph.jackson.2170@icloud.com,(695) 947-2660,Houston,TX,South,1951,Male,2024-03-13,Consumer,Bronze,Frequent,Yes
2171,Donald,Brown,donald.brown.2171@outlook.com,(281) 390-5901,Minneapolis,MN,Midwest,1984,Male,2023-04-20,Consumer,Bronze,Regular,Yes
2172,Emma,Miller,emma.miller.2172@icloud.com,(313) 541-2416,Buffalo,NY,Northeast,1992,Female,2023-05-08,Consumer,Bronze,Occasional,Yes
2173,Stephanie,Smith,stephanie.smith.2173@gmail.com,(567) 500-4614,Orlando,FL,South,1996,Female,2026-03-13,Enterprise,Bronze,Frequent,Yes
2174,Nancy,Gonzalez,nancy.gonzalez.2174@icloud.com,(390) 951-7154,Indianapolis,IN,Midwest,1981,Female,2024-01-06,Consumer,Bronze,Frequent,Yes
2175,Christina,Nguyen,christina.nguyen.2175@outlook.com,(521) 213-6383,Cleveland,OH,Midwest,1954,Female,2023-06-30,Consumer,Silver,Occasional,Yes
2176,Olivia,Martinez,olivia.martinez.2176@icloud.com,(352) 958-5447,Charlotte,NC,South,1950,Female,2026-06-17,Consumer,Bronze,Regular,Yes
2177,Mark,Martin,mark.martin.2177@protonmail.com,(210) 708-6828,Newark,NJ,Northeast,1960,Male,2024-02-01,Small Business,Bronze,Regular,Yes
2178,Sophia,Scott,sophia.scott.2178@outlook.com,(589) 962-4292,Orlando,FL,South,1949,Female,2025-06-28,Consumer,Bronze,VIP,Yes
2179,William,Thomas,william.thomas.2179@yahoo.com,(776) 929-1985,Houston,TX,South,1996,Male,2023-09-25,Consumer,Silver,Regular,No
2180,Lauren,Williams,lauren.williams.2180@protonmail.com,(319) 485-4908,Charlotte,NC,South,1992,Female,2023-01-10,Consumer,Bronze,Frequent,Yes
2181,Olivia,Allen,olivia.allen.2181@icloud.com,(803) 810-9232,Philadelphia,PA,Northeast,1967,Female,2023-01-11,Consumer,Bronze,Regular,Yes
2182,Linda,Wilson,linda.wilson.2182@icloud.com,(560) 925-5373,Charlotte,NC,South,1976,Female,2024-02-28,Consumer,Bronze,Occasional,Yes
2183,Richard,Miller,richard.miller.2183@yahoo.com,(391) 560-9987,Chicago,IL,Midwest,1984,Male,2026-05-18,Consumer,Silver,Regular,Yes
2184,Nicole,Brown,nicole.brown.2184@outlook.com,(246) 567-7598,Charlotte,NC,South,1981,Female,2024-07-12,Consumer,Bronze,Regular,Yes
2185,Jacob,Jackson,jacob.jackson.2185@icloud.com,(328) 939-9987,Pittsburgh,PA,Northeast,1969,Male,2023-10-07,Small Business,Bronze,Occasional,Yes
2186,Melissa,Wilson,melissa.wilson.2186@yahoo.com,(610) 494-8319,Nashville,TN,South,1980,Female,2026-06-21,Consumer,Silver,Regular,Yes
2187,Kevin,Scott,kevin.scott.2187@icloud.com,(317) 368-6137,Nashville,TN,South,1949,Male,2025-04-11,Consumer,Bronze,Occasional,Yes
2188,Christopher,Thompson,christopher.thompson.2188@yahoo.com,(595) 871-3156,Phoenix,AZ,West,1980,Male,2023-03-10,Consumer,Gold,Regular,Yes
2189,Megan,Rodriguez,megan.rodriguez.2189@gmail.com,(314) 654-2609,Phoenix,AZ,West,1995,Female,2025-11-09,Consumer,Bronze,Occasional,Yes
2190,Joshua,King,joshua.king.2190@outlook.com,(924) 474-5225,Charlotte,NC,South,1952,Male,2023-03-28,Enterprise,Gold,Occasional,Yes
2191,Joseph,Gonzalez,joseph.gonzalez.2191@outlook.com,(726) 250-4333,Atlanta,GA,South,1969,Male,2023-10-12,Consumer,Bronze,Regular,Yes
2192,Patricia,Lee,patricia.lee.2192@protonmail.com,(525) 296-4914,Columbus,OH,Midwest,1980,Female,2024-08-10,Consumer,Silver,Regular,Yes
2193,Sarah,Brown,sarah.brown.2193@protonmail.com,(208) 709-3480,Portland,OR,West,1961,Female,2023-09-01,Consumer,Bronze,Occasional,Yes
2194,Susan,Johnson,susan.johnson.2194@gmail.com,(811) 713-6719,Richmond,VA,South,1984,Female,2023-01-27,Small Business,Bronze,Occasional,Yes
2195,Thomas,Thomas,thomas.thomas.2195@yahoo.com,(375) 928-4557,Orlando,FL,South,2005,Prefer not to say,2026-01-27,Consumer,Bronze,Occasional,Yes
2196,Anthony,Anderson,anthony.anderson.2196@protonmail.com,(528) 472-2827,Hartford,CT,Northeast,1959,Male,2023-02-11,Consumer,Bronze,Regular,Yes
2197,Melissa,Nguyen,melissa.nguyen.2197@gmail.com,(465) 475-3740,New York,NY,Northeast,1951,Female,2026-07-18,Consumer,Silver,Occasional,Yes
2198,Elizabeth,Young,elizabeth.young.2198@icloud.com,(644) 446-8803,Miami,FL,South,1989,Female,2026-04-04,Small Business,Bronze,Frequent,Yes
2199,William,Davis,william.davis.2199@icloud.com,(213) 376-7377,Indianapolis,IN,Midwest,2004,Male,2023-08-11,Small Business,Bronze,Occasional,No
2200,Susan,Wright,susan.wright.2200@yahoo.com,(281) 503-7818,Providence,RI,Northeast,1996,Female,2026-06-07,Small Business,Bronze,Regular,Yes
2201,Andrew,Harris,andrew.harris.2201@icloud.com,(799) 539-7893,Atlanta,GA,South,1959,Male,2023-03-05,Consumer,Bronze,Occasional,Yes
2202,Megan,Wright,megan.wright.2202@yahoo.com,(758) 601-8582,Cleveland,OH,Midwest,1955,Female,2023-08-21,Consumer,Bronze,VIP,Yes
2203,Steven,Allen,steven.allen.2203@gmail.com,(866) 387-9407,Richmond,VA,South,1976,Male,2026-02-17,Consumer,Bronze,Regular,Yes
2204,Jennifer,Anderson,jennifer.anderson.2204@gmail.com,(280) 671-1618,Minneapolis,MN,Midwest,1985,Female,2024-06-06,Consumer,Gold,VIP,Yes
2205,Betty,Taylor,betty.taylor.2205@protonmail.com,(511) 837-6479,Houston,TX,South,1973,Female,2024-05-15,Consumer,Silver,Frequent,Yes
2206,Nancy,Jackson,nancy.jackson.2206@icloud.com,(546) 401-9591,Denver,CO,West,1947,Female,2026-05-17,Consumer,Bronze,Regular,Yes
2207,Rachel,Lewis,rachel.lewis.2207@yahoo.com,(878) 984-5984,Las Vegas,NV,West,1974,Female,2024-05-26,Consumer,Bronze,Occasional,Yes
2208,Amanda,Martinez,amanda.martinez.2208@gmail.com,(837) 822-4069,Las Vegas,NV,West,1985,Female,2023-01-07,Enterprise,Bronze,Regular,Yes
2209,Patricia,Martinez,patricia.martinez.2209@outlook.com,(594) 321-1584,Newark,NJ,Northeast,1971,Female,2025-12-26,Consumer,Bronze,VIP,Yes
2210,Elizabeth,Jackson,elizabeth.jackson.2210@protonmail.com,(499) 488-4987,Atlanta,GA,South,1989,Female,2024-03-28,Consumer,Silver,Regular,No
2211,Rachel,Young,rachel.young.2211@gmail.com,(244) 334-6723,Pittsburgh,PA,Northeast,1970,Female,2026-04-07,Consumer,Silver,Occasional,Yes
2212,Christina,Brown,christina.brown.2212@yahoo.com,(203) 606-9944,Cleveland,OH,Midwest,1962,Female,2026-07-04,Consumer,Gold,Regular,Yes
2213,Robert,White,robert.white.2213@outlook.com,(955) 631-5306,Richmond,VA,South,1969,Male,2024-03-30,Small Business,Silver,Frequent,No
2214,Sophia,Perez,sophia.perez.2214@protonmail.com,(713) 521-9002,Miami,FL,South,1961,Female,2026-05-07,Consumer,Silver,Regular,Yes
2215,Betty,Walker,betty.walker.2215@yahoo.com,(788) 256-6237,Phoenix,AZ,West,1958,Female,2025-08-25,Consumer,Bronze,Occasional,Yes
2216,Susan,Young,susan.young.2216@protonmail.com,(567) 611-8231,Milwaukee,WI,Midwest,1991,Nonbinary,2023-07-07,Small Business,Bronze,Frequent,Yes
2217,Emily,Torres,emily.torres.2217@icloud.com,(431) 819-5178,Dallas,TX,South,1983,Female,2024-07-16,Enterprise,Silver,Regular,Yes
2218,Paul,Williams,paul.williams.2218@outlook.com,(803) 693-5915,Boston,MA,Northeast,1950,Male,2024-01-26,Consumer,Platinum,Occasional,Yes
2219,Christina,Walker,christina.walker.2219@protonmail.com,(624) 504-5426,San Diego,CA,West,1999,Female,2023-01-26,Consumer,Bronze,Regular,Yes
2220,Edward,Jackson,edward.jackson.2220@icloud.com,(709) 450-4727,Los Angeles,CA,West,1980,Male,2024-11-14,Consumer,Bronze,VIP,Yes
2221,Lauren,Smith,lauren.smith.2221@protonmail.com,(446) 901-4101,Portland,OR,West,1997,Female,2023-01-09,Consumer,Silver,Occasional,Yes
2222,Margaret,Gonzalez,margaret.gonzalez.2222@outlook.com,(913) 835-9742,Miami,FL,South,1967,Female,2024-07-20,Consumer,Silver,Occasional,Yes
2223,Ryan,Robinson,ryan.robinson.2223@icloud.com,(875) 618-4437,Indianapolis,IN,Midwest,1946,Male,2026-05-18,Small Business,Silver,Regular,Yes
2224,Abigail,Robinson,abigail.robinson.2224@protonmail.com,(645) 809-4691,Los Angeles,CA,West,1982,Prefer not to say,2024-07-25,Consumer,Bronze,Regular,Yes
2225,Sandra,Robinson,sandra.robinson.2225@protonmail.com,(211) 697-1057,Miami,FL,South,1962,Female,2025-04-29,Consumer,Bronze,Frequent,Yes
2226,Christina,Garcia,christina.garcia.2226@gmail.com,(236) 808-9612,San Diego,CA,West,1961,Female,2024-12-30,Consumer,Silver,Occasional,Yes
2227,Lisa,Davis,lisa.davis.2227@yahoo.com,(955) 505-6698,Providence,RI,Northeast,1983,Female,2025-02-09,Consumer,Bronze,Regular,No
2228,Justin,Davis,justin.davis.2228@outlook.com,(716) 863-7789,Orlando,FL,South,1980,Male,2023-09-25,Small Business,Bronze,Regular,Yes
2229,Barbara,Thomas,barbara.thomas.2229@icloud.com,(411) 410-9652,Richmond,VA,South,1988,Female,2024-09-12,Consumer,Bronze,Frequent,Yes
2230,Mary,Sanchez,mary.sanchez.2230@icloud.com,(867) 363-6545,Seattle,WA,West,1965,Female,2023-06-24,Consumer,Silver,Occasional,Yes
2231,Jason,Jones,jason.jones.2231@yahoo.com,(975) 292-6874,Charlotte,NC,South,1961,Male,2024-12-08,Small Business,Silver,Regular,Yes
2232,Nathan,Clark,nathan.clark.2232@protonmail.com,(946) 641-2301,Newark,NJ,Northeast,1990,Male,2023-07-02,Consumer,Bronze,Occasional,Yes
2233,Olivia,Garcia,olivia.garcia.2233@yahoo.com,(639) 779-1468,Pittsburgh,PA,Northeast,1955,Female,2026-01-13,Consumer,Gold,Occasional,Yes
2234,Olivia,Johnson,olivia.johnson.2234@yahoo.com,(957) 584-3368,Miami,FL,South,1966,Female,2026-05-22,Consumer,Silver,Occasional,Yes
2235,Edward,Lopez,edward.lopez.2235@protonmail.com,(510) 280-7835,San Francisco,CA,West,1955,Male,2024-05-27,Consumer,Gold,Occasional,Yes
2236,John,Torres,john.torres.2236@gmail.com,(876) 759-7828,Phoenix,AZ,West,1955,Male,2023-11-05,Consumer,Silver,Occasional,Yes
2237,Lisa,Thomas,lisa.thomas.2237@icloud.com,(498) 354-3165,Minneapolis,MN,Midwest,1951,Nonbinary,2023-07-10,Consumer,Bronze,Occasional,Yes
2238,Nicole,Lewis,nicole.lewis.2238@protonmail.com,(803) 310-3246,Houston,TX,South,1965,Female,2023-03-16,Consumer,Bronze,Frequent,Yes
2239,Steven,Harris,steven.harris.2239@protonmail.com,(645) 700-1553,Buffalo,NY,Northeast,1966,Male,2026-08-31,Consumer,Gold,Frequent,Yes
2240,George,Lopez,george.lopez.2240@gmail.com,(483) 225-1438,San Diego,CA,West,1985,Male,2025-10-30,Consumer,Silver,Frequent,Yes
2241,Edward,Garcia,edward.garcia.2241@protonmail.com,(523) 945-4239,Hartford,CT,Northeast,1975,Male,2024-02-23,Consumer,Bronze,Regular,Yes
2242,Brian,Jackson,brian.jackson.2242@yahoo.com,(723) 865-8715,Seattle,WA,West,1962,Male,2025-07-10,Small Business,Silver,Regular,Yes
2243,Betty,Sanchez,betty.sanchez.2243@protonmail.com,(946) 814-3227,Richmond,VA,South,2002,Prefer not to say,2024-02-07,Consumer,Silver,Regular,Yes
2244,Amanda,Harris,amanda.harris.2244@icloud.com,(895) 553-5548,Houston,TX,South,1996,Female,2024-06-30,Small Business,Bronze,Occasional,Yes
2245,Justin,Brown,justin.brown.2245@outlook.com,(233) 224-9093,Indianapolis,IN,Midwest,1974,Male,2025-07-19,Consumer,Platinum,Occasional,Yes
2246,Andrew,Thomas,andrew.thomas.2246@yahoo.com,(434) 812-6352,San Diego,CA,West,1961,Male,2024-01-05,Consumer,Bronze,VIP,Yes
2247,Jennifer,Williams,jennifer.williams.2247@yahoo.com,(730) 357-4160,Philadelphia,PA,Northeast,1968,Female,2025-04-11,Small Business,Gold,Regular,Yes
2248,Edward,King,edward.king.2248@gmail.com,(817) 592-3376,Phoenix,AZ,West,1951,Male,2025-07-18,Consumer,Bronze,Occasional,Yes
2249,Anthony,Taylor,anthony.taylor.2249@icloud.com,(966) 325-7144,Indianapolis,IN,Midwest,1989,Male,2026-01-18,Consumer,Silver,Regular,Yes
2250,Emily,Williams,emily.williams.2250@protonmail.com,(356) 244-6768,San Diego,CA,West,1985,Female,2023-04-24,Consumer,Silver,Regular,No
2251,Jason,Harris,jason.harris.2251@yahoo.com,(871) 849-2861,Seattle,WA,West,1960,Male,2024-11-13,Consumer,Platinum,Regular,Yes
2252,Patricia,Young,patricia.young.2252@gmail.com,(470) 326-4044,San Francisco,CA,West,1972,Female,2025-11-27,Small Business,Bronze,Regular,Yes
2253,Patricia,Thompson,patricia.thompson.2253@yahoo.com,(540) 322-5545,Charlotte,NC,South,1996,Nonbinary,2025-02-15,Consumer,Gold,Frequent,No
2254,Jessica,Brown,jessica.brown.2254@gmail.com,(804) 501-6396,Seattle,WA,West,1968,Female,2024-08-08,Consumer,Bronze,Regular,Yes
2255,Michael,Torres,michael.torres.2255@protonmail.com,(745) 427-7659,St. Louis,MO,Midwest,1981,Male,2023-12-16,Consumer,Silver,Regular,Yes
2256,John,Thomas,john.thomas.2256@protonmail.com,(669) 934-1599,Denver,CO,West,1950,Prefer not to say,2026-05-18,Small Business,Bronze,Occasional,Yes
2257,Abigail,Ramirez,abigail.ramirez.2257@gmail.com,(597) 778-1835,Nashville,TN,South,1980,Female,2023-05-11,Consumer,Gold,Regular,No
2258,Ryan,Lee,ryan.lee.2258@protonmail.com,(995) 274-3147,Portland,OR,West,1948,Male,2024-03-15,Consumer,Silver,Occasional,No
2259,Steven,King,steven.king.2259@gmail.com,(691) 891-9942,Nashville,TN,South,1949,Male,2024-08-28,Consumer,Platinum,Frequent,Yes
2260,Kevin,White,kevin.white.2260@gmail.com,(276) 946-1672,Richmond,VA,South,1974,Male,2025-08-07,Consumer,Bronze,Regular,Yes
2261,Ryan,Clark,ryan.clark.2261@protonmail.com,(321) 962-8324,San Diego,CA,West,2005,Nonbinary,2025-04-09,Consumer,Bronze,Frequent,Yes
2262,Christopher,Moore,christopher.moore.2262@yahoo.com,(496) 910-3010,Miami,FL,South,1961,Male,2026-07-21,Small Business,Bronze,Occasional,Yes
2263,Edward,Williams,edward.williams.2263@gmail.com,(913) 387-1750,Indianapolis,IN,Midwest,1962,Male,2025-07-22,Consumer,Bronze,Occasional,Yes
2264,Jacob,Sanchez,jacob.sanchez.2264@yahoo.com,(335) 967-3754,Providence,RI,Northeast,1963,Male,2023-10-17,Consumer,Silver,Frequent,Yes
2265,Patricia,Walker,patricia.walker.2265@protonmail.com,(778) 719-8381,Charlotte,NC,South,1958,Female,2024-04-15,Consumer,Bronze,Frequent,Yes
2266,Jason,White,jason.white.2266@yahoo.com,(978) 229-8578,Nashville,TN,South,1947,Male,2023-08-17,Consumer,Bronze,Occasional,No
2267,Brandon,Wilson,brandon.wilson.2267@yahoo.com,(433) 688-4817,Nashville,TN,South,1954,Male,2023-11-23,Enterprise,Bronze,Occasional,Yes
2268,Sophia,Hill,sophia.hill.2268@protonmail.com,(746) 230-7102,Orlando,FL,South,2004,Female,2025-02-06,Consumer,Bronze,Occasional,Yes
2269,Karen,Lee,karen.lee.2269@gmail.com,(406) 828-5966,Dallas,TX,South,1960,Female,2025-09-22,Consumer,Bronze,Occasional,Yes
2270,James,Perez,james.perez.2270@gmail.com,(254) 895-2358,Columbus,OH,Midwest,1978,Male,2025-02-18,Consumer,Bronze,Occasional,Yes
2271,Joshua,Walker,joshua.walker.2271@protonmail.com,(300) 617-2735,Charlotte,NC,South,1994,Male,2024-06-01,Consumer,Silver,Occasional,Yes
2272,Nicole,Wilson,nicole.wilson.2272@icloud.com,(917) 292-3431,Hartford,CT,Northeast,1969,Female,2026-05-15,Consumer,Bronze,Occasional,Yes
2273,Olivia,Hill,olivia.hill.2273@yahoo.com,(378) 948-4476,Atlanta,GA,South,1977,Female,2025-04-05,Consumer,Silver,Frequent,Yes
2274,Edward,Walker,edward.walker.2274@outlook.com,(689) 285-6186,Miami,FL,South,1977,Male,2023-06-17,Consumer,Bronze,VIP,No
2275,Jacob,Lewis,jacob.lewis.2275@protonmail.com,(790) 983-2677,Houston,TX,South,1959,Male,2024-09-02,Small Business,Gold,Occasional,Yes
2276,Nicole,Wilson,nicole.wilson.2276@gmail.com,(377) 892-7803,Nashville,TN,South,1951,Female,2023-02-05,Consumer,Silver,Regular,Yes
2277,Abigail,Brown,abigail.brown.2277@gmail.com,(426) 364-8013,Buffalo,NY,Northeast,1978,Female,2023-12-27,Consumer,Bronze,Regular,Yes
2278,Patricia,Wright,patricia.wright.2278@yahoo.com,(912) 796-8746,Houston,TX,South,1999,Female,2026-02-26,Consumer,Bronze,Regular,No
2279,Daniel,Ramirez,daniel.ramirez.2279@gmail.com,(512) 992-5488,Miami,FL,South,1992,Male,2024-08-26,Small Business,Bronze,VIP,Yes
2280,Edward,Lopez,edward.lopez.2280@gmail.com,(870) 543-7585,Orlando,FL,South,1971,Male,2026-05-24,Enterprise,Silver,Regular,Yes
2281,Joshua,Walker,joshua.walker.2281@yahoo.com,(480) 340-4990,Portland,OR,West,1957,Male,2023-11-22,Consumer,Bronze,Regular,No
2282,Anthony,Johnson,anthony.johnson.2282@outlook.com,(887) 710-3504,Orlando,FL,South,1972,Male,2025-07-20,Consumer,Bronze,Occasional,Yes
2283,Elizabeth,King,elizabeth.king.2283@yahoo.com,(477) 707-3521,Portland,OR,West,1992,Female,2026-02-19,Consumer,Bronze,Occasional,Yes
2284,William,Martinez,william.martinez.2284@protonmail.com,(820) 215-3280,St. Louis,MO,Midwest,2004,Male,2023-07-06,Consumer,Bronze,Occasional,Yes
2285,Abigail,Allen,abigail.allen.2285@gmail.com,(829) 577-7994,Nashville,TN,South,1959,Female,2025-04-03,Consumer,Silver,Occasional,Yes
2286,Rebecca,Wilson,rebecca.wilson.2286@gmail.com,(924) 457-4037,Orlando,FL,South,1983,Female,2023-05-23,Small Business,Bronze,Frequent,Yes
2287,Patricia,Perez,patricia.perez.2287@yahoo.com,(609) 935-1124,Las Vegas,NV,West,1951,Female,2025-12-30,Consumer,Bronze,Frequent,Yes
2288,Justin,King,justin.king.2288@icloud.com,(860) 503-8432,Las Vegas,NV,West,1958,Male,2024-06-23,Consumer,Bronze,Regular,Yes
2289,David,Ramirez,david.ramirez.2289@outlook.com,(833) 715-6585,Dallas,TX,South,1964,Male,2026-08-29,Consumer,Bronze,VIP,Yes
2290,Thomas,Hill,thomas.hill.2290@protonmail.com,(866) 901-5348,Buffalo,NY,Northeast,1978,Male,2024-02-16,Consumer,Bronze,Occasional,Yes
2291,Linda,Torres,linda.torres.2291@icloud.com,(345) 325-6437,Denver,CO,West,1954,Female,2024-12-30,Consumer,Bronze,Regular,Yes
2292,Mark,Davis,mark.davis.2292@outlook.com,(320) 210-6968,Detroit,MI,Midwest,1991,Male,2024-08-22,Consumer,Bronze,Regular,No
2293,Megan,Wilson,megan.wilson.2293@protonmail.com,(784) 435-5112,Cleveland,OH,Midwest,1972,Female,2024-11-03,Consumer,Bronze,Occasional,Yes
2294,Ashley,Wright,ashley.wright.2294@protonmail.com,(571) 987-2356,Pittsburgh,PA,Northeast,1971,Female,2025-12-21,Consumer,Bronze,Occasional,Yes
2295,Emily,Rodriguez,emily.rodriguez.2295@outlook.com,(830) 428-6880,Minneapolis,MN,Midwest,1989,Female,2026-04-06,Consumer,Silver,Occasional,Yes
2296,Margaret,Hernandez,margaret.hernandez.2296@icloud.com,(286) 542-5067,Buffalo,NY,Northeast,1972,Female,2023-11-13,Consumer,Bronze,Regular,Yes
2297,Susan,Allen,susan.allen.2297@outlook.com,(516) 297-1894,New York,NY,Northeast,1980,Female,2023-11-18,Small Business,Gold,Regular,Yes
2298,Robert,Scott,robert.scott.2298@protonmail.com,(292) 429-9821,Atlanta,GA,South,1968,Male,2025-11-05,Consumer,Bronze,Occasional,No
2299,Margaret,Lopez,margaret.lopez.2299@yahoo.com,(842) 434-2527,Indianapolis,IN,Midwest,1988,Female,2024-08-30,Small Business,Silver,Occasional,Yes
2300,Mark,Garcia,mark.garcia.2300@gmail.com,(503) 862-4214,Orlando,FL,South,1951,Male,2023-07-05,Consumer,Bronze,Occasional,Yes
2301,Jennifer,Wright,jennifer.wright.2301@yahoo.com,(996) 843-3561,Boston,MA,Northeast,1984,Female,2024-03-17,Consumer,Bronze,Frequent,Yes
2302,Emma,Moore,emma.moore.2302@gmail.com,(386) 222-5869,Detroit,MI,Midwest,1958,Female,2023-04-11,Consumer,Bronze,Occasional,Yes
2303,Kevin,Walker,kevin.walker.2303@gmail.com,(890) 519-1384,Orlando,FL,South,1964,Male,2026-07-19,Consumer,Silver,Regular,Yes
2304,Christopher,Gonzalez,christopher.gonzalez.2304@icloud.com,(970) 305-8776,St. Louis,MO,Midwest,1975,Male,2025-12-10,Consumer,Bronze,Occasional,Yes
2305,Susan,Ramirez,susan.ramirez.2305@icloud.com,(453) 524-1006,Las Vegas,NV,West,1959,Female,2023-10-03,Small Business,Bronze,Regular,Yes
2306,Justin,Walker,justin.walker.2306@gmail.com,(838) 730-9348,Newark,NJ,Northeast,1979,Male,2024-06-02,Consumer,Bronze,Frequent,Yes
2307,Linda,Perez,linda.perez.2307@protonmail.com,(889) 550-5582,Las Vegas,NV,West,1989,Female,2023-01-29,Consumer,Bronze,Regular,Yes
2308,Stephanie,Gonzalez,stephanie.gonzalez.2308@yahoo.com,(665) 345-5352,Portland,OR,West,1970,Female,2025-05-07,Small Business,Bronze,Occasional,Yes
2309,Ashley,Sanchez,ashley.sanchez.2309@protonmail.com,(459) 508-7265,Nashville,TN,South,1947,Female,2025-06-20,Consumer,Bronze,Frequent,Yes
2310,Sarah,Walker,sarah.walker.2310@icloud.com,(356) 908-3388,Las Vegas,NV,West,1959,Female,2024-08-05,Small Business,Gold,Frequent,Yes
2311,Sarah,Brown,sarah.brown.2311@gmail.com,(842) 430-2349,Dallas,TX,South,1949,Female,2026-01-21,Small Business,Bronze,Frequent,Yes
2312,Anthony,Clark,anthony.clark.2312@protonmail.com,(641) 282-6474,Houston,TX,South,1954,Male,2024-11-13,Consumer,Silver,Occasional,Yes
2313,Brandon,Martin,brandon.martin.2313@gmail.com,(567) 481-3331,Phoenix,AZ,West,1965,Male,2023-03-25,Consumer,Bronze,Occasional,Yes
2314,Linda,Williams,linda.williams.2314@yahoo.com,(298) 625-4794,Phoenix,AZ,West,1956,Female,2023-01-29,Small Business,Bronze,Regular,Yes
2315,Linda,Miller,linda.miller.2315@protonmail.com,(288) 615-6231,Houston,TX,South,1962,Female,2024-08-14,Consumer,Bronze,Occasional,Yes
2316,Justin,Davis,justin.davis.2316@gmail.com,(545) 299-8983,Las Vegas,NV,West,2005,Male,2025-04-08,Small Business,Silver,Occasional,Yes
2317,Margaret,Walker,margaret.walker.2317@icloud.com,(763) 309-4623,Milwaukee,WI,Midwest,2002,Female,2024-12-27,Consumer,Bronze,Regular,Yes
2318,Nancy,Williams,nancy.williams.2318@gmail.com,(521) 505-1707,Los Angeles,CA,West,1961,Female,2026-07-31,Consumer,Gold,Occasional,Yes
2319,Richard,Young,richard.young.2319@outlook.com,(205) 337-5109,Minneapolis,MN,Midwest,1968,Male,2023-11-26,Consumer,Bronze,Occasional,Yes
2320,Ryan,Davis,ryan.davis.2320@protonmail.com,(703) 766-2962,New York,NY,Northeast,1958,Male,2026-05-24,Consumer,Platinum,Frequent,Yes
2321,Elizabeth,Martin,elizabeth.martin.2321@protonmail.com,(340) 690-4651,San Francisco,CA,West,1958,Female,2024-11-01,Consumer,Gold,Occasional,Yes
2322,Mary,White,mary.white.2322@yahoo.com,(785) 883-4788,Phoenix,AZ,West,1966,Female,2025-10-30,Small Business,Bronze,Occasional,Yes
2323,Jason,Jackson,jason.jackson.2323@yahoo.com,(599) 514-8303,Phoenix,AZ,West,1962,Male,2026-08-21,Consumer,Bronze,Occasional,Yes
2324,Amanda,Thompson,amanda.thompson.2324@outlook.com,(574) 730-3675,Atlanta,GA,South,1954,Female,2024-07-11,Consumer,Bronze,Occasional,Yes
2325,Emily,Young,emily.young.2325@outlook.com,(249) 826-4084,Detroit,MI,Midwest,1990,Female,2025-03-06,Enterprise,Bronze,VIP,Yes
2326,Christina,Garcia,christina.garcia.2326@outlook.com,(858) 739-1614,Atlanta,GA,South,2005,Female,2024-08-22,Small Business,Bronze,Frequent,Yes
2327,Brian,Jackson,brian.jackson.2327@yahoo.com,(584) 630-9901,Nashville,TN,South,1977,Male,2024-01-23,Consumer,Silver,Occasional,Yes
2328,Brandon,Davis,brandon.davis.2328@outlook.com,(740) 487-5649,Houston,TX,South,1970,Male,2025-07-29,Small Business,Bronze,Occasional,No
2329,Jessica,Thomas,jessica.thomas.2329@icloud.com,(576) 392-1970,Hartford,CT,Northeast,1987,Female,2025-11-14,Small Business,Bronze,Frequent,Yes
2330,Betty,Ramirez,betty.ramirez.2330@icloud.com,(352) 578-7989,Phoenix,AZ,West,1982,Female,2023-08-15,Small Business,Bronze,Regular,Yes
2331,Nicole,Williams,nicole.williams.2331@protonmail.com,(661) 516-8988,Minneapolis,MN,Midwest,1969,Female,2024-12-30,Small Business,Bronze,Occasional,Yes
2332,Susan,Ramirez,susan.ramirez.2332@gmail.com,(564) 245-8919,Charlotte,NC,South,1958,Female,2026-03-16,Consumer,Bronze,Occasional,Yes
2333,Daniel,Nguyen,daniel.nguyen.2333@yahoo.com,(251) 312-8834,Newark,NJ,Northeast,1971,Male,2025-04-26,Consumer,Bronze,Occasional,Yes
2334,Kevin,Jones,kevin.jones.2334@yahoo.com,(775) 829-6581,Los Angeles,CA,West,1995,Male,2024-04-28,Consumer,Bronze,Regular,Yes
2335,Joseph,Harris,joseph.harris.2335@icloud.com,(264) 962-5693,San Diego,CA,West,1949,Male,2023-05-23,Small Business,Bronze,Frequent,No
2336,Mary,Moore,mary.moore.2336@protonmail.com,(210) 370-3044,Las Vegas,NV,West,1960,Female,2023-08-10,Consumer,Bronze,Frequent,No
2337,Linda,Davis,linda.davis.2337@yahoo.com,(412) 382-3237,Portland,OR,West,1947,Female,2023-03-05,Consumer,Platinum,Regular,No
2338,Joshua,Lopez,joshua.lopez.2338@yahoo.com,(600) 923-3409,Philadelphia,PA,Northeast,1979,Male,2023-11-22,Small Business,Bronze,Regular,Yes
2339,Nicole,Nguyen,nicole.nguyen.2339@yahoo.com,(619) 381-9249,Detroit,MI,Midwest,1972,Female,2026-03-23,Consumer,Bronze,Regular,Yes
2340,Emma,Gonzalez,emma.gonzalez.2340@yahoo.com,(501) 775-7515,Dallas,TX,South,1981,Female,2023-02-04,Enterprise,Bronze,Frequent,Yes
2341,Joseph,King,joseph.king.2341@protonmail.com,(329) 776-9593,Houston,TX,South,1951,Male,2026-02-14,Consumer,Gold,Regular,Yes
2342,Edward,Williams,edward.williams.2342@yahoo.com,(778) 862-8217,Atlanta,GA,South,1956,Male,2026-05-31,Consumer,Bronze,Regular,Yes
2343,Linda,Lopez,linda.lopez.2343@icloud.com,(204) 519-1784,Las Vegas,NV,West,1963,Female,2026-06-23,Small Business,Gold,Regular,Yes
2344,Paul,Anderson,paul.anderson.2344@gmail.com,(300) 942-6653,Miami,FL,South,1993,Male,2024-04-11,Consumer,Gold,Frequent,Yes
2345,Betty,Lee,betty.lee.2345@icloud.com,(576) 284-7815,Milwaukee,WI,Midwest,1979,Female,2024-09-20,Consumer,Gold,Regular,Yes
2346,Mark,Martin,mark.martin.2346@icloud.com,(289) 608-5199,Nashville,TN,South,2000,Male,2023-03-29,Enterprise,Gold,Frequent,Yes
2347,Robert,Perez,robert.perez.2347@yahoo.com,(453) 695-4017,Minneapolis,MN,Midwest,1991,Male,2025-05-04,Small Business,Bronze,Occasional,Yes
2348,Christopher,Taylor,christopher.taylor.2348@gmail.com,(438) 747-1344,Minneapolis,MN,Midwest,1955,Male,2024-02-07,Consumer,Bronze,Regular,Yes
2349,Karen,Martin,karen.martin.2349@yahoo.com,(709) 301-1093,St. Louis,MO,Midwest,1985,Female,2024-03-30,Small Business,Bronze,Occasional,Yes
2350,Emily,Clark,emily.clark.2350@icloud.com,(761) 513-3079,Indianapolis,IN,Midwest,1995,Female,2026-08-04,Consumer,Bronze,Regular,Yes
2351,Melissa,Wright,melissa.wright.2351@yahoo.com,(707) 292-5939,Charlotte,NC,South,1952,Female,2024-08-05,Consumer,Bronze,Occasional,No
2352,Rebecca,Martin,rebecca.martin.2352@outlook.com,(909) 611-4448,Nashville,TN,South,1976,Female,2023-06-28,Consumer,Silver,Frequent,No
2353,Paul,Lee,paul.lee.2353@gmail.com,(925) 235-9211,Nashville,TN,South,1946,Male,2025-11-22,Small Business,Gold,Occasional,Yes
2354,Olivia,Clark,olivia.clark.2354@protonmail.com,(557) 712-1716,Richmond,VA,South,1984,Female,2025-03-13,Consumer,Gold,Occasional,Yes
2355,John,Ramirez,john.ramirez.2355@outlook.com,(766) 385-4160,Denver,CO,West,1983,Male,2025-05-12,Small Business,Bronze,Frequent,Yes
2356,Anthony,Ramirez,anthony.ramirez.2356@outlook.com,(862) 842-4516,Richmond,VA,South,2001,Male,2024-08-26,Consumer,Bronze,Occasional,Yes
2357,Robert,Harris,robert.harris.2357@icloud.com,(438) 612-2833,Detroit,MI,Midwest,1979,Male,2025-05-16,Consumer,Gold,Regular,Yes
2358,Mark,Lopez,mark.lopez.2358@protonmail.com,(569) 316-7501,Columbus,OH,Midwest,1971,Male,2026-01-13,Consumer,Gold,Occasional,Yes
2359,Ryan,Jackson,ryan.jackson.2359@protonmail.com,(901) 996-9759,Nashville,TN,South,1962,Male,2026-04-12,Consumer,Bronze,Frequent,Yes
2360,Matthew,Johnson,matthew.johnson.2360@icloud.com,(475) 855-9407,Houston,TX,South,2001,Male,2023-08-21,Consumer,Bronze,Regular,Yes
2361,David,Martin,david.martin.2361@icloud.com,(823) 936-1521,Phoenix,AZ,West,1969,Male,2024-03-07,Consumer,Gold,Regular,No
2362,Megan,Gonzalez,megan.gonzalez.2362@protonmail.com,(533) 642-7412,Pittsburgh,PA,Northeast,1953,Female,2023-07-31,Consumer,Silver,Regular,Yes
2363,George,Thomas,george.thomas.2363@icloud.com,(357) 976-5364,Nashville,TN,South,1955,Male,2026-08-14,Consumer,Gold,Occasional,Yes
2364,Andrew,Smith,andrew.smith.2364@outlook.com,(475) 960-9840,Charlotte,NC,South,1992,Male,2025-06-17,Consumer,Bronze,VIP,Yes
2365,Ashley,Nguyen,ashley.nguyen.2365@protonmail.com,(899) 565-7778,Buffalo,NY,Northeast,1994,Prefer not to say,2023-02-14,Consumer,Bronze,Occasional,Yes
2366,Ashley,King,ashley.king.2366@yahoo.com,(613) 695-7307,Newark,NJ,Northeast,1992,Female,2025-11-25,Consumer,Bronze,Regular,Yes
2367,Mary,Rodriguez,mary.rodriguez.2367@gmail.com,(808) 578-7834,Chicago,IL,Midwest,1975,Female,2023-03-03,Consumer,Bronze,Regular,Yes
2368,Lauren,Lewis,lauren.lewis.2368@outlook.com,(843) 463-2611,Los Angeles,CA,West,1986,Female,2025-04-05,Consumer,Bronze,Frequent,Yes
2369,Charles,Jones,charles.jones.2369@gmail.com,(217) 447-1177,Phoenix,AZ,West,1983,Male,2023-11-12,Consumer,Bronze,Frequent,No
2370,Rebecca,Moore,rebecca.moore.2370@outlook.com,(866) 526-7245,Milwaukee,WI,Midwest,1968,Female,2024-05-26,Consumer,Silver,Occasional,No
2371,Mary,Sanchez,mary.sanchez.2371@outlook.com,(315) 401-5156,Portland,OR,West,1970,Female,2025-12-22,Consumer,Gold,Regular,Yes
2372,Christopher,Nguyen,christopher.nguyen.2372@protonmail.com,(873) 807-6307,Houston,TX,South,1997,Male,2024-02-10,Consumer,Bronze,VIP,No
2373,Richard,Perez,richard.perez.2373@outlook.com,(446) 784-3079,Dallas,TX,South,1978,Male,2025-05-07,Small Business,Bronze,Regular,Yes
2374,Kevin,White,kevin.white.2374@icloud.com,(361) 348-2464,Providence,RI,Northeast,1988,Male,2023-09-10,Consumer,Silver,Occasional,Yes
2375,Susan,White,susan.white.2375@yahoo.com,(782) 204-1297,Denver,CO,West,1950,Female,2025-10-03,Small Business,Gold,Regular,Yes
2376,Steven,Thompson,steven.thompson.2376@yahoo.com,(613) 416-6599,Los Angeles,CA,West,1967,Male,2024-12-18,Enterprise,Bronze,Frequent,Yes
2377,Anthony,Moore,anthony.moore.2377@yahoo.com,(441) 973-2484,New York,NY,Northeast,1953,Male,2025-08-11,Small Business,Bronze,Frequent,Yes
2378,Lauren,King,lauren.king.2378@yahoo.com,(434) 883-1539,Milwaukee,WI,Midwest,2003,Female,2024-02-05,Consumer,Bronze,Occasional,Yes
2379,Michael,Miller,michael.miller.2379@yahoo.com,(899) 682-1132,Newark,NJ,Northeast,2003,Male,2023-08-26,Small Business,Silver,Occasional,Yes
2380,Paul,Thompson,paul.thompson.2380@outlook.com,(321) 608-6886,Dallas,TX,South,1953,Male,2024-12-04,Consumer,Silver,Regular,Yes
2381,Rachel,Brown,rachel.brown.2381@yahoo.com,(996) 844-4205,Richmond,VA,South,1957,Female,2024-08-07,Small Business,Platinum,Regular,Yes
2382,Abigail,Scott,abigail.scott.2382@protonmail.com,(385) 231-3686,Hartford,CT,Northeast,1993,Female,2025-10-10,Consumer,Gold,Regular,Yes
2383,Amanda,King,amanda.king.2383@outlook.com,(453) 315-7918,Atlanta,GA,South,2001,Female,2024-05-23,Consumer,Bronze,Occasional,Yes
2384,Emma,Nguyen,emma.nguyen.2384@yahoo.com,(477) 388-8261,New York,NY,Northeast,1971,Female,2025-08-15,Consumer,Gold,Regular,Yes
2385,Steven,Lopez,steven.lopez.2385@gmail.com,(946) 806-3223,Cleveland,OH,Midwest,1954,Male,2025-07-12,Small Business,Platinum,VIP,Yes
2386,Abigail,Clark,abigail.clark.2386@yahoo.com,(532) 431-4345,Orlando,FL,South,1970,Female,2024-12-22,Enterprise,Gold,Occasional,Yes
2387,Joshua,Young,joshua.young.2387@protonmail.com,(705) 319-8326,Miami,FL,South,1980,Male,2023-08-26,Consumer,Bronze,Regular,Yes
2388,Edward,Robinson,edward.robinson.2388@protonmail.com,(766) 344-3234,Minneapolis,MN,Midwest,1946,Male,2024-07-24,Consumer,Bronze,Regular,Yes
2389,Richard,Lewis,richard.lewis.2389@outlook.com,(400) 783-8900,Pittsburgh,PA,Northeast,1955,Male,2023-07-21,Consumer,Gold,Regular,No
2390,Mary,Scott,mary.scott.2390@outlook.com,(612) 845-3177,New York,NY,Northeast,1985,Female,2026-01-02,Consumer,Bronze,VIP,Yes
2391,Joshua,Flores,joshua.flores.2391@gmail.com,(914) 375-8356,Milwaukee,WI,Midwest,1964,Male,2024-10-04,Small Business,Silver,Regular,Yes
2392,Christopher,Harris,christopher.harris.2392@gmail.com,(684) 631-4638,Columbus,OH,Midwest,1989,Male,2025-06-04,Consumer,Bronze,Occasional,Yes
2393,Edward,Nguyen,edward.nguyen.2393@protonmail.com,(927) 216-7905,Hartford,CT,Northeast,2005,Male,2023-10-27,Small Business,Silver,Frequent,Yes
2394,Joshua,King,joshua.king.2394@protonmail.com,(619) 975-5539,Minneapolis,MN,Midwest,2005,Male,2025-03-02,Enterprise,Bronze,Regular,Yes
2395,Christina,Walker,christina.walker.2395@outlook.com,(373) 639-9494,Seattle,WA,West,2005,Female,2023-01-10,Consumer,Bronze,Regular,Yes
2396,Thomas,King,thomas.king.2396@yahoo.com,(263) 485-7558,Minneapolis,MN,Midwest,1961,Male,2024-03-09,Small Business,Bronze,Frequent,No
2397,James,Flores,james.flores.2397@yahoo.com,(875) 749-4525,Las Vegas,NV,West,1968,Male,2024-11-21,Small Business,Bronze,Regular,Yes
2398,Rebecca,Hill,rebecca.hill.2398@gmail.com,(723) 210-3555,Buffalo,NY,Northeast,2001,Female,2025-11-04,Consumer,Silver,Frequent,Yes
2399,Jacob,Clark,jacob.clark.2399@protonmail.com,(402) 694-4598,Atlanta,GA,South,1961,Male,2026-07-15,Small Business,Bronze,Regular,Yes
2400,Michael,Martinez,michael.martinez.2400@yahoo.com,(897) 937-7743,Columbus,OH,Midwest,1954,Male,2025-04-07,Consumer,Bronze,Regular,Yes
2401,Rachel,Sanchez,rachel.sanchez.2401@outlook.com,(897) 921-5160,Richmond,VA,South,1965,Nonbinary,2023-03-13,Consumer,Gold,Occasional,Yes
2402,Jason,Hill,jason.hill.2402@yahoo.com,(597) 969-3391,Indianapolis,IN,Midwest,2004,Male,2023-05-08,Consumer,Bronze,Regular,Yes
2403,Karen,Martin,karen.martin.2403@protonmail.com,(853) 376-6319,Milwaukee,WI,Midwest,1995,Female,2024-02-10,Consumer,Bronze,VIP,Yes
2404,Anthony,Torres,anthony.torres.2404@gmail.com,(307) 584-6214,Philadelphia,PA,Northeast,1974,Male,2024-02-10,Consumer,Silver,Frequent,Yes
2405,William,Ramirez,william.ramirez.2405@icloud.com,(635) 899-1995,Atlanta,GA,South,1988,Male,2026-04-05,Consumer,Bronze,Occasional,Yes
2406,Emma,Moore,emma.moore.2406@yahoo.com,(762) 563-4730,Seattle,WA,West,1998,Female,2026-09-01,Consumer,Bronze,Regular,Yes
2407,Richard,Anderson,richard.anderson.2407@gmail.com,(552) 558-6650,Hartford,CT,Northeast,1979,Male,2025-12-01,Consumer,Bronze,Regular,Yes
2408,Anthony,Walker,anthony.walker.2408@outlook.com,(610) 491-6773,Portland,OR,West,1951,Male,2025-05-25,Consumer,Silver,Regular,Yes
2409,Nathan,Nguyen,nathan.nguyen.2409@outlook.com,(314) 398-1594,Dallas,TX,South,1995,Male,2023-11-14,Small Business,Bronze,Regular,No
2410,Olivia,Miller,olivia.miller.2410@protonmail.com,(987) 540-7195,San Diego,CA,West,1972,Female,2024-10-29,Small Business,Bronze,Regular,Yes
2411,Daniel,White,daniel.white.2411@yahoo.com,(439) 286-4346,Pittsburgh,PA,Northeast,1996,Male,2025-09-20,Consumer,Bronze,Occasional,Yes
2412,Patricia,Lewis,patricia.lewis.2412@icloud.com,(642) 989-8364,Cleveland,OH,Midwest,1983,Female,2024-06-10,Consumer,Silver,Occasional,Yes
2413,John,King,john.king.2413@gmail.com,(905) 920-3460,Chicago,IL,Midwest,1985,Male,2024-09-01,Enterprise,Bronze,Frequent,Yes
2414,Lauren,Young,lauren.young.2414@gmail.com,(372) 903-5940,Seattle,WA,West,1976,Female,2025-07-22,Consumer,Gold,Regular,Yes
2415,Sarah,Allen,sarah.allen.2415@yahoo.com,(921) 992-2089,Richmond,VA,South,2002,Female,2026-02-15,Consumer,Bronze,VIP,Yes
2416,Jacob,Thomas,jacob.thomas.2416@icloud.com,(310) 535-3875,Hartford,CT,Northeast,1954,Male,2026-06-08,Small Business,Bronze,Occasional,Yes
2417,Daniel,Williams,daniel.williams.2417@protonmail.com,(215) 855-3955,Cleveland,OH,Midwest,2000,Male,2024-03-23,Consumer,Gold,Regular,Yes
2418,Lauren,Anderson,lauren.anderson.2418@protonmail.com,(815) 833-2987,Houston,TX,South,1984,Female,2026-08-03,Consumer,Bronze,Frequent,Yes
2419,George,Smith,george.smith.2419@gmail.com,(289) 314-3429,St. Louis,MO,Midwest,1978,Male,2026-08-18,Consumer,Bronze,Regular,Yes
2420,Matthew,Sanchez,matthew.sanchez.2420@gmail.com,(703) 496-6828,Nashville,TN,South,1959,Male,2025-05-25,Consumer,Gold,Frequent,Yes
2421,Sophia,Nguyen,sophia.nguyen.2421@outlook.com,(335) 725-4496,San Francisco,CA,West,1980,Female,2026-03-25,Consumer,Gold,Frequent,Yes
2422,Jacob,Harris,jacob.harris.2422@yahoo.com,(525) 829-3028,Dallas,TX,South,1996,Male,2026-07-23,Consumer,Gold,Frequent,No
2423,Nancy,Jones,nancy.jones.2423@gmail.com,(491) 409-3575,San Francisco,CA,West,1986,Female,2023-04-04,Consumer,Platinum,Occasional,Yes
2424,Jacob,White,jacob.white.2424@icloud.com,(306) 933-3791,Boston,MA,Northeast,1982,Male,2026-02-10,Small Business,Silver,Frequent,Yes
2425,Rachel,Jackson,rachel.jackson.2425@yahoo.com,(489) 986-7713,Miami,FL,South,1981,Female,2023-05-22,Consumer,Silver,Frequent,Yes
2426,Michael,Martinez,michael.martinez.2426@protonmail.com,(773) 617-5251,Charlotte,NC,South,1973,Male,2025-03-19,Small Business,Bronze,Regular,Yes
2427,Brian,White,brian.white.2427@protonmail.com,(460) 505-2000,Los Angeles,CA,West,1998,Male,2025-04-27,Consumer,Gold,Regular,Yes
2428,Charles,White,charles.white.2428@protonmail.com,(903) 333-4475,Miami,FL,South,1977,Male,2023-11-26,Consumer,Silver,Regular,No
2429,Barbara,Anderson,barbara.anderson.2429@icloud.com,(512) 902-6383,Orlando,FL,South,1981,Female,2026-02-21,Consumer,Gold,Occasional,Yes
2430,Emma,Moore,emma.moore.2430@icloud.com,(814) 912-7211,Chicago,IL,Midwest,1950,Female,2024-10-29,Enterprise,Silver,Occasional,Yes
2431,Patricia,King,patricia.king.2431@outlook.com,(560) 734-1287,Houston,TX,South,1956,Female,2025-05-30,Consumer,Bronze,Occasional,Yes
2432,Jacob,Harris,jacob.harris.2432@gmail.com,(591) 239-7542,Hartford,CT,Northeast,1992,Male,2025-06-12,Consumer,Bronze,Frequent,Yes
2433,Nathan,Robinson,nathan.robinson.2433@yahoo.com,(359) 401-1789,Orlando,FL,South,1971,Male,2023-08-12,Consumer,Silver,Frequent,Yes
2434,Anthony,Young,anthony.young.2434@gmail.com,(929) 820-7909,Detroit,MI,Midwest,1992,Male,2023-09-14,Consumer,Silver,Regular,Yes
2435,Michael,Hernandez,michael.hernandez.2435@protonmail.com,(785) 654-5893,Denver,CO,West,1958,Male,2023-05-08,Enterprise,Silver,Frequent,Yes
2436,Jennifer,White,jennifer.white.2436@icloud.com,(287) 859-5329,St. Louis,MO,Midwest,1997,Female,2023-02-11,Consumer,Bronze,Regular,Yes
2437,Amanda,Rodriguez,amanda.rodriguez.2437@icloud.com,(651) 722-5050,Detroit,MI,Midwest,1996,Female,2025-01-14,Consumer,Bronze,Frequent,Yes
2438,Joseph,Clark,joseph.clark.2438@protonmail.com,(724) 245-2184,Boston,MA,Northeast,1954,Male,2026-03-13,Consumer,Gold,Occasional,Yes
2439,Nancy,Taylor,nancy.taylor.2439@icloud.com,(224) 820-9589,New York,NY,Northeast,1984,Female,2023-11-15,Consumer,Bronze,Regular,Yes
2440,James,Rodriguez,james.rodriguez.2440@gmail.com,(932) 824-8739,Phoenix,AZ,West,1953,Male,2026-06-25,Consumer,Silver,Regular,Yes
2441,Paul,Lee,paul.lee.2441@yahoo.com,(753) 278-8552,Orlando,FL,South,1975,Male,2024-11-11,Consumer,Bronze,Regular,Yes
2442,Matthew,Thompson,matthew.thompson.2442@outlook.com,(476) 362-7842,New York,NY,Northeast,1962,Male,2026-01-02,Consumer,Silver,Regular,Yes
2443,Ashley,Smith,ashley.smith.2443@yahoo.com,(273) 857-5026,Detroit,MI,Midwest,1980,Female,2025-08-02,Small Business,Silver,Regular,Yes
2444,Stephanie,Rodriguez,stephanie.rodriguez.2444@gmail.com,(576) 722-2092,Providence,RI,Northeast,1991,Female,2024-02-01,Small Business,Bronze,Regular,Yes
2445,Nicole,Hill,nicole.hill.2445@outlook.com,(431) 395-4287,Columbus,OH,Midwest,1995,Female,2023-01-04,Small Business,Gold,Occasional,Yes
2446,George,Jackson,george.jackson.2446@yahoo.com,(545) 435-2953,Charlotte,NC,South,1986,Male,2024-08-20,Consumer,Bronze,Occasional,Yes
2447,Melissa,Young,melissa.young.2447@gmail.com,(301) 900-1914,Miami,FL,South,1968,Female,2025-09-14,Small Business,Bronze,Occasional,Yes
2448,John,Williams,john.williams.2448@protonmail.com,(798) 620-3220,Charlotte,NC,South,1974,Male,2025-12-27,Small Business,Silver,Frequent,Yes
2449,Rachel,Wright,rachel.wright.2449@outlook.com,(533) 312-1234,Boston,MA,Northeast,1973,Female,2024-02-12,Small Business,Bronze,Occasional,Yes
2450,Jacob,Ramirez,jacob.ramirez.2450@icloud.com,(709) 446-7438,Chicago,IL,Midwest,1979,Male,2024-01-14,Enterprise,Bronze,Regular,Yes
2451,Lisa,Davis,lisa.davis.2451@gmail.com,(316) 983-1172,Orlando,FL,South,1966,Female,2024-11-28,Consumer,Bronze,Occasional,Yes
2452,Andrew,Wilson,andrew.wilson.2452@gmail.com,(703) 806-9115,New York,NY,Northeast,2002,Male,2024-03-06,Consumer,Bronze,Regular,Yes
2453,Joseph,Torres,joseph.torres.2453@outlook.com,(348) 832-4433,Las Vegas,NV,West,2002,Male,2026-02-17,Consumer,Bronze,Frequent,Yes
2454,Emma,Moore,emma.moore.2454@gmail.com,(810) 568-5518,Boston,MA,Northeast,1994,Female,2023-03-31,Consumer,Bronze,Regular,Yes
2455,Matthew,Allen,matthew.allen.2455@outlook.com,(331) 803-7439,Buffalo,NY,Northeast,2005,Nonbinary,2025-12-12,Consumer,Gold,Regular,Yes
2456,Nicole,Wright,nicole.wright.2456@outlook.com,(455) 393-9820,Dallas,TX,South,2004,Female,2026-04-20,Consumer,Bronze,Occasional,Yes
2457,Betty,Jones,betty.jones.2457@protonmail.com,(943) 336-7178,Charlotte,NC,South,1950,Female,2025-10-16,Consumer,Silver,Occasional,Yes
2458,Elizabeth,Thompson,elizabeth.thompson.2458@outlook.com,(561) 508-7530,Philadelphia,PA,Northeast,1978,Female,2024-09-13,Small Business,Bronze,Regular,No
2459,William,Wilson,william.wilson.2459@protonmail.com,(714) 255-4075,Phoenix,AZ,West,1999,Male,2026-04-28,Consumer,Silver,Frequent,Yes
2460,Anthony,Young,anthony.young.2460@protonmail.com,(411) 798-1724,Detroit,MI,Midwest,1960,Male,2024-02-04,Small Business,Bronze,Regular,No
2461,Karen,Anderson,karen.anderson.2461@outlook.com,(533) 902-5402,San Francisco,CA,West,1962,Female,2024-10-15,Consumer,Bronze,Frequent,Yes
2462,Linda,King,linda.king.2462@protonmail.com,(543) 289-3939,Orlando,FL,South,1955,Female,2026-06-19,Small Business,Silver,Frequent,Yes
2463,Michael,Wilson,michael.wilson.2463@yahoo.com,(936) 937-8367,Richmond,VA,South,1945,Male,2025-07-26,Consumer,Silver,Regular,No
2464,Stephanie,Rodriguez,stephanie.rodriguez.2464@protonmail.com,(203) 250-1667,Los Angeles,CA,West,1953,Female,2026-02-27,Small Business,Platinum,Regular,Yes
2465,John,Lewis,john.lewis.2465@gmail.com,(715) 558-7672,Atlanta,GA,South,1996,Male,2023-08-12,Consumer,Bronze,Frequent,Yes
2466,Sophia,Young,sophia.young.2466@icloud.com,(813) 631-2396,Atlanta,GA,South,1970,Female,2026-02-17,Consumer,Silver,Regular,Yes
2467,Jessica,Wright,jessica.wright.2467@icloud.com,(302) 748-3352,Richmond,VA,South,2002,Female,2023-11-07,Consumer,Silver,Occasional,Yes
2468,William,Lewis,william.lewis.2468@outlook.com,(366) 753-5276,Indianapolis,IN,Midwest,1998,Male,2024-03-21,Consumer,Bronze,Frequent,Yes
2469,Charles,Sanchez,charles.sanchez.2469@yahoo.com,(984) 729-9797,San Francisco,CA,West,1981,Male,2024-08-19,Small Business,Bronze,Regular,Yes
2470,Matthew,Jones,matthew.jones.2470@yahoo.com,(618) 427-7235,Richmond,VA,South,1993,Male,2023-03-23,Consumer,Bronze,Regular,Yes
2471,George,Johnson,george.johnson.2471@gmail.com,(236) 356-9043,San Diego,CA,West,1967,Male,2026-01-09,Consumer,Silver,Regular,Yes
2472,Sarah,Ramirez,sarah.ramirez.2472@protonmail.com,(913) 469-2777,Orlando,FL,South,1948,Nonbinary,2023-03-07,Small Business,Bronze,Occasional,Yes
2473,Elizabeth,Torres,elizabeth.torres.2473@outlook.com,(959) 817-4315,San Francisco,CA,West,1956,Female,2024-03-31,Consumer,Bronze,Frequent,No
2474,Michael,Taylor,michael.taylor.2474@outlook.com,(205) 313-7759,Los Angeles,CA,West,2000,Male,2026-07-08,Small Business,Silver,Occasional,Yes
2475,John,Scott,john.scott.2475@icloud.com,(901) 552-6705,Orlando,FL,South,2005,Male,2026-04-17,Consumer,Silver,Regular,Yes
2476,Rachel,Thompson,rachel.thompson.2476@icloud.com,(611) 456-8594,Los Angeles,CA,West,1962,Female,2023-05-29,Consumer,Bronze,Frequent,No
2477,Mark,Miller,mark.miller.2477@icloud.com,(738) 804-8011,Orlando,FL,South,1997,Male,2025-12-15,Consumer,Bronze,Regular,Yes
2478,Anthony,Nguyen,anthony.nguyen.2478@yahoo.com,(885) 331-6481,Nashville,TN,South,1988,Male,2026-02-23,Small Business,Silver,Occasional,Yes
2479,Michael,Gonzalez,michael.gonzalez.2479@yahoo.com,(450) 266-8754,Detroit,MI,Midwest,1957,Male,2025-03-20,Consumer,Silver,Frequent,Yes
2480,Patricia,Ramirez,patricia.ramirez.2480@protonmail.com,(342) 855-6034,St. Louis,MO,Midwest,1984,Female,2025-08-25,Consumer,Silver,Regular,Yes
2481,Donald,Taylor,donald.taylor.2481@yahoo.com,(454) 845-3347,Miami,FL,South,1999,Male,2024-09-21,Consumer,Bronze,Regular,Yes
2482,Jessica,Harris,jessica.harris.2482@gmail.com,(825) 291-9564,Houston,TX,South,1994,Female,2025-09-13,Consumer,Silver,Regular,Yes
2483,Joseph,Ramirez,joseph.ramirez.2483@outlook.com,(548) 904-8456,Miami,FL,South,1970,Male,2023-12-02,Small Business,Bronze,Regular,No
2484,Christopher,Harris,christopher.harris.2484@icloud.com,(294) 507-2188,Boston,MA,Northeast,1954,Male,2023-07-03,Consumer,Bronze,Regular,Yes
2485,Andrew,Gonzalez,andrew.gonzalez.2485@protonmail.com,(296) 283-4877,Atlanta,GA,South,1953,Male,2023-09-01,Consumer,Bronze,Occasional,Yes
2486,Nicole,Martin,nicole.martin.2486@yahoo.com,(484) 898-2691,Houston,TX,South,1987,Female,2025-05-10,Small Business,Bronze,Occasional,Yes
2487,Anthony,Gonzalez,anthony.gonzalez.2487@outlook.com,(284) 973-6566,Nashville,TN,South,1950,Male,2025-08-18,Small Business,Bronze,Frequent,Yes
2488,Mark,Ramirez,mark.ramirez.2488@gmail.com,(489) 806-8709,Phoenix,AZ,West,1997,Male,2024-03-04,Consumer,Bronze,Occasional,Yes
2489,Brandon,Allen,brandon.allen.2489@yahoo.com,(838) 231-6373,Minneapolis,MN,Midwest,1952,Male,2026-03-17,Consumer,Bronze,Occasional,Yes
2490,Michael,Taylor,michael.taylor.2490@icloud.com,(962) 948-3834,Phoenix,AZ,West,1975,Male,2025-11-06,Consumer,Bronze,Regular,Yes
2491,Andrew,Jackson,andrew.jackson.2491@yahoo.com,(901) 562-7878,Richmond,VA,South,2005,Male,2026-06-16,Consumer,Platinum,Occasional,Yes
2492,Olivia,Harris,olivia.harris.2492@icloud.com,(773) 641-1339,Seattle,WA,West,1988,Female,2023-07-18,Enterprise,Gold,Frequent,No
2493,Richard,Johnson,richard.johnson.2493@protonmail.com,(890) 809-2207,Houston,TX,South,1992,Male,2024-04-19,Small Business,Platinum,Frequent,Yes
2494,Thomas,Wilson,thomas.wilson.2494@icloud.com,(380) 343-1085,New York,NY,Northeast,1948,Male,2025-12-13,Consumer,Bronze,Regular,Yes
2495,Megan,Ramirez,megan.ramirez.2495@protonmail.com,(282) 766-4834,Pittsburgh,PA,Northeast,1966,Female,2025-08-23,Small Business,Silver,Regular,Yes
2496,Sarah,Brown,sarah.brown.2496@outlook.com,(965) 534-8434,Seattle,WA,West,1965,Female,2024-06-19,Consumer,Bronze,Occasional,No
2497,Amanda,Johnson,amanda.johnson.2497@protonmail.com,(488) 308-8594,Milwaukee,WI,Midwest,1966,Female,2023-03-19,Consumer,Bronze,Occasional,Yes
2498,Jennifer,King,jennifer.king.2498@icloud.com,(705) 226-1734,Providence,RI,Northeast,1982,Female,2024-10-16,Consumer,Bronze,Occasional,Yes
2499,Megan,Young,megan.young.2499@yahoo.com,(585) 258-6320,Portland,OR,West,1987,Female,2023-09-21,Small Business,Gold,Regular,Yes
2500,Thomas,Walker,thomas.walker.2500@icloud.com,(869) 817-3646,Charlotte,NC,South,2003,Male,2023-10-01,Small Business,Bronze,Occasional,Yes
2501,Emma,Wright,emma.wright.2501@icloud.com,(464) 747-8246,Dallas,TX,South,1966,Female,2026-02-07,Small Business,Bronze,Frequent,Yes
2502,Brian,Flores,brian.flores.2502@protonmail.com,(587) 777-3379,Miami,FL,South,2002,Male,2023-09-20,Consumer,Bronze,Occasional,Yes
2503,Nicole,Taylor,nicole.taylor.2503@outlook.com,(298) 461-4376,Pittsburgh,PA,Northeast,1968,Female,2026-08-15,Consumer,Gold,Regular,Yes
2504,John,Gonzalez,john.gonzalez.2504@protonmail.com,(249) 552-1596,Detroit,MI,Midwest,1954,Male,2025-07-25,Consumer,Bronze,Frequent,Yes
2505,Sandra,Smith,sandra.smith.2505@outlook.com,(292) 732-3800,Orlando,FL,South,1950,Female,2023-11-04,Consumer,Bronze,Regular,No
2506,Daniel,Wright,daniel.wright.2506@protonmail.com,(585) 267-4724,Providence,RI,Northeast,1957,Male,2024-12-05,Consumer,Bronze,VIP,Yes
2507,Barbara,Taylor,barbara.taylor.2507@icloud.com,(972) 292-9504,Richmond,VA,South,1973,Female,2024-02-15,Small Business,Bronze,VIP,Yes
2508,George,Martin,george.martin.2508@icloud.com,(975) 852-8081,Newark,NJ,Northeast,1998,Male,2026-02-01,Small Business,Gold,Regular,Yes
2509,James,Jones,james.jones.2509@yahoo.com,(442) 621-3106,Denver,CO,West,1968,Male,2024-07-09,Consumer,Bronze,Regular,Yes
2510,Christopher,Garcia,christopher.garcia.2510@outlook.com,(753) 495-4569,Atlanta,GA,South,1967,Male,2024-06-27,Consumer,Bronze,Regular,Yes
2511,Andrew,Walker,andrew.walker.2511@protonmail.com,(750) 862-2600,Buffalo,NY,Northeast,1956,Male,2023-08-23,Enterprise,Silver,Regular,Yes
2512,Richard,Miller,richard.miller.2512@gmail.com,(759) 591-3808,Richmond,VA,South,1955,Male,2024-04-18,Small Business,Bronze,Occasional,Yes
2513,Susan,Young,susan.young.2513@icloud.com,(931) 934-6696,Minneapolis,MN,Midwest,1989,Female,2024-06-06,Consumer,Gold,Regular,No
2514,Sarah,Rodriguez,sarah.rodriguez.2514@icloud.com,(262) 983-6376,Providence,RI,Northeast,1983,Female,2024-07-01,Consumer,Bronze,Regular,Yes
2515,Brandon,White,brandon.white.2515@outlook.com,(445) 299-4723,Pittsburgh,PA,Northeast,1945,Male,2023-04-11,Small Business,Bronze,Regular,Yes
2516,Andrew,Martin,andrew.martin.2516@yahoo.com,(836) 279-3168,Atlanta,GA,South,2000,Male,2025-10-10,Consumer,Bronze,Occasional,Yes
2517,Lauren,White,lauren.white.2517@outlook.com,(629) 579-8571,San Francisco,CA,West,1963,Female,2023-03-01,Consumer,Bronze,Regular,Yes
2518,Charles,Robinson,charles.robinson.2518@outlook.com,(644) 758-8476,St. Louis,MO,Midwest,2003,Male,2026-06-22,Consumer,Bronze,Frequent,Yes
2519,Matthew,Lewis,matthew.lewis.2519@protonmail.com,(573) 685-9179,Hartford,CT,Northeast,1992,Male,2025-01-11,Consumer,Bronze,Regular,Yes
2520,Christina,Harris,christina.harris.2520@icloud.com,(606) 791-3663,Houston,TX,South,1987,Female,2025-12-23,Small Business,Silver,Occasional,Yes
2521,Lisa,Harris,lisa.harris.2521@yahoo.com,(566) 697-1312,Milwaukee,WI,Midwest,1969,Female,2023-11-28,Consumer,Bronze,Occasional,Yes
2522,Jessica,Wright,jessica.wright.2522@outlook.com,(319) 764-1750,Milwaukee,WI,Midwest,1973,Female,2026-08-26,Small Business,Bronze,Regular,Yes
2523,Megan,Perez,megan.perez.2523@protonmail.com,(762) 857-5287,Richmond,VA,South,1985,Female,2023-05-16,Small Business,Bronze,Regular,Yes
2524,Lisa,Jackson,lisa.jackson.2524@protonmail.com,(207) 557-8277,Boston,MA,Northeast,1999,Female,2024-05-04,Small Business,Silver,Regular,Yes
2525,Sophia,Scott,sophia.scott.2525@gmail.com,(425) 306-8468,Nashville,TN,South,2002,Female,2024-02-13,Small Business,Silver,Occasional,Yes
2526,Thomas,Torres,thomas.torres.2526@icloud.com,(717) 772-2852,Atlanta,GA,South,1990,Male,2026-04-20,Consumer,Bronze,Regular,Yes
2527,Margaret,Thomas,margaret.thomas.2527@protonmail.com,(971) 653-1664,Philadelphia,PA,Northeast,1959,Female,2025-04-08,Consumer,Bronze,Regular,Yes
2528,Matthew,Johnson,matthew.johnson.2528@yahoo.com,(462) 379-5539,Miami,FL,South,1971,Male,2025-01-30,Consumer,Silver,VIP,Yes
2529,Andrew,White,andrew.white.2529@outlook.com,(982) 255-6217,New York,NY,Northeast,1987,Male,2025-07-23,Small Business,Silver,Regular,Yes
2530,Elizabeth,Taylor,elizabeth.taylor.2530@icloud.com,(929) 817-5286,Orlando,FL,South,1985,Female,2024-02-24,Consumer,Bronze,Regular,Yes
2531,Nancy,Allen,nancy.allen.2531@gmail.com,(625) 928-7279,Dallas,TX,South,1966,Female,2024-03-16,Consumer,Bronze,Frequent,Yes
2532,Sophia,Allen,sophia.allen.2532@yahoo.com,(221) 785-4786,Columbus,OH,Midwest,1969,Female,2025-10-04,Consumer,Platinum,Occasional,Yes
2533,Nathan,Williams,nathan.williams.2533@outlook.com,(835) 588-7830,Hartford,CT,Northeast,1947,Male,2025-08-01,Consumer,Bronze,VIP,Yes
2534,Rebecca,Lopez,rebecca.lopez.2534@protonmail.com,(700) 308-7221,Detroit,MI,Midwest,1953,Female,2024-10-06,Consumer,Bronze,Regular,Yes
2535,William,Brown,william.brown.2535@outlook.com,(407) 698-1077,Houston,TX,South,1945,Male,2024-03-13,Small Business,Silver,Regular,No
2536,Melissa,Harris,melissa.harris.2536@outlook.com,(812) 626-5829,Indianapolis,IN,Midwest,1981,Female,2026-04-03,Consumer,Bronze,Frequent,Yes
2537,Elizabeth,Johnson,elizabeth.johnson.2537@outlook.com,(800) 673-8755,Cleveland,OH,Midwest,1962,Female,2024-01-03,Consumer,Bronze,Frequent,Yes
2538,Nancy,Thomas,nancy.thomas.2538@protonmail.com,(718) 969-6279,Cleveland,OH,Midwest,1978,Female,2023-10-25,Consumer,Bronze,Regular,Yes
2539,Abigail,Flores,abigail.flores.2539@yahoo.com,(594) 432-9222,Charlotte,NC,South,1973,Female,2025-10-16,Consumer,Bronze,Occasional,Yes
2540,Ryan,Williams,ryan.williams.2540@protonmail.com,(676) 818-5212,Newark,NJ,Northeast,1986,Male,2023-08-03,Small Business,Silver,Frequent,Yes
2541,Edward,Johnson,edward.johnson.2541@outlook.com,(836) 741-7543,Minneapolis,MN,Midwest,1994,Male,2025-07-24,Consumer,Bronze,Regular,Yes
2542,Susan,Miller,susan.miller.2542@gmail.com,(876) 327-9181,Seattle,WA,West,1975,Female,2025-01-17,Consumer,Silver,Regular,Yes
2543,Rachel,Sanchez,rachel.sanchez.2543@yahoo.com,(448) 960-9809,Atlanta,GA,South,1946,Female,2024-10-31,Consumer,Silver,VIP,Yes
2544,Christopher,Garcia,christopher.garcia.2544@outlook.com,(725) 579-7338,Nashville,TN,South,1957,Male,2024-11-01,Small Business,Bronze,Regular,Yes
2545,Charles,Flores,charles.flores.2545@gmail.com,(786) 907-1586,Columbus,OH,Midwest,1982,Male,2024-04-01,Consumer,Gold,VIP,Yes
2546,Emma,Rodriguez,emma.rodriguez.2546@icloud.com,(853) 206-1792,Miami,FL,South,1979,Female,2024-08-22,Small Business,Gold,Occasional,Yes
2547,Melissa,Sanchez,melissa.sanchez.2547@icloud.com,(817) 545-8588,Columbus,OH,Midwest,2003,Female,2024-02-12,Consumer,Bronze,Regular,Yes
2548,Joseph,Wilson,joseph.wilson.2548@yahoo.com,(935) 588-6533,Chicago,IL,Midwest,1958,Male,2023-12-07,Small Business,Silver,Regular,Yes
2549,Jennifer,Clark,jennifer.clark.2549@icloud.com,(703) 501-8334,Nashville,TN,South,1946,Female,2023-08-14,Small Business,Bronze,Regular,Yes
2550,Olivia,Taylor,olivia.taylor.2550@icloud.com,(434) 746-1541,Chicago,IL,Midwest,1997,Female,2023-07-10,Consumer,Silver,Frequent,Yes
2551,Sophia,Lopez,sophia.lopez.2551@protonmail.com,(368) 836-7369,Las Vegas,NV,West,1991,Female,2025-05-29,Small Business,Silver,Occasional,Yes
2552,Justin,Thompson,justin.thompson.2552@protonmail.com,(861) 290-6548,Miami,FL,South,1945,Male,2023-07-09,Enterprise,Gold,Regular,Yes
2553,Barbara,Perez,barbara.perez.2553@gmail.com,(537) 742-9947,Portland,OR,West,1972,Female,2024-08-06,Consumer,Silver,Frequent,Yes
2554,Andrew,Allen,andrew.allen.2554@outlook.com,(836) 411-2232,Las Vegas,NV,West,2003,Male,2023-05-17,Consumer,Bronze,Frequent,Yes
2555,Richard,Lee,richard.lee.2555@outlook.com,(654) 243-4140,New York,NY,Northeast,1949,Male,2023-01-23,Small Business,Bronze,Occasional,Yes
2556,Susan,Scott,susan.scott.2556@protonmail.com,(604) 784-6882,Las Vegas,NV,West,1950,Female,2023-04-26,Consumer,Bronze,Frequent,Yes
2557,Nathan,Torres,nathan.torres.2557@outlook.com,(865) 492-5204,Richmond,VA,South,1971,Male,2026-07-16,Consumer,Bronze,Regular,Yes
2558,Richard,Torres,richard.torres.2558@yahoo.com,(221) 219-7357,Portland,OR,West,1970,Male,2023-10-17,Consumer,Silver,Regular,No
2559,Jacob,Lewis,jacob.lewis.2559@gmail.com,(415) 885-6821,Miami,FL,South,2001,Male,2024-05-22,Consumer,Silver,VIP,Yes
2560,Margaret,Sanchez,margaret.sanchez.2560@yahoo.com,(516) 678-1638,Indianapolis,IN,Midwest,1954,Female,2025-03-07,Consumer,Bronze,Occasional,Yes
2561,William,Nguyen,william.nguyen.2561@icloud.com,(447) 477-9014,New York,NY,Northeast,1956,Male,2023-08-18,Small Business,Bronze,Regular,Yes
2562,John,Brown,john.brown.2562@protonmail.com,(974) 341-6576,Dallas,TX,South,1977,Male,2025-07-05,Consumer,Gold,Frequent,Yes
2563,Rachel,Nguyen,rachel.nguyen.2563@outlook.com,(365) 775-3886,Charlotte,NC,South,2005,Female,2024-11-08,Consumer,Silver,Frequent,Yes
2564,John,Scott,john.scott.2564@gmail.com,(679) 675-9675,Orlando,FL,South,1982,Male,2025-03-25,Consumer,Bronze,Regular,Yes
2565,Jacob,Miller,jacob.miller.2565@icloud.com,(947) 607-6308,Dallas,TX,South,1990,Male,2023-12-27,Enterprise,Bronze,Frequent,No
2566,Ashley,Martin,ashley.martin.2566@outlook.com,(668) 571-8711,Cleveland,OH,Midwest,1991,Female,2025-12-08,Consumer,Bronze,Occasional,Yes
2567,Justin,Scott,justin.scott.2567@gmail.com,(973) 820-8552,Seattle,WA,West,1975,Male,2023-04-17,Consumer,Bronze,Regular,Yes
2568,Lauren,Martinez,lauren.martinez.2568@gmail.com,(658) 626-7237,Pittsburgh,PA,Northeast,1970,Female,2024-06-04,Small Business,Gold,Regular,Yes
2569,Abigail,Wright,abigail.wright.2569@protonmail.com,(650) 682-4087,Detroit,MI,Midwest,1976,Female,2025-04-27,Consumer,Bronze,Occasional,Yes
2570,Emily,Thompson,emily.thompson.2570@gmail.com,(876) 797-8280,Denver,CO,West,1960,Female,2023-02-22,Consumer,Bronze,Regular,Yes
2571,Rebecca,Allen,rebecca.allen.2571@yahoo.com,(979) 632-2140,Dallas,TX,South,1960,Female,2024-12-08,Consumer,Silver,Frequent,Yes
2572,Ryan,Allen,ryan.allen.2572@yahoo.com,(742) 897-5499,New York,NY,Northeast,1993,Male,2023-09-30,Consumer,Bronze,Regular,Yes
2573,Nicole,King,nicole.king.2573@gmail.com,(926) 580-8907,Atlanta,GA,South,1957,Female,2023-12-31,Consumer,Bronze,Frequent,Yes
2574,Jacob,Moore,jacob.moore.2574@icloud.com,(953) 466-8905,Indianapolis,IN,Midwest,1998,Male,2024-02-25,Consumer,Bronze,Frequent,Yes
2575,Andrew,Thomas,andrew.thomas.2575@yahoo.com,(750) 516-9100,Denver,CO,West,1986,Male,2023-01-16,Consumer,Bronze,Regular,Yes
2576,Justin,Perez,justin.perez.2576@gmail.com,(317) 357-5467,Nashville,TN,South,1970,Male,2023-12-01,Consumer,Bronze,Occasional,Yes
2577,Mary,Davis,mary.davis.2577@yahoo.com,(608) 802-1947,Providence,RI,Northeast,1972,Female,2024-10-18,Consumer,Gold,Regular,Yes
2578,Emma,Jones,emma.jones.2578@outlook.com,(282) 867-7451,Phoenix,AZ,West,1984,Female,2023-09-21,Consumer,Bronze,Frequent,Yes
2579,Emma,Thomas,emma.thomas.2579@yahoo.com,(495) 457-5441,Nashville,TN,South,1960,Female,2025-10-22,Consumer,Bronze,VIP,Yes
2580,Daniel,Flores,daniel.flores.2580@icloud.com,(318) 936-9759,Miami,FL,South,1951,Nonbinary,2026-02-09,Consumer,Bronze,Regular,Yes
2581,Richard,Hernandez,richard.hernandez.2581@icloud.com,(397) 830-9753,Newark,NJ,Northeast,1985,Male,2025-09-02,Consumer,Silver,Frequent,Yes
2582,Barbara,Garcia,barbara.garcia.2582@protonmail.com,(217) 951-6932,Nashville,TN,South,1959,Female,2024-11-14,Consumer,Gold,Occasional,Yes
2583,Sophia,King,sophia.king.2583@gmail.com,(704) 213-4775,Los Angeles,CA,West,1960,Female,2024-05-07,Consumer,Gold,Occasional,Yes
2584,Brian,Smith,brian.smith.2584@outlook.com,(340) 725-5094,San Francisco,CA,West,1978,Male,2025-08-11,Consumer,Bronze,Frequent,Yes
2585,Kevin,Thomas,kevin.thomas.2585@icloud.com,(714) 969-2850,Boston,MA,Northeast,1964,Male,2023-02-17,Consumer,Bronze,Occasional,Yes
2586,Joshua,White,joshua.white.2586@icloud.com,(902) 613-2460,Cleveland,OH,Midwest,1960,Male,2024-04-16,Consumer,Bronze,Frequent,Yes
2587,Christopher,Ramirez,christopher.ramirez.2587@gmail.com,(686) 779-9052,Miami,FL,South,1976,Male,2024-07-03,Consumer,Platinum,Occasional,No
2588,Patricia,Ramirez,patricia.ramirez.2588@outlook.com,(897) 507-9797,San Francisco,CA,West,1982,Female,2025-03-26,Consumer,Bronze,Occasional,Yes
2589,Rachel,Nguyen,rachel.nguyen.2589@icloud.com,(845) 441-9053,Orlando,FL,South,1954,Female,2024-04-03,Consumer,Bronze,Frequent,Yes
2590,Mark,Sanchez,mark.sanchez.2590@gmail.com,(809) 681-1689,Charlotte,NC,South,1946,Male,2023-05-16,Consumer,Silver,Regular,Yes
2591,Stephanie,Smith,stephanie.smith.2591@gmail.com,(917) 786-2355,Orlando,FL,South,1982,Female,2025-09-25,Consumer,Bronze,Occasional,Yes
2592,George,Moore,george.moore.2592@outlook.com,(394) 376-4384,Atlanta,GA,South,1988,Male,2025-03-29,Consumer,Bronze,Regular,Yes
2593,Sophia,Wilson,sophia.wilson.2593@yahoo.com,(506) 655-5011,Pittsburgh,PA,Northeast,1965,Female,2026-04-26,Consumer,Bronze,Occasional,Yes
2594,Rachel,Garcia,rachel.garcia.2594@protonmail.com,(851) 377-6553,Phoenix,AZ,West,1977,Female,2026-02-21,Consumer,Silver,Frequent,Yes
2595,Barbara,White,barbara.white.2595@icloud.com,(685) 836-6015,Detroit,MI,Midwest,2000,Female,2025-12-14,Consumer,Bronze,Occasional,Yes
2596,Patricia,Hernandez,patricia.hernandez.2596@outlook.com,(979) 625-2620,Buffalo,NY,Northeast,1946,Female,2024-04-19,Enterprise,Bronze,Occasional,Yes
2597,Brandon,Harris,brandon.harris.2597@gmail.com,(896) 909-4399,San Francisco,CA,West,1980,Male,2024-03-14,Consumer,Silver,Regular,Yes
2598,Mary,Davis,mary.davis.2598@protonmail.com,(357) 512-1232,Charlotte,NC,South,1995,Female,2025-11-22,Consumer,Bronze,Regular,Yes
2599,Jennifer,Jackson,jennifer.jackson.2599@gmail.com,(241) 887-3684,Orlando,FL,South,1966,Female,2025-04-10,Small Business,Bronze,Frequent,Yes
2600,Jennifer,Allen,jennifer.allen.2600@outlook.com,(355) 205-4420,Atlanta,GA,South,1959,Female,2024-06-05,Consumer,Bronze,Occasional,Yes
2601,Michael,Brown,michael.brown.2601@yahoo.com,(279) 453-9041,Indianapolis,IN,Midwest,1998,Male,2026-02-13,Consumer,Bronze,Regular,Yes
2602,Jacob,White,jacob.white.2602@protonmail.com,(960) 714-4290,Minneapolis,MN,Midwest,1982,Male,2025-11-30,Small Business,Gold,Occasional,Yes
2603,Emily,Young,emily.young.2603@outlook.com,(732) 591-5848,Pittsburgh,PA,Northeast,1965,Female,2024-03-30,Small Business,Silver,Regular,Yes
2604,Elizabeth,Lee,elizabeth.lee.2604@gmail.com,(988) 959-2709,Phoenix,AZ,West,1947,Female,2023-07-25,Consumer,Bronze,Occasional,Yes
2605,Justin,Jones,justin.jones.2605@outlook.com,(329) 382-4237,Dallas,TX,South,2004,Male,2025-09-05,Consumer,Bronze,Regular,Yes
2606,Donald,Jackson,donald.jackson.2606@outlook.com,(455) 714-4550,Miami,FL,South,1962,Male,2025-08-28,Small Business,Bronze,Occasional,Yes
2607,Matthew,Sanchez,matthew.sanchez.2607@icloud.com,(565) 476-7427,Phoenix,AZ,West,1958,Male,2023-05-09,Small Business,Gold,Regular,Yes
2608,Susan,Ramirez,susan.ramirez.2608@outlook.com,(467) 294-9995,Dallas,TX,South,1993,Female,2025-10-03,Consumer,Bronze,Occasional,Yes
2609,Thomas,Lewis,thomas.lewis.2609@outlook.com,(204) 715-9588,Orlando,FL,South,1960,Male,2025-11-30,Consumer,Bronze,Frequent,Yes
2610,Linda,Thomas,linda.thomas.2610@icloud.com,(497) 813-1538,Richmond,VA,South,1971,Female,2024-06-22,Consumer,Silver,Frequent,Yes
2611,James,Johnson,james.johnson.2611@yahoo.com,(485) 758-3898,Nashville,TN,South,2005,Male,2025-12-20,Small Business,Silver,Regular,Yes
2612,Rachel,Perez,rachel.perez.2612@gmail.com,(570) 412-2667,Richmond,VA,South,1971,Female,2024-07-04,Small Business,Bronze,Occasional,Yes
2613,Stephanie,Flores,stephanie.flores.2613@icloud.com,(842) 997-1935,Phoenix,AZ,West,1967,Nonbinary,2025-04-29,Consumer,Bronze,Frequent,Yes
2614,Stephanie,Robinson,stephanie.robinson.2614@protonmail.com,(202) 619-9111,Charlotte,NC,South,1981,Female,2025-02-08,Consumer,Gold,Regular,Yes
2615,Lisa,Garcia,lisa.garcia.2615@outlook.com,(715) 276-4673,Houston,TX,South,1970,Female,2023-02-23,Consumer,Bronze,Frequent,Yes
2616,Jennifer,Taylor,jennifer.taylor.2616@outlook.com,(248) 956-2605,Phoenix,AZ,West,1958,Prefer not to say,2025-12-12,Consumer,Bronze,Occasional,Yes
2617,Megan,Sanchez,megan.sanchez.2617@outlook.com,(804) 822-2122,Los Angeles,CA,West,1987,Female,2024-03-11,Consumer,Silver,Occasional,No
2618,Sarah,Flores,sarah.flores.2618@yahoo.com,(836) 727-8524,Philadelphia,PA,Northeast,1949,Female,2024-03-29,Small Business,Bronze,Frequent,Yes
2619,Anthony,Smith,anthony.smith.2619@icloud.com,(455) 479-6037,Philadelphia,PA,Northeast,1955,Male,2024-07-16,Small Business,Bronze,Regular,Yes
2620,Ashley,Young,ashley.young.2620@protonmail.com,(253) 726-8017,San Diego,CA,West,1967,Female,2024-05-03,Consumer,Bronze,Regular,Yes
2621,Linda,Scott,linda.scott.2621@icloud.com,(544) 921-7287,Orlando,FL,South,1949,Female,2025-01-03,Consumer,Silver,Frequent,No
2622,Emma,Wright,emma.wright.2622@protonmail.com,(664) 224-2696,Minneapolis,MN,Midwest,1988,Female,2025-12-09,Small Business,Gold,Regular,Yes
2623,Edward,Rodriguez,edward.rodriguez.2623@outlook.com,(970) 792-2896,Cleveland,OH,Midwest,1959,Male,2023-05-16,Consumer,Bronze,Occasional,Yes
2624,Jason,Hernandez,jason.hernandez.2624@yahoo.com,(953) 320-5438,Buffalo,NY,Northeast,1987,Male,2024-04-30,Consumer,Bronze,VIP,Yes
2625,Megan,Johnson,megan.johnson.2625@yahoo.com,(630) 830-3247,Houston,TX,South,2001,Female,2023-01-31,Consumer,Gold,Regular,Yes
2626,Donald,Hill,donald.hill.2626@icloud.com,(464) 702-6958,Atlanta,GA,South,1981,Male,2026-02-07,Consumer,Bronze,Occasional,Yes
2627,Patricia,Jones,patricia.jones.2627@icloud.com,(964) 590-9853,Dallas,TX,South,1975,Female,2026-07-01,Small Business,Silver,Occasional,Yes
2628,George,Torres,george.torres.2628@outlook.com,(768) 388-3865,Orlando,FL,South,1958,Male,2023-02-26,Small Business,Bronze,Regular,Yes
2629,Jennifer,Nguyen,jennifer.nguyen.2629@yahoo.com,(446) 343-8027,Philadelphia,PA,Northeast,1976,Female,2026-03-31,Consumer,Silver,Regular,Yes
2630,Abigail,Harris,abigail.harris.2630@gmail.com,(517) 723-1843,San Francisco,CA,West,1969,Female,2024-01-11,Enterprise,Bronze,Regular,Yes
2631,Edward,Johnson,edward.johnson.2631@protonmail.com,(869) 437-2941,Indianapolis,IN,Midwest,1957,Prefer not to say,2024-07-22,Small Business,Bronze,Regular,Yes
2632,Jason,Robinson,jason.robinson.2632@icloud.com,(245) 255-8321,Cleveland,OH,Midwest,1946,Male,2026-04-01,Small Business,Silver,Occasional,Yes
2633,Mary,Gonzalez,mary.gonzalez.2633@gmail.com,(466) 993-2218,Richmond,VA,South,1999,Female,2023-06-26,Consumer,Gold,Regular,Yes
2634,Megan,Smith,megan.smith.2634@gmail.com,(467) 381-5436,Los Angeles,CA,West,1991,Female,2024-05-01,Consumer,Silver,Frequent,Yes
2635,Paul,Thomas,paul.thomas.2635@gmail.com,(419) 523-5614,Nashville,TN,South,1998,Male,2023-06-24,Consumer,Bronze,Regular,Yes
2636,Sarah,Lewis,sarah.lewis.2636@icloud.com,(401) 755-7268,Pittsburgh,PA,Northeast,1957,Female,2023-01-30,Enterprise,Silver,Regular,Yes
2637,Ashley,Jackson,ashley.jackson.2637@icloud.com,(954) 237-8321,Atlanta,GA,South,1955,Female,2025-09-02,Small Business,Silver,Occasional,No
2638,Steven,Lee,steven.lee.2638@icloud.com,(805) 252-8981,Los Angeles,CA,West,2003,Male,2023-02-19,Consumer,Silver,Occasional,No
2639,Thomas,Miller,thomas.miller.2639@outlook.com,(893) 574-2214,Seattle,WA,West,2002,Male,2025-07-14,Consumer,Bronze,Regular,Yes
2640,Steven,Perez,steven.perez.2640@protonmail.com,(484) 285-8712,Philadelphia,PA,Northeast,1989,Male,2023-02-19,Small Business,Bronze,Occasional,Yes
2641,Richard,Jones,richard.jones.2641@outlook.com,(712) 946-5129,San Diego,CA,West,1987,Male,2024-10-04,Consumer,Bronze,Occasional,Yes
2642,Lauren,Hill,lauren.hill.2642@icloud.com,(294) 858-3370,Houston,TX,South,1959,Female,2025-05-10,Consumer,Silver,Regular,Yes
2643,Linda,Nguyen,linda.nguyen.2643@gmail.com,(702) 900-8376,Richmond,VA,South,1984,Female,2024-03-15,Consumer,Bronze,Regular,No
2644,Patricia,Moore,patricia.moore.2644@yahoo.com,(254) 417-6191,Hartford,CT,Northeast,1948,Female,2025-12-31,Consumer,Bronze,Frequent,Yes
2645,Jessica,Wilson,jessica.wilson.2645@yahoo.com,(398) 442-3120,Charlotte,NC,South,1949,Female,2026-09-01,Consumer,Bronze,Frequent,Yes
2646,James,Garcia,james.garcia.2646@outlook.com,(773) 891-8123,Pittsburgh,PA,Northeast,1946,Male,2025-01-22,Consumer,Silver,Regular,Yes
2647,Brandon,Allen,brandon.allen.2647@outlook.com,(786) 248-1972,Las Vegas,NV,West,1955,Male,2023-10-03,Consumer,Bronze,Occasional,Yes
2648,Kevin,Wright,kevin.wright.2648@gmail.com,(661) 420-3892,Pittsburgh,PA,Northeast,1971,Male,2024-12-25,Consumer,Bronze,Occasional,Yes
2649,Anthony,Miller,anthony.miller.2649@outlook.com,(207) 802-5864,Richmond,VA,South,1984,Male,2026-04-27,Consumer,Gold,Occasional,No
2650,Paul,Davis,paul.davis.2650@gmail.com,(864) 844-2083,Providence,RI,Northeast,1994,Male,2024-09-14,Consumer,Bronze,Regular,Yes
2651,Donald,Thomas,donald.thomas.2651@protonmail.com,(687) 898-2211,Buffalo,NY,Northeast,1949,Male,2023-07-30,Consumer,Bronze,Frequent,Yes
2652,John,Anderson,john.anderson.2652@gmail.com,(597) 835-2846,Columbus,OH,Midwest,1960,Male,2023-11-21,Consumer,Bronze,Occasional,Yes
2653,Olivia,Jackson,olivia.jackson.2653@icloud.com,(411) 495-4334,Providence,RI,Northeast,1972,Female,2025-10-10,Enterprise,Bronze,Frequent,Yes
2654,Stephanie,Wright,stephanie.wright.2654@protonmail.com,(358) 804-8163,Atlanta,GA,South,1948,Female,2025-10-20,Small Business,Bronze,Occasional,Yes
2655,Emma,Torres,emma.torres.2655@gmail.com,(563) 597-2768,Providence,RI,Northeast,1974,Female,2023-04-08,Consumer,Bronze,Frequent,Yes
2656,Linda,Miller,linda.miller.2656@yahoo.com,(711) 706-5564,Chicago,IL,Midwest,1962,Female,2023-12-17,Consumer,Silver,Regular,Yes
2657,George,Young,george.young.2657@icloud.com,(582) 525-2553,Dallas,TX,South,1947,Male,2025-11-07,Enterprise,Bronze,Regular,Yes
2658,Michael,Thomas,michael.thomas.2658@icloud.com,(249) 371-6178,Miami,FL,South,2001,Male,2025-12-24,Consumer,Bronze,Regular,Yes
2659,Jennifer,Hill,jennifer.hill.2659@yahoo.com,(336) 565-4166,San Francisco,CA,West,1953,Female,2025-10-22,Consumer,Bronze,Frequent,Yes
2660,Melissa,Jackson,melissa.jackson.2660@outlook.com,(316) 200-3718,Houston,TX,South,1946,Female,2024-11-29,Consumer,Bronze,Occasional,No
2661,Megan,Lewis,megan.lewis.2661@protonmail.com,(274) 929-9761,Columbus,OH,Midwest,1965,Female,2026-09-01,Consumer,Bronze,VIP,Yes
2662,Nathan,Allen,nathan.allen.2662@outlook.com,(922) 781-5112,Los Angeles,CA,West,1978,Male,2025-07-08,Consumer,Gold,VIP,No
2663,Barbara,White,barbara.white.2663@gmail.com,(688) 714-7796,Denver,CO,West,1966,Female,2025-03-31,Consumer,Silver,Regular,No
2664,John,Wilson,john.wilson.2664@gmail.com,(838) 353-3873,Chicago,IL,Midwest,1964,Male,2023-05-12,Consumer,Bronze,Occasional,Yes
2665,Emma,Nguyen,emma.nguyen.2665@outlook.com,(897) 646-4816,Orlando,FL,South,1962,Female,2024-03-26,Consumer,Bronze,Occasional,Yes
2666,Joshua,Williams,joshua.williams.2666@icloud.com,(290) 328-2920,Milwaukee,WI,Midwest,1995,Male,2025-07-11,Consumer,Bronze,Regular,Yes
2667,Kevin,Ramirez,kevin.ramirez.2667@protonmail.com,(517) 227-6941,Charlotte,NC,South,1982,Male,2026-06-06,Small Business,Bronze,Regular,Yes
2668,Margaret,Davis,margaret.davis.2668@protonmail.com,(879) 406-5034,Chicago,IL,Midwest,1945,Female,2026-09-01,Consumer,Bronze,Occasional,Yes
2669,Sarah,Thomas,sarah.thomas.2669@icloud.com,(543) 332-1835,Columbus,OH,Midwest,1962,Female,2025-03-09,Consumer,Platinum,VIP,Yes
2670,Richard,Young,richard.young.2670@icloud.com,(862) 746-8396,Charlotte,NC,South,1947,Male,2024-05-27,Consumer,Platinum,Occasional,Yes
2671,Lauren,Garcia,lauren.garcia.2671@protonmail.com,(656) 921-7616,Cleveland,OH,Midwest,2003,Female,2026-06-03,Consumer,Bronze,Regular,Yes
2672,Anthony,Martin,anthony.martin.2672@protonmail.com,(948) 246-6389,San Diego,CA,West,1992,Male,2025-07-14,Consumer,Bronze,Regular,Yes
2673,Kevin,Scott,kevin.scott.2673@protonmail.com,(218) 231-7864,Orlando,FL,South,1948,Male,2025-12-04,Small Business,Bronze,Regular,Yes
2674,Amanda,Smith,amanda.smith.2674@outlook.com,(999) 600-6786,San Diego,CA,West,1956,Female,2025-01-01,Consumer,Bronze,Occasional,Yes
2675,Rachel,Anderson,rachel.anderson.2675@gmail.com,(880) 680-8826,New York,NY,Northeast,1975,Female,2023-02-07,Small Business,Bronze,Occasional,No
2676,Patricia,Robinson,patricia.robinson.2676@yahoo.com,(845) 752-6791,Seattle,WA,West,1970,Female,2025-05-14,Consumer,Silver,Regular,Yes
2677,Megan,Martinez,megan.martinez.2677@protonmail.com,(602) 436-4249,Seattle,WA,West,2005,Female,2024-04-12,Consumer,Silver,Occasional,Yes
2678,Christopher,Walker,christopher.walker.2678@icloud.com,(708) 349-4633,Chicago,IL,Midwest,1998,Male,2026-02-14,Consumer,Bronze,Occasional,Yes
2679,Emily,Perez,emily.perez.2679@icloud.com,(779) 874-8652,Pittsburgh,PA,Northeast,1959,Female,2025-09-06,Consumer,Gold,Occasional,Yes
2680,Rebecca,Miller,rebecca.miller.2680@gmail.com,(566) 281-2054,Miami,FL,South,1954,Female,2025-10-10,Consumer,Bronze,Occasional,Yes
2681,Abigail,Flores,abigail.flores.2681@outlook.com,(748) 483-7394,Miami,FL,South,1995,Female,2023-10-29,Consumer,Gold,Frequent,Yes
2682,Michael,Sanchez,michael.sanchez.2682@yahoo.com,(984) 946-2686,Cleveland,OH,Midwest,1989,Male,2024-07-07,Consumer,Silver,Occasional,Yes
2683,Kevin,Gonzalez,kevin.gonzalez.2683@yahoo.com,(733) 991-1127,Philadelphia,PA,Northeast,1975,Male,2025-08-29,Small Business,Bronze,Occasional,Yes
2684,Richard,Hill,richard.hill.2684@icloud.com,(504) 966-8681,Providence,RI,Northeast,1954,Male,2023-10-20,Consumer,Bronze,Regular,Yes
2685,Andrew,Sanchez,andrew.sanchez.2685@icloud.com,(491) 298-4186,Richmond,VA,South,1949,Male,2023-08-04,Enterprise,Bronze,VIP,No
2686,Emma,Martin,emma.martin.2686@yahoo.com,(448) 886-5335,Indianapolis,IN,Midwest,1984,Female,2023-04-21,Consumer,Bronze,Regular,Yes
2687,Elizabeth,Nguyen,elizabeth.nguyen.2687@icloud.com,(438) 770-1941,San Diego,CA,West,1997,Female,2026-07-17,Consumer,Silver,Regular,Yes
2688,Ryan,Moore,ryan.moore.2688@yahoo.com,(647) 554-8135,Buffalo,NY,Northeast,1967,Male,2026-04-26,Small Business,Bronze,Occasional,Yes
2689,Mark,Williams,mark.williams.2689@yahoo.com,(746) 249-7831,Charlotte,NC,South,1993,Male,2023-03-05,Consumer,Silver,Regular,Yes
2690,Brandon,Robinson,brandon.robinson.2690@protonmail.com,(469) 846-6653,Los Angeles,CA,West,1958,Male,2023-03-11,Consumer,Bronze,Frequent,Yes
2691,George,Martinez,george.martinez.2691@gmail.com,(339) 695-4730,Phoenix,AZ,West,1998,Male,2023-12-23,Consumer,Bronze,VIP,Yes
2692,William,Moore,william.moore.2692@yahoo.com,(502) 988-3815,Indianapolis,IN,Midwest,1990,Male,2023-09-10,Consumer,Bronze,Regular,Yes
2693,Robert,Smith,robert.smith.2693@yahoo.com,(668) 517-7558,Portland,OR,West,1952,Male,2023-07-26,Small Business,Silver,Occasional,Yes
2694,Robert,Miller,robert.miller.2694@yahoo.com,(965) 626-5442,Pittsburgh,PA,Northeast,1979,Male,2024-07-03,Small Business,Bronze,Regular,Yes
2695,Daniel,Jones,daniel.jones.2695@icloud.com,(892) 753-8493,Denver,CO,West,1991,Male,2024-08-25,Small Business,Silver,Regular,Yes
2696,John,Allen,john.allen.2696@protonmail.com,(618) 902-6737,Cleveland,OH,Midwest,1947,Male,2026-08-10,Consumer,Bronze,Occasional,Yes
2697,John,Thompson,john.thompson.2697@protonmail.com,(466) 416-8165,Atlanta,GA,South,1946,Male,2025-07-21,Consumer,Silver,Regular,Yes
2698,John,Taylor,john.taylor.2698@icloud.com,(310) 570-8737,Dallas,TX,South,1987,Male,2023-11-27,Enterprise,Bronze,Regular,Yes
2699,Jennifer,Jones,jennifer.jones.2699@protonmail.com,(697) 431-7616,Denver,CO,West,1961,Female,2024-02-11,Consumer,Bronze,Occasional,Yes
2700,Patricia,Johnson,patricia.johnson.2700@outlook.com,(523) 417-1265,Seattle,WA,West,1946,Female,2025-12-24,Consumer,Bronze,Frequent,Yes
2701,Christina,Thomas,christina.thomas.2701@yahoo.com,(523) 694-1047,Seattle,WA,West,1983,Nonbinary,2024-03-05,Consumer,Bronze,Frequent,Yes
2702,Betty,Jones,betty.jones.2702@protonmail.com,(200) 391-4367,Nashville,TN,South,1955,Female,2026-03-31,Small Business,Bronze,Regular,Yes
2703,Jacob,Scott,jacob.scott.2703@yahoo.com,(343) 763-4665,Atlanta,GA,South,1992,Male,2026-06-06,Consumer,Bronze,VIP,Yes
2704,Robert,Williams,robert.williams.2704@gmail.com,(400) 713-9143,Milwaukee,WI,Midwest,1999,Male,2026-03-12,Consumer,Bronze,Regular,Yes
2705,Ryan,White,ryan.white.2705@gmail.com,(451) 519-6305,Phoenix,AZ,West,1965,Male,2026-06-22,Consumer,Bronze,Occasional,Yes
2706,Kevin,Thomas,kevin.thomas.2706@gmail.com,(541) 254-6043,Orlando,FL,South,1983,Male,2024-09-18,Consumer,Gold,Frequent,Yes
2707,Mark,Clark,mark.clark.2707@gmail.com,(591) 625-8370,Houston,TX,South,1999,Male,2025-12-19,Consumer,Bronze,Occasional,Yes
2708,Joshua,Williams,joshua.williams.2708@protonmail.com,(712) 614-1260,Milwaukee,WI,Midwest,1961,Male,2024-03-25,Small Business,Bronze,Occasional,Yes
2709,Olivia,Sanchez,olivia.sanchez.2709@protonmail.com,(923) 542-9231,Chicago,IL,Midwest,1967,Female,2023-06-02,Consumer,Bronze,Regular,Yes
2710,Linda,Allen,linda.allen.2710@gmail.com,(596) 246-6036,Hartford,CT,Northeast,1993,Female,2026-06-15,Consumer,Gold,Regular,Yes
2711,Sandra,Hernandez,sandra.hernandez.2711@gmail.com,(965) 305-5563,Columbus,OH,Midwest,2002,Female,2025-05-10,Consumer,Platinum,Regular,Yes
2712,Daniel,Hill,daniel.hill.2712@protonmail.com,(750) 466-1410,Charlotte,NC,South,1954,Male,2023-09-18,Consumer,Bronze,Occasional,No
2713,Mary,Brown,mary.brown.2713@outlook.com,(685) 919-4864,Minneapolis,MN,Midwest,1965,Female,2025-12-08,Consumer,Gold,Occasional,No
2714,Jessica,Brown,jessica.brown.2714@yahoo.com,(826) 594-4177,Dallas,TX,South,1974,Female,2023-12-03,Consumer,Silver,Regular,Yes
2715,Steven,Johnson,steven.johnson.2715@protonmail.com,(415) 861-6704,San Diego,CA,West,1979,Male,2026-06-02,Consumer,Silver,Regular,Yes
2716,Justin,Clark,justin.clark.2716@gmail.com,(845) 252-7579,Newark,NJ,Northeast,1987,Male,2024-06-30,Consumer,Silver,Regular,No
2717,Lisa,Scott,lisa.scott.2717@outlook.com,(479) 585-6608,San Francisco,CA,West,1972,Female,2025-11-25,Consumer,Bronze,Frequent,Yes
2718,Christina,Lopez,christina.lopez.2718@gmail.com,(353) 291-3204,Portland,OR,West,1947,Female,2023-10-21,Small Business,Bronze,Regular,Yes
2719,Steven,Thompson,steven.thompson.2719@yahoo.com,(709) 630-8739,Atlanta,GA,South,1955,Male,2023-01-07,Enterprise,Silver,Occasional,Yes
2720,Paul,Martinez,paul.martinez.2720@outlook.com,(857) 743-7886,Cleveland,OH,Midwest,1966,Male,2025-09-24,Consumer,Bronze,Regular,Yes
2721,James,Sanchez,james.sanchez.2721@icloud.com,(493) 913-5175,Denver,CO,West,2005,Male,2024-12-18,Consumer,Gold,Regular,Yes
2722,Brian,Torres,brian.torres.2722@icloud.com,(454) 738-4292,Philadelphia,PA,Northeast,1968,Male,2025-02-10,Consumer,Silver,Occasional,Yes
2723,David,Johnson,david.johnson.2723@gmail.com,(315) 992-8770,Richmond,VA,South,1967,Male,2023-11-10,Consumer,Bronze,Regular,Yes
2724,Linda,Johnson,linda.johnson.2724@gmail.com,(441) 294-2365,Richmond,VA,South,2002,Female,2025-09-26,Consumer,Bronze,Frequent,Yes
2725,Charles,Williams,charles.williams.2725@gmail.com,(574) 617-7617,Atlanta,GA,South,1963,Male,2023-08-26,Consumer,Bronze,Occasional,Yes
2726,Linda,Ramirez,linda.ramirez.2726@outlook.com,(497) 474-7230,Dallas,TX,South,2000,Female,2025-06-03,Consumer,Bronze,Frequent,No
2727,Christina,Nguyen,christina.nguyen.2727@icloud.com,(751) 697-1995,Orlando,FL,South,1952,Female,2023-09-28,Consumer,Silver,Occasional,No
2728,Mary,Jackson,mary.jackson.2728@outlook.com,(388) 454-1801,Dallas,TX,South,1991,Female,2024-04-01,Consumer,Bronze,Frequent,Yes
2729,Nathan,Davis,nathan.davis.2729@protonmail.com,(710) 277-1109,Philadelphia,PA,Northeast,1979,Male,2023-04-28,Consumer,Silver,Regular,No
2730,Thomas,Walker,thomas.walker.2730@protonmail.com,(571) 822-3613,Richmond,VA,South,1989,Male,2024-10-28,Consumer,Bronze,Frequent,Yes
2731,Donald,Jones,donald.jones.2731@protonmail.com,(602) 868-1944,Cleveland,OH,Midwest,1949,Male,2023-02-26,Small Business,Bronze,Occasional,No
2732,John,Thomas,john.thomas.2732@protonmail.com,(670) 515-6346,Cleveland,OH,Midwest,1976,Male,2026-02-12,Consumer,Gold,Regular,Yes
2733,Ashley,Clark,ashley.clark.2733@outlook.com,(290) 429-9303,Milwaukee,WI,Midwest,1966,Female,2024-11-16,Consumer,Bronze,Regular,Yes
2734,Barbara,Hill,barbara.hill.2734@yahoo.com,(682) 304-5084,Indianapolis,IN,Midwest,1961,Female,2024-04-18,Consumer,Gold,Frequent,Yes
2735,Joseph,Anderson,joseph.anderson.2735@yahoo.com,(226) 380-9950,Detroit,MI,Midwest,1982,Male,2025-11-11,Consumer,Bronze,Regular,Yes
2736,Emma,Jackson,emma.jackson.2736@yahoo.com,(435) 312-9328,New York,NY,Northeast,2004,Female,2026-03-22,Consumer,Bronze,Frequent,Yes
2737,Christopher,Sanchez,christopher.sanchez.2737@icloud.com,(410) 630-8622,Houston,TX,South,1968,Male,2026-07-16,Consumer,Gold,Occasional,Yes
2738,Joseph,Martinez,joseph.martinez.2738@icloud.com,(919) 598-6867,Miami,FL,South,1997,Male,2024-07-12,Small Business,Bronze,Regular,Yes
2739,Justin,Taylor,justin.taylor.2739@protonmail.com,(529) 485-3507,Houston,TX,South,1979,Male,2025-04-05,Consumer,Bronze,Regular,Yes
2740,Barbara,Davis,barbara.davis.2740@gmail.com,(699) 778-4463,San Diego,CA,West,1979,Female,2023-01-05,Consumer,Bronze,Regular,Yes
2741,Megan,Johnson,megan.johnson.2741@yahoo.com,(269) 371-6064,Providence,RI,Northeast,1992,Female,2024-01-26,Consumer,Silver,Frequent,No
2742,Mark,Jones,mark.jones.2742@gmail.com,(302) 738-1304,Detroit,MI,Midwest,1971,Male,2023-07-20,Consumer,Gold,Frequent,Yes
2743,Amanda,Hernandez,amanda.hernandez.2743@icloud.com,(921) 555-2810,Cleveland,OH,Midwest,1973,Female,2023-06-14,Consumer,Bronze,Regular,Yes
2744,Matthew,Martin,matthew.martin.2744@icloud.com,(662) 232-6934,Miami,FL,South,1966,Male,2024-12-29,Consumer,Gold,Regular,Yes
2745,Olivia,Lee,olivia.lee.2745@outlook.com,(255) 920-9744,Atlanta,GA,South,1983,Female,2023-01-14,Consumer,Gold,Regular,Yes
2746,Linda,Taylor,linda.taylor.2746@yahoo.com,(663) 538-7524,Cleveland,OH,Midwest,1994,Female,2025-07-12,Consumer,Bronze,Frequent,No
2747,Daniel,Smith,daniel.smith.2747@icloud.com,(209) 553-2926,Houston,TX,South,1983,Male,2024-08-08,Enterprise,Bronze,Regular,Yes
2748,Ashley,Anderson,ashley.anderson.2748@yahoo.com,(758) 544-1036,Chicago,IL,Midwest,1997,Female,2025-02-03,Small Business,Gold,Regular,Yes
2749,James,Brown,james.brown.2749@yahoo.com,(813) 525-1233,Nashville,TN,South,1972,Male,2023-09-04,Consumer,Bronze,Occasional,Yes
2750,Matthew,Harris,matthew.harris.2750@gmail.com,(468) 732-5034,Dallas,TX,South,1996,Male,2024-05-19,Consumer,Bronze,VIP,Yes
2751,Kevin,Williams,kevin.williams.2751@icloud.com,(980) 788-8661,St. Louis,MO,Midwest,1945,Male,2023-01-02,Consumer,Silver,Regular,Yes
2752,George,Thomas,george.thomas.2752@protonmail.com,(682) 496-3694,Cleveland,OH,Midwest,1985,Male,2023-10-07,Consumer,Gold,Occasional,Yes
2753,Rebecca,Sanchez,rebecca.sanchez.2753@icloud.com,(792) 616-1512,Seattle,WA,West,1962,Female,2024-07-27,Consumer,Silver,Regular,Yes
2754,Ashley,Wilson,ashley.wilson.2754@icloud.com,(748) 321-8392,Cleveland,OH,Midwest,1976,Female,2023-12-16,Consumer,Silver,Frequent,Yes
2755,Emily,Wright,emily.wright.2755@yahoo.com,(667) 259-7062,Chicago,IL,Midwest,1982,Female,2025-08-05,Small Business,Bronze,Regular,Yes
2756,Elizabeth,Hill,elizabeth.hill.2756@outlook.com,(504) 647-7290,Las Vegas,NV,West,1948,Female,2023-03-28,Consumer,Bronze,Regular,Yes
2757,Emily,Lee,emily.lee.2757@gmail.com,(355) 434-9419,Buffalo,NY,Northeast,1972,Female,2025-09-05,Consumer,Silver,Regular,Yes
2758,David,Wright,david.wright.2758@protonmail.com,(806) 496-9510,Boston,MA,Northeast,1983,Male,2026-05-28,Enterprise,Bronze,Frequent,Yes
2759,Matthew,Gonzalez,matthew.gonzalez.2759@yahoo.com,(555) 759-4147,Richmond,VA,South,1987,Nonbinary,2024-02-09,Consumer,Bronze,Occasional,Yes
2760,Donald,Nguyen,donald.nguyen.2760@icloud.com,(526) 539-5575,Denver,CO,West,1968,Male,2026-04-18,Consumer,Bronze,Regular,Yes
2761,Margaret,Wilson,margaret.wilson.2761@icloud.com,(311) 819-9877,Providence,RI,Northeast,2000,Female,2023-04-16,Consumer,Bronze,Occasional,Yes
2762,Christopher,Taylor,christopher.taylor.2762@protonmail.com,(696) 455-4961,Boston,MA,Northeast,1977,Male,2025-06-25,Consumer,Silver,Occasional,Yes
2763,Christina,Wright,christina.wright.2763@yahoo.com,(987) 378-8164,Orlando,FL,South,1977,Female,2023-01-08,Consumer,Bronze,VIP,No
2764,Stephanie,Martin,stephanie.martin.2764@protonmail.com,(470) 205-7191,Phoenix,AZ,West,1987,Female,2026-06-06,Consumer,Bronze,Regular,Yes
2765,John,Anderson,john.anderson.2765@protonmail.com,(907) 975-9799,Milwaukee,WI,Midwest,1950,Male,2023-12-04,Consumer,Bronze,Frequent,No
2766,Jason,Perez,jason.perez.2766@outlook.com,(723) 639-9509,Columbus,OH,Midwest,1965,Male,2024-07-29,Consumer,Gold,Regular,No
2767,Mark,Jackson,mark.jackson.2767@icloud.com,(925) 325-8085,Atlanta,GA,South,1978,Nonbinary,2026-06-07,Consumer,Gold,Frequent,Yes
2768,Brandon,Robinson,brandon.robinson.2768@gmail.com,(615) 378-1095,Los Angeles,CA,West,1994,Prefer not to say,2024-08-27,Consumer,Bronze,Occasional,Yes
2769,Stephanie,Taylor,stephanie.taylor.2769@outlook.com,(823) 605-5816,Atlanta,GA,South,1988,Female,2025-06-21,Small Business,Bronze,Regular,Yes
2770,Nicole,Davis,nicole.davis.2770@gmail.com,(482) 822-4564,Las Vegas,NV,West,1994,Female,2023-06-27,Small Business,Gold,Occasional,Yes
2771,Lisa,Harris,lisa.harris.2771@gmail.com,(354) 487-8391,Charlotte,NC,South,1950,Female,2023-03-16,Consumer,Silver,Occasional,No
2772,Matthew,White,matthew.white.2772@protonmail.com,(246) 689-2361,Portland,OR,West,1962,Male,2026-01-21,Small Business,Silver,VIP,Yes
2773,Joshua,Smith,joshua.smith.2773@gmail.com,(615) 293-9871,Orlando,FL,South,2005,Male,2026-03-02,Consumer,Bronze,Occasional,Yes
2774,Charles,Thomas,charles.thomas.2774@gmail.com,(537) 987-3361,Richmond,VA,South,1997,Male,2024-01-03,Consumer,Silver,Regular,Yes
2775,Melissa,Johnson,melissa.johnson.2775@icloud.com,(427) 495-6856,Columbus,OH,Midwest,2005,Female,2024-10-03,Enterprise,Silver,Regular,Yes
2776,Christopher,Lewis,christopher.lewis.2776@outlook.com,(795) 918-5764,Nashville,TN,South,1955,Male,2024-03-29,Small Business,Bronze,Frequent,Yes
2777,Nathan,Lopez,nathan.lopez.2777@gmail.com,(788) 700-9736,Philadelphia,PA,Northeast,1972,Male,2026-07-17,Consumer,Bronze,Occasional,Yes
2778,Kevin,Torres,kevin.torres.2778@icloud.com,(462) 715-5346,Columbus,OH,Midwest,1967,Male,2023-05-02,Enterprise,Gold,Regular,Yes
2779,James,Allen,james.allen.2779@yahoo.com,(648) 603-3448,New York,NY,Northeast,1961,Male,2023-09-13,Small Business,Bronze,Regular,Yes
2780,Richard,Wright,richard.wright.2780@outlook.com,(852) 900-2231,Nashville,TN,South,1986,Male,2024-12-12,Consumer,Silver,Occasional,Yes
2781,Karen,Nguyen,karen.nguyen.2781@icloud.com,(456) 439-6526,Indianapolis,IN,Midwest,1979,Female,2024-07-11,Consumer,Bronze,Occasional,Yes
2782,Kevin,Flores,kevin.flores.2782@outlook.com,(716) 987-6377,Newark,NJ,Northeast,1981,Male,2026-01-20,Small Business,Bronze,Occasional,Yes
2783,Paul,Brown,paul.brown.2783@yahoo.com,(426) 360-5209,Miami,FL,South,1977,Male,2023-02-18,Small Business,Silver,Regular,No
2784,Jennifer,Miller,jennifer.miller.2784@gmail.com,(645) 836-3902,Atlanta,GA,South,1971,Female,2025-12-29,Enterprise,Bronze,Frequent,Yes
2785,Elizabeth,Allen,elizabeth.allen.2785@icloud.com,(674) 880-3037,Orlando,FL,South,1999,Female,2025-01-23,Consumer,Silver,Regular,Yes
2786,William,Wilson,william.wilson.2786@outlook.com,(901) 899-3898,Portland,OR,West,1967,Male,2024-02-29,Consumer,Bronze,Regular,Yes
2787,Jason,Jackson,jason.jackson.2787@yahoo.com,(322) 805-1865,Cleveland,OH,Midwest,1991,Male,2025-08-02,Small Business,Bronze,Regular,Yes
2788,Mark,Wilson,mark.wilson.2788@protonmail.com,(735) 337-3098,Houston,TX,South,1951,Male,2024-10-01,Consumer,Bronze,Frequent,Yes
2789,Jennifer,Anderson,jennifer.anderson.2789@yahoo.com,(597) 736-1213,Seattle,WA,West,1994,Female,2024-10-05,Small Business,Gold,Frequent,Yes
2790,Anthony,Robinson,anthony.robinson.2790@outlook.com,(272) 809-9385,Philadelphia,PA,Northeast,1985,Male,2023-08-07,Consumer,Bronze,Frequent,Yes
2791,Betty,King,betty.king.2791@gmail.com,(800) 779-8201,Milwaukee,WI,Midwest,1991,Female,2023-09-07,Consumer,Bronze,Occasional,Yes
2792,Patricia,Lee,patricia.lee.2792@protonmail.com,(458) 917-5795,Richmond,VA,South,1991,Nonbinary,2025-05-29,Consumer,Bronze,Frequent,Yes
2793,Ryan,Smith,ryan.smith.2793@outlook.com,(742) 520-1741,Richmond,VA,South,1952,Male,2024-12-15,Consumer,Bronze,Regular,No
2794,Jennifer,Rodriguez,jennifer.rodriguez.2794@protonmail.com,(873) 406-4026,Hartford,CT,Northeast,1952,Prefer not to say,2025-01-17,Consumer,Silver,Occasional,Yes
2795,Jessica,Davis,jessica.davis.2795@outlook.com,(288) 868-6121,Boston,MA,Northeast,1947,Female,2025-10-11,Consumer,Bronze,Occasional,Yes
2796,Jason,Martin,jason.martin.2796@gmail.com,(401) 611-6537,Charlotte,NC,South,1993,Male,2024-08-06,Consumer,Bronze,Frequent,Yes
2797,Emily,Clark,emily.clark.2797@yahoo.com,(905) 340-9669,Phoenix,AZ,West,1978,Female,2025-02-25,Consumer,Gold,Regular,Yes
2798,Jacob,Brown,jacob.brown.2798@protonmail.com,(462) 676-3884,Indianapolis,IN,Midwest,1998,Male,2026-01-14,Consumer,Bronze,Regular,Yes
2799,Stephanie,Hernandez,stephanie.hernandez.2799@outlook.com,(619) 777-4207,Seattle,WA,West,1974,Female,2025-06-07,Consumer,Bronze,Regular,Yes
2800,Kevin,White,kevin.white.2800@icloud.com,(293) 615-9880,Atlanta,GA,South,1947,Male,2026-03-25,Small Business,Bronze,Frequent,Yes
2801,George,Lee,george.lee.2801@outlook.com,(792) 668-2452,Houston,TX,South,2003,Male,2025-11-19,Consumer,Silver,Regular,Yes
2802,Olivia,Sanchez,olivia.sanchez.2802@outlook.com,(674) 879-1452,Dallas,TX,South,1963,Female,2026-02-21,Small Business,Silver,Occasional,No
2803,Jason,Flores,jason.flores.2803@protonmail.com,(260) 763-2629,Nashville,TN,South,1958,Male,2023-12-17,Consumer,Bronze,Frequent,Yes
2804,Olivia,Wright,olivia.wright.2804@yahoo.com,(572) 601-5907,Pittsburgh,PA,Northeast,1988,Nonbinary,2026-08-03,Small Business,Bronze,Regular,Yes
2805,Donald,Wright,donald.wright.2805@yahoo.com,(349) 357-7103,Philadelphia,PA,Northeast,1967,Male,2024-09-28,Consumer,Bronze,Regular,Yes
2806,Paul,Perez,paul.perez.2806@yahoo.com,(314) 430-5454,Cleveland,OH,Midwest,1978,Male,2023-06-16,Small Business,Bronze,Frequent,Yes
2807,Elizabeth,Clark,elizabeth.clark.2807@protonmail.com,(713) 925-8617,Minneapolis,MN,Midwest,2001,Female,2023-12-23,Consumer,Gold,Occasional,Yes
2808,Megan,Miller,megan.miller.2808@gmail.com,(622) 462-9646,Boston,MA,Northeast,1957,Female,2023-03-17,Consumer,Gold,Occasional,Yes
2809,William,White,william.white.2809@outlook.com,(944) 944-2156,Atlanta,GA,South,1992,Male,2024-02-27,Consumer,Gold,Regular,Yes
2810,Karen,Lee,karen.lee.2810@outlook.com,(463) 357-2437,Hartford,CT,Northeast,1974,Female,2024-06-22,Enterprise,Bronze,Occasional,Yes
2811,Donald,Garcia,donald.garcia.2811@gmail.com,(974) 561-5089,San Francisco,CA,West,2000,Male,2025-02-20,Enterprise,Silver,Regular,Yes
2812,Donald,Lee,donald.lee.2812@icloud.com,(619) 815-9415,Detroit,MI,Midwest,1975,Male,2026-07-17,Small Business,Gold,Regular,Yes
2813,Megan,King,megan.king.2813@outlook.com,(810) 552-3411,Detroit,MI,Midwest,1951,Female,2025-03-31,Small Business,Gold,Regular,Yes
2814,Richard,Nguyen,richard.nguyen.2814@yahoo.com,(489) 359-5391,Buffalo,NY,Northeast,1951,Male,2026-02-14,Consumer,Bronze,Occasional,Yes
2815,George,Martin,george.martin.2815@icloud.com,(460) 255-4975,San Francisco,CA,West,1972,Male,2025-10-26,Consumer,Bronze,Regular,Yes
2816,Robert,Thomas,robert.thomas.2816@protonmail.com,(647) 954-6095,Houston,TX,South,1949,Male,2025-03-28,Consumer,Bronze,Regular,Yes
2817,John,Ramirez,john.ramirez.2817@outlook.com,(446) 386-6877,Nashville,TN,South,1949,Male,2023-06-27,Consumer,Bronze,Regular,No
2818,Barbara,Jackson,barbara.jackson.2818@gmail.com,(815) 372-4136,New York,NY,Northeast,2005,Female,2024-03-25,Consumer,Silver,Occasional,Yes
2819,Abigail,King,abigail.king.2819@protonmail.com,(227) 300-2360,New York,NY,Northeast,1987,Female,2024-01-15,Consumer,Gold,Occasional,Yes
2820,Richard,Davis,richard.davis.2820@gmail.com,(943) 782-3449,St. Louis,MO,Midwest,2005,Male,2023-06-23,Consumer,Bronze,Occasional,No
2821,Michael,Johnson,michael.johnson.2821@icloud.com,(397) 680-4947,San Diego,CA,West,1950,Male,2024-02-04,Consumer,Bronze,Regular,Yes
2822,Steven,Hernandez,steven.hernandez.2822@icloud.com,(508) 629-9703,Atlanta,GA,South,1958,Male,2023-07-23,Consumer,Gold,Regular,Yes
2823,Ashley,Martin,ashley.martin.2823@yahoo.com,(525) 716-4774,Nashville,TN,South,1945,Nonbinary,2024-04-23,Consumer,Silver,Occasional,Yes
2824,Amanda,Williams,amanda.williams.2824@yahoo.com,(941) 345-8606,Richmond,VA,South,1984,Female,2023-09-04,Consumer,Gold,Occasional,Yes
2825,Brian,Taylor,brian.taylor.2825@outlook.com,(805) 575-1767,Phoenix,AZ,West,1966,Male,2025-09-03,Consumer,Gold,Regular,Yes
2826,Sophia,White,sophia.white.2826@icloud.com,(842) 565-1451,Dallas,TX,South,1956,Female,2024-08-18,Small Business,Bronze,Frequent,Yes
2827,Patricia,Perez,patricia.perez.2827@protonmail.com,(882) 780-5259,Cleveland,OH,Midwest,1947,Female,2024-03-10,Small Business,Bronze,Occasional,Yes
2828,Donald,Hill,donald.hill.2828@gmail.com,(886) 895-9342,Nashville,TN,South,1979,Male,2024-02-21,Consumer,Bronze,Occasional,Yes
2829,Megan,Jones,megan.jones.2829@gmail.com,(836) 253-3603,Indianapolis,IN,Midwest,1966,Female,2026-05-09,Small Business,Bronze,Frequent,Yes
2830,James,Jones,james.jones.2830@yahoo.com,(521) 388-1571,Richmond,VA,South,1967,Male,2026-05-04,Small Business,Gold,Regular,Yes
2831,Jessica,Garcia,jessica.garcia.2831@yahoo.com,(828) 247-8256,Miami,FL,South,1946,Nonbinary,2026-08-01,Consumer,Silver,Occasional,Yes
2832,Megan,Walker,megan.walker.2832@yahoo.com,(369) 345-1967,Pittsburgh,PA,Northeast,1971,Female,2023-10-08,Consumer,Silver,Regular,Yes
2833,David,Allen,david.allen.2833@yahoo.com,(727) 879-7705,Boston,MA,Northeast,1963,Male,2023-01-16,Consumer,Silver,Occasional,Yes
2834,Charles,Gonzalez,charles.gonzalez.2834@gmail.com,(419) 764-2483,Atlanta,GA,South,1982,Male,2025-06-14,Consumer,Bronze,Occasional,Yes
2835,Christina,Clark,christina.clark.2835@icloud.com,(469) 564-7162,Minneapolis,MN,Midwest,1945,Female,2026-02-12,Small Business,Bronze,Regular,Yes
2836,Charles,Miller,charles.miller.2836@protonmail.com,(950) 791-8177,Providence,RI,Northeast,1987,Male,2024-11-14,Consumer,Bronze,Regular,Yes
2837,Mark,Thompson,mark.thompson.2837@gmail.com,(337) 867-8932,Houston,TX,South,1956,Male,2023-07-02,Consumer,Gold,Regular,Yes
2838,Lisa,Garcia,lisa.garcia.2838@outlook.com,(811) 252-6461,Richmond,VA,South,1974,Female,2024-06-12,Consumer,Bronze,Regular,Yes
2839,Emma,Jones,emma.jones.2839@outlook.com,(912) 973-7521,Seattle,WA,West,1964,Female,2024-09-22,Consumer,Bronze,Occasional,Yes
2840,Elizabeth,Clark,elizabeth.clark.2840@outlook.com,(206) 592-9318,San Diego,CA,West,1969,Female,2024-05-24,Small Business,Bronze,Occasional,Yes
2841,Olivia,Wright,olivia.wright.2841@icloud.com,(546) 285-9750,Atlanta,GA,South,1966,Female,2025-09-02,Small Business,Silver,Frequent,Yes
2842,Jacob,Torres,jacob.torres.2842@yahoo.com,(662) 323-8852,Denver,CO,West,1953,Male,2024-09-14,Consumer,Bronze,Occasional,Yes
2843,Stephanie,Wilson,stephanie.wilson.2843@icloud.com,(567) 675-5826,Denver,CO,West,1969,Female,2023-11-06,Consumer,Bronze,Regular,Yes
2844,Susan,Moore,susan.moore.2844@yahoo.com,(729) 789-6636,New York,NY,Northeast,2000,Female,2026-02-04,Consumer,Silver,Regular,Yes
2845,Jennifer,Wright,jennifer.wright.2845@gmail.com,(921) 237-6065,Nashville,TN,South,1979,Female,2024-01-31,Small Business,Bronze,Regular,Yes
2846,Sarah,Johnson,sarah.johnson.2846@gmail.com,(820) 536-1599,St. Louis,MO,Midwest,1975,Nonbinary,2025-11-28,Consumer,Bronze,Occasional,Yes
2847,Elizabeth,King,elizabeth.king.2847@outlook.com,(369) 349-4251,Seattle,WA,West,1987,Female,2025-08-16,Consumer,Bronze,Regular,Yes
2848,Ashley,Miller,ashley.miller.2848@icloud.com,(666) 704-7522,Seattle,WA,West,1998,Female,2025-07-18,Small Business,Bronze,Occasional,Yes
2849,Nathan,Robinson,nathan.robinson.2849@gmail.com,(744) 634-8598,Denver,CO,West,1964,Male,2025-11-29,Consumer,Bronze,Occasional,Yes
2850,William,Martin,william.martin.2850@yahoo.com,(932) 983-1869,Dallas,TX,South,1973,Male,2026-08-30,Small Business,Gold,Regular,Yes
2851,Olivia,King,olivia.king.2851@protonmail.com,(293) 202-3330,Dallas,TX,South,1981,Female,2023-03-11,Consumer,Bronze,Frequent,Yes
2852,Jacob,King,jacob.king.2852@outlook.com,(259) 552-3820,Houston,TX,South,1991,Male,2023-09-21,Consumer,Bronze,Regular,Yes
2853,Susan,Thomas,susan.thomas.2853@yahoo.com,(685) 968-6220,Newark,NJ,Northeast,1978,Female,2025-08-06,Consumer,Gold,Regular,Yes
2854,Thomas,Nguyen,thomas.nguyen.2854@outlook.com,(840) 850-1461,San Francisco,CA,West,1986,Nonbinary,2025-04-07,Small Business,Silver,Occasional,No
2855,Jason,White,jason.white.2855@protonmail.com,(725) 460-8554,Denver,CO,West,1988,Male,2025-05-25,Enterprise,Bronze,VIP,Yes
2856,Melissa,Taylor,melissa.taylor.2856@outlook.com,(888) 861-9539,Cleveland,OH,Midwest,1953,Female,2025-09-21,Consumer,Silver,Frequent,Yes
2857,Margaret,Jones,margaret.jones.2857@gmail.com,(367) 206-2079,Buffalo,NY,Northeast,1969,Female,2023-05-25,Consumer,Silver,Regular,Yes
2858,Olivia,Lewis,olivia.lewis.2858@yahoo.com,(650) 970-5289,Pittsburgh,PA,Northeast,1966,Female,2023-10-03,Consumer,Gold,Regular,Yes
2859,Jennifer,Thomas,jennifer.thomas.2859@outlook.com,(606) 915-2470,Nashville,TN,South,1997,Female,2026-05-06,Consumer,Gold,Regular,Yes
2860,Richard,Gonzalez,richard.gonzalez.2860@yahoo.com,(679) 328-8178,San Diego,CA,West,1967,Male,2025-06-02,Enterprise,Gold,Occasional,Yes
2861,Joshua,Gonzalez,joshua.gonzalez.2861@outlook.com,(549) 950-9907,Richmond,VA,South,1965,Male,2025-07-03,Consumer,Bronze,Frequent,Yes
2862,Amanda,Wright,amanda.wright.2862@outlook.com,(205) 896-1306,Houston,TX,South,1989,Female,2023-07-23,Small Business,Bronze,Regular,No
2863,Sophia,Ramirez,sophia.ramirez.2863@icloud.com,(371) 838-2694,Seattle,WA,West,1952,Female,2023-04-29,Enterprise,Silver,Occasional,Yes
2864,Edward,Young,edward.young.2864@protonmail.com,(460) 231-9544,San Diego,CA,West,1995,Male,2026-02-27,Small Business,Bronze,Occasional,Yes
2865,James,Hernandez,james.hernandez.2865@gmail.com,(977) 713-4895,Orlando,FL,South,1970,Male,2025-08-27,Small Business,Bronze,Regular,Yes
2866,Patricia,Walker,patricia.walker.2866@outlook.com,(768) 986-5539,New York,NY,Northeast,2002,Female,2026-08-24,Small Business,Bronze,Regular,Yes
2867,Nancy,Thomas,nancy.thomas.2867@icloud.com,(963) 226-9938,Columbus,OH,Midwest,1960,Female,2023-04-28,Consumer,Bronze,Regular,Yes
2868,Stephanie,Walker,stephanie.walker.2868@outlook.com,(520) 448-1199,New York,NY,Northeast,1957,Female,2023-09-30,Consumer,Silver,Frequent,No
2869,Joshua,Hill,joshua.hill.2869@yahoo.com,(615) 596-8285,Nashville,TN,South,1957,Male,2023-02-21,Consumer,Bronze,Frequent,Yes
2870,Joseph,Lewis,joseph.lewis.2870@gmail.com,(850) 584-7710,Richmond,VA,South,1949,Male,2026-05-02,Consumer,Gold,Regular,Yes
2871,Paul,Smith,paul.smith.2871@icloud.com,(624) 623-7192,Richmond,VA,South,2005,Male,2024-01-30,Consumer,Silver,Occasional,Yes
2872,Jacob,White,jacob.white.2872@gmail.com,(786) 467-8455,Nashville,TN,South,1955,Male,2025-04-12,Consumer,Silver,Regular,Yes
2873,James,Allen,james.allen.2873@gmail.com,(770) 221-8257,Dallas,TX,South,1994,Male,2025-06-29,Consumer,Bronze,Regular,Yes
2874,Joseph,Thompson,joseph.thompson.2874@icloud.com,(542) 635-5182,Boston,MA,Northeast,1999,Prefer not to say,2023-03-01,Consumer,Gold,Frequent,Yes
2875,Amanda,Johnson,amanda.johnson.2875@icloud.com,(400) 588-3214,Charlotte,NC,South,1964,Female,2024-08-04,Consumer,Bronze,Frequent,Yes
2876,Nancy,King,nancy.king.2876@icloud.com,(284) 608-4242,Charlotte,NC,South,1953,Female,2023-09-21,Consumer,Silver,Regular,No
2877,John,Nguyen,john.nguyen.2877@yahoo.com,(822) 277-7361,Newark,NJ,Northeast,1956,Male,2025-08-18,Consumer,Bronze,Occasional,Yes
2878,James,Flores,james.flores.2878@icloud.com,(284) 495-4142,Philadelphia,PA,Northeast,1958,Male,2026-07-31,Consumer,Silver,Occasional,Yes
2879,Linda,Perez,linda.perez.2879@icloud.com,(766) 319-7150,San Francisco,CA,West,1955,Female,2024-05-17,Consumer,Bronze,Regular,Yes
2880,Jessica,Martinez,jessica.martinez.2880@yahoo.com,(744) 735-3246,Cleveland,OH,Midwest,1962,Female,2025-01-26,Consumer,Gold,Occasional,Yes
2881,Charles,Jackson,charles.jackson.2881@icloud.com,(671) 257-5588,Buffalo,NY,Northeast,1976,Male,2025-03-06,Small Business,Bronze,Regular,Yes
2882,Betty,Smith,betty.smith.2882@icloud.com,(257) 569-3454,Richmond,VA,South,2004,Female,2025-12-27,Small Business,Gold,Regular,Yes
2883,Donald,Clark,donald.clark.2883@yahoo.com,(627) 716-8568,Indianapolis,IN,Midwest,1960,Male,2024-07-07,Consumer,Bronze,Frequent,Yes
2884,Barbara,Hill,barbara.hill.2884@protonmail.com,(892) 787-7782,Buffalo,NY,Northeast,1994,Female,2025-12-12,Small Business,Gold,Frequent,Yes
2885,James,Martin,james.martin.2885@icloud.com,(353) 286-2010,Detroit,MI,Midwest,1974,Male,2024-10-15,Consumer,Bronze,Regular,Yes
2886,Joshua,Young,joshua.young.2886@protonmail.com,(290) 354-8107,Chicago,IL,Midwest,1978,Male,2023-06-04,Consumer,Silver,Occasional,No
2887,Mark,Hernandez,mark.hernandez.2887@protonmail.com,(768) 260-5173,Providence,RI,Northeast,1952,Male,2025-03-02,Consumer,Silver,Occasional,Yes
2888,Rebecca,Moore,rebecca.moore.2888@icloud.com,(500) 583-4371,Houston,TX,South,1994,Female,2025-07-29,Consumer,Silver,Regular,Yes
2889,Justin,Hill,justin.hill.2889@yahoo.com,(392) 681-8558,Philadelphia,PA,Northeast,1977,Male,2024-03-05,Consumer,Gold,Occasional,Yes
2890,Jacob,Wilson,jacob.wilson.2890@outlook.com,(732) 834-9622,San Diego,CA,West,1958,Nonbinary,2025-08-02,Consumer,Silver,Occasional,Yes
2891,Ashley,Hernandez,ashley.hernandez.2891@icloud.com,(741) 957-4104,Los Angeles,CA,West,1996,Female,2024-11-08,Small Business,Silver,Regular,No
2892,Thomas,Martinez,thomas.martinez.2892@icloud.com,(249) 205-7126,Cleveland,OH,Midwest,1991,Male,2023-11-18,Consumer,Bronze,Regular,Yes
2893,Joshua,Torres,joshua.torres.2893@outlook.com,(271) 857-4481,Charlotte,NC,South,1945,Male,2023-12-31,Consumer,Bronze,Regular,Yes
2894,Daniel,Scott,daniel.scott.2894@outlook.com,(914) 720-3975,Phoenix,AZ,West,1975,Male,2024-03-07,Small Business,Silver,Regular,Yes
2895,Jennifer,Flores,jennifer.flores.2895@icloud.com,(290) 824-4748,Houston,TX,South,1964,Female,2025-05-15,Enterprise,Bronze,Regular,Yes
2896,David,Lewis,david.lewis.2896@outlook.com,(307) 413-9602,Portland,OR,West,1964,Male,2024-11-08,Consumer,Bronze,Occasional,Yes
2897,Susan,Young,susan.young.2897@outlook.com,(268) 925-3787,Chicago,IL,Midwest,1957,Female,2026-02-21,Enterprise,Silver,Regular,Yes
2898,Anthony,Williams,anthony.williams.2898@icloud.com,(972) 538-4409,Los Angeles,CA,West,1960,Male,2024-02-11,Consumer,Silver,Occasional,Yes
2899,Stephanie,Wilson,stephanie.wilson.2899@outlook.com,(265) 493-5047,Nashville,TN,South,1989,Female,2023-09-28,Consumer,Gold,Frequent,Yes
2900,Joshua,Smith,joshua.smith.2900@protonmail.com,(456) 858-5123,Nashville,TN,South,1998,Male,2026-05-14,Consumer,Bronze,Regular,Yes
2901,Justin,Thomas,justin.thomas.2901@icloud.com,(895) 666-9307,Orlando,FL,South,1973,Male,2023-05-03,Consumer,Bronze,Regular,No
2902,Mary,Perez,mary.perez.2902@icloud.com,(671) 818-1362,Detroit,MI,Midwest,1957,Female,2026-07-07,Small Business,Bronze,Regular,Yes
2903,Christina,Thompson,christina.thompson.2903@outlook.com,(721) 921-9773,Charlotte,NC,South,1991,Female,2025-04-07,Consumer,Silver,Frequent,Yes
2904,Michael,Miller,michael.miller.2904@yahoo.com,(890) 516-2766,Houston,TX,South,1995,Male,2024-04-15,Small Business,Bronze,Frequent,Yes
2905,Lisa,Perez,lisa.perez.2905@yahoo.com,(460) 594-2531,Detroit,MI,Midwest,2001,Female,2026-05-11,Consumer,Bronze,Regular,Yes
2906,Thomas,Lopez,thomas.lopez.2906@outlook.com,(358) 298-6919,Milwaukee,WI,Midwest,1999,Male,2023-10-18,Consumer,Silver,Occasional,Yes
2907,Sarah,Anderson,sarah.anderson.2907@outlook.com,(643) 809-5164,Nashville,TN,South,1945,Female,2026-02-06,Consumer,Gold,Frequent,Yes
2908,Anthony,Perez,anthony.perez.2908@gmail.com,(717) 505-3311,Miami,FL,South,1973,Male,2023-06-10,Consumer,Silver,Frequent,No
2909,Joshua,Garcia,joshua.garcia.2909@gmail.com,(710) 776-2783,St. Louis,MO,Midwest,1963,Male,2026-03-23,Consumer,Silver,Occasional,Yes
2910,Jason,Thompson,jason.thompson.2910@protonmail.com,(366) 942-7238,Cleveland,OH,Midwest,1981,Nonbinary,2025-06-03,Consumer,Gold,Frequent,Yes
2911,Sophia,Smith,sophia.smith.2911@gmail.com,(672) 623-1045,Columbus,OH,Midwest,1973,Female,2025-03-28,Consumer,Bronze,Occasional,No
2912,Charles,Gonzalez,charles.gonzalez.2912@protonmail.com,(933) 342-5608,Hartford,CT,Northeast,2002,Male,2023-08-03,Small Business,Bronze,Frequent,Yes
2913,Rachel,Hill,rachel.hill.2913@outlook.com,(947) 251-9784,Denver,CO,West,1952,Female,2026-04-15,Consumer,Bronze,Occasional,Yes
2914,Rebecca,Lopez,rebecca.lopez.2914@icloud.com,(378) 921-9133,Chicago,IL,Midwest,2000,Female,2026-03-13,Small Business,Gold,Frequent,Yes
2915,Linda,Hill,linda.hill.2915@protonmail.com,(576) 338-6658,Denver,CO,West,1979,Female,2024-11-15,Small Business,Silver,Occasional,Yes
2916,George,Miller,george.miller.2916@icloud.com,(328) 909-1321,Boston,MA,Northeast,1951,Nonbinary,2024-07-20,Consumer,Bronze,Regular,Yes
2917,Donald,Miller,donald.miller.2917@protonmail.com,(718) 270-6910,Denver,CO,West,1952,Male,2024-08-16,Consumer,Bronze,Occasional,Yes
2918,Abigail,Walker,abigail.walker.2918@icloud.com,(457) 481-3410,Pittsburgh,PA,Northeast,1987,Female,2026-07-13,Consumer,Bronze,Frequent,Yes
2919,Nicole,Martin,nicole.martin.2919@gmail.com,(359) 279-4518,Richmond,VA,South,1946,Female,2025-03-11,Consumer,Bronze,Frequent,Yes
2920,Ryan,Brown,ryan.brown.2920@outlook.com,(648) 269-3024,Philadelphia,PA,Northeast,1946,Male,2024-07-19,Consumer,Bronze,Regular,Yes
2921,Nicole,Torres,nicole.torres.2921@outlook.com,(669) 757-6537,Seattle,WA,West,1986,Female,2025-08-08,Consumer,Silver,Frequent,Yes
2922,Paul,Robinson,paul.robinson.2922@icloud.com,(528) 378-7040,Philadelphia,PA,Northeast,1962,Male,2024-01-13,Consumer,Gold,Occasional,Yes
2923,Betty,Ramirez,betty.ramirez.2923@icloud.com,(500) 801-9509,Atlanta,GA,South,1991,Female,2023-07-25,Consumer,Bronze,Regular,Yes
2924,Robert,Nguyen,robert.nguyen.2924@protonmail.com,(815) 463-9161,Orlando,FL,South,1978,Male,2023-11-22,Consumer,Bronze,VIP,No
2925,Matthew,Thomas,matthew.thomas.2925@icloud.com,(943) 587-5627,Hartford,CT,Northeast,1986,Male,2025-03-02,Consumer,Gold,Regular,Yes
2926,Ashley,Jackson,ashley.jackson.2926@outlook.com,(432) 744-5833,Portland,OR,West,1969,Female,2023-05-08,Consumer,Silver,Frequent,No
2927,Steven,Gonzalez,steven.gonzalez.2927@icloud.com,(855) 921-5797,New York,NY,Northeast,1947,Male,2024-03-29,Small Business,Gold,Regular,Yes
2928,Steven,Taylor,steven.taylor.2928@protonmail.com,(531) 379-4261,St. Louis,MO,Midwest,1950,Male,2023-07-11,Consumer,Bronze,Occasional,Yes
2929,Olivia,Hernandez,olivia.hernandez.2929@protonmail.com,(766) 284-5350,St. Louis,MO,Midwest,1984,Female,2023-11-01,Consumer,Bronze,Occasional,Yes
2930,Ryan,Thompson,ryan.thompson.2930@protonmail.com,(714) 353-4553,Newark,NJ,Northeast,1954,Male,2023-07-22,Consumer,Bronze,Regular,Yes
2931,Sandra,Sanchez,sandra.sanchez.2931@gmail.com,(699) 403-8820,Indianapolis,IN,Midwest,1961,Female,2023-03-09,Small Business,Silver,Frequent,Yes
2932,Kevin,Wilson,kevin.wilson.2932@yahoo.com,(478) 436-9286,Portland,OR,West,1971,Nonbinary,2024-01-12,Consumer,Gold,Frequent,Yes
2933,James,Walker,james.walker.2933@icloud.com,(956) 811-4391,Houston,TX,South,1986,Male,2024-12-12,Small Business,Silver,Frequent,Yes
2934,Justin,Scott,justin.scott.2934@outlook.com,(564) 513-3287,Cleveland,OH,Midwest,1976,Male,2025-06-14,Consumer,Bronze,Occasional,Yes
2935,Linda,Johnson,linda.johnson.2935@protonmail.com,(248) 616-3038,Atlanta,GA,South,1967,Female,2023-10-19,Small Business,Bronze,Regular,No
2936,Susan,Rodriguez,susan.rodriguez.2936@outlook.com,(864) 782-9333,Hartford,CT,Northeast,1949,Female,2023-03-28,Consumer,Bronze,Regular,No
2937,Nicole,Garcia,nicole.garcia.2937@yahoo.com,(829) 525-5768,Detroit,MI,Midwest,1958,Female,2025-01-14,Consumer,Bronze,Frequent,Yes
2938,Emma,Wright,emma.wright.2938@icloud.com,(200) 707-5413,St. Louis,MO,Midwest,1984,Female,2025-09-01,Consumer,Bronze,Frequent,Yes
2939,Joshua,Allen,joshua.allen.2939@yahoo.com,(242) 426-6272,Orlando,FL,South,2001,Male,2024-08-06,Consumer,Gold,Regular,Yes
2940,Andrew,Smith,andrew.smith.2940@protonmail.com,(402) 415-4316,Houston,TX,South,1980,Male,2024-03-14,Consumer,Gold,Regular,Yes
2941,Elizabeth,Jones,elizabeth.jones.2941@gmail.com,(973) 528-8815,Pittsburgh,PA,Northeast,1990,Female,2026-09-03,Enterprise,Platinum,Occasional,Yes
2942,Emily,Wilson,emily.wilson.2942@icloud.com,(266) 220-2597,Indianapolis,IN,Midwest,1969,Female,2024-03-19,Consumer,Bronze,Frequent,Yes
2943,Michael,Martin,michael.martin.2943@icloud.com,(457) 938-2563,San Francisco,CA,West,1981,Male,2024-12-08,Consumer,Bronze,Regular,Yes
2944,Linda,Taylor,linda.taylor.2944@protonmail.com,(462) 308-6919,Nashville,TN,South,1973,Female,2025-12-31,Consumer,Silver,Regular,Yes
2945,James,Walker,james.walker.2945@outlook.com,(350) 753-7568,Boston,MA,Northeast,1945,Male,2026-02-08,Consumer,Bronze,Regular,Yes
2946,Thomas,Robinson,thomas.robinson.2946@gmail.com,(342) 542-1625,Richmond,VA,South,1955,Male,2024-09-05,Consumer,Bronze,Regular,No
2947,Nancy,Miller,nancy.miller.2947@gmail.com,(987) 263-9984,Detroit,MI,Midwest,1975,Female,2023-05-17,Small Business,Gold,Regular,No
2948,Jennifer,Thompson,jennifer.thompson.2948@gmail.com,(648) 288-3205,Phoenix,AZ,West,1953,Female,2024-05-21,Consumer,Gold,Occasional,Yes
2949,Mary,Scott,mary.scott.2949@icloud.com,(900) 816-8857,Atlanta,GA,South,1975,Female,2024-07-19,Consumer,Bronze,VIP,Yes
2950,Jessica,Martin,jessica.martin.2950@icloud.com,(487) 909-1565,Nashville,TN,South,1947,Female,2024-12-10,Consumer,Silver,Occasional,Yes
2951,Margaret,Anderson,margaret.anderson.2951@outlook.com,(321) 536-4052,Miami,FL,South,1990,Female,2026-07-07,Small Business,Gold,Regular,Yes
2952,Sandra,Flores,sandra.flores.2952@icloud.com,(380) 639-3164,Denver,CO,West,1972,Female,2026-05-23,Small Business,Bronze,Regular,Yes
2953,Nicole,Gonzalez,nicole.gonzalez.2953@protonmail.com,(359) 887-6043,Minneapolis,MN,Midwest,1969,Female,2026-07-08,Small Business,Bronze,Regular,Yes
2954,Jennifer,Clark,jennifer.clark.2954@protonmail.com,(804) 315-9241,Indianapolis,IN,Midwest,1957,Female,2024-02-24,Consumer,Bronze,Regular,No
2955,Mark,Taylor,mark.taylor.2955@icloud.com,(513) 299-3946,Nashville,TN,South,1998,Male,2024-03-09,Consumer,Bronze,Regular,No
2956,Daniel,Martin,daniel.martin.2956@yahoo.com,(485) 537-9559,San Diego,CA,West,1991,Male,2025-09-29,Small Business,Bronze,Regular,No
2957,Lisa,Johnson,lisa.johnson.2957@yahoo.com,(403) 623-2789,New York,NY,Northeast,1975,Female,2024-02-15,Consumer,Gold,Regular,Yes
2958,Jessica,King,jessica.king.2958@protonmail.com,(287) 485-9940,Philadelphia,PA,Northeast,1982,Female,2023-06-12,Enterprise,Silver,Frequent,Yes
2959,Amanda,Jackson,amanda.jackson.2959@yahoo.com,(608) 616-1707,Seattle,WA,West,1946,Female,2024-12-05,Consumer,Bronze,Occasional,Yes
2960,Susan,Johnson,susan.johnson.2960@gmail.com,(661) 403-9787,Indianapolis,IN,Midwest,1963,Female,2024-05-08,Consumer,Platinum,Occasional,Yes
2961,Edward,Torres,edward.torres.2961@yahoo.com,(861) 633-3725,Nashville,TN,South,1994,Male,2025-10-26,Consumer,Silver,Regular,Yes
2962,Jennifer,Nguyen,jennifer.nguyen.2962@yahoo.com,(330) 684-9480,Seattle,WA,West,1955,Female,2024-10-05,Consumer,Bronze,Frequent,Yes
2963,Sophia,Williams,sophia.williams.2963@yahoo.com,(309) 759-6726,St. Louis,MO,Midwest,1981,Female,2026-04-29,Consumer,Bronze,Regular,Yes
2964,Sophia,Scott,sophia.scott.2964@gmail.com,(388) 634-1386,Las Vegas,NV,West,1962,Female,2023-10-29,Consumer,Bronze,Regular,Yes
2965,Mary,Smith,mary.smith.2965@gmail.com,(343) 548-8455,Seattle,WA,West,1991,Female,2024-08-22,Consumer,Bronze,Regular,Yes
2966,Ashley,Walker,ashley.walker.2966@icloud.com,(414) 671-7100,San Francisco,CA,West,2000,Female,2025-11-12,Small Business,Gold,Occasional,Yes
2967,Betty,King,betty.king.2967@outlook.com,(225) 252-8232,Charlotte,NC,South,1993,Female,2025-12-18,Consumer,Gold,Occasional,Yes
2968,Daniel,Robinson,daniel.robinson.2968@icloud.com,(337) 383-2631,Denver,CO,West,1954,Male,2025-07-11,Small Business,Silver,Occasional,Yes
2969,Patricia,Jones,patricia.jones.2969@icloud.com,(616) 389-3950,Houston,TX,South,1996,Female,2023-12-14,Consumer,Silver,Frequent,Yes
2970,Betty,Rodriguez,betty.rodriguez.2970@protonmail.com,(606) 268-4983,Providence,RI,Northeast,1954,Female,2025-04-05,Small Business,Silver,Frequent,Yes
2971,Sophia,Robinson,sophia.robinson.2971@yahoo.com,(209) 796-8863,Dallas,TX,South,1979,Female,2023-12-13,Consumer,Bronze,Occasional,No
2972,William,King,william.king.2972@gmail.com,(942) 792-5877,Milwaukee,WI,Midwest,2002,Male,2025-07-21,Consumer,Silver,Occasional,No
2973,Barbara,Martin,barbara.martin.2973@outlook.com,(601) 850-1922,Detroit,MI,Midwest,2003,Female,2025-03-15,Small Business,Bronze,Occasional,Yes
2974,Betty,Williams,betty.williams.2974@outlook.com,(403) 522-1474,Nashville,TN,South,1971,Female,2025-11-25,Consumer,Silver,Regular,Yes
2975,Michael,Ramirez,michael.ramirez.2975@icloud.com,(463) 539-5745,Cleveland,OH,Midwest,1965,Male,2025-12-02,Consumer,Silver,Frequent,No
2976,Christina,Walker,christina.walker.2976@gmail.com,(790) 842-7353,Houston,TX,South,1973,Female,2023-01-26,Consumer,Gold,Frequent,No
2977,David,Gonzalez,david.gonzalez.2977@yahoo.com,(868) 605-1859,Dallas,TX,South,1998,Male,2025-07-25,Small Business,Bronze,Occasional,Yes
2978,Karen,Thomas,karen.thomas.2978@icloud.com,(259) 787-1257,Phoenix,AZ,West,1961,Female,2024-04-19,Consumer,Silver,Occasional,No
2979,Melissa,Gonzalez,melissa.gonzalez.2979@protonmail.com,(592) 367-1311,Newark,NJ,Northeast,1960,Female,2023-03-13,Consumer,Bronze,Regular,Yes
2980,Michael,Lewis,michael.lewis.2980@icloud.com,(372) 295-5954,Milwaukee,WI,Midwest,1976,Male,2026-02-02,Consumer,Gold,Regular,Yes
2981,Karen,Young,karen.young.2981@yahoo.com,(448) 666-6884,Minneapolis,MN,Midwest,1988,Female,2025-08-25,Consumer,Silver,Regular,Yes
2982,Lauren,Taylor,lauren.taylor.2982@gmail.com,(524) 646-1803,Nashville,TN,South,2005,Female,2025-11-25,Enterprise,Bronze,Regular,Yes
2983,Christina,Gonzalez,christina.gonzalez.2983@outlook.com,(789) 587-5312,Charlotte,NC,South,1962,Female,2025-02-07,Small Business,Platinum,Occasional,No
2984,Nancy,Clark,nancy.clark.2984@yahoo.com,(624) 899-6707,Detroit,MI,Midwest,1959,Female,2024-05-31,Consumer,Gold,Regular,No
2985,Jacob,Williams,jacob.williams.2985@icloud.com,(499) 935-9925,Buffalo,NY,Northeast,1962,Male,2023-11-08,Small Business,Silver,Regular,Yes
2986,Susan,Nguyen,susan.nguyen.2986@outlook.com,(202) 270-4997,Seattle,WA,West,1971,Female,2026-07-24,Consumer,Silver,Regular,Yes
2987,Matthew,Wilson,matthew.wilson.2987@yahoo.com,(302) 220-8610,Milwaukee,WI,Midwest,2002,Male,2025-06-02,Small Business,Bronze,Frequent,Yes
2988,Christopher,Thompson,christopher.thompson.2988@outlook.com,(960) 477-9147,Las Vegas,NV,West,1988,Nonbinary,2024-11-12,Consumer,Bronze,Occasional,Yes
2989,Justin,Thompson,justin.thompson.2989@gmail.com,(603) 930-6342,Houston,TX,South,1980,Nonbinary,2023-12-12,Consumer,Bronze,Frequent,Yes
2990,William,White,william.white.2990@yahoo.com,(284) 390-8128,New York,NY,Northeast,1945,Male,2023-07-12,Consumer,Gold,Occasional,Yes
2991,Christopher,Nguyen,christopher.nguyen.2991@gmail.com,(610) 341-2412,Hartford,CT,Northeast,1954,Male,2023-01-02,Small Business,Silver,Occasional,Yes
2992,Nancy,Clark,nancy.clark.2992@gmail.com,(799) 806-7782,Columbus,OH,Midwest,1967,Female,2026-07-09,Consumer,Bronze,Occasional,Yes
2993,Anthony,Martinez,anthony.martinez.2993@yahoo.com,(261) 234-3425,Las Vegas,NV,West,1958,Male,2026-04-02,Consumer,Bronze,Frequent,Yes
2994,Jason,Perez,jason.perez.2994@protonmail.com,(421) 672-6501,Chicago,IL,Midwest,1971,Male,2024-08-03,Consumer,Bronze,Occasional,Yes
2995,Donald,Robinson,donald.robinson.2995@gmail.com,(877) 780-1079,Richmond,VA,South,1978,Male,2023-04-03,Consumer,Bronze,Regular,Yes
2996,Elizabeth,Allen,elizabeth.allen.2996@protonmail.com,(816) 243-9977,Orlando,FL,South,1946,Female,2024-05-11,Small Business,Silver,Regular,Yes
2997,Brian,Perez,brian.perez.2997@icloud.com,(328) 315-7926,Richmond,VA,South,2005,Male,2025-09-30,Small Business,Bronze,Regular,Yes
2998,Jacob,White,jacob.white.2998@protonmail.com,(635) 771-2973,Dallas,TX,South,1971,Male,2025-09-14,Enterprise,Gold,Frequent,Yes
2999,Sarah,Moore,sarah.moore.2999@protonmail.com,(648) 283-2649,Dallas,TX,South,1985,Female,2026-03-01,Consumer,Bronze,Occasional,No
3000,Jennifer,Wright,jennifer.wright.3000@outlook.com,(412) 586-7321,Orlando,FL,South,1983,Female,2025-03-11,Consumer,Bronze,Frequent,Yes
3001,Michael,Harris,michael.harris.3001@gmail.com,(646) 373-8625,San Diego,CA,West,1971,Male,2025-06-30,Enterprise,Bronze,Occasional,Yes
3002,Jennifer,Brown,jennifer.brown.3002@icloud.com,(985) 772-1202,Cleveland,OH,Midwest,1981,Female,2025-08-25,Consumer,Bronze,Occasional,Yes
3003,Megan,Brown,megan.brown.3003@protonmail.com,(549) 631-8606,Miami,FL,South,1995,Female,2026-02-25,Consumer,Bronze,Regular,Yes
3004,Christina,Hill,christina.hill.3004@outlook.com,(482) 359-6468,Columbus,OH,Midwest,1988,Nonbinary,2025-03-22,Enterprise,Bronze,Occasional,No
3005,David,Brown,david.brown.3005@gmail.com,(740) 826-2627,Nashville,TN,South,1976,Male,2025-02-17,Small Business,Silver,Occasional,Yes
3006,Brandon,Thompson,brandon.thompson.3006@yahoo.com,(553) 266-2095,Indianapolis,IN,Midwest,1967,Male,2023-05-28,Consumer,Silver,Regular,Yes
3007,Paul,Harris,paul.harris.3007@protonmail.com,(385) 862-9663,St. Louis,MO,Midwest,1980,Male,2025-03-15,Consumer,Bronze,Frequent,Yes
3008,Sophia,Thomas,sophia.thomas.3008@protonmail.com,(868) 587-4583,San Diego,CA,West,1970,Female,2024-05-29,Consumer,Silver,Regular,Yes
3009,Charles,Taylor,charles.taylor.3009@outlook.com,(407) 314-5326,San Francisco,CA,West,1958,Male,2024-09-13,Small Business,Bronze,Regular,Yes
3010,Donald,Perez,donald.perez.3010@gmail.com,(663) 352-7749,Charlotte,NC,South,1989,Male,2024-03-25,Consumer,Bronze,VIP,Yes
3011,Betty,Gonzalez,betty.gonzalez.3011@icloud.com,(213) 201-2208,Portland,OR,West,1956,Female,2025-03-04,Consumer,Bronze,Regular,Yes
3012,Edward,Walker,edward.walker.3012@icloud.com,(724) 979-4243,New York,NY,Northeast,1971,Male,2023-07-18,Consumer,Bronze,Regular,Yes
3013,Anthony,Harris,anthony.harris.3013@outlook.com,(723) 677-8269,Orlando,FL,South,1952,Male,2025-08-11,Enterprise,Platinum,Regular,Yes
3014,Rachel,Robinson,rachel.robinson.3014@outlook.com,(273) 469-6308,Columbus,OH,Midwest,1982,Female,2026-01-23,Small Business,Gold,Regular,Yes
3015,Amanda,Jackson,amanda.jackson.3015@gmail.com,(321) 976-1630,Seattle,WA,West,1967,Female,2024-08-10,Consumer,Bronze,Regular,Yes
3016,David,Sanchez,david.sanchez.3016@gmail.com,(598) 478-7034,Nashville,TN,South,1969,Male,2024-11-17,Consumer,Silver,Regular,Yes
3017,Brandon,Flores,brandon.flores.3017@icloud.com,(308) 599-6185,Buffalo,NY,Northeast,1947,Male,2025-04-28,Consumer,Bronze,Regular,Yes
3018,Daniel,Hernandez,daniel.hernandez.3018@outlook.com,(463) 701-3284,Columbus,OH,Midwest,1963,Male,2025-04-20,Consumer,Bronze,Regular,Yes
3019,Steven,Hill,steven.hill.3019@outlook.com,(770) 631-1093,Minneapolis,MN,Midwest,1959,Male,2026-06-26,Consumer,Silver,Regular,Yes
3020,Jessica,Anderson,jessica.anderson.3020@gmail.com,(823) 457-2808,Miami,FL,South,2000,Female,2026-04-24,Consumer,Silver,Frequent,Yes
3021,Christopher,Lopez,christopher.lopez.3021@protonmail.com,(824) 751-3346,Dallas,TX,South,1950,Male,2024-12-08,Consumer,Bronze,Regular,Yes
3022,Karen,Rodriguez,karen.rodriguez.3022@gmail.com,(293) 637-6584,Buffalo,NY,Northeast,1995,Female,2024-04-15,Consumer,Bronze,Occasional,Yes
3023,Lisa,Torres,lisa.torres.3023@protonmail.com,(491) 993-3020,Indianapolis,IN,Midwest,1995,Female,2023-02-03,Consumer,Bronze,Occasional,Yes
3024,John,Johnson,john.johnson.3024@outlook.com,(249) 314-3647,Miami,FL,South,2002,Male,2025-12-08,Small Business,Bronze,Occasional,Yes
3025,Anthony,Perez,anthony.perez.3025@icloud.com,(739) 626-7951,Dallas,TX,South,1981,Male,2024-01-01,Consumer,Gold,Frequent,No
3026,Anthony,Lewis,anthony.lewis.3026@gmail.com,(902) 956-6071,Houston,TX,South,2000,Prefer not to say,2024-04-02,Small Business,Bronze,Frequent,Yes
3027,Nathan,Williams,nathan.williams.3027@yahoo.com,(328) 998-9754,Nashville,TN,South,1959,Male,2023-12-03,Consumer,Bronze,Regular,No
3028,James,Miller,james.miller.3028@yahoo.com,(291) 303-9864,Nashville,TN,South,2002,Male,2025-02-09,Consumer,Silver,Regular,Yes
3029,Robert,Garcia,robert.garcia.3029@gmail.com,(738) 547-2475,Nashville,TN,South,2005,Male,2026-04-18,Consumer,Silver,Regular,Yes
3030,Sandra,Hill,sandra.hill.3030@protonmail.com,(667) 731-1714,Providence,RI,Northeast,1963,Female,2024-02-24,Consumer,Silver,Frequent,No
3031,Ashley,Walker,ashley.walker.3031@gmail.com,(313) 299-9956,Detroit,MI,Midwest,1984,Female,2025-10-26,Small Business,Gold,Regular,Yes
3032,Daniel,Flores,daniel.flores.3032@icloud.com,(905) 745-2578,Dallas,TX,South,1958,Male,2025-05-17,Small Business,Bronze,Occasional,Yes
3033,Charles,Hill,charles.hill.3033@icloud.com,(248) 549-1414,Miami,FL,South,1956,Nonbinary,2025-03-24,Consumer,Bronze,Occasional,Yes
3034,George,Thompson,george.thompson.3034@protonmail.com,(203) 851-3181,Richmond,VA,South,1959,Male,2024-04-12,Small Business,Bronze,Occasional,Yes
3035,Lauren,Moore,lauren.moore.3035@gmail.com,(932) 762-6668,Buffalo,NY,Northeast,2001,Female,2024-05-19,Consumer,Gold,Regular,Yes
3036,Kevin,Lopez,kevin.lopez.3036@protonmail.com,(452) 705-6643,Portland,OR,West,1973,Male,2024-10-17,Consumer,Bronze,Regular,Yes
3037,Andrew,Ramirez,andrew.ramirez.3037@icloud.com,(866) 957-2011,Richmond,VA,South,1995,Male,2025-02-11,Consumer,Bronze,Frequent,Yes
3038,Anthony,Anderson,anthony.anderson.3038@icloud.com,(693) 965-4457,San Diego,CA,West,1949,Male,2024-08-12,Enterprise,Bronze,Occasional,Yes
3039,Thomas,Perez,thomas.perez.3039@gmail.com,(381) 981-5248,New York,NY,Northeast,1958,Male,2024-07-15,Consumer,Silver,Regular,Yes
3040,Brandon,Flores,brandon.flores.3040@yahoo.com,(252) 352-9902,Detroit,MI,Midwest,1979,Male,2025-12-25,Consumer,Platinum,Occasional,Yes
3041,Richard,Allen,richard.allen.3041@yahoo.com,(581) 884-7125,Orlando,FL,South,2003,Male,2024-08-12,Small Business,Gold,Occasional,Yes
3042,William,Davis,william.davis.3042@gmail.com,(536) 941-5343,Buffalo,NY,Northeast,1982,Male,2024-11-19,Consumer,Bronze,Occasional,Yes
3043,Betty,Williams,betty.williams.3043@icloud.com,(374) 294-6688,Las Vegas,NV,West,1960,Female,2024-06-28,Consumer,Silver,Regular,No
3044,Patricia,Wilson,patricia.wilson.3044@yahoo.com,(301) 368-8594,Hartford,CT,Northeast,1992,Female,2026-03-31,Small Business,Bronze,Frequent,Yes
3045,William,Thompson,william.thompson.3045@protonmail.com,(715) 656-8455,Las Vegas,NV,West,1997,Male,2023-03-12,Consumer,Platinum,Occasional,No
3046,Nathan,Gonzalez,nathan.gonzalez.3046@protonmail.com,(766) 350-3536,Seattle,WA,West,1959,Male,2026-07-06,Consumer,Bronze,Occasional,Yes
3047,Joseph,Anderson,joseph.anderson.3047@gmail.com,(686) 528-9673,Houston,TX,South,1988,Male,2023-08-27,Small Business,Bronze,Regular,Yes
3048,Christopher,Clark,christopher.clark.3048@yahoo.com,(797) 283-9332,Miami,FL,South,1955,Male,2023-05-11,Consumer,Silver,Regular,No
3049,Linda,Johnson,linda.johnson.3049@protonmail.com,(705) 891-5115,Houston,TX,South,1971,Nonbinary,2026-03-17,Small Business,Bronze,Regular,Yes
3050,Emily,Nguyen,emily.nguyen.3050@outlook.com,(634) 576-4666,Los Angeles,CA,West,1950,Female,2025-05-22,Consumer,Gold,Frequent,No
3051,Joseph,Rodriguez,joseph.rodriguez.3051@protonmail.com,(310) 259-7448,Richmond,VA,South,1982,Male,2026-06-02,Enterprise,Bronze,Regular,No
3052,Anthony,Gonzalez,anthony.gonzalez.3052@outlook.com,(549) 897-7504,Miami,FL,South,1983,Male,2025-01-09,Consumer,Silver,VIP,Yes
3053,Lisa,Thomas,lisa.thomas.3053@yahoo.com,(987) 679-6404,Cleveland,OH,Midwest,1973,Female,2023-03-06,Consumer,Bronze,Regular,Yes
3054,Charles,Nguyen,charles.nguyen.3054@outlook.com,(648) 921-9556,Las Vegas,NV,West,1950,Male,2024-03-06,Consumer,Bronze,Occasional,No
3055,William,Lewis,william.lewis.3055@gmail.com,(977) 871-5372,Dallas,TX,South,1956,Male,2024-12-16,Consumer,Silver,Occasional,Yes
3056,Thomas,Martinez,thomas.martinez.3056@icloud.com,(307) 673-6643,Detroit,MI,Midwest,1981,Male,2025-11-06,Small Business,Bronze,Occasional,Yes
3057,Emily,Lopez,emily.lopez.3057@protonmail.com,(505) 653-3775,Nashville,TN,South,2005,Female,2025-05-24,Consumer,Bronze,Occasional,Yes
3058,Jessica,Wright,jessica.wright.3058@protonmail.com,(946) 240-6049,Los Angeles,CA,West,2001,Female,2024-05-04,Consumer,Silver,Occasional,Yes
3059,Daniel,Miller,daniel.miller.3059@outlook.com,(323) 573-6309,Philadelphia,PA,Northeast,1976,Male,2024-10-03,Consumer,Silver,Regular,Yes
3060,Kevin,Allen,kevin.allen.3060@icloud.com,(434) 281-1344,Pittsburgh,PA,Northeast,1960,Male,2024-01-08,Consumer,Gold,Frequent,Yes
3061,Kevin,Jones,kevin.jones.3061@yahoo.com,(504) 514-3806,Dallas,TX,South,1978,Male,2026-08-09,Consumer,Bronze,Occasional,Yes
3062,Brandon,Martin,brandon.martin.3062@protonmail.com,(298) 542-5980,New York,NY,Northeast,1956,Male,2023-09-30,Consumer,Bronze,Occasional,Yes
3063,Emily,Scott,emily.scott.3063@outlook.com,(202) 999-2126,St. Louis,MO,Midwest,1994,Female,2026-01-25,Consumer,Gold,Regular,Yes
3064,Emma,Lee,emma.lee.3064@protonmail.com,(942) 631-1233,Hartford,CT,Northeast,2000,Female,2026-09-04,Consumer,Silver,Frequent,Yes
3065,Brandon,King,brandon.king.3065@yahoo.com,(935) 428-1210,Chicago,IL,Midwest,2002,Male,2023-01-14,Enterprise,Silver,Regular,Yes
3066,Thomas,Lopez,thomas.lopez.3066@yahoo.com,(896) 952-5124,Dallas,TX,South,1948,Male,2023-08-26,Consumer,Gold,Occasional,Yes
3067,Olivia,Clark,olivia.clark.3067@yahoo.com,(328) 801-3131,San Francisco,CA,West,1987,Female,2024-04-16,Consumer,Gold,Frequent,Yes
3068,William,Gonzalez,william.gonzalez.3068@yahoo.com,(446) 302-2021,Newark,NJ,Northeast,1997,Male,2026-06-04,Consumer,Bronze,VIP,No
3069,Brandon,Lee,brandon.lee.3069@outlook.com,(893) 449-5545,Dallas,TX,South,1980,Prefer not to say,2026-04-02,Consumer,Bronze,Occasional,Yes
3070,Brandon,Sanchez,brandon.sanchez.3070@gmail.com,(466) 451-1259,Orlando,FL,South,1967,Male,2026-05-22,Consumer,Silver,Occasional,Yes
3071,Edward,Flores,edward.flores.3071@icloud.com,(475) 881-7417,Atlanta,GA,South,1945,Male,2025-04-11,Consumer,Bronze,Regular,Yes
3072,Mary,Allen,mary.allen.3072@outlook.com,(202) 248-6209,San Francisco,CA,West,2002,Female,2023-10-17,Consumer,Bronze,Regular,Yes
3073,Matthew,Gonzalez,matthew.gonzalez.3073@gmail.com,(625) 529-9153,Columbus,OH,Midwest,1956,Male,2025-01-12,Consumer,Bronze,Occasional,Yes
3074,Steven,Martin,steven.martin.3074@gmail.com,(922) 277-4104,Nashville,TN,South,1972,Male,2026-06-25,Consumer,Bronze,Frequent,Yes
3075,Justin,White,justin.white.3075@yahoo.com,(700) 553-4010,Indianapolis,IN,Midwest,1996,Male,2025-01-09,Small Business,Silver,Frequent,No
3076,Emma,Young,emma.young.3076@icloud.com,(475) 439-3003,Nashville,TN,South,1960,Female,2023-04-01,Consumer,Silver,Regular,Yes
3077,Mark,Garcia,mark.garcia.3077@outlook.com,(873) 447-8848,Hartford,CT,Northeast,1998,Male,2023-11-02,Consumer,Bronze,Occasional,Yes
3078,Michael,Moore,michael.moore.3078@outlook.com,(595) 467-1196,Los Angeles,CA,West,1951,Male,2024-09-06,Small Business,Bronze,Occasional,Yes
3079,Emily,Johnson,emily.johnson.3079@yahoo.com,(581) 526-4414,San Diego,CA,West,1947,Female,2023-08-08,Consumer,Bronze,Regular,Yes
3080,Susan,Garcia,susan.garcia.3080@icloud.com,(726) 668-1316,Columbus,OH,Midwest,1962,Female,2024-09-02,Enterprise,Bronze,Regular,Yes
3081,Brandon,Williams,brandon.williams.3081@yahoo.com,(219) 376-4355,Minneapolis,MN,Midwest,1959,Male,2026-06-10,Consumer,Silver,Regular,Yes
3082,Christopher,Hill,christopher.hill.3082@icloud.com,(231) 480-7252,Portland,OR,West,2001,Male,2023-01-26,Consumer,Bronze,Occasional,Yes
3083,Rebecca,Brown,rebecca.brown.3083@icloud.com,(267) 263-2091,Minneapolis,MN,Midwest,1995,Female,2023-10-24,Consumer,Bronze,Regular,Yes
3084,Sophia,Robinson,sophia.robinson.3084@yahoo.com,(658) 411-3039,Las Vegas,NV,West,2003,Female,2023-04-01,Consumer,Gold,Occasional,Yes
3085,Amanda,Johnson,amanda.johnson.3085@yahoo.com,(270) 256-6464,Portland,OR,West,1980,Female,2024-04-18,Consumer,Gold,Regular,Yes
3086,Ashley,Thompson,ashley.thompson.3086@gmail.com,(680) 240-3712,Orlando,FL,South,1973,Female,2023-04-20,Consumer,Bronze,Occasional,Yes
3087,Margaret,Thompson,margaret.thompson.3087@icloud.com,(781) 688-3184,Buffalo,NY,Northeast,2004,Female,2023-12-08,Consumer,Platinum,Occasional,Yes
3088,Sophia,Thomas,sophia.thomas.3088@yahoo.com,(954) 844-5544,Philadelphia,PA,Northeast,1976,Female,2026-03-29,Small Business,Silver,Frequent,No
3089,Lauren,Rodriguez,lauren.rodriguez.3089@protonmail.com,(485) 807-5377,Minneapolis,MN,Midwest,1998,Female,2025-05-05,Consumer,Bronze,Occasional,Yes
3090,Michael,Martinez,michael.martinez.3090@protonmail.com,(887) 688-5697,Atlanta,GA,South,1971,Male,2026-06-07,Consumer,Bronze,Regular,Yes
3091,Justin,Allen,justin.allen.3091@icloud.com,(433) 678-1772,Miami,FL,South,1975,Male,2026-03-30,Small Business,Silver,Occasional,Yes
3092,Daniel,Moore,daniel.moore.3092@outlook.com,(812) 949-2219,Nashville,TN,South,1988,Male,2023-04-11,Consumer,Bronze,Occasional,Yes
3093,Nicole,Robinson,nicole.robinson.3093@yahoo.com,(759) 832-5046,Milwaukee,WI,Midwest,1989,Female,2025-01-28,Consumer,Bronze,VIP,Yes
3094,James,King,james.king.3094@yahoo.com,(639) 717-4617,Minneapolis,MN,Midwest,1972,Male,2024-11-13,Small Business,Gold,Occasional,Yes
3095,Brian,Perez,brian.perez.3095@gmail.com,(532) 389-4668,Nashville,TN,South,1980,Male,2025-10-01,Consumer,Gold,Frequent,Yes
3096,John,Jackson,john.jackson.3096@icloud.com,(598) 901-5463,Seattle,WA,West,1962,Male,2025-02-05,Consumer,Bronze,Frequent,Yes
3097,Brian,Wright,brian.wright.3097@icloud.com,(439) 759-2009,Orlando,FL,South,1984,Male,2026-07-17,Small Business,Gold,Regular,Yes
3098,Brandon,Martinez,brandon.martinez.3098@yahoo.com,(674) 433-2143,Detroit,MI,Midwest,1995,Male,2024-06-21,Enterprise,Bronze,Occasional,Yes
3099,Charles,Gonzalez,charles.gonzalez.3099@protonmail.com,(459) 768-2167,Philadelphia,PA,Northeast,1979,Male,2025-01-02,Consumer,Bronze,Regular,Yes
3100,Richard,Nguyen,richard.nguyen.3100@gmail.com,(970) 753-7407,Orlando,FL,South,1965,Male,2023-12-14,Consumer,Bronze,Regular,Yes
3101,Karen,Garcia,karen.garcia.3101@gmail.com,(457) 804-5182,Philadelphia,PA,Northeast,2002,Female,2025-05-19,Consumer,Bronze,Frequent,Yes
3102,Jennifer,White,jennifer.white.3102@gmail.com,(996) 637-2187,Houston,TX,South,1946,Female,2025-06-13,Consumer,Gold,Regular,Yes
3103,Betty,Thomas,betty.thomas.3103@protonmail.com,(831) 730-6228,Houston,TX,South,1993,Female,2024-04-26,Consumer,Bronze,Frequent,Yes
3104,William,Garcia,william.garcia.3104@gmail.com,(862) 924-3799,Houston,TX,South,1953,Male,2026-06-14,Consumer,Bronze,Occasional,Yes
3105,James,Rodriguez,james.rodriguez.3105@gmail.com,(425) 866-4664,San Diego,CA,West,1948,Male,2026-05-19,Enterprise,Gold,Frequent,Yes
3106,Daniel,Jackson,daniel.jackson.3106@protonmail.com,(729) 467-8301,Seattle,WA,West,1981,Male,2023-03-22,Small Business,Bronze,Frequent,Yes
3107,Emma,Anderson,emma.anderson.3107@protonmail.com,(986) 687-2142,Houston,TX,South,1993,Female,2025-12-02,Consumer,Silver,Frequent,Yes
3108,Michael,Hernandez,michael.hernandez.3108@yahoo.com,(357) 625-6145,Nashville,TN,South,1990,Male,2023-02-26,Small Business,Bronze,Regular,Yes
3109,Ashley,Nguyen,ashley.nguyen.3109@icloud.com,(349) 941-2330,Portland,OR,West,1989,Female,2025-06-18,Consumer,Bronze,Occasional,Yes
3110,Emily,Harris,emily.harris.3110@gmail.com,(685) 926-8429,Orlando,FL,South,1956,Female,2023-12-22,Consumer,Bronze,Occasional,Yes
3111,John,Smith,john.smith.3111@gmail.com,(503) 792-7137,Orlando,FL,South,2005,Nonbinary,2026-05-01,Consumer,Bronze,Frequent,Yes
3112,Robert,Taylor,robert.taylor.3112@yahoo.com,(503) 610-6821,Hartford,CT,Northeast,2004,Male,2024-03-01,Consumer,Bronze,Occasional,Yes
3113,Amanda,Clark,amanda.clark.3113@outlook.com,(216) 977-6171,St. Louis,MO,Midwest,1958,Female,2025-04-19,Consumer,Silver,Occasional,Yes
3114,Ashley,Harris,ashley.harris.3114@protonmail.com,(274) 537-4509,Newark,NJ,Northeast,1979,Female,2023-10-09,Consumer,Silver,Regular,Yes
3115,Megan,Wright,megan.wright.3115@gmail.com,(719) 611-7861,Phoenix,AZ,West,1965,Female,2025-07-11,Small Business,Bronze,Occasional,Yes
3116,Steven,Lewis,steven.lewis.3116@protonmail.com,(209) 891-5849,Boston,MA,Northeast,1963,Male,2025-02-01,Consumer,Silver,Regular,Yes
3117,David,Robinson,david.robinson.3117@outlook.com,(365) 373-2230,Buffalo,NY,Northeast,1948,Male,2026-05-26,Consumer,Bronze,Frequent,Yes
3118,Barbara,Garcia,barbara.garcia.3118@outlook.com,(743) 308-5781,Pittsburgh,PA,Northeast,2004,Female,2023-08-13,Small Business,Bronze,Regular,Yes
3119,Ryan,Gonzalez,ryan.gonzalez.3119@icloud.com,(969) 963-3496,Seattle,WA,West,1949,Male,2024-06-28,Consumer,Bronze,Regular,Yes
3120,Emily,Smith,emily.smith.3120@outlook.com,(656) 949-9321,Nashville,TN,South,1994,Female,2023-08-20,Consumer,Silver,Frequent,No
3121,Megan,Rodriguez,megan.rodriguez.3121@icloud.com,(807) 416-5238,Richmond,VA,South,1990,Female,2023-09-09,Consumer,Gold,Occasional,Yes
3122,Justin,Scott,justin.scott.3122@outlook.com,(425) 650-1020,Nashville,TN,South,1970,Male,2026-08-29,Consumer,Platinum,Regular,Yes
3123,Robert,Harris,robert.harris.3123@protonmail.com,(555) 871-3633,Nashville,TN,South,1953,Male,2025-10-04,Consumer,Bronze,Occasional,Yes
3124,Jessica,Allen,jessica.allen.3124@outlook.com,(866) 327-2168,Cleveland,OH,Midwest,1972,Female,2026-08-15,Small Business,Platinum,Occasional,Yes
3125,Paul,Walker,paul.walker.3125@yahoo.com,(910) 621-8129,San Francisco,CA,West,1980,Male,2025-02-07,Consumer,Silver,Regular,Yes
3126,Lisa,Scott,lisa.scott.3126@outlook.com,(831) 444-3359,San Francisco,CA,West,1974,Female,2023-07-30,Consumer,Bronze,Regular,Yes
3127,Megan,Davis,megan.davis.3127@protonmail.com,(708) 421-3568,Dallas,TX,South,2001,Female,2025-04-10,Small Business,Bronze,Frequent,Yes
3128,George,Wright,george.wright.3128@outlook.com,(228) 581-6805,Milwaukee,WI,Midwest,1967,Male,2024-06-24,Consumer,Silver,Regular,Yes
3129,Betty,Walker,betty.walker.3129@gmail.com,(889) 260-1443,Minneapolis,MN,Midwest,1961,Female,2023-07-09,Consumer,Bronze,Occasional,Yes
3130,Daniel,Sanchez,daniel.sanchez.3130@outlook.com,(473) 468-4072,Buffalo,NY,Northeast,1991,Male,2023-04-29,Small Business,Bronze,Regular,No
3131,Michael,Thomas,michael.thomas.3131@gmail.com,(422) 921-2417,Atlanta,GA,South,1963,Male,2024-09-04,Consumer,Bronze,VIP,Yes
3132,Christina,Davis,christina.davis.3132@yahoo.com,(738) 638-1540,Charlotte,NC,South,1949,Nonbinary,2023-06-15,Consumer,Bronze,Occasional,Yes
3133,George,Taylor,george.taylor.3133@protonmail.com,(614) 387-2794,Minneapolis,MN,Midwest,1990,Male,2024-04-16,Small Business,Bronze,Occasional,Yes
3134,David,Thomas,david.thomas.3134@yahoo.com,(726) 762-9070,Miami,FL,South,1956,Male,2026-08-10,Small Business,Silver,Occasional,Yes
3135,Rebecca,Brown,rebecca.brown.3135@gmail.com,(528) 515-6506,Denver,CO,West,2003,Female,2025-04-06,Consumer,Silver,Regular,Yes
3136,Linda,Young,linda.young.3136@yahoo.com,(520) 549-9852,Dallas,TX,South,1988,Female,2023-07-03,Consumer,Silver,Occasional,Yes
3137,Megan,Moore,megan.moore.3137@gmail.com,(436) 357-9896,Indianapolis,IN,Midwest,1996,Female,2025-02-16,Consumer,Silver,Occasional,Yes
3138,Sarah,Smith,sarah.smith.3138@outlook.com,(680) 537-2836,Dallas,TX,South,1983,Female,2024-11-24,Consumer,Bronze,Regular,Yes
3139,Andrew,Smith,andrew.smith.3139@outlook.com,(916) 468-9355,Charlotte,NC,South,1980,Male,2026-06-02,Consumer,Bronze,Regular,Yes
3140,Nancy,Taylor,nancy.taylor.3140@outlook.com,(705) 720-7820,Philadelphia,PA,Northeast,2002,Female,2025-09-28,Consumer,Bronze,Occasional,Yes
3141,William,White,william.white.3141@protonmail.com,(746) 221-2677,San Diego,CA,West,2005,Male,2026-06-08,Consumer,Silver,Occasional,No
3142,Emma,Clark,emma.clark.3142@gmail.com,(249) 568-4811,Orlando,FL,South,1969,Nonbinary,2026-05-18,Consumer,Bronze,Frequent,Yes
3143,Joseph,Allen,joseph.allen.3143@icloud.com,(717) 515-7969,Seattle,WA,West,2001,Male,2025-10-23,Consumer,Bronze,Occasional,Yes
3144,Jennifer,Clark,jennifer.clark.3144@icloud.com,(957) 809-2415,Miami,FL,South,1970,Female,2024-07-28,Small Business,Bronze,Occasional,Yes
3145,George,Ramirez,george.ramirez.3145@outlook.com,(980) 967-6085,New York,NY,Northeast,2000,Male,2024-06-13,Consumer,Bronze,Regular,Yes
3146,Ryan,Thomas,ryan.thomas.3146@protonmail.com,(956) 721-6797,Nashville,TN,South,1992,Male,2026-05-12,Consumer,Bronze,Regular,Yes
3147,Mary,Perez,mary.perez.3147@gmail.com,(311) 458-7795,Columbus,OH,Midwest,1997,Female,2024-09-27,Consumer,Silver,Occasional,Yes
3148,Rebecca,Garcia,rebecca.garcia.3148@yahoo.com,(988) 916-4899,San Diego,CA,West,1991,Female,2023-12-15,Consumer,Bronze,Regular,Yes
3149,Nicole,Thomas,nicole.thomas.3149@yahoo.com,(625) 533-6376,St. Louis,MO,Midwest,1971,Female,2024-05-06,Consumer,Gold,Regular,Yes
3150,Sandra,Smith,sandra.smith.3150@protonmail.com,(222) 572-3796,Detroit,MI,Midwest,1989,Female,2023-12-23,Consumer,Bronze,Regular,Yes
3151,Brian,Walker,brian.walker.3151@outlook.com,(946) 845-1965,Richmond,VA,South,1987,Male,2023-06-13,Consumer,Silver,Regular,Yes
3152,Mary,Robinson,mary.robinson.3152@outlook.com,(630) 550-5660,Miami,FL,South,1947,Female,2023-01-20,Small Business,Bronze,Occasional,Yes
3153,George,Flores,george.flores.3153@icloud.com,(849) 989-4024,Denver,CO,West,1988,Male,2024-03-10,Enterprise,Gold,Regular,Yes
3154,Barbara,Jones,barbara.jones.3154@outlook.com,(641) 491-2008,Pittsburgh,PA,Northeast,1987,Female,2025-01-08,Small Business,Bronze,Occasional,Yes
3155,Ryan,Torres,ryan.torres.3155@icloud.com,(673) 842-6983,Indianapolis,IN,Midwest,1967,Male,2024-10-06,Consumer,Silver,Frequent,Yes
3156,Edward,Gonzalez,edward.gonzalez.3156@protonmail.com,(979) 298-1877,Philadelphia,PA,Northeast,1988,Nonbinary,2023-06-20,Consumer,Bronze,Occasional,Yes
3157,Sophia,Scott,sophia.scott.3157@gmail.com,(594) 903-7207,San Francisco,CA,West,1987,Female,2026-02-02,Consumer,Bronze,Regular,Yes
3158,Jason,Harris,jason.harris.3158@outlook.com,(429) 887-3510,Orlando,FL,South,1961,Male,2025-09-30,Consumer,Bronze,Regular,Yes
3159,Michael,Smith,michael.smith.3159@yahoo.com,(877) 753-8948,Richmond,VA,South,1989,Male,2025-06-25,Small Business,Silver,Regular,Yes
3160,Thomas,Ramirez,thomas.ramirez.3160@gmail.com,(951) 262-4005,Los Angeles,CA,West,1967,Nonbinary,2024-02-18,Consumer,Bronze,Occasional,Yes
3161,Andrew,Young,andrew.young.3161@yahoo.com,(809) 202-7996,Las Vegas,NV,West,1999,Male,2026-04-03,Consumer,Bronze,Frequent,Yes
3162,Jason,Miller,jason.miller.3162@protonmail.com,(561) 265-9074,Phoenix,AZ,West,1967,Male,2026-07-29,Consumer,Bronze,Frequent,Yes
3163,Kevin,Moore,kevin.moore.3163@outlook.com,(341) 206-1276,Orlando,FL,South,1961,Male,2023-02-28,Enterprise,Silver,Frequent,Yes
3164,Abigail,Scott,abigail.scott.3164@icloud.com,(833) 996-1857,Indianapolis,IN,Midwest,1999,Female,2023-03-25,Consumer,Gold,Occasional,Yes
3165,James,Moore,james.moore.3165@icloud.com,(710) 718-8816,Orlando,FL,South,2002,Male,2023-10-03,Consumer,Silver,Frequent,Yes
3166,Andrew,Taylor,andrew.taylor.3166@protonmail.com,(892) 391-3657,Minneapolis,MN,Midwest,1998,Male,2025-12-14,Consumer,Silver,Occasional,Yes
3167,Ryan,Anderson,ryan.anderson.3167@gmail.com,(933) 966-1537,Los Angeles,CA,West,1998,Male,2025-11-27,Consumer,Bronze,Frequent,Yes
3168,Nancy,Lee,nancy.lee.3168@outlook.com,(298) 421-7596,Miami,FL,South,1987,Female,2026-03-21,Consumer,Bronze,Occasional,Yes
3169,Barbara,Rodriguez,barbara.rodriguez.3169@protonmail.com,(907) 305-5425,Dallas,TX,South,1982,Female,2024-06-10,Consumer,Bronze,Occasional,Yes
3170,Joseph,Torres,joseph.torres.3170@gmail.com,(896) 956-1080,Milwaukee,WI,Midwest,1991,Male,2025-08-23,Consumer,Platinum,VIP,Yes
3171,Daniel,Ramirez,daniel.ramirez.3171@gmail.com,(883) 803-3176,Miami,FL,South,2004,Male,2023-09-09,Consumer,Bronze,Frequent,Yes
3172,Nancy,Taylor,nancy.taylor.3172@protonmail.com,(794) 501-5622,St. Louis,MO,Midwest,1971,Female,2025-05-29,Consumer,Bronze,Occasional,Yes
3173,Thomas,Robinson,thomas.robinson.3173@icloud.com,(627) 578-6908,Houston,TX,South,1987,Male,2026-06-28,Consumer,Bronze,VIP,Yes
3174,Brandon,King,brandon.king.3174@icloud.com,(867) 655-2128,Orlando,FL,South,1951,Male,2024-11-30,Consumer,Bronze,Occasional,Yes
3175,Sarah,Allen,sarah.allen.3175@yahoo.com,(304) 546-4817,Dallas,TX,South,1961,Nonbinary,2024-05-26,Consumer,Bronze,Regular,Yes
3176,Christopher,Jackson,christopher.jackson.3176@gmail.com,(508) 858-7536,Dallas,TX,South,1955,Nonbinary,2023-04-24,Consumer,Bronze,Occasional,Yes
3177,Mark,Miller,mark.miller.3177@icloud.com,(924) 554-3209,Atlanta,GA,South,1962,Male,2024-10-04,Consumer,Bronze,Frequent,No
3178,Daniel,Anderson,daniel.anderson.3178@protonmail.com,(352) 580-7330,Denver,CO,West,2002,Male,2025-04-29,Consumer,Bronze,Occasional,Yes
3179,Daniel,Nguyen,daniel.nguyen.3179@outlook.com,(301) 488-2913,Nashville,TN,South,1949,Male,2024-08-05,Consumer,Bronze,Regular,Yes
3180,Anthony,Taylor,anthony.taylor.3180@yahoo.com,(479) 456-3612,Milwaukee,WI,Midwest,1949,Male,2024-03-03,Consumer,Silver,Occasional,Yes
3181,Olivia,Hernandez,olivia.hernandez.3181@outlook.com,(591) 269-9458,New York,NY,Northeast,1984,Female,2024-12-12,Small Business,Bronze,Occasional,Yes
3182,Karen,Martin,karen.martin.3182@outlook.com,(758) 216-5441,Dallas,TX,South,2004,Female,2023-08-14,Consumer,Bronze,Regular,Yes
3183,Joseph,Jones,joseph.jones.3183@protonmail.com,(523) 319-5229,San Diego,CA,West,2002,Male,2024-03-22,Consumer,Bronze,Regular,Yes
3184,James,Smith,james.smith.3184@gmail.com,(200) 974-7806,Atlanta,GA,South,2002,Male,2026-04-08,Consumer,Gold,Frequent,No
3185,Linda,Clark,linda.clark.3185@icloud.com,(875) 935-9994,Newark,NJ,Northeast,1945,Female,2026-03-17,Small Business,Bronze,Frequent,Yes
3186,Joseph,Moore,joseph.moore.3186@yahoo.com,(548) 491-2184,Atlanta,GA,South,1962,Male,2023-01-15,Enterprise,Gold,Occasional,Yes
3187,Daniel,White,daniel.white.3187@outlook.com,(710) 320-2181,Portland,OR,West,2003,Male,2024-11-07,Consumer,Bronze,Occasional,No
3188,Christopher,White,christopher.white.3188@yahoo.com,(652) 796-8666,Seattle,WA,West,1947,Male,2023-02-07,Consumer,Silver,Regular,Yes
3189,John,Lee,john.lee.3189@yahoo.com,(825) 950-8346,Detroit,MI,Midwest,1969,Male,2024-07-20,Consumer,Gold,Occasional,No
3190,Nancy,Wright,nancy.wright.3190@protonmail.com,(539) 875-4509,Las Vegas,NV,West,1960,Female,2023-05-05,Consumer,Gold,Occasional,Yes
3191,Stephanie,Lopez,stephanie.lopez.3191@outlook.com,(796) 750-7851,Nashville,TN,South,1988,Female,2025-04-26,Consumer,Bronze,Regular,Yes
3192,Jacob,Sanchez,jacob.sanchez.3192@gmail.com,(212) 939-2948,Columbus,OH,Midwest,1951,Male,2024-09-02,Consumer,Bronze,Regular,Yes
3193,Brian,Thompson,brian.thompson.3193@yahoo.com,(761) 724-9945,New York,NY,Northeast,1987,Male,2024-08-18,Consumer,Bronze,Frequent,Yes
3194,Susan,Lee,susan.lee.3194@gmail.com,(942) 833-1791,San Francisco,CA,West,1958,Female,2024-04-22,Consumer,Bronze,Regular,Yes
3195,Karen,Scott,karen.scott.3195@protonmail.com,(646) 936-6722,Atlanta,GA,South,1961,Female,2025-07-15,Consumer,Bronze,Regular,Yes
3196,Justin,King,justin.king.3196@outlook.com,(748) 616-4884,Boston,MA,Northeast,1978,Male,2024-04-26,Consumer,Gold,Frequent,Yes
3197,James,Ramirez,james.ramirez.3197@protonmail.com,(577) 284-8323,Richmond,VA,South,1978,Male,2023-08-06,Consumer,Bronze,Regular,Yes
3198,Nancy,Clark,nancy.clark.3198@gmail.com,(632) 785-3909,Detroit,MI,Midwest,2005,Female,2026-09-05,Small Business,Silver,Regular,Yes
3199,Matthew,Young,matthew.young.3199@protonmail.com,(749) 270-5842,Pittsburgh,PA,Northeast,1997,Male,2025-08-07,Consumer,Bronze,Regular,Yes
3200,Rachel,Garcia,rachel.garcia.3200@outlook.com,(375) 754-1175,Detroit,MI,Midwest,1976,Female,2026-06-17,Consumer,Bronze,Regular,Yes
3201,Lauren,Lopez,lauren.lopez.3201@yahoo.com,(756) 271-2420,Cleveland,OH,Midwest,1970,Female,2024-12-03,Consumer,Bronze,Regular,Yes
3202,David,Young,david.young.3202@protonmail.com,(633) 976-2578,Buffalo,NY,Northeast,1961,Male,2024-06-20,Small Business,Bronze,Occasional,No
3203,Paul,Flores,paul.flores.3203@icloud.com,(344) 887-6721,Seattle,WA,West,1970,Male,2025-07-18,Small Business,Bronze,Occasional,Yes
3204,Robert,Lewis,robert.lewis.3204@gmail.com,(637) 710-7595,Atlanta,GA,South,1986,Male,2023-02-06,Consumer,Bronze,Regular,No
3205,Mary,Rodriguez,mary.rodriguez.3205@icloud.com,(307) 968-8299,Detroit,MI,Midwest,1960,Female,2026-03-14,Consumer,Bronze,Regular,Yes
3206,Lauren,Scott,lauren.scott.3206@icloud.com,(921) 880-1197,Dallas,TX,South,1998,Female,2026-01-28,Consumer,Bronze,Occasional,Yes
3207,Mark,Johnson,mark.johnson.3207@protonmail.com,(487) 799-6259,Nashville,TN,South,1987,Male,2023-11-18,Consumer,Gold,Occasional,Yes
3208,Ryan,Lopez,ryan.lopez.3208@yahoo.com,(405) 871-7579,Portland,OR,West,1980,Male,2026-07-29,Consumer,Silver,Occasional,Yes
3209,Karen,Jackson,karen.jackson.3209@gmail.com,(415) 805-1349,San Francisco,CA,West,1990,Female,2025-12-10,Consumer,Platinum,Occasional,Yes
3210,Margaret,Hill,margaret.hill.3210@icloud.com,(962) 476-5487,Charlotte,NC,South,1956,Female,2023-05-05,Consumer,Bronze,Occasional,No
3211,James,Hernandez,james.hernandez.3211@icloud.com,(332) 204-7228,Phoenix,AZ,West,2004,Male,2025-05-31,Consumer,Bronze,Frequent,No
3212,Abigail,Wilson,abigail.wilson.3212@icloud.com,(951) 458-5663,Nashville,TN,South,1961,Female,2025-06-21,Consumer,Bronze,Occasional,Yes
3213,Elizabeth,Perez,elizabeth.perez.3213@outlook.com,(959) 559-3437,New York,NY,Northeast,1993,Prefer not to say,2025-03-11,Consumer,Bronze,Frequent,Yes
3214,Emma,Young,emma.young.3214@icloud.com,(862) 727-4116,Nashville,TN,South,2001,Female,2025-12-12,Consumer,Bronze,Occasional,Yes
3215,Sophia,Torres,sophia.torres.3215@yahoo.com,(597) 949-3919,Dallas,TX,South,1960,Female,2023-11-17,Consumer,Bronze,Regular,No
3216,Christina,Clark,christina.clark.3216@outlook.com,(414) 651-8245,Pittsburgh,PA,Northeast,1955,Female,2024-08-06,Consumer,Bronze,Occasional,Yes
3217,Emma,White,emma.white.3217@outlook.com,(631) 357-2250,Los Angeles,CA,West,1972,Female,2026-06-01,Consumer,Bronze,Occasional,Yes
3218,Michael,Allen,michael.allen.3218@gmail.com,(390) 336-3374,Indianapolis,IN,Midwest,1998,Male,2024-03-10,Consumer,Bronze,Regular,Yes
3219,Jacob,Wright,jacob.wright.3219@protonmail.com,(683) 508-3146,New York,NY,Northeast,1950,Male,2023-03-17,Consumer,Bronze,Regular,Yes
3220,Michael,Torres,michael.torres.3220@yahoo.com,(228) 623-2597,New York,NY,Northeast,1987,Male,2023-12-30,Consumer,Silver,Occasional,Yes
3221,Charles,Scott,charles.scott.3221@yahoo.com,(560) 980-8624,Newark,NJ,Northeast,1973,Nonbinary,2024-05-18,Small Business,Silver,Frequent,Yes
3222,Ashley,Lewis,ashley.lewis.3222@protonmail.com,(314) 591-1258,Boston,MA,Northeast,1950,Female,2023-06-24,Consumer,Bronze,Frequent,Yes
3223,David,Martinez,david.martinez.3223@icloud.com,(671) 313-3131,Dallas,TX,South,1971,Male,2026-02-28,Consumer,Bronze,Regular,Yes
3224,Stephanie,Gonzalez,stephanie.gonzalez.3224@yahoo.com,(685) 634-3045,Los Angeles,CA,West,1956,Female,2025-08-13,Consumer,Bronze,Occasional,Yes
3225,Richard,Anderson,richard.anderson.3225@yahoo.com,(558) 203-5258,Pittsburgh,PA,Northeast,1948,Male,2023-02-27,Consumer,Gold,Occasional,Yes
3226,James,Taylor,james.taylor.3226@outlook.com,(475) 908-7062,Atlanta,GA,South,1984,Male,2024-10-11,Consumer,Bronze,Regular,Yes
3227,Rachel,Martin,rachel.martin.3227@yahoo.com,(972) 951-6284,Seattle,WA,West,1993,Female,2025-10-25,Consumer,Bronze,Regular,Yes
3228,Linda,Nguyen,linda.nguyen.3228@yahoo.com,(238) 783-1188,Miami,FL,South,1959,Female,2024-10-14,Consumer,Bronze,Regular,Yes
3229,Christina,Allen,christina.allen.3229@outlook.com,(884) 418-4379,St. Louis,MO,Midwest,2003,Female,2025-01-31,Consumer,Silver,Occasional,Yes
3230,Susan,Rodriguez,susan.rodriguez.3230@outlook.com,(858) 765-1930,Richmond,VA,South,1984,Female,2023-12-11,Small Business,Bronze,Frequent,Yes
3231,Thomas,Jones,thomas.jones.3231@protonmail.com,(519) 661-4284,Phoenix,AZ,West,2000,Male,2025-06-07,Small Business,Silver,Occasional,Yes
3232,Richard,Wilson,richard.wilson.3232@yahoo.com,(552) 442-6159,St. Louis,MO,Midwest,1966,Male,2026-05-03,Consumer,Bronze,Regular,Yes
3233,Charles,Thomas,charles.thomas.3233@outlook.com,(405) 438-6681,Houston,TX,South,1956,Male,2026-01-21,Consumer,Bronze,Occasional,Yes
3234,Edward,Thompson,edward.thompson.3234@outlook.com,(490) 232-1888,Seattle,WA,West,1959,Male,2024-04-05,Small Business,Bronze,Frequent,Yes
3235,Brandon,Smith,brandon.smith.3235@protonmail.com,(593) 675-6555,Boston,MA,Northeast,1999,Male,2023-12-03,Consumer,Silver,Frequent,Yes
3236,Jacob,Wilson,jacob.wilson.3236@yahoo.com,(547) 817-8439,Indianapolis,IN,Midwest,1946,Male,2026-04-10,Small Business,Bronze,Regular,No
3237,Robert,White,robert.white.3237@icloud.com,(484) 395-7139,Boston,MA,Northeast,1952,Male,2025-07-21,Enterprise,Bronze,Frequent,No
3238,Jason,Rodriguez,jason.rodriguez.3238@outlook.com,(649) 825-6063,Dallas,TX,South,1951,Male,2025-08-16,Consumer,Silver,Occasional,Yes
3239,Brandon,Wright,brandon.wright.3239@icloud.com,(989) 578-2057,Los Angeles,CA,West,1993,Male,2023-11-01,Consumer,Gold,Occasional,Yes
3240,Nathan,Flores,nathan.flores.3240@icloud.com,(981) 209-7695,New York,NY,Northeast,1957,Male,2026-03-15,Small Business,Bronze,Frequent,Yes
3241,James,Clark,james.clark.3241@protonmail.com,(969) 416-5129,Houston,TX,South,1959,Male,2024-01-11,Enterprise,Bronze,Frequent,Yes
3242,James,Harris,james.harris.3242@protonmail.com,(777) 794-7630,Nashville,TN,South,1996,Male,2024-06-08,Consumer,Silver,Frequent,No
3243,Jacob,Garcia,jacob.garcia.3243@icloud.com,(918) 570-2901,Columbus,OH,Midwest,1946,Male,2025-07-22,Consumer,Bronze,Occasional,Yes
3244,Charles,Garcia,charles.garcia.3244@yahoo.com,(805) 217-3601,Atlanta,GA,South,1959,Male,2024-05-08,Enterprise,Silver,Frequent,Yes
3245,Sarah,Thompson,sarah.thompson.3245@protonmail.com,(867) 293-5391,New York,NY,Northeast,1971,Female,2023-03-19,Consumer,Bronze,Regular,Yes
3246,George,Harris,george.harris.3246@icloud.com,(352) 317-1526,Las Vegas,NV,West,1998,Male,2026-01-18,Enterprise,Platinum,Frequent,Yes
3247,Nicole,Johnson,nicole.johnson.3247@gmail.com,(791) 284-2024,Minneapolis,MN,Midwest,1950,Female,2024-06-23,Consumer,Silver,Occasional,Yes
3248,Paul,Johnson,paul.johnson.3248@icloud.com,(600) 803-6867,Chicago,IL,Midwest,1947,Male,2023-12-13,Small Business,Bronze,Regular,Yes
3249,Brandon,Harris,brandon.harris.3249@gmail.com,(848) 305-4883,Providence,RI,Northeast,1993,Male,2024-08-27,Small Business,Bronze,Occasional,Yes
3250,Nancy,Thompson,nancy.thompson.3250@icloud.com,(747) 215-9440,San Diego,CA,West,2003,Female,2026-04-08,Consumer,Silver,Regular,Yes
3251,David,White,david.white.3251@protonmail.com,(321) 768-2668,Denver,CO,West,1969,Male,2023-12-26,Small Business,Gold,Frequent,Yes
3252,Mary,Perez,mary.perez.3252@yahoo.com,(872) 852-5239,Miami,FL,South,1960,Female,2024-06-20,Consumer,Bronze,Frequent,Yes
3253,Ryan,White,ryan.white.3253@protonmail.com,(473) 821-5899,San Francisco,CA,West,1957,Male,2026-03-20,Small Business,Bronze,Regular,Yes
3254,Thomas,Garcia,thomas.garcia.3254@yahoo.com,(681) 349-3310,Cleveland,OH,Midwest,1959,Male,2023-02-09,Consumer,Bronze,Regular,Yes
3255,Lisa,Sanchez,lisa.sanchez.3255@icloud.com,(347) 229-6731,Las Vegas,NV,West,1998,Female,2026-08-13,Small Business,Bronze,Frequent,Yes
3256,Amanda,Perez,amanda.perez.3256@icloud.com,(968) 946-6812,San Diego,CA,West,1985,Female,2023-07-27,Consumer,Bronze,Regular,Yes
3257,Linda,Jackson,linda.jackson.3257@gmail.com,(868) 685-9381,Los Angeles,CA,West,1974,Female,2023-07-12,Consumer,Bronze,Occasional,Yes
3258,Donald,Brown,donald.brown.3258@yahoo.com,(773) 682-6742,Providence,RI,Northeast,1992,Male,2024-11-03,Small Business,Bronze,Occasional,Yes
3259,Brian,Johnson,brian.johnson.3259@yahoo.com,(348) 719-7185,Atlanta,GA,South,1956,Male,2023-03-06,Consumer,Bronze,Regular,Yes
3260,Patricia,Allen,patricia.allen.3260@icloud.com,(817) 686-3519,Detroit,MI,Midwest,1969,Female,2024-03-07,Consumer,Bronze,Occasional,Yes
3261,Ashley,Scott,ashley.scott.3261@yahoo.com,(308) 469-1738,New York,NY,Northeast,1984,Female,2023-10-23,Consumer,Silver,Regular,Yes
3262,Richard,Gonzalez,richard.gonzalez.3262@yahoo.com,(521) 517-6506,Las Vegas,NV,West,1954,Male,2025-04-16,Consumer,Bronze,Regular,Yes
3263,Thomas,White,thomas.white.3263@icloud.com,(399) 343-1253,Dallas,TX,South,1950,Male,2026-07-11,Consumer,Bronze,Regular,Yes
3264,Edward,Harris,edward.harris.3264@yahoo.com,(924) 449-2721,Richmond,VA,South,1988,Male,2024-12-29,Small Business,Bronze,Regular,Yes
3265,Elizabeth,Sanchez,elizabeth.sanchez.3265@protonmail.com,(725) 973-8323,Minneapolis,MN,Midwest,1991,Female,2023-10-17,Consumer,Bronze,Regular,Yes
3266,Lauren,Martinez,lauren.martinez.3266@yahoo.com,(239) 245-6171,St. Louis,MO,Midwest,1950,Female,2024-07-27,Consumer,Gold,Regular,Yes
3267,Margaret,Williams,margaret.williams.3267@outlook.com,(835) 417-7378,Chicago,IL,Midwest,1967,Female,2024-08-28,Small Business,Silver,Frequent,Yes
3268,Betty,Ramirez,betty.ramirez.3268@yahoo.com,(627) 437-3071,Charlotte,NC,South,2001,Female,2024-12-02,Consumer,Bronze,Occasional,Yes
3269,Brian,Miller,brian.miller.3269@gmail.com,(604) 911-1892,Buffalo,NY,Northeast,1972,Male,2024-03-11,Small Business,Silver,Regular,Yes
3270,Anthony,White,anthony.white.3270@outlook.com,(386) 880-1762,New York,NY,Northeast,1950,Male,2023-05-26,Consumer,Bronze,Frequent,No
3271,Steven,Martin,steven.martin.3271@icloud.com,(423) 342-6703,Dallas,TX,South,1989,Male,2024-02-04,Consumer,Bronze,Occasional,Yes
3272,Jason,Lewis,jason.lewis.3272@gmail.com,(459) 498-5363,Houston,TX,South,1954,Male,2026-01-12,Consumer,Platinum,Regular,Yes
3273,Sophia,Hernandez,sophia.hernandez.3273@icloud.com,(480) 255-6408,Richmond,VA,South,1996,Female,2025-07-02,Consumer,Bronze,Occasional,Yes
3274,Margaret,Robinson,margaret.robinson.3274@protonmail.com,(554) 995-3537,Boston,MA,Northeast,1984,Female,2023-03-22,Consumer,Bronze,Occasional,Yes
3275,Nathan,Garcia,nathan.garcia.3275@outlook.com,(980) 893-3731,Minneapolis,MN,Midwest,1970,Male,2023-12-25,Consumer,Bronze,Frequent,No
3276,Christopher,Hernandez,christopher.hernandez.3276@yahoo.com,(341) 852-2384,Portland,OR,West,1996,Male,2024-04-11,Small Business,Silver,Regular,Yes
3277,Andrew,Perez,andrew.perez.3277@protonmail.com,(799) 850-8702,Orlando,FL,South,1981,Male,2026-06-27,Consumer,Bronze,Regular,Yes
3278,Sarah,Lopez,sarah.lopez.3278@protonmail.com,(246) 940-7930,Richmond,VA,South,1952,Female,2023-10-28,Small Business,Bronze,Occasional,Yes
3279,Jacob,Hernandez,jacob.hernandez.3279@outlook.com,(638) 292-9471,Orlando,FL,South,1987,Male,2026-09-02,Consumer,Silver,Occasional,Yes
3280,Edward,Moore,edward.moore.3280@outlook.com,(364) 898-5792,Orlando,FL,South,1962,Nonbinary,2023-05-16,Consumer,Bronze,Regular,Yes
3281,Jennifer,Wright,jennifer.wright.3281@protonmail.com,(338) 373-8093,San Diego,CA,West,2000,Female,2023-03-31,Consumer,Bronze,VIP,Yes
3282,Rachel,Brown,rachel.brown.3282@outlook.com,(978) 718-3627,Houston,TX,South,2002,Female,2025-06-10,Enterprise,Bronze,Occasional,Yes
3283,Robert,Perez,robert.perez.3283@outlook.com,(820) 512-6547,Miami,FL,South,1976,Male,2026-06-21,Consumer,Bronze,Regular,Yes
3284,Jason,Miller,jason.miller.3284@yahoo.com,(737) 992-3487,Seattle,WA,West,1959,Male,2025-12-12,Consumer,Bronze,Frequent,Yes
3285,James,Perez,james.perez.3285@gmail.com,(686) 784-7537,Nashville,TN,South,1946,Male,2025-02-11,Enterprise,Bronze,Regular,Yes
3286,Brian,Wilson,brian.wilson.3286@protonmail.com,(723) 795-9535,Buffalo,NY,Northeast,2002,Male,2025-07-13,Small Business,Gold,Frequent,No
3287,Lisa,Davis,lisa.davis.3287@gmail.com,(213) 278-5562,Miami,FL,South,1959,Female,2025-08-06,Consumer,Silver,Occasional,Yes
3288,Margaret,Flores,margaret.flores.3288@gmail.com,(591) 730-6820,San Diego,CA,West,1962,Female,2024-01-24,Consumer,Gold,Occasional,Yes
3289,Joshua,Flores,joshua.flores.3289@outlook.com,(816) 219-5321,Buffalo,NY,Northeast,1968,Male,2025-09-24,Consumer,Bronze,Frequent,Yes
3290,Richard,Nguyen,richard.nguyen.3290@protonmail.com,(781) 625-1933,Richmond,VA,South,1951,Male,2024-03-02,Consumer,Silver,Regular,Yes
3291,Karen,Gonzalez,karen.gonzalez.3291@outlook.com,(941) 702-3023,Buffalo,NY,Northeast,1991,Female,2023-06-18,Small Business,Bronze,Regular,Yes
3292,Christopher,Johnson,christopher.johnson.3292@yahoo.com,(684) 243-1282,Milwaukee,WI,Midwest,1974,Male,2025-08-15,Consumer,Bronze,Occasional,Yes
3293,Christina,White,christina.white.3293@outlook.com,(360) 923-1890,Los Angeles,CA,West,1979,Female,2023-04-18,Small Business,Bronze,Regular,No
3294,Nicole,Anderson,nicole.anderson.3294@protonmail.com,(951) 501-7929,Pittsburgh,PA,Northeast,1977,Female,2025-12-11,Consumer,Bronze,Occasional,Yes
3295,Brian,Brown,brian.brown.3295@yahoo.com,(370) 444-5352,Indianapolis,IN,Midwest,1949,Male,2026-04-25,Consumer,Gold,Frequent,Yes
3296,Melissa,Moore,melissa.moore.3296@yahoo.com,(212) 700-3019,Columbus,OH,Midwest,1973,Female,2024-02-11,Consumer,Silver,Occasional,Yes
3297,Anthony,Davis,anthony.davis.3297@gmail.com,(862) 786-8153,Orlando,FL,South,1993,Male,2023-10-24,Small Business,Silver,Regular,Yes
3298,Lauren,Lewis,lauren.lewis.3298@icloud.com,(503) 801-2895,Orlando,FL,South,2003,Female,2026-05-07,Consumer,Bronze,Regular,Yes
3299,Elizabeth,Johnson,elizabeth.johnson.3299@outlook.com,(983) 278-9246,Orlando,FL,South,1988,Female,2024-05-29,Enterprise,Silver,Regular,Yes
3300,Thomas,Lee,thomas.lee.3300@icloud.com,(750) 248-3042,Chicago,IL,Midwest,1973,Male,2023-05-01,Small Business,Gold,Frequent,Yes
3301,Jessica,Williams,jessica.williams.3301@yahoo.com,(865) 848-3897,Atlanta,GA,South,1972,Female,2026-06-04,Small Business,Bronze,Regular,Yes
3302,Nancy,Garcia,nancy.garcia.3302@yahoo.com,(617) 202-1527,Dallas,TX,South,1986,Female,2024-03-07,Consumer,Gold,Occasional,Yes
3303,Lauren,Allen,lauren.allen.3303@outlook.com,(230) 683-8215,Miami,FL,South,1962,Female,2025-04-28,Consumer,Gold,Regular,Yes
3304,Megan,White,megan.white.3304@icloud.com,(206) 765-7435,Minneapolis,MN,Midwest,1967,Female,2026-07-26,Consumer,Bronze,Frequent,Yes
3305,William,Rodriguez,william.rodriguez.3305@outlook.com,(467) 937-9474,Seattle,WA,West,1956,Male,2025-05-13,Consumer,Bronze,Regular,Yes
3306,Lauren,Martinez,lauren.martinez.3306@outlook.com,(271) 406-8007,San Francisco,CA,West,1948,Female,2023-10-16,Consumer,Bronze,Regular,Yes
3307,Sophia,Taylor,sophia.taylor.3307@gmail.com,(684) 937-1626,Detroit,MI,Midwest,1968,Female,2023-06-15,Consumer,Bronze,Regular,Yes
3308,Brandon,Davis,brandon.davis.3308@protonmail.com,(417) 936-7620,Houston,TX,South,1966,Male,2024-12-23,Enterprise,Silver,Regular,No
3309,Michael,Young,michael.young.3309@outlook.com,(950) 572-8607,Portland,OR,West,1947,Male,2023-02-26,Consumer,Bronze,Frequent,No
3310,Thomas,Walker,thomas.walker.3310@gmail.com,(389) 829-5549,Dallas,TX,South,1988,Male,2025-08-07,Small Business,Bronze,Frequent,Yes
3311,Linda,Robinson,linda.robinson.3311@gmail.com,(950) 758-4350,Charlotte,NC,South,1962,Female,2023-08-08,Consumer,Silver,Frequent,Yes
3312,Joshua,Taylor,joshua.taylor.3312@outlook.com,(813) 561-9514,Miami,FL,South,1959,Male,2025-11-29,Consumer,Bronze,Occasional,Yes
3313,Charles,Lopez,charles.lopez.3313@yahoo.com,(502) 871-4324,Portland,OR,West,1965,Male,2024-04-02,Consumer,Bronze,Regular,Yes
3314,Ryan,Wright,ryan.wright.3314@icloud.com,(368) 587-9278,Seattle,WA,West,1979,Male,2025-09-23,Small Business,Gold,Occasional,Yes
3315,Christina,Flores,christina.flores.3315@yahoo.com,(524) 378-8366,Newark,NJ,Northeast,1951,Female,2025-12-23,Small Business,Silver,Frequent,Yes
3316,Jason,Young,jason.young.3316@protonmail.com,(322) 408-3090,Charlotte,NC,South,1953,Male,2023-06-29,Consumer,Gold,Regular,Yes
3317,Thomas,Scott,thomas.scott.3317@protonmail.com,(626) 509-9113,Columbus,OH,Midwest,1947,Male,2025-02-07,Consumer,Bronze,Occasional,Yes
3318,Sandra,Lewis,sandra.lewis.3318@yahoo.com,(759) 494-2443,Cleveland,OH,Midwest,1975,Female,2024-12-01,Consumer,Bronze,Occasional,Yes
3319,James,Wilson,james.wilson.3319@outlook.com,(869) 584-5860,Charlotte,NC,South,1974,Male,2024-03-16,Enterprise,Bronze,Regular,Yes
3320,Mark,Jones,mark.jones.3320@outlook.com,(813) 635-3436,Miami,FL,South,1980,Male,2024-11-27,Small Business,Bronze,Regular,Yes
3321,Stephanie,Miller,stephanie.miller.3321@icloud.com,(277) 520-8780,Orlando,FL,South,1975,Female,2023-08-05,Consumer,Bronze,Occasional,Yes
3322,Betty,Martinez,betty.martinez.3322@protonmail.com,(341) 278-6113,Richmond,VA,South,1969,Female,2023-11-29,Consumer,Bronze,Regular,Yes
3323,Charles,Rodriguez,charles.rodriguez.3323@outlook.com,(547) 983-3005,Dallas,TX,South,1968,Male,2026-09-04,Enterprise,Gold,VIP,Yes
3324,Barbara,Nguyen,barbara.nguyen.3324@gmail.com,(458) 494-2813,Newark,NJ,Northeast,1985,Female,2025-05-10,Consumer,Bronze,Occasional,Yes
3325,Abigail,Williams,abigail.williams.3325@yahoo.com,(830) 870-6235,Las Vegas,NV,West,1978,Female,2025-04-18,Consumer,Bronze,Occasional,Yes
3326,Charles,Lee,charles.lee.3326@icloud.com,(253) 607-6291,Las Vegas,NV,West,1990,Male,2026-08-19,Consumer,Bronze,Occasional,Yes
3327,Richard,Garcia,richard.garcia.3327@outlook.com,(642) 537-7046,Phoenix,AZ,West,1967,Male,2024-08-11,Small Business,Bronze,Frequent,No
3328,Daniel,King,daniel.king.3328@icloud.com,(892) 965-3518,Nashville,TN,South,1965,Male,2023-07-23,Consumer,Bronze,Occasional,Yes
3329,Emma,Martin,emma.martin.3329@outlook.com,(792) 761-9108,Buffalo,NY,Northeast,1996,Female,2024-04-30,Consumer,Bronze,Regular,Yes
3330,Emma,Taylor,emma.taylor.3330@yahoo.com,(567) 378-7095,Dallas,TX,South,2005,Female,2023-08-24,Consumer,Bronze,Regular,No
3331,Mary,Clark,mary.clark.3331@yahoo.com,(650) 597-1444,Denver,CO,West,1954,Female,2025-04-20,Small Business,Bronze,Occasional,Yes
3332,Megan,Hill,megan.hill.3332@protonmail.com,(894) 878-5236,Portland,OR,West,1991,Female,2025-09-19,Consumer,Silver,Frequent,Yes
3333,Elizabeth,Jones,elizabeth.jones.3333@gmail.com,(212) 553-7228,Los Angeles,CA,West,1951,Nonbinary,2026-03-07,Consumer,Silver,Frequent,Yes
3334,Mary,King,mary.king.3334@icloud.com,(965) 502-3448,San Diego,CA,West,1975,Female,2026-08-08,Consumer,Bronze,Occasional,Yes
3335,Matthew,Perez,matthew.perez.3335@gmail.com,(409) 769-6250,Detroit,MI,Midwest,1952,Male,2023-05-01,Consumer,Bronze,Occasional,Yes
3336,Paul,Perez,paul.perez.3336@yahoo.com,(680) 540-7066,Houston,TX,South,1954,Male,2024-04-12,Consumer,Bronze,Frequent,Yes
3337,Jessica,Sanchez,jessica.sanchez.3337@gmail.com,(463) 413-9737,Newark,NJ,Northeast,1948,Female,2025-08-13,Consumer,Bronze,Regular,Yes
3338,Joseph,White,joseph.white.3338@icloud.com,(614) 841-6231,Pittsburgh,PA,Northeast,1971,Male,2026-03-05,Consumer,Silver,Regular,Yes
3339,Rachel,Flores,rachel.flores.3339@yahoo.com,(878) 384-3641,Las Vegas,NV,West,1971,Female,2024-01-03,Consumer,Gold,Regular,No
3340,Elizabeth,Johnson,elizabeth.johnson.3340@yahoo.com,(580) 308-1352,Houston,TX,South,1948,Female,2024-10-01,Consumer,Bronze,Occasional,Yes
3341,Sophia,Thompson,sophia.thompson.3341@icloud.com,(329) 444-2523,Pittsburgh,PA,Northeast,1998,Female,2025-11-14,Consumer,Bronze,Frequent,Yes
3342,Jennifer,Rodriguez,jennifer.rodriguez.3342@gmail.com,(366) 967-6591,Nashville,TN,South,1990,Female,2025-05-15,Consumer,Silver,Occasional,Yes
3343,Richard,Scott,richard.scott.3343@gmail.com,(381) 206-2849,New York,NY,Northeast,1988,Male,2024-05-21,Consumer,Silver,Occasional,Yes
3344,Anthony,Sanchez,anthony.sanchez.3344@yahoo.com,(420) 483-3994,Denver,CO,West,1985,Male,2025-06-23,Consumer,Bronze,Occasional,Yes
3345,Emma,Davis,emma.davis.3345@gmail.com,(942) 798-7253,Denver,CO,West,1955,Female,2025-01-20,Consumer,Silver,Occasional,Yes
3346,Robert,Wilson,robert.wilson.3346@icloud.com,(927) 563-5542,Nashville,TN,South,1960,Male,2025-01-14,Small Business,Silver,Occasional,Yes
3347,Susan,Torres,susan.torres.3347@icloud.com,(295) 357-1813,Indianapolis,IN,Midwest,1948,Female,2023-05-24,Small Business,Bronze,Occasional,Yes
3348,Joshua,Ramirez,joshua.ramirez.3348@yahoo.com,(367) 780-4269,Nashville,TN,South,1992,Male,2023-01-17,Small Business,Platinum,Occasional,Yes
3349,Sarah,Young,sarah.young.3349@protonmail.com,(271) 526-6030,Atlanta,GA,South,1966,Female,2024-05-20,Small Business,Silver,Frequent,Yes
3350,Andrew,Garcia,andrew.garcia.3350@gmail.com,(882) 318-3526,Richmond,VA,South,1991,Male,2025-09-03,Consumer,Bronze,Regular,Yes
3351,Daniel,Hill,daniel.hill.3351@yahoo.com,(316) 344-4275,Charlotte,NC,South,1972,Male,2024-06-02,Consumer,Gold,Occasional,No
3352,Mark,White,mark.white.3352@yahoo.com,(686) 982-9600,San Francisco,CA,West,1996,Male,2024-08-02,Consumer,Bronze,VIP,Yes
3353,Charles,Scott,charles.scott.3353@protonmail.com,(217) 700-5003,Nashville,TN,South,1972,Male,2024-09-29,Small Business,Bronze,Occasional,Yes
3354,Kevin,White,kevin.white.3354@gmail.com,(965) 665-6889,Las Vegas,NV,West,1958,Male,2025-04-10,Consumer,Bronze,Frequent,Yes
3355,Edward,Miller,edward.miller.3355@protonmail.com,(693) 878-3565,Houston,TX,South,1954,Nonbinary,2026-06-06,Consumer,Bronze,Regular,Yes
3356,James,Robinson,james.robinson.3356@yahoo.com,(443) 212-4882,Columbus,OH,Midwest,1997,Male,2026-02-27,Small Business,Gold,Regular,Yes
3357,Richard,Martin,richard.martin.3357@yahoo.com,(683) 582-6305,Pittsburgh,PA,Northeast,1951,Male,2025-02-08,Consumer,Silver,Occasional,Yes
3358,Joshua,Lopez,joshua.lopez.3358@icloud.com,(522) 493-4067,Cleveland,OH,Midwest,1955,Male,2026-02-10,Consumer,Bronze,Occasional,Yes
3359,Nancy,Martin,nancy.martin.3359@icloud.com,(201) 739-6577,Detroit,MI,Midwest,1988,Female,2025-11-30,Consumer,Bronze,Regular,Yes
3360,Jason,Garcia,jason.garcia.3360@yahoo.com,(770) 650-5072,Charlotte,NC,South,1987,Male,2023-11-22,Consumer,Bronze,Occasional,No
3361,Ashley,Wright,ashley.wright.3361@icloud.com,(421) 741-4460,Chicago,IL,Midwest,1954,Female,2026-07-16,Consumer,Silver,Regular,Yes
3362,Jason,Robinson,jason.robinson.3362@outlook.com,(544) 523-8076,Dallas,TX,South,1946,Male,2024-09-05,Small Business,Silver,Regular,No
3363,Jessica,Walker,jessica.walker.3363@outlook.com,(525) 678-7567,Newark,NJ,Northeast,1954,Female,2026-01-16,Consumer,Silver,Occasional,Yes
3364,Nicole,Lee,nicole.lee.3364@icloud.com,(784) 215-8576,Miami,FL,South,1995,Female,2024-01-19,Small Business,Bronze,Occasional,Yes
3365,Mark,Thomas,mark.thomas.3365@icloud.com,(811) 319-5408,Las Vegas,NV,West,1957,Male,2025-06-07,Consumer,Bronze,VIP,Yes
3366,Richard,Sanchez,richard.sanchez.3366@yahoo.com,(642) 649-7534,Houston,TX,South,1950,Male,2025-12-20,Consumer,Bronze,Occasional,Yes
3367,Susan,Brown,susan.brown.3367@yahoo.com,(946) 303-3456,Atlanta,GA,South,1962,Female,2023-06-27,Small Business,Bronze,Frequent,Yes
3368,Richard,Torres,richard.torres.3368@icloud.com,(976) 320-3932,Charlotte,NC,South,1950,Male,2023-06-30,Small Business,Bronze,Occasional,Yes
3369,Mary,Miller,mary.miller.3369@icloud.com,(498) 384-8573,Pittsburgh,PA,Northeast,1990,Female,2023-04-23,Consumer,Gold,Occasional,Yes
3370,Sandra,Jackson,sandra.jackson.3370@protonmail.com,(576) 808-2551,Houston,TX,South,1996,Nonbinary,2023-12-14,Enterprise,Bronze,Occasional,Yes
3371,Michael,Hill,michael.hill.3371@icloud.com,(802) 986-1062,Cleveland,OH,Midwest,1965,Male,2025-02-16,Consumer,Gold,Regular,Yes
3372,Anthony,White,anthony.white.3372@yahoo.com,(890) 785-9479,Charlotte,NC,South,1990,Male,2023-06-08,Consumer,Silver,Regular,Yes
3373,Sarah,Rodriguez,sarah.rodriguez.3373@yahoo.com,(784) 763-9642,Boston,MA,Northeast,1985,Female,2025-11-25,Consumer,Bronze,Occasional,Yes
3374,Daniel,Miller,daniel.miller.3374@icloud.com,(723) 819-4730,Charlotte,NC,South,1969,Male,2026-05-27,Small Business,Silver,Occasional,Yes
3375,Elizabeth,Thomas,elizabeth.thomas.3375@protonmail.com,(619) 670-7792,Nashville,TN,South,1962,Female,2024-07-31,Consumer,Bronze,VIP,Yes
3376,Jason,Martinez,jason.martinez.3376@yahoo.com,(365) 818-5308,Cleveland,OH,Midwest,1972,Male,2026-04-23,Consumer,Bronze,Occasional,Yes
3377,Paul,Rodriguez,paul.rodriguez.3377@gmail.com,(826) 892-7168,San Francisco,CA,West,1983,Male,2023-02-07,Consumer,Gold,Regular,No
3378,Barbara,Rodriguez,barbara.rodriguez.3378@icloud.com,(607) 987-5451,St. Louis,MO,Midwest,2004,Female,2024-08-19,Small Business,Bronze,Occasional,No
3379,Ashley,Johnson,ashley.johnson.3379@gmail.com,(899) 363-4847,Miami,FL,South,1973,Female,2023-06-14,Enterprise,Bronze,Regular,Yes
3380,Kevin,Brown,kevin.brown.3380@yahoo.com,(341) 607-8637,Hartford,CT,Northeast,2001,Male,2024-10-21,Consumer,Gold,Regular,Yes
3381,Ashley,Hernandez,ashley.hernandez.3381@icloud.com,(831) 202-8579,Philadelphia,PA,Northeast,1964,Female,2023-05-23,Consumer,Bronze,Frequent,Yes
3382,Daniel,Miller,daniel.miller.3382@gmail.com,(614) 621-9444,Minneapolis,MN,Midwest,1946,Male,2023-06-10,Small Business,Silver,Regular,Yes
3383,Thomas,Hill,thomas.hill.3383@icloud.com,(408) 529-6879,Detroit,MI,Midwest,2001,Male,2023-09-18,Consumer,Silver,Occasional,No
3384,Joshua,Scott,joshua.scott.3384@outlook.com,(458) 967-9110,Denver,CO,West,1993,Male,2024-12-27,Small Business,Silver,Frequent,Yes
3385,Mary,Lewis,mary.lewis.3385@gmail.com,(448) 244-9007,Newark,NJ,Northeast,2000,Female,2025-09-20,Small Business,Bronze,Occasional,Yes
3386,Susan,Taylor,susan.taylor.3386@gmail.com,(270) 629-9996,San Francisco,CA,West,1963,Prefer not to say,2025-03-31,Consumer,Silver,Regular,Yes
3387,Richard,Allen,richard.allen.3387@protonmail.com,(458) 926-2095,Miami,FL,South,1992,Male,2023-03-02,Consumer,Bronze,Regular,Yes
3388,Sarah,Allen,sarah.allen.3388@gmail.com,(267) 427-5231,Miami,FL,South,2004,Female,2026-04-07,Enterprise,Bronze,Frequent,Yes
3389,Michael,Allen,michael.allen.3389@gmail.com,(910) 796-2893,San Diego,CA,West,1976,Male,2025-07-28,Consumer,Silver,Occasional,Yes
3390,Elizabeth,Rodriguez,elizabeth.rodriguez.3390@protonmail.com,(947) 620-2091,Atlanta,GA,South,1989,Female,2024-09-18,Consumer,Bronze,Regular,Yes
3391,Charles,Garcia,charles.garcia.3391@outlook.com,(505) 708-6811,Dallas,TX,South,2000,Male,2024-06-24,Consumer,Silver,Regular,No
3392,Mary,Johnson,mary.johnson.3392@yahoo.com,(610) 205-7279,San Francisco,CA,West,1965,Female,2025-03-10,Consumer,Bronze,Occasional,Yes
3393,David,Wilson,david.wilson.3393@outlook.com,(910) 709-3916,Columbus,OH,Midwest,1947,Male,2026-03-25,Consumer,Silver,Regular,Yes
3394,Jacob,Martin,jacob.martin.3394@icloud.com,(797) 507-1606,San Francisco,CA,West,1989,Male,2025-01-17,Consumer,Bronze,Regular,Yes
3395,Elizabeth,Smith,elizabeth.smith.3395@outlook.com,(783) 491-8024,Cleveland,OH,Midwest,1984,Female,2023-01-17,Consumer,Bronze,Occasional,Yes
3396,Margaret,Jackson,margaret.jackson.3396@icloud.com,(917) 855-8344,Seattle,WA,West,2005,Female,2023-12-02,Consumer,Bronze,Frequent,Yes
3397,Emily,Jackson,emily.jackson.3397@yahoo.com,(855) 723-1537,Nashville,TN,South,1955,Female,2026-03-15,Consumer,Bronze,Regular,Yes
3398,Rebecca,Hernandez,rebecca.hernandez.3398@yahoo.com,(250) 372-7603,Minneapolis,MN,Midwest,1979,Female,2026-02-11,Consumer,Silver,Regular,Yes
3399,Rebecca,Martinez,rebecca.martinez.3399@yahoo.com,(522) 615-8912,Phoenix,AZ,West,1993,Female,2026-05-13,Consumer,Bronze,Regular,Yes
3400,Steven,Jackson,steven.jackson.3400@outlook.com,(703) 987-9539,Atlanta,GA,South,1973,Male,2025-12-13,Consumer,Bronze,Frequent,No
3401,Edward,Thompson,edward.thompson.3401@protonmail.com,(220) 547-6038,Dallas,TX,South,2003,Male,2023-01-12,Consumer,Bronze,Occasional,No
3402,Megan,Hernandez,megan.hernandez.3402@icloud.com,(970) 352-5722,Los Angeles,CA,West,1948,Female,2026-03-21,Small Business,Bronze,Occasional,Yes
3403,Patricia,Jackson,patricia.jackson.3403@icloud.com,(588) 861-8797,Atlanta,GA,South,1968,Female,2024-05-01,Consumer,Bronze,Occasional,Yes
3404,Christopher,Gonzalez,christopher.gonzalez.3404@outlook.com,(730) 288-6700,Houston,TX,South,1961,Prefer not to say,2025-09-17,Consumer,Bronze,Occasional,Yes
3405,Michael,Thomas,michael.thomas.3405@yahoo.com,(439) 279-5936,San Francisco,CA,West,1949,Male,2023-03-14,Consumer,Bronze,Frequent,No
3406,Edward,Johnson,edward.johnson.3406@yahoo.com,(948) 630-7636,Buffalo,NY,Northeast,1996,Male,2024-12-17,Consumer,Platinum,Regular,Yes
3407,Rachel,Thompson,rachel.thompson.3407@outlook.com,(465) 517-7192,Atlanta,GA,South,1992,Female,2023-10-08,Consumer,Gold,Frequent,Yes
3408,Thomas,Martin,thomas.martin.3408@outlook.com,(677) 530-6527,New York,NY,Northeast,1957,Prefer not to say,2024-08-31,Consumer,Silver,Frequent,Yes
3409,Megan,Smith,megan.smith.3409@protonmail.com,(266) 616-5665,Indianapolis,IN,Midwest,1978,Prefer not to say,2024-09-09,Small Business,Bronze,Occasional,Yes
3410,Jennifer,Lee,jennifer.lee.3410@gmail.com,(393) 344-2953,Charlotte,NC,South,1997,Female,2026-04-08,Consumer,Bronze,Regular,Yes
3411,Nathan,Young,nathan.young.3411@yahoo.com,(639) 924-4216,Providence,RI,Northeast,1996,Male,2026-03-31,Consumer,Bronze,Frequent,Yes
3412,Jennifer,Young,jennifer.young.3412@outlook.com,(330) 682-5063,Dallas,TX,South,1954,Female,2026-06-24,Consumer,Bronze,Regular,Yes
3413,James,Williams,james.williams.3413@outlook.com,(306) 548-5985,Dallas,TX,South,1963,Nonbinary,2025-10-06,Consumer,Silver,Occasional,Yes
3414,Emma,Scott,emma.scott.3414@yahoo.com,(291) 552-1399,Milwaukee,WI,Midwest,1952,Female,2025-04-22,Consumer,Bronze,Occasional,Yes
3415,Mark,Jackson,mark.jackson.3415@gmail.com,(772) 391-5962,Pittsburgh,PA,Northeast,1951,Male,2024-01-12,Enterprise,Bronze,Occasional,No
3416,Betty,Williams,betty.williams.3416@protonmail.com,(839) 794-8309,Dallas,TX,South,1982,Female,2023-02-01,Small Business,Bronze,Regular,No
3417,Stephanie,Hill,stephanie.hill.3417@icloud.com,(868) 206-8870,Seattle,WA,West,1999,Female,2026-08-31,Small Business,Bronze,Regular,Yes
3418,Donald,Hernandez,donald.hernandez.3418@gmail.com,(769) 919-3242,Nashville,TN,South,1962,Male,2023-04-13,Consumer,Bronze,Occasional,Yes
3419,Abigail,Garcia,abigail.garcia.3419@yahoo.com,(984) 608-1488,Atlanta,GA,South,2005,Female,2023-11-17,Consumer,Bronze,Regular,Yes
3420,Michael,Taylor,michael.taylor.3420@protonmail.com,(938) 882-7743,Orlando,FL,South,1948,Male,2024-02-29,Consumer,Bronze,Regular,No
3421,Megan,Hernandez,megan.hernandez.3421@outlook.com,(902) 699-4951,Phoenix,AZ,West,1990,Female,2023-08-16,Small Business,Bronze,Regular,Yes
3422,Jacob,Williams,jacob.williams.3422@outlook.com,(964) 565-3566,Houston,TX,South,1995,Male,2025-04-08,Consumer,Bronze,Occasional,Yes
3423,Jacob,Perez,jacob.perez.3423@outlook.com,(687) 789-2744,Atlanta,GA,South,1983,Male,2026-02-19,Consumer,Silver,Occasional,No
3424,Charles,Hernandez,charles.hernandez.3424@yahoo.com,(373) 955-4469,Orlando,FL,South,1980,Male,2025-12-10,Consumer,Bronze,Occasional,Yes
3425,Michael,Miller,michael.miller.3425@yahoo.com,(617) 926-9520,Richmond,VA,South,1949,Male,2026-05-10,Small Business,Silver,Regular,Yes
3426,Emily,Wright,emily.wright.3426@gmail.com,(511) 237-7571,Buffalo,NY,Northeast,1987,Female,2025-08-18,Consumer,Bronze,Frequent,Yes
3427,Sandra,Flores,sandra.flores.3427@icloud.com,(338) 377-4570,Houston,TX,South,1970,Female,2025-11-16,Consumer,Bronze,Occasional,Yes
3428,Charles,Flores,charles.flores.3428@gmail.com,(672) 776-1927,Dallas,TX,South,1971,Male,2025-08-10,Consumer,Bronze,Occasional,Yes
3429,Lisa,Hernandez,lisa.hernandez.3429@outlook.com,(851) 563-7217,Dallas,TX,South,1965,Female,2023-04-09,Small Business,Bronze,VIP,Yes
3430,Betty,Hernandez,betty.hernandez.3430@yahoo.com,(742) 857-9320,Richmond,VA,South,1987,Female,2025-11-18,Enterprise,Bronze,Frequent,Yes
3431,Abigail,Lewis,abigail.lewis.3431@gmail.com,(514) 212-6399,Houston,TX,South,2001,Prefer not to say,2025-10-15,Small Business,Bronze,Regular,Yes
3432,Jason,Smith,jason.smith.3432@icloud.com,(690) 768-1713,Portland,OR,West,1963,Male,2024-12-08,Consumer,Bronze,Frequent,Yes
3433,Susan,Lopez,susan.lopez.3433@icloud.com,(970) 633-1292,Minneapolis,MN,Midwest,1983,Female,2024-06-20,Consumer,Bronze,VIP,Yes
3434,Sandra,White,sandra.white.3434@outlook.com,(812) 325-2754,Orlando,FL,South,1961,Female,2024-05-11,Consumer,Bronze,Occasional,Yes
3435,George,Wilson,george.wilson.3435@yahoo.com,(602) 243-8103,Newark,NJ,Northeast,1978,Male,2023-03-08,Consumer,Platinum,Regular,Yes
3436,Christina,Hernandez,christina.hernandez.3436@protonmail.com,(639) 915-3524,Charlotte,NC,South,1967,Female,2023-07-30,Consumer,Bronze,VIP,Yes
3437,Stephanie,Clark,stephanie.clark.3437@outlook.com,(593) 610-5218,San Francisco,CA,West,2001,Female,2024-11-23,Consumer,Silver,Regular,Yes
3438,Susan,Harris,susan.harris.3438@outlook.com,(611) 932-7632,Buffalo,NY,Northeast,1991,Female,2026-07-22,Small Business,Bronze,Occasional,Yes
3439,Sophia,Johnson,sophia.johnson.3439@protonmail.com,(433) 691-3058,Miami,FL,South,1985,Female,2025-11-30,Consumer,Silver,Occasional,Yes
3440,Sarah,Hill,sarah.hill.3440@yahoo.com,(222) 308-2269,St. Louis,MO,Midwest,1968,Female,2023-07-02,Small Business,Gold,Regular,Yes
3441,Nathan,Anderson,nathan.anderson.3441@gmail.com,(419) 332-5159,Denver,CO,West,1985,Male,2023-05-26,Consumer,Bronze,VIP,Yes
3442,Steven,Thompson,steven.thompson.3442@gmail.com,(323) 776-9282,Seattle,WA,West,1970,Male,2025-03-01,Consumer,Bronze,Occasional,Yes
3443,Nancy,Thompson,nancy.thompson.3443@gmail.com,(984) 340-6312,Dallas,TX,South,1977,Female,2025-11-23,Consumer,Bronze,Frequent,Yes
3444,Sandra,Garcia,sandra.garcia.3444@icloud.com,(207) 393-8726,San Diego,CA,West,1977,Female,2025-03-03,Consumer,Silver,Regular,Yes
3445,Jennifer,Martinez,jennifer.martinez.3445@icloud.com,(244) 569-4999,Dallas,TX,South,1972,Female,2025-11-24,Consumer,Bronze,Regular,Yes
3446,Stephanie,Jones,stephanie.jones.3446@outlook.com,(761) 339-8009,St. Louis,MO,Midwest,1997,Female,2024-11-24,Consumer,Bronze,Regular,Yes
3447,Emily,Scott,emily.scott.3447@protonmail.com,(244) 488-1593,Los Angeles,CA,West,1995,Female,2024-06-05,Consumer,Bronze,Occasional,Yes
3448,Susan,Taylor,susan.taylor.3448@gmail.com,(410) 538-4308,San Diego,CA,West,1975,Female,2024-01-17,Small Business,Bronze,Frequent,Yes
3449,Ashley,Ramirez,ashley.ramirez.3449@protonmail.com,(256) 508-6234,Phoenix,AZ,West,1999,Female,2025-05-24,Consumer,Bronze,Regular,Yes
3450,Donald,Thomas,donald.thomas.3450@protonmail.com,(359) 519-4641,Dallas,TX,South,1995,Male,2023-07-14,Enterprise,Silver,Occasional,Yes
3451,Ashley,Lee,ashley.lee.3451@outlook.com,(843) 435-4191,Denver,CO,West,1985,Female,2025-05-17,Consumer,Gold,Occasional,Yes
3452,Nicole,Scott,nicole.scott.3452@gmail.com,(663) 609-7855,Miami,FL,South,1970,Female,2025-05-02,Consumer,Bronze,Regular,Yes
3453,Nathan,Wilson,nathan.wilson.3453@outlook.com,(238) 818-4697,Columbus,OH,Midwest,1957,Male,2024-06-14,Consumer,Bronze,Occasional,Yes
3454,David,Perez,david.perez.3454@icloud.com,(988) 330-5376,Atlanta,GA,South,1954,Male,2024-04-09,Consumer,Bronze,Regular,Yes
3455,Paul,Robinson,paul.robinson.3455@outlook.com,(737) 563-8832,Cleveland,OH,Midwest,2005,Male,2025-09-22,Consumer,Bronze,Regular,Yes
3456,Olivia,Jackson,olivia.jackson.3456@icloud.com,(450) 519-1746,New York,NY,Northeast,1993,Female,2025-09-07,Consumer,Bronze,Frequent,Yes
3457,Ashley,Torres,ashley.torres.3457@yahoo.com,(541) 738-7525,Milwaukee,WI,Midwest,1983,Female,2024-08-02,Enterprise,Bronze,Occasional,Yes
3458,Brandon,Taylor,brandon.taylor.3458@icloud.com,(628) 715-6928,Houston,TX,South,1984,Male,2024-08-09,Enterprise,Bronze,Regular,Yes
3459,Patricia,Brown,patricia.brown.3459@protonmail.com,(697) 303-7639,San Francisco,CA,West,1950,Female,2023-05-24,Consumer,Silver,Regular,Yes
3460,Melissa,Miller,melissa.miller.3460@gmail.com,(304) 541-5652,San Francisco,CA,West,1956,Female,2023-09-16,Consumer,Bronze,Frequent,Yes
3461,Jason,Gonzalez,jason.gonzalez.3461@protonmail.com,(990) 551-5164,Nashville,TN,South,1966,Male,2023-04-27,Consumer,Gold,Frequent,Yes
3462,Edward,White,edward.white.3462@yahoo.com,(521) 377-8621,Orlando,FL,South,1952,Male,2023-04-03,Consumer,Bronze,Occasional,No
3463,Elizabeth,Moore,elizabeth.moore.3463@protonmail.com,(645) 253-9376,Richmond,VA,South,1967,Female,2025-04-11,Small Business,Bronze,Occasional,Yes
3464,Jacob,Wright,jacob.wright.3464@outlook.com,(500) 972-1931,Cleveland,OH,Midwest,2002,Male,2025-07-24,Consumer,Silver,Regular,Yes
3465,David,Flores,david.flores.3465@protonmail.com,(669) 559-3305,Denver,CO,West,1945,Male,2025-12-19,Consumer,Bronze,Regular,Yes
3466,Megan,Brown,megan.brown.3466@yahoo.com,(473) 381-4303,Chicago,IL,Midwest,1985,Female,2023-09-02,Consumer,Bronze,Occasional,Yes
3467,Megan,Miller,megan.miller.3467@icloud.com,(341) 872-4488,Charlotte,NC,South,1997,Female,2025-03-01,Consumer,Bronze,Regular,Yes
3468,Nathan,Ramirez,nathan.ramirez.3468@protonmail.com,(495) 738-2746,Houston,TX,South,1970,Male,2024-10-02,Consumer,Silver,VIP,Yes
3469,Abigail,Clark,abigail.clark.3469@yahoo.com,(244) 530-5599,Cleveland,OH,Midwest,1953,Female,2025-11-26,Consumer,Bronze,Frequent,Yes
3470,David,Garcia,david.garcia.3470@protonmail.com,(649) 293-6752,Portland,OR,West,1988,Male,2023-08-31,Small Business,Bronze,Regular,Yes
3471,Thomas,Sanchez,thomas.sanchez.3471@gmail.com,(699) 796-6713,Charlotte,NC,South,2004,Male,2025-08-19,Consumer,Bronze,Occasional,Yes
3472,Elizabeth,Sanchez,elizabeth.sanchez.3472@yahoo.com,(676) 499-2935,Minneapolis,MN,Midwest,1994,Female,2026-07-25,Consumer,Silver,Occasional,Yes
3473,Nicole,Walker,nicole.walker.3473@protonmail.com,(563) 883-7008,Indianapolis,IN,Midwest,2001,Female,2023-04-06,Consumer,Bronze,Occasional,Yes
3474,Nicole,King,nicole.king.3474@outlook.com,(896) 795-1335,Orlando,FL,South,1977,Female,2024-10-23,Consumer,Bronze,Regular,No
3475,Melissa,White,melissa.white.3475@yahoo.com,(447) 658-9612,Minneapolis,MN,Midwest,1945,Female,2023-10-06,Consumer,Bronze,Regular,Yes
3476,Sophia,Williams,sophia.williams.3476@protonmail.com,(828) 962-4601,Portland,OR,West,1995,Female,2024-10-23,Consumer,Bronze,Frequent,Yes
3477,Lauren,Rodriguez,lauren.rodriguez.3477@yahoo.com,(493) 608-2861,Atlanta,GA,South,1953,Female,2026-06-11,Consumer,Bronze,Regular,Yes
3478,Brandon,Lopez,brandon.lopez.3478@outlook.com,(708) 581-6839,Hartford,CT,Northeast,1966,Male,2024-06-08,Consumer,Gold,Regular,Yes
3479,Stephanie,King,stephanie.king.3479@protonmail.com,(586) 984-9134,Phoenix,AZ,West,1986,Female,2023-01-20,Enterprise,Bronze,Frequent,No
3480,Kevin,Brown,kevin.brown.3480@gmail.com,(574) 544-2265,Los Angeles,CA,West,1999,Male,2023-12-24,Consumer,Bronze,Occasional,Yes
3481,Jennifer,Walker,jennifer.walker.3481@yahoo.com,(694) 765-5374,San Francisco,CA,West,1959,Female,2024-10-09,Consumer,Bronze,Regular,Yes
3482,Jason,Wright,jason.wright.3482@outlook.com,(732) 830-8257,San Francisco,CA,West,1947,Male,2025-08-21,Consumer,Bronze,VIP,Yes
3483,Nicole,Martinez,nicole.martinez.3483@yahoo.com,(731) 634-4329,Milwaukee,WI,Midwest,2001,Female,2023-08-17,Consumer,Bronze,Frequent,Yes
3484,Anthony,Torres,anthony.torres.3484@gmail.com,(784) 939-7548,Detroit,MI,Midwest,1998,Male,2024-01-07,Small Business,Gold,Frequent,Yes
3485,Sarah,Hill,sarah.hill.3485@gmail.com,(777) 609-4877,Phoenix,AZ,West,1986,Female,2024-05-26,Small Business,Bronze,Occasional,Yes
3486,Karen,King,karen.king.3486@outlook.com,(451) 811-9019,Charlotte,NC,South,2001,Prefer not to say,2025-09-13,Small Business,Silver,Frequent,Yes
3487,Christopher,Garcia,christopher.garcia.3487@icloud.com,(764) 978-2405,Columbus,OH,Midwest,1981,Male,2023-05-12,Consumer,Bronze,Frequent,Yes
3488,Kevin,Anderson,kevin.anderson.3488@yahoo.com,(900) 625-1970,Seattle,WA,West,1954,Male,2026-05-07,Consumer,Bronze,Regular,Yes
3489,George,Taylor,george.taylor.3489@outlook.com,(287) 201-1779,Indianapolis,IN,Midwest,1946,Male,2025-10-14,Consumer,Bronze,Occasional,Yes
3490,Mark,Moore,mark.moore.3490@protonmail.com,(386) 539-1954,Seattle,WA,West,1979,Male,2025-11-15,Consumer,Bronze,Regular,Yes
3491,Sophia,Robinson,sophia.robinson.3491@yahoo.com,(742) 440-3680,Minneapolis,MN,Midwest,1946,Female,2024-03-23,Consumer,Bronze,VIP,Yes
3492,Amanda,Thompson,amanda.thompson.3492@icloud.com,(243) 791-1287,Seattle,WA,West,1970,Female,2026-02-06,Consumer,Bronze,Occasional,Yes
3493,James,Martin,james.martin.3493@protonmail.com,(444) 527-8518,Minneapolis,MN,Midwest,1974,Male,2024-12-11,Consumer,Bronze,Regular,Yes
3494,Donald,Thomas,donald.thomas.3494@yahoo.com,(256) 903-3664,San Francisco,CA,West,1946,Male,2025-03-06,Small Business,Bronze,Regular,Yes
3495,Lisa,Hill,lisa.hill.3495@protonmail.com,(728) 930-9258,Nashville,TN,South,1980,Female,2025-11-18,Consumer,Bronze,Frequent,Yes
3496,Steven,Sanchez,steven.sanchez.3496@gmail.com,(448) 671-2008,Atlanta,GA,South,2002,Male,2023-07-16,Consumer,Bronze,Regular,Yes
3497,Rebecca,Taylor,rebecca.taylor.3497@icloud.com,(496) 966-9176,New York,NY,Northeast,2004,Female,2024-08-20,Small Business,Bronze,Occasional,Yes
3498,Susan,Young,susan.young.3498@outlook.com,(586) 259-7171,Los Angeles,CA,West,1948,Female,2024-04-04,Consumer,Platinum,Regular,Yes
3499,Kevin,Flores,kevin.flores.3499@outlook.com,(971) 367-4720,St. Louis,MO,Midwest,1956,Male,2023-07-11,Small Business,Bronze,Occasional,No
3500,Emily,Jones,emily.jones.3500@outlook.com,(627) 663-3912,Seattle,WA,West,1950,Female,2023-03-02,Consumer,Silver,Occasional,Yes
3501,Joseph,Wilson,joseph.wilson.3501@protonmail.com,(817) 766-4937,Phoenix,AZ,West,1961,Nonbinary,2024-06-12,Small Business,Bronze,Occasional,Yes
3502,Lisa,Gonzalez,lisa.gonzalez.3502@protonmail.com,(370) 522-7492,San Diego,CA,West,1986,Female,2025-07-31,Consumer,Silver,Regular,No
3503,Nathan,Smith,nathan.smith.3503@outlook.com,(584) 891-9213,Philadelphia,PA,Northeast,1991,Male,2025-08-04,Consumer,Bronze,Regular,Yes
3504,William,Smith,william.smith.3504@icloud.com,(572) 955-4440,New York,NY,Northeast,1946,Male,2024-03-01,Consumer,Bronze,Regular,Yes
3505,Steven,Hernandez,steven.hernandez.3505@icloud.com,(891) 253-5117,Houston,TX,South,1985,Male,2024-09-27,Consumer,Bronze,Frequent,Yes
3506,Margaret,Thompson,margaret.thompson.3506@protonmail.com,(967) 515-5232,Richmond,VA,South,1952,Female,2025-12-27,Consumer,Gold,Occasional,Yes
3507,Kevin,Ramirez,kevin.ramirez.3507@yahoo.com,(850) 821-7123,Indianapolis,IN,Midwest,1978,Male,2023-05-23,Enterprise,Silver,Occasional,No
3508,Emma,Wright,emma.wright.3508@protonmail.com,(425) 687-2376,Charlotte,NC,South,1947,Female,2026-01-14,Small Business,Gold,Regular,Yes
3509,Amanda,Sanchez,amanda.sanchez.3509@icloud.com,(299) 472-2922,Orlando,FL,South,1949,Female,2025-09-03,Small Business,Silver,Frequent,No
3510,Brandon,Anderson,brandon.anderson.3510@icloud.com,(497) 524-2670,Phoenix,AZ,West,1955,Male,2026-01-30,Consumer,Gold,Regular,Yes
3511,Nicole,Lee,nicole.lee.3511@outlook.com,(640) 998-8857,Chicago,IL,Midwest,1961,Female,2024-03-10,Consumer,Bronze,Occasional,Yes
3512,James,Walker,james.walker.3512@gmail.com,(578) 922-3246,Miami,FL,South,1982,Male,2026-07-06,Consumer,Bronze,Regular,Yes
3513,Anthony,Ramirez,anthony.ramirez.3513@gmail.com,(256) 459-2065,Philadelphia,PA,Northeast,1965,Male,2026-02-19,Consumer,Silver,Frequent,Yes
3514,Nicole,Thompson,nicole.thompson.3514@icloud.com,(968) 897-5387,Houston,TX,South,1945,Female,2024-09-18,Enterprise,Bronze,Regular,Yes
3515,George,Walker,george.walker.3515@outlook.com,(320) 780-8319,Buffalo,NY,Northeast,1956,Male,2024-06-01,Small Business,Bronze,Regular,No
3516,Jason,Jackson,jason.jackson.3516@outlook.com,(237) 538-7940,Milwaukee,WI,Midwest,1960,Male,2026-04-16,Consumer,Gold,Occasional,Yes
3517,Andrew,Martin,andrew.martin.3517@outlook.com,(276) 870-2945,Pittsburgh,PA,Northeast,2000,Prefer not to say,2026-04-29,Small Business,Bronze,Regular,No
3518,James,Thompson,james.thompson.3518@icloud.com,(614) 888-1165,Houston,TX,South,1981,Male,2025-07-30,Consumer,Bronze,Occasional,Yes
3519,Steven,Harris,steven.harris.3519@protonmail.com,(776) 352-3952,Providence,RI,Northeast,1994,Male,2026-01-03,Consumer,Gold,Occasional,Yes
3520,Kevin,Torres,kevin.torres.3520@outlook.com,(365) 740-7508,Phoenix,AZ,West,1991,Male,2025-06-20,Consumer,Silver,Regular,Yes
3521,David,Hill,david.hill.3521@icloud.com,(998) 440-1782,Denver,CO,West,1990,Male,2024-08-05,Small Business,Silver,Occasional,Yes
3522,Megan,Davis,megan.davis.3522@gmail.com,(822) 449-2991,Charlotte,NC,South,2003,Female,2023-04-20,Consumer,Bronze,Frequent,No
3523,Elizabeth,Hernandez,elizabeth.hernandez.3523@icloud.com,(632) 675-5068,Milwaukee,WI,Midwest,1988,Female,2024-05-16,Consumer,Gold,Regular,Yes
3524,Donald,Lopez,donald.lopez.3524@outlook.com,(854) 355-5839,Dallas,TX,South,1988,Male,2025-02-12,Small Business,Gold,Occasional,Yes
3525,Rachel,Flores,rachel.flores.3525@protonmail.com,(432) 374-2843,Columbus,OH,Midwest,1956,Female,2025-02-04,Consumer,Silver,VIP,Yes
3526,Rebecca,Jackson,rebecca.jackson.3526@protonmail.com,(847) 492-2177,Las Vegas,NV,West,1969,Female,2025-09-02,Consumer,Bronze,Regular,Yes
3527,David,Martinez,david.martinez.3527@protonmail.com,(712) 266-1832,San Francisco,CA,West,1982,Male,2023-08-31,Consumer,Bronze,VIP,Yes
3528,Paul,Martin,paul.martin.3528@protonmail.com,(405) 565-2761,Chicago,IL,Midwest,1964,Male,2026-02-23,Small Business,Gold,Regular,No
3529,Jason,Robinson,jason.robinson.3529@icloud.com,(552) 996-7551,Portland,OR,West,1957,Male,2023-05-05,Consumer,Silver,Frequent,No
3530,Jennifer,Wright,jennifer.wright.3530@gmail.com,(384) 590-1904,Philadelphia,PA,Northeast,1955,Female,2023-08-18,Consumer,Bronze,Regular,Yes
3531,Patricia,Wright,patricia.wright.3531@protonmail.com,(227) 383-6852,Providence,RI,Northeast,1954,Female,2024-01-15,Small Business,Bronze,Occasional,Yes
3532,Jacob,Martinez,jacob.martinez.3532@icloud.com,(693) 886-3951,Los Angeles,CA,West,1958,Male,2023-09-11,Consumer,Silver,Frequent,Yes
3533,Steven,Wright,steven.wright.3533@icloud.com,(473) 204-3966,Orlando,FL,South,1997,Male,2023-04-07,Consumer,Bronze,VIP,Yes
3534,Kevin,Clark,kevin.clark.3534@yahoo.com,(397) 582-4554,Nashville,TN,South,1971,Male,2023-05-17,Consumer,Bronze,Occasional,Yes
3535,Justin,Thompson,justin.thompson.3535@gmail.com,(813) 450-2374,Detroit,MI,Midwest,1957,Male,2025-08-06,Small Business,Bronze,Frequent,Yes
3536,Thomas,Miller,thomas.miller.3536@icloud.com,(769) 485-4789,San Francisco,CA,West,1973,Male,2024-12-19,Consumer,Bronze,Regular,Yes
3537,Brandon,Thomas,brandon.thomas.3537@gmail.com,(552) 846-1888,Denver,CO,West,1955,Male,2024-05-28,Small Business,Bronze,Regular,Yes
3538,John,Martinez,john.martinez.3538@icloud.com,(470) 420-1776,Charlotte,NC,South,1991,Male,2025-07-29,Consumer,Bronze,Occasional,Yes
3539,Matthew,King,matthew.king.3539@protonmail.com,(354) 372-4427,Houston,TX,South,1980,Male,2025-03-24,Enterprise,Gold,Frequent,Yes
3540,Joshua,Young,joshua.young.3540@outlook.com,(538) 370-3922,Phoenix,AZ,West,1990,Male,2024-07-18,Consumer,Bronze,Occasional,Yes
3541,Sophia,Ramirez,sophia.ramirez.3541@outlook.com,(697) 643-5008,Atlanta,GA,South,1998,Female,2026-01-10,Consumer,Silver,Frequent,Yes
3542,Rachel,Moore,rachel.moore.3542@yahoo.com,(353) 761-4335,San Francisco,CA,West,2005,Female,2023-05-23,Enterprise,Gold,Regular,Yes
3543,Patricia,Johnson,patricia.johnson.3543@icloud.com,(257) 697-5183,Houston,TX,South,1990,Female,2025-05-08,Consumer,Bronze,Occasional,Yes
3544,Sophia,Martin,sophia.martin.3544@protonmail.com,(768) 269-5142,Phoenix,AZ,West,1995,Female,2023-09-14,Small Business,Silver,Regular,Yes
3545,Robert,Lopez,robert.lopez.3545@gmail.com,(855) 925-6464,Dallas,TX,South,1959,Male,2025-03-17,Consumer,Silver,Frequent,Yes
3546,Betty,Smith,betty.smith.3546@icloud.com,(526) 786-5694,Richmond,VA,South,1960,Female,2026-02-10,Consumer,Bronze,Frequent,Yes
3547,Brian,Miller,brian.miller.3547@gmail.com,(917) 488-3132,Seattle,WA,West,1947,Male,2025-07-31,Consumer,Bronze,Occasional,Yes
3548,Stephanie,Miller,stephanie.miller.3548@icloud.com,(228) 413-8995,Boston,MA,Northeast,1981,Female,2023-07-18,Consumer,Bronze,Occasional,Yes
3549,Susan,Martin,susan.martin.3549@protonmail.com,(276) 767-3424,Detroit,MI,Midwest,1959,Female,2024-05-07,Small Business,Bronze,Occasional,Yes
3550,Charles,White,charles.white.3550@protonmail.com,(628) 751-6986,Milwaukee,WI,Midwest,1996,Male,2023-03-31,Consumer,Bronze,Regular,Yes
3551,Richard,Harris,richard.harris.3551@protonmail.com,(408) 753-7549,Houston,TX,South,1982,Male,2026-03-19,Small Business,Platinum,Regular,Yes
3552,Mark,Wilson,mark.wilson.3552@outlook.com,(771) 833-4926,Atlanta,GA,South,1987,Male,2024-02-13,Small Business,Silver,Occasional,Yes
3553,Sandra,Clark,sandra.clark.3553@yahoo.com,(518) 924-8088,Richmond,VA,South,1947,Female,2026-07-01,Consumer,Bronze,Frequent,No
3554,James,Martin,james.martin.3554@icloud.com,(912) 705-8110,Indianapolis,IN,Midwest,2001,Male,2025-10-23,Small Business,Bronze,Frequent,Yes
3555,Richard,Ramirez,richard.ramirez.3555@protonmail.com,(598) 616-7999,Miami,FL,South,1955,Male,2025-03-27,Enterprise,Silver,Occasional,Yes
3556,Rachel,Anderson,rachel.anderson.3556@gmail.com,(456) 552-3796,Las Vegas,NV,West,1965,Female,2023-01-19,Small Business,Bronze,Occasional,Yes
3557,Joshua,Young,joshua.young.3557@outlook.com,(481) 297-3356,Philadelphia,PA,Northeast,1978,Male,2025-05-28,Small Business,Silver,Regular,Yes
3558,Emma,Wilson,emma.wilson.3558@gmail.com,(276) 395-2421,Nashville,TN,South,1988,Female,2025-04-04,Consumer,Bronze,Regular,Yes
3559,Mary,Allen,mary.allen.3559@icloud.com,(570) 919-3262,Milwaukee,WI,Midwest,1985,Female,2023-10-31,Consumer,Bronze,Frequent,Yes
3560,Ashley,Perez,ashley.perez.3560@gmail.com,(826) 203-5282,Atlanta,GA,South,1994,Female,2025-12-13,Consumer,Silver,Occasional,Yes
3561,Emily,Martin,emily.martin.3561@icloud.com,(373) 368-8307,Boston,MA,Northeast,1963,Female,2026-02-12,Consumer,Silver,Frequent,Yes
3562,Christina,Martin,christina.martin.3562@yahoo.com,(205) 383-2619,Detroit,MI,Midwest,1976,Female,2023-05-01,Consumer,Bronze,Occasional,No
3563,Lisa,Taylor,lisa.taylor.3563@protonmail.com,(610) 324-5418,Atlanta,GA,South,1946,Female,2024-06-12,Consumer,Bronze,Frequent,Yes
3564,Daniel,Miller,daniel.miller.3564@protonmail.com,(780) 420-5988,Boston,MA,Northeast,1992,Male,2024-06-04,Consumer,Bronze,Occasional,Yes
3565,Michael,Lopez,michael.lopez.3565@outlook.com,(474) 768-5088,Atlanta,GA,South,1962,Male,2023-05-04,Consumer,Bronze,Regular,Yes
3566,Richard,Torres,richard.torres.3566@gmail.com,(420) 536-8341,Phoenix,AZ,West,1957,Male,2025-07-18,Consumer,Bronze,Occasional,Yes
3567,Ashley,Miller,ashley.miller.3567@yahoo.com,(661) 575-5501,Richmond,VA,South,1946,Female,2024-12-22,Small Business,Silver,Frequent,Yes
3568,Donald,Sanchez,donald.sanchez.3568@protonmail.com,(460) 331-4099,Las Vegas,NV,West,1996,Male,2023-01-01,Consumer,Silver,Occasional,Yes
3569,Margaret,Flores,margaret.flores.3569@outlook.com,(218) 229-4784,San Diego,CA,West,1990,Female,2025-10-15,Consumer,Silver,Occasional,Yes
3570,Jennifer,Jackson,jennifer.jackson.3570@icloud.com,(531) 843-8125,St. Louis,MO,Midwest,1961,Female,2025-04-05,Enterprise,Bronze,Frequent,Yes
3571,Jessica,Moore,jessica.moore.3571@outlook.com,(906) 219-1282,Orlando,FL,South,1970,Female,2025-02-24,Consumer,Silver,Regular,No
3572,Joseph,Smith,joseph.smith.3572@yahoo.com,(297) 568-7893,Atlanta,GA,South,1989,Male,2025-09-22,Small Business,Bronze,Regular,Yes
3573,Richard,Brown,richard.brown.3573@outlook.com,(380) 363-7193,Atlanta,GA,South,1954,Male,2026-03-07,Small Business,Bronze,Occasional,Yes
3574,Emily,Johnson,emily.johnson.3574@protonmail.com,(996) 764-3490,Milwaukee,WI,Midwest,1993,Female,2025-09-30,Consumer,Silver,Occasional,Yes
3575,Christina,Garcia,christina.garcia.3575@outlook.com,(495) 301-7746,Charlotte,NC,South,1985,Female,2025-12-25,Consumer,Bronze,Occasional,Yes
3576,Betty,Flores,betty.flores.3576@icloud.com,(315) 717-8204,San Francisco,CA,West,1999,Female,2024-02-22,Consumer,Bronze,Occasional,No
3577,Patricia,Harris,patricia.harris.3577@yahoo.com,(898) 356-3554,Detroit,MI,Midwest,1981,Female,2023-06-18,Consumer,Silver,Occasional,Yes
3578,Donald,Ramirez,donald.ramirez.3578@gmail.com,(629) 691-6005,Chicago,IL,Midwest,1972,Male,2026-01-13,Consumer,Silver,Regular,Yes
3579,Charles,Anderson,charles.anderson.3579@yahoo.com,(826) 833-7422,Richmond,VA,South,1949,Male,2026-04-19,Consumer,Silver,Regular,Yes
3580,Stephanie,Brown,stephanie.brown.3580@gmail.com,(963) 888-6381,Houston,TX,South,1948,Female,2023-01-04,Consumer,Bronze,Occasional,Yes
3581,Emily,Lee,emily.lee.3581@icloud.com,(731) 914-4321,Orlando,FL,South,1980,Female,2024-08-05,Consumer,Silver,Frequent,Yes
3582,Brian,Wilson,brian.wilson.3582@protonmail.com,(424) 610-5330,Seattle,WA,West,1963,Male,2024-04-09,Consumer,Silver,Frequent,No
3583,Andrew,Jones,andrew.jones.3583@gmail.com,(707) 230-8366,Las Vegas,NV,West,1961,Male,2024-08-10,Consumer,Bronze,Regular,Yes
3584,Jason,Lopez,jason.lopez.3584@icloud.com,(322) 821-2479,Atlanta,GA,South,1949,Male,2025-07-06,Small Business,Bronze,Occasional,Yes
3585,Megan,Thomas,megan.thomas.3585@protonmail.com,(811) 940-4648,Orlando,FL,South,1991,Female,2024-06-14,Small Business,Bronze,Regular,Yes
3586,David,Hernandez,david.hernandez.3586@icloud.com,(764) 313-1578,Buffalo,NY,Northeast,1984,Male,2025-03-12,Consumer,Bronze,Regular,Yes
3587,Kevin,Flores,kevin.flores.3587@icloud.com,(562) 502-8830,Houston,TX,South,1982,Male,2023-05-08,Consumer,Platinum,Frequent,Yes
3588,Nancy,Brown,nancy.brown.3588@yahoo.com,(399) 465-1069,Philadelphia,PA,Northeast,1962,Female,2023-02-22,Consumer,Bronze,Frequent,Yes
3589,Nancy,Lee,nancy.lee.3589@yahoo.com,(435) 545-6061,New York,NY,Northeast,1968,Female,2023-11-26,Consumer,Bronze,VIP,Yes
3590,Nicole,Thompson,nicole.thompson.3590@protonmail.com,(913) 398-1045,Los Angeles,CA,West,2004,Female,2023-02-01,Consumer,Bronze,Occasional,Yes
3591,Mark,Young,mark.young.3591@icloud.com,(622) 994-7008,Detroit,MI,Midwest,1964,Male,2026-04-23,Consumer,Bronze,Regular,Yes
3592,Sophia,Wright,sophia.wright.3592@yahoo.com,(457) 662-2267,Denver,CO,West,1990,Female,2024-01-22,Consumer,Bronze,Regular,Yes
3593,Jason,Smith,jason.smith.3593@gmail.com,(793) 792-9896,San Francisco,CA,West,1948,Nonbinary,2024-03-02,Consumer,Bronze,Regular,Yes
3594,Joshua,Rodriguez,joshua.rodriguez.3594@gmail.com,(779) 264-1486,Charlotte,NC,South,1974,Male,2025-12-17,Consumer,Bronze,Occasional,No
3595,Karen,Williams,karen.williams.3595@gmail.com,(204) 246-4082,Dallas,TX,South,1954,Female,2023-07-12,Consumer,Bronze,Frequent,Yes
3596,Abigail,Wright,abigail.wright.3596@icloud.com,(348) 322-7636,San Francisco,CA,West,1971,Female,2023-10-28,Consumer,Silver,Occasional,No
3597,Jennifer,Wilson,jennifer.wilson.3597@outlook.com,(238) 494-1734,Columbus,OH,Midwest,1986,Female,2024-03-18,Consumer,Bronze,Frequent,Yes
3598,Anthony,Martinez,anthony.martinez.3598@icloud.com,(918) 242-8293,Atlanta,GA,South,1978,Male,2026-02-05,Consumer,Gold,Regular,Yes
3599,Matthew,Clark,matthew.clark.3599@yahoo.com,(546) 729-7489,Denver,CO,West,1958,Male,2025-02-08,Small Business,Silver,Regular,Yes
3600,Megan,Walker,megan.walker.3600@protonmail.com,(973) 464-7929,San Diego,CA,West,1945,Female,2026-06-27,Consumer,Bronze,Frequent,Yes
3601,Matthew,Walker,matthew.walker.3601@outlook.com,(735) 209-9757,Atlanta,GA,South,1974,Male,2024-04-22,Consumer,Bronze,Regular,Yes
3602,Nancy,Robinson,nancy.robinson.3602@gmail.com,(807) 885-2890,Los Angeles,CA,West,1967,Female,2023-05-26,Consumer,Bronze,Regular,Yes
3603,Rachel,Ramirez,rachel.ramirez.3603@icloud.com,(709) 721-9562,Atlanta,GA,South,1967,Female,2023-01-03,Consumer,Gold,Regular,Yes
3604,Melissa,Thomas,melissa.thomas.3604@outlook.com,(387) 853-2518,Houston,TX,South,1946,Female,2023-04-13,Small Business,Bronze,VIP,Yes
3605,Olivia,Jackson,olivia.jackson.3605@outlook.com,(369) 559-7030,Minneapolis,MN,Midwest,2005,Female,2025-10-06,Consumer,Bronze,Regular,Yes
3606,Joshua,Williams,joshua.williams.3606@outlook.com,(684) 527-6469,Portland,OR,West,1966,Male,2025-11-03,Consumer,Bronze,Frequent,Yes
3607,Donald,Ramirez,donald.ramirez.3607@outlook.com,(655) 230-4381,Miami,FL,South,1969,Male,2023-05-19,Consumer,Bronze,Occasional,Yes
3608,Olivia,Davis,olivia.davis.3608@gmail.com,(366) 234-2778,Philadelphia,PA,Northeast,1963,Female,2024-09-09,Consumer,Silver,Occasional,Yes
3609,Susan,Garcia,susan.garcia.3609@yahoo.com,(307) 656-2297,San Diego,CA,West,1961,Female,2026-06-21,Consumer,Bronze,Regular,Yes
3610,Lauren,Wright,lauren.wright.3610@outlook.com,(385) 924-7876,Charlotte,NC,South,1984,Female,2026-02-14,Small Business,Bronze,Frequent,Yes
3611,Steven,Brown,steven.brown.3611@yahoo.com,(973) 432-8303,Nashville,TN,South,1982,Male,2026-03-22,Small Business,Bronze,Regular,Yes
3612,Kevin,Lopez,kevin.lopez.3612@protonmail.com,(966) 697-4153,Milwaukee,WI,Midwest,1972,Male,2026-03-15,Consumer,Gold,Occasional,Yes
3613,Sandra,Thomas,sandra.thomas.3613@gmail.com,(604) 729-1544,Los Angeles,CA,West,1993,Female,2025-11-12,Consumer,Bronze,Occasional,Yes
3614,Michael,Williams,michael.williams.3614@outlook.com,(331) 643-9066,Indianapolis,IN,Midwest,1966,Male,2024-04-01,Consumer,Silver,Regular,Yes
3615,Brian,Lopez,brian.lopez.3615@protonmail.com,(784) 382-8485,Orlando,FL,South,1996,Male,2023-05-06,Consumer,Gold,Frequent,Yes
3616,Rachel,Jones,rachel.jones.3616@gmail.com,(752) 506-1000,Detroit,MI,Midwest,1955,Female,2024-12-10,Consumer,Bronze,Regular,Yes
3617,Linda,Nguyen,linda.nguyen.3617@outlook.com,(660) 368-8506,Chicago,IL,Midwest,1996,Female,2026-05-24,Consumer,Silver,VIP,Yes
3618,Rachel,Smith,rachel.smith.3618@yahoo.com,(720) 395-7638,Denver,CO,West,1974,Female,2026-07-12,Consumer,Bronze,Frequent,Yes
3619,Richard,Perez,richard.perez.3619@gmail.com,(727) 230-1209,Milwaukee,WI,Midwest,1981,Male,2024-02-24,Consumer,Bronze,Frequent,Yes
3620,Jennifer,White,jennifer.white.3620@protonmail.com,(366) 230-8121,Minneapolis,MN,Midwest,1973,Female,2023-07-27,Consumer,Gold,Regular,Yes
3621,Anthony,Miller,anthony.miller.3621@gmail.com,(238) 508-4483,Milwaukee,WI,Midwest,1980,Prefer not to say,2025-10-30,Consumer,Silver,Frequent,Yes
3622,Olivia,Jackson,olivia.jackson.3622@icloud.com,(293) 241-6451,Nashville,TN,South,1997,Female,2026-02-21,Consumer,Bronze,Occasional,Yes
3623,Amanda,Walker,amanda.walker.3623@yahoo.com,(568) 296-6535,Seattle,WA,West,1965,Female,2025-06-24,Consumer,Gold,Occasional,Yes
3624,James,Clark,james.clark.3624@protonmail.com,(425) 837-4912,Detroit,MI,Midwest,1951,Male,2026-02-14,Consumer,Bronze,Occasional,Yes
3625,Olivia,Garcia,olivia.garcia.3625@outlook.com,(675) 570-4384,Pittsburgh,PA,Northeast,1945,Female,2023-04-11,Consumer,Bronze,Occasional,Yes
3626,Sophia,Robinson,sophia.robinson.3626@icloud.com,(555) 448-5921,Portland,OR,West,1999,Female,2023-06-17,Consumer,Bronze,Occasional,Yes
3627,Steven,Davis,steven.davis.3627@protonmail.com,(568) 888-5902,Orlando,FL,South,2001,Male,2025-01-09,Consumer,Silver,Frequent,Yes
3628,Abigail,Wright,abigail.wright.3628@gmail.com,(305) 886-5971,St. Louis,MO,Midwest,1986,Female,2024-12-09,Consumer,Bronze,Regular,No
3629,Ryan,Rodriguez,ryan.rodriguez.3629@outlook.com,(736) 924-6084,Detroit,MI,Midwest,1985,Male,2025-07-07,Consumer,Bronze,Occasional,Yes
3630,Olivia,Johnson,olivia.johnson.3630@yahoo.com,(899) 478-1285,Atlanta,GA,South,1967,Female,2023-06-19,Consumer,Bronze,Occasional,Yes
3631,Robert,Rodriguez,robert.rodriguez.3631@protonmail.com,(770) 953-6423,Dallas,TX,South,1988,Male,2023-01-28,Consumer,Silver,Frequent,Yes
3632,John,Torres,john.torres.3632@outlook.com,(356) 746-8953,Houston,TX,South,1970,Male,2024-01-25,Enterprise,Silver,Occasional,No
3633,Michael,Ramirez,michael.ramirez.3633@yahoo.com,(678) 254-2023,Milwaukee,WI,Midwest,1960,Male,2024-04-23,Consumer,Silver,Occasional,Yes
3634,Lauren,Garcia,lauren.garcia.3634@icloud.com,(252) 834-7838,Miami,FL,South,1950,Female,2023-08-21,Consumer,Platinum,Occasional,No
3635,Sophia,Clark,sophia.clark.3635@yahoo.com,(692) 692-7519,Cleveland,OH,Midwest,2005,Female,2025-10-04,Consumer,Bronze,Occasional,Yes
3636,Christopher,Thomas,christopher.thomas.3636@outlook.com,(682) 998-2307,Phoenix,AZ,West,1945,Male,2023-08-20,Consumer,Bronze,Occasional,Yes
3637,Mark,Gonzalez,mark.gonzalez.3637@gmail.com,(533) 667-5487,Milwaukee,WI,Midwest,1991,Male,2026-08-22,Consumer,Silver,Regular,No
3638,Edward,Nguyen,edward.nguyen.3638@yahoo.com,(416) 640-1240,St. Louis,MO,Midwest,1983,Male,2023-12-08,Enterprise,Bronze,Regular,Yes
3639,Michael,Lewis,michael.lewis.3639@outlook.com,(978) 223-3102,Orlando,FL,South,1995,Male,2026-02-03,Consumer,Bronze,Occasional,Yes
3640,Lauren,Moore,lauren.moore.3640@protonmail.com,(696) 256-2625,San Francisco,CA,West,1954,Female,2025-08-04,Small Business,Silver,Occasional,Yes
3641,Jessica,Jones,jessica.jones.3641@gmail.com,(853) 645-1173,Newark,NJ,Northeast,1954,Prefer not to say,2024-08-28,Consumer,Bronze,Regular,Yes
3642,Olivia,Torres,olivia.torres.3642@gmail.com,(301) 841-8731,Detroit,MI,Midwest,1950,Female,2024-02-04,Consumer,Gold,Regular,Yes
3643,Matthew,Walker,matthew.walker.3643@yahoo.com,(881) 279-6556,Providence,RI,Northeast,1996,Male,2026-02-06,Small Business,Bronze,Regular,Yes
3644,Robert,Lewis,robert.lewis.3644@icloud.com,(856) 784-5885,Columbus,OH,Midwest,1987,Male,2026-01-13,Small Business,Gold,Regular,Yes
3645,Barbara,Martinez,barbara.martinez.3645@gmail.com,(677) 829-8782,Dallas,TX,South,1998,Female,2023-10-29,Consumer,Silver,Regular,Yes
3646,Sarah,Davis,sarah.davis.3646@icloud.com,(258) 443-3640,Hartford,CT,Northeast,2004,Female,2025-11-27,Small Business,Bronze,Regular,Yes
3647,Joseph,Young,joseph.young.3647@outlook.com,(341) 463-9102,Portland,OR,West,1997,Male,2026-01-21,Small Business,Bronze,Frequent,Yes
3648,Daniel,Robinson,daniel.robinson.3648@yahoo.com,(573) 931-7107,Richmond,VA,South,1987,Male,2024-11-08,Consumer,Bronze,Occasional,Yes
3649,Michael,Perez,michael.perez.3649@yahoo.com,(369) 536-2190,Miami,FL,South,1985,Male,2025-12-16,Consumer,Bronze,Occasional,No
3650,Charles,Hernandez,charles.hernandez.3650@yahoo.com,(766) 861-9512,Orlando,FL,South,1966,Male,2025-01-08,Consumer,Bronze,Regular,Yes
3651,Betty,Sanchez,betty.sanchez.3651@outlook.com,(719) 434-8700,Atlanta,GA,South,1990,Female,2024-01-30,Consumer,Gold,Frequent,No
3652,Brandon,Johnson,brandon.johnson.3652@gmail.com,(260) 840-1477,Newark,NJ,Northeast,1990,Male,2023-02-26,Consumer,Silver,Regular,Yes
3653,John,Scott,john.scott.3653@gmail.com,(455) 712-2796,Nashville,TN,South,1999,Male,2025-12-03,Consumer,Silver,Occasional,No
3654,James,White,james.white.3654@yahoo.com,(406) 748-4424,Chicago,IL,Midwest,1967,Male,2024-04-20,Consumer,Silver,VIP,Yes
3655,Christopher,Martinez,christopher.martinez.3655@icloud.com,(724) 427-8722,Hartford,CT,Northeast,1982,Male,2025-10-03,Consumer,Bronze,Occasional,Yes
3656,Lauren,Clark,lauren.clark.3656@gmail.com,(586) 820-3467,Milwaukee,WI,Midwest,1978,Female,2024-02-02,Small Business,Silver,Regular,Yes
3657,Jason,Miller,jason.miller.3657@icloud.com,(264) 357-3983,Phoenix,AZ,West,2000,Male,2023-03-12,Consumer,Bronze,Regular,Yes
3658,Jacob,Martinez,jacob.martinez.3658@yahoo.com,(328) 650-7092,Orlando,FL,South,1974,Male,2025-08-18,Consumer,Bronze,Occasional,Yes
3659,Jennifer,Martinez,jennifer.martinez.3659@gmail.com,(931) 748-1125,Detroit,MI,Midwest,2000,Female,2023-06-07,Consumer,Silver,Occasional,Yes
3660,Melissa,Lopez,melissa.lopez.3660@outlook.com,(699) 442-3378,Cleveland,OH,Midwest,1979,Female,2023-06-24,Consumer,Silver,Occasional,No
3661,Daniel,Wilson,daniel.wilson.3661@icloud.com,(980) 382-5208,Los Angeles,CA,West,2000,Male,2024-06-01,Small Business,Bronze,Occasional,Yes
3662,Lauren,Torres,lauren.torres.3662@icloud.com,(981) 463-4209,Hartford,CT,Northeast,2000,Female,2026-04-05,Consumer,Bronze,Regular,Yes
3663,John,White,john.white.3663@outlook.com,(745) 773-1015,Denver,CO,West,1996,Male,2025-01-03,Small Business,Bronze,Frequent,Yes
3664,William,King,william.king.3664@yahoo.com,(910) 995-1310,New York,NY,Northeast,1948,Male,2024-06-26,Enterprise,Silver,Frequent,Yes
3665,Joseph,Walker,joseph.walker.3665@yahoo.com,(946) 821-8597,Las Vegas,NV,West,1979,Male,2023-09-17,Consumer,Bronze,Occasional,Yes
3666,Olivia,Martin,olivia.martin.3666@icloud.com,(421) 461-6574,Milwaukee,WI,Midwest,1995,Female,2024-05-19,Consumer,Gold,Regular,Yes
3667,Melissa,Smith,melissa.smith.3667@yahoo.com,(235) 636-1896,Richmond,VA,South,1964,Female,2024-06-22,Consumer,Bronze,VIP,Yes
3668,Thomas,Flores,thomas.flores.3668@outlook.com,(563) 498-1850,Richmond,VA,South,1948,Male,2023-08-08,Consumer,Silver,Regular,Yes
3669,Steven,Brown,steven.brown.3669@icloud.com,(578) 314-9675,Nashville,TN,South,2004,Male,2026-06-02,Consumer,Silver,Regular,Yes
3670,Donald,Walker,donald.walker.3670@gmail.com,(215) 354-4104,Houston,TX,South,1957,Male,2026-07-20,Consumer,Bronze,Regular,Yes
3671,Lisa,White,lisa.white.3671@outlook.com,(704) 286-8954,Nashville,TN,South,2003,Female,2024-09-08,Small Business,Bronze,Occasional,No
3672,Paul,Clark,paul.clark.3672@yahoo.com,(257) 802-2894,Portland,OR,West,1988,Male,2025-09-20,Small Business,Silver,Occasional,Yes
3673,Nicole,Lopez,nicole.lopez.3673@yahoo.com,(887) 435-9278,Chicago,IL,Midwest,1978,Female,2025-11-19,Small Business,Bronze,Regular,Yes
3674,Lauren,Anderson,lauren.anderson.3674@yahoo.com,(662) 701-1998,Dallas,TX,South,1947,Female,2024-05-30,Consumer,Bronze,Occasional,Yes
3675,Sophia,Johnson,sophia.johnson.3675@outlook.com,(737) 407-8487,St. Louis,MO,Midwest,1970,Female,2023-07-12,Consumer,Bronze,Occasional,Yes
3676,Nathan,Brown,nathan.brown.3676@gmail.com,(642) 393-7954,Cleveland,OH,Midwest,1962,Male,2025-05-22,Consumer,Bronze,Occasional,Yes
3677,Michael,Thomas,michael.thomas.3677@yahoo.com,(955) 401-8315,Portland,OR,West,1990,Male,2024-01-02,Consumer,Silver,Regular,Yes
3678,Patricia,Nguyen,patricia.nguyen.3678@gmail.com,(322) 572-8614,Cleveland,OH,Midwest,2003,Female,2025-02-04,Consumer,Silver,Occasional,Yes
3679,Mark,Walker,mark.walker.3679@protonmail.com,(894) 842-9454,Buffalo,NY,Northeast,1973,Male,2023-10-08,Enterprise,Bronze,Occasional,Yes
3680,Nathan,Lewis,nathan.lewis.3680@protonmail.com,(685) 911-3044,Houston,TX,South,1956,Male,2023-10-16,Small Business,Silver,Occasional,Yes
3681,Paul,Thomas,paul.thomas.3681@yahoo.com,(669) 983-8832,Chicago,IL,Midwest,1966,Male,2023-09-26,Consumer,Platinum,Regular,Yes
3682,Jessica,Lopez,jessica.lopez.3682@gmail.com,(584) 684-4270,Miami,FL,South,1966,Female,2024-06-19,Consumer,Bronze,Occasional,Yes
3683,Barbara,Jackson,barbara.jackson.3683@icloud.com,(220) 260-7573,Seattle,WA,West,2001,Female,2025-10-21,Small Business,Bronze,Regular,Yes
3684,Andrew,Sanchez,andrew.sanchez.3684@gmail.com,(935) 484-5886,Richmond,VA,South,1965,Male,2025-12-06,Consumer,Bronze,Occasional,Yes
3685,Matthew,Perez,matthew.perez.3685@outlook.com,(938) 364-8311,Miami,FL,South,2005,Male,2023-03-30,Small Business,Bronze,Regular,Yes
3686,Elizabeth,Torres,elizabeth.torres.3686@gmail.com,(509) 208-2082,Houston,TX,South,1976,Female,2024-03-06,Consumer,Bronze,Frequent,Yes
3687,Paul,Walker,paul.walker.3687@yahoo.com,(334) 366-8251,Phoenix,AZ,West,1975,Male,2024-11-21,Consumer,Bronze,Regular,Yes
3688,Daniel,Hernandez,daniel.hernandez.3688@gmail.com,(477) 934-6378,Seattle,WA,West,1984,Male,2024-05-21,Small Business,Platinum,Frequent,Yes
3689,Ashley,Davis,ashley.davis.3689@protonmail.com,(885) 536-4799,Miami,FL,South,1966,Female,2026-06-09,Small Business,Silver,Regular,Yes
3690,Anthony,Perez,anthony.perez.3690@icloud.com,(297) 568-8994,Milwaukee,WI,Midwest,1981,Male,2024-05-17,Consumer,Bronze,Frequent,No
3691,Sophia,Martinez,sophia.martinez.3691@icloud.com,(438) 906-9225,Portland,OR,West,1951,Female,2024-11-19,Consumer,Bronze,Frequent,Yes
3692,Emma,Ramirez,emma.ramirez.3692@gmail.com,(996) 695-1949,Dallas,TX,South,1959,Female,2023-11-12,Consumer,Silver,Occasional,Yes
3693,Jessica,Jackson,jessica.jackson.3693@gmail.com,(694) 627-1954,Orlando,FL,South,1953,Female,2025-12-16,Consumer,Bronze,Regular,Yes
3694,Joseph,Wilson,joseph.wilson.3694@gmail.com,(248) 698-4327,Miami,FL,South,1969,Male,2025-04-29,Consumer,Bronze,Regular,Yes
3695,Steven,Smith,steven.smith.3695@outlook.com,(309) 941-3750,Denver,CO,West,1999,Male,2026-04-12,Consumer,Bronze,Frequent,Yes
3696,Daniel,Lopez,daniel.lopez.3696@gmail.com,(651) 206-6673,Houston,TX,South,1974,Male,2024-12-02,Enterprise,Bronze,Regular,No
3697,Olivia,Clark,olivia.clark.3697@outlook.com,(424) 870-7443,Los Angeles,CA,West,1974,Female,2025-07-16,Consumer,Bronze,Frequent,Yes
3698,Steven,Moore,steven.moore.3698@gmail.com,(609) 509-7543,Newark,NJ,Northeast,2004,Male,2025-02-26,Small Business,Bronze,Occasional,Yes
3699,Ryan,Hill,ryan.hill.3699@yahoo.com,(974) 367-2250,Miami,FL,South,1968,Male,2025-12-19,Small Business,Bronze,Regular,Yes
3700,Linda,King,linda.king.3700@gmail.com,(445) 902-4278,Miami,FL,South,1975,Female,2024-08-10,Small Business,Bronze,Occasional,Yes
3701,Donald,Davis,donald.davis.3701@gmail.com,(509) 531-7024,Charlotte,NC,South,1981,Male,2026-03-01,Enterprise,Bronze,Frequent,Yes
3702,Ashley,Scott,ashley.scott.3702@yahoo.com,(939) 327-8608,Las Vegas,NV,West,1999,Female,2025-12-07,Consumer,Bronze,Regular,Yes
3703,Matthew,Walker,matthew.walker.3703@protonmail.com,(219) 870-2182,Nashville,TN,South,1977,Male,2024-08-30,Consumer,Gold,Occasional,Yes
3704,Jason,Allen,jason.allen.3704@yahoo.com,(445) 253-5555,St. Louis,MO,Midwest,2000,Male,2023-05-23,Consumer,Bronze,Regular,Yes
3705,Susan,Thomas,susan.thomas.3705@gmail.com,(620) 429-3810,Nashville,TN,South,1981,Female,2026-03-24,Consumer,Bronze,Regular,Yes
3706,Nancy,Brown,nancy.brown.3706@icloud.com,(239) 556-5437,Atlanta,GA,South,1979,Female,2025-08-30,Consumer,Gold,Frequent,Yes
3707,Rachel,Flores,rachel.flores.3707@gmail.com,(217) 772-2029,Charlotte,NC,South,1956,Female,2024-08-11,Consumer,Bronze,Occasional,Yes
3708,Daniel,Johnson,daniel.johnson.3708@outlook.com,(875) 238-4204,Denver,CO,West,2004,Male,2024-09-05,Consumer,Gold,Regular,Yes
3709,Rebecca,Martin,rebecca.martin.3709@protonmail.com,(789) 993-7370,Portland,OR,West,1945,Female,2026-06-11,Consumer,Bronze,Frequent,Yes
3710,Amanda,Allen,amanda.allen.3710@outlook.com,(819) 634-5105,Dallas,TX,South,1996,Female,2026-02-11,Consumer,Bronze,Regular,Yes
3711,Nancy,Thomas,nancy.thomas.3711@yahoo.com,(997) 766-9169,St. Louis,MO,Midwest,1947,Female,2025-01-05,Consumer,Platinum,Occasional,No
3712,Jessica,Martin,jessica.martin.3712@outlook.com,(392) 520-9502,St. Louis,MO,Midwest,1945,Female,2025-06-21,Consumer,Bronze,Frequent,Yes
3713,James,Lewis,james.lewis.3713@gmail.com,(846) 800-3427,Orlando,FL,South,1995,Male,2025-09-22,Consumer,Bronze,Occasional,Yes
3714,Emily,Robinson,emily.robinson.3714@gmail.com,(571) 463-6220,Milwaukee,WI,Midwest,1976,Female,2023-07-30,Small Business,Silver,VIP,Yes
3715,Andrew,Martinez,andrew.martinez.3715@yahoo.com,(988) 272-9553,Cleveland,OH,Midwest,1967,Male,2024-07-09,Small Business,Gold,VIP,Yes
3716,Jason,Wright,jason.wright.3716@icloud.com,(362) 402-5113,Boston,MA,Northeast,1951,Male,2024-01-30,Small Business,Bronze,Occasional,Yes
3717,Mary,Anderson,mary.anderson.3717@gmail.com,(524) 274-7433,Nashville,TN,South,1967,Female,2025-05-08,Consumer,Bronze,Regular,Yes
3718,Emma,White,emma.white.3718@outlook.com,(418) 678-8021,Minneapolis,MN,Midwest,1966,Female,2025-02-06,Consumer,Silver,Frequent,Yes
3719,James,Brown,james.brown.3719@outlook.com,(471) 622-7589,Minneapolis,MN,Midwest,1975,Male,2025-09-17,Consumer,Bronze,Frequent,Yes
3720,Paul,Young,paul.young.3720@protonmail.com,(783) 634-5737,Columbus,OH,Midwest,2000,Male,2024-06-08,Consumer,Bronze,Occasional,No
3721,Linda,Walker,linda.walker.3721@icloud.com,(489) 223-2181,Phoenix,AZ,West,1957,Female,2026-02-08,Consumer,Bronze,Occasional,Yes
3722,Barbara,Hernandez,barbara.hernandez.3722@icloud.com,(566) 627-8402,Atlanta,GA,South,1967,Female,2025-01-24,Small Business,Silver,Frequent,Yes
3723,Daniel,Rodriguez,daniel.rodriguez.3723@gmail.com,(339) 366-7675,Los Angeles,CA,West,1957,Male,2023-04-28,Small Business,Silver,Occasional,Yes
3724,Megan,Davis,megan.davis.3724@protonmail.com,(599) 400-4541,Detroit,MI,Midwest,1991,Female,2026-01-28,Small Business,Silver,Occasional,Yes
3725,Patricia,Nguyen,patricia.nguyen.3725@outlook.com,(655) 948-9578,Richmond,VA,South,1984,Female,2025-05-14,Consumer,Gold,Occasional,Yes
3726,Robert,Flores,robert.flores.3726@yahoo.com,(954) 242-1216,St. Louis,MO,Midwest,1961,Male,2023-09-05,Enterprise,Bronze,Regular,Yes
3727,Joshua,Davis,joshua.davis.3727@outlook.com,(709) 233-4788,Pittsburgh,PA,Northeast,1997,Male,2024-05-10,Small Business,Silver,Frequent,Yes
3728,Thomas,Thomas,thomas.thomas.3728@icloud.com,(707) 945-7479,Las Vegas,NV,West,1958,Male,2023-10-14,Small Business,Bronze,Occasional,Yes
3729,Nicole,Thomas,nicole.thomas.3729@gmail.com,(531) 951-1846,Miami,FL,South,1990,Female,2023-04-22,Consumer,Bronze,Occasional,No
3730,Elizabeth,Jackson,elizabeth.jackson.3730@gmail.com,(227) 876-4207,Columbus,OH,Midwest,1985,Female,2023-05-21,Enterprise,Bronze,Regular,Yes
3731,Justin,Rodriguez,justin.rodriguez.3731@protonmail.com,(466) 246-7911,St. Louis,MO,Midwest,1977,Male,2024-12-17,Enterprise,Bronze,Regular,Yes
3732,Lisa,Lewis,lisa.lewis.3732@icloud.com,(729) 765-9266,Buffalo,NY,Northeast,1957,Female,2025-02-15,Consumer,Bronze,Frequent,Yes
3733,Jacob,Harris,jacob.harris.3733@icloud.com,(618) 474-3532,Orlando,FL,South,1953,Male,2024-11-02,Consumer,Silver,Regular,Yes
3734,Ryan,Williams,ryan.williams.3734@gmail.com,(768) 917-4727,Atlanta,GA,South,1985,Prefer not to say,2025-11-07,Consumer,Bronze,Frequent,Yes
3735,Anthony,Hernandez,anthony.hernandez.3735@outlook.com,(240) 525-4690,Boston,MA,Northeast,2003,Male,2026-07-10,Consumer,Bronze,Occasional,Yes
3736,Joshua,Williams,joshua.williams.3736@icloud.com,(355) 489-2507,Dallas,TX,South,1958,Male,2024-09-15,Consumer,Bronze,Regular,No
3737,Richard,Hill,richard.hill.3737@gmail.com,(463) 633-1366,Columbus,OH,Midwest,1991,Nonbinary,2024-12-14,Small Business,Silver,Regular,No
3738,Sandra,Gonzalez,sandra.gonzalez.3738@outlook.com,(685) 806-8057,Nashville,TN,South,1972,Female,2026-04-30,Small Business,Silver,Regular,Yes
3739,Mark,Clark,mark.clark.3739@yahoo.com,(293) 815-4569,Philadelphia,PA,Northeast,2005,Male,2025-08-29,Consumer,Platinum,Regular,Yes
3740,Nancy,Wright,nancy.wright.3740@yahoo.com,(594) 472-7921,Charlotte,NC,South,1977,Female,2025-05-25,Enterprise,Silver,Frequent,Yes
3741,Jennifer,White,jennifer.white.3741@protonmail.com,(300) 594-9583,Columbus,OH,Midwest,1977,Female,2024-12-06,Consumer,Bronze,Frequent,Yes
3742,Amanda,Nguyen,amanda.nguyen.3742@outlook.com,(785) 823-9231,Pittsburgh,PA,Northeast,1997,Female,2025-11-20,Small Business,Bronze,Frequent,Yes
3743,Rachel,Torres,rachel.torres.3743@icloud.com,(946) 761-5527,Charlotte,NC,South,1958,Female,2024-06-30,Consumer,Silver,Frequent,Yes
3744,Rachel,Lopez,rachel.lopez.3744@icloud.com,(306) 516-3713,Indianapolis,IN,Midwest,1946,Female,2023-11-26,Consumer,Bronze,Frequent,Yes
3745,James,Flores,james.flores.3745@yahoo.com,(668) 942-1907,Richmond,VA,South,1958,Male,2025-10-23,Consumer,Silver,Regular,Yes
3746,Susan,Walker,susan.walker.3746@yahoo.com,(867) 311-4145,Nashville,TN,South,1971,Female,2025-01-16,Enterprise,Bronze,VIP,Yes
3747,Stephanie,Torres,stephanie.torres.3747@gmail.com,(607) 420-6068,Los Angeles,CA,West,1990,Female,2024-07-09,Small Business,Gold,Occasional,Yes
3748,Sarah,Rodriguez,sarah.rodriguez.3748@yahoo.com,(272) 827-5219,Chicago,IL,Midwest,1990,Female,2025-09-20,Consumer,Bronze,Occasional,Yes
3749,Michael,Wilson,michael.wilson.3749@yahoo.com,(746) 599-7909,Buffalo,NY,Northeast,1974,Male,2024-10-27,Consumer,Bronze,Occasional,Yes
3750,David,Lewis,david.lewis.3750@icloud.com,(613) 325-3701,Columbus,OH,Midwest,1969,Male,2024-01-03,Consumer,Silver,Occasional,Yes
3751,Karen,Scott,karen.scott.3751@protonmail.com,(285) 555-6745,Chicago,IL,Midwest,1983,Female,2025-03-13,Consumer,Bronze,VIP,Yes
3752,Ryan,Jackson,ryan.jackson.3752@yahoo.com,(850) 883-9306,Richmond,VA,South,1979,Male,2025-11-06,Consumer,Bronze,Occasional,Yes
3753,Kevin,Jones,kevin.jones.3753@gmail.com,(788) 967-6618,Minneapolis,MN,Midwest,1951,Male,2026-05-07,Small Business,Silver,Regular,Yes
3754,Andrew,Thomas,andrew.thomas.3754@outlook.com,(883) 539-6446,Dallas,TX,South,1985,Male,2025-02-17,Consumer,Silver,Regular,Yes
3755,Nathan,White,nathan.white.3755@outlook.com,(752) 323-4496,Orlando,FL,South,1973,Male,2025-07-01,Small Business,Silver,Regular,Yes
3756,Stephanie,Hill,stephanie.hill.3756@yahoo.com,(966) 280-2712,Buffalo,NY,Northeast,1999,Female,2025-03-24,Consumer,Bronze,Occasional,Yes
3757,Melissa,Hill,melissa.hill.3757@protonmail.com,(246) 208-8836,Cleveland,OH,Midwest,1983,Female,2024-12-15,Enterprise,Silver,Occasional,Yes
3758,Donald,Anderson,donald.anderson.3758@protonmail.com,(700) 313-4358,Seattle,WA,West,1953,Male,2023-02-24,Consumer,Silver,Frequent,Yes
3759,Robert,Smith,robert.smith.3759@icloud.com,(886) 964-1661,Houston,TX,South,1982,Male,2024-08-24,Small Business,Bronze,Regular,Yes
3760,Paul,Taylor,paul.taylor.3760@icloud.com,(856) 470-3317,Orlando,FL,South,1963,Nonbinary,2026-07-24,Consumer,Bronze,Frequent,Yes
3761,Jacob,Wright,jacob.wright.3761@protonmail.com,(505) 754-9536,Houston,TX,South,1982,Male,2023-10-06,Consumer,Bronze,Regular,Yes
3762,Charles,Davis,charles.davis.3762@icloud.com,(621) 566-7522,Buffalo,NY,Northeast,1963,Male,2023-04-22,Small Business,Bronze,Regular,Yes
3763,Emily,Hill,emily.hill.3763@yahoo.com,(979) 556-6527,Indianapolis,IN,Midwest,1960,Female,2023-05-26,Consumer,Silver,Occasional,Yes
3764,Donald,Williams,donald.williams.3764@icloud.com,(624) 555-2022,Philadelphia,PA,Northeast,1996,Male,2025-08-18,Enterprise,Silver,Regular,Yes
3765,Matthew,Hernandez,matthew.hernandez.3765@yahoo.com,(653) 511-9618,Seattle,WA,West,2002,Male,2026-06-14,Consumer,Silver,Frequent,Yes
3766,Amanda,Lee,amanda.lee.3766@protonmail.com,(209) 899-4397,Milwaukee,WI,Midwest,1977,Female,2023-12-01,Small Business,Bronze,Occasional,No
3767,Justin,Robinson,justin.robinson.3767@icloud.com,(952) 693-2265,Minneapolis,MN,Midwest,1971,Male,2026-05-15,Consumer,Bronze,Frequent,Yes
3768,Jacob,Anderson,jacob.anderson.3768@yahoo.com,(961) 204-2300,Cleveland,OH,Midwest,1975,Male,2026-04-04,Consumer,Bronze,Regular,Yes
3769,Daniel,Taylor,daniel.taylor.3769@gmail.com,(348) 318-2526,Miami,FL,South,1984,Male,2023-05-10,Small Business,Bronze,Occasional,No
3770,Brandon,Anderson,brandon.anderson.3770@outlook.com,(250) 601-9109,Orlando,FL,South,1966,Male,2024-12-29,Consumer,Bronze,Regular,Yes
3771,Melissa,Torres,melissa.torres.3771@yahoo.com,(442) 647-5348,San Francisco,CA,West,1960,Female,2023-12-11,Consumer,Silver,Frequent,Yes
3772,Joshua,Hernandez,joshua.hernandez.3772@gmail.com,(933) 520-2268,Dallas,TX,South,1997,Male,2023-12-16,Consumer,Silver,Occasional,Yes
3773,Paul,Thomas,paul.thomas.3773@icloud.com,(215) 612-7757,Seattle,WA,West,1969,Male,2025-10-05,Small Business,Silver,Occasional,No
3774,Jennifer,Anderson,jennifer.anderson.3774@gmail.com,(315) 424-6726,Richmond,VA,South,1957,Female,2026-01-25,Consumer,Gold,VIP,Yes
3775,Nathan,Harris,nathan.harris.3775@icloud.com,(514) 541-1284,Miami,FL,South,1946,Male,2024-09-15,Consumer,Gold,Regular,No
3776,William,Martin,william.martin.3776@gmail.com,(398) 869-6419,Richmond,VA,South,1984,Male,2025-10-20,Small Business,Bronze,Regular,Yes
3777,Richard,Taylor,richard.taylor.3777@yahoo.com,(456) 900-4758,Philadelphia,PA,Northeast,2005,Male,2026-06-11,Consumer,Bronze,Regular,Yes
3778,Thomas,Garcia,thomas.garcia.3778@yahoo.com,(773) 651-2583,Las Vegas,NV,West,1997,Male,2024-04-16,Consumer,Gold,Regular,Yes
3779,Barbara,Allen,barbara.allen.3779@icloud.com,(791) 922-2433,Orlando,FL,South,1978,Nonbinary,2023-03-14,Consumer,Silver,Occasional,Yes
3780,Donald,Lopez,donald.lopez.3780@gmail.com,(970) 714-6961,New York,NY,Northeast,1985,Male,2025-02-08,Consumer,Bronze,VIP,Yes
3781,Nathan,Davis,nathan.davis.3781@icloud.com,(982) 312-5800,Dallas,TX,South,1988,Male,2024-09-21,Consumer,Bronze,Frequent,Yes
3782,Anthony,Williams,anthony.williams.3782@outlook.com,(845) 557-8534,Seattle,WA,West,1981,Male,2024-01-22,Small Business,Bronze,Occasional,Yes
3783,Sandra,Young,sandra.young.3783@icloud.com,(481) 291-1601,Denver,CO,West,2002,Female,2024-04-19,Consumer,Bronze,Frequent,Yes
3784,William,Garcia,william.garcia.3784@yahoo.com,(828) 992-9352,Houston,TX,South,1995,Nonbinary,2025-01-19,Small Business,Gold,Regular,Yes
3785,Megan,Torres,megan.torres.3785@gmail.com,(801) 908-9120,Nashville,TN,South,1993,Female,2024-05-13,Consumer,Bronze,Occasional,Yes
3786,Sophia,Lopez,sophia.lopez.3786@outlook.com,(834) 348-3130,Phoenix,AZ,West,1971,Female,2026-04-10,Enterprise,Silver,Regular,Yes
3787,Abigail,Allen,abigail.allen.3787@yahoo.com,(864) 664-7931,Las Vegas,NV,West,1998,Female,2025-02-28,Consumer,Bronze,Regular,Yes
3788,Lauren,Young,lauren.young.3788@gmail.com,(584) 399-7079,Dallas,TX,South,1976,Female,2023-01-21,Consumer,Silver,Occasional,Yes
3789,Sarah,Miller,sarah.miller.3789@icloud.com,(444) 789-9562,Richmond,VA,South,2000,Female,2025-09-20,Consumer,Bronze,Occasional,Yes
3790,Christopher,Brown,christopher.brown.3790@gmail.com,(865) 717-3401,Detroit,MI,Midwest,1971,Male,2024-03-26,Consumer,Bronze,Regular,No
3791,Rebecca,Davis,rebecca.davis.3791@outlook.com,(350) 465-7314,Seattle,WA,West,1989,Female,2025-05-23,Consumer,Bronze,Occasional,Yes
3792,Barbara,Walker,barbara.walker.3792@protonmail.com,(643) 205-5866,Houston,TX,South,1994,Female,2025-02-13,Consumer,Gold,Occasional,Yes
3793,David,Ramirez,david.ramirez.3793@protonmail.com,(706) 825-4147,Nashville,TN,South,1951,Male,2023-03-06,Consumer,Bronze,Regular,No
3794,Margaret,Young,margaret.young.3794@protonmail.com,(821) 370-1626,Providence,RI,Northeast,1982,Female,2026-04-17,Consumer,Silver,Frequent,Yes
3795,Karen,Harris,karen.harris.3795@icloud.com,(469) 307-5270,Milwaukee,WI,Midwest,1956,Female,2023-06-18,Small Business,Gold,Occasional,Yes
3796,Amanda,Thompson,amanda.thompson.3796@gmail.com,(213) 738-9382,Los Angeles,CA,West,1972,Female,2026-07-05,Consumer,Bronze,Regular,Yes
3797,Joshua,Thomas,joshua.thomas.3797@gmail.com,(920) 681-6261,Miami,FL,South,1993,Male,2025-08-29,Enterprise,Silver,Frequent,No
3798,Justin,Lopez,justin.lopez.3798@icloud.com,(675) 342-1437,Minneapolis,MN,Midwest,1947,Male,2023-02-26,Consumer,Bronze,Regular,Yes
3799,Susan,Lee,susan.lee.3799@icloud.com,(389) 448-2528,Indianapolis,IN,Midwest,1951,Female,2026-07-31,Consumer,Bronze,Occasional,Yes
3800,Sandra,Johnson,sandra.johnson.3800@gmail.com,(605) 487-3443,Orlando,FL,South,1952,Female,2024-02-17,Consumer,Bronze,Regular,Yes
3801,Thomas,Allen,thomas.allen.3801@icloud.com,(727) 912-1397,Las Vegas,NV,West,1995,Male,2025-02-10,Consumer,Silver,Occasional,Yes
3802,Mary,Smith,mary.smith.3802@yahoo.com,(707) 747-3853,Miami,FL,South,1994,Female,2024-09-12,Consumer,Gold,Occasional,Yes
3803,Daniel,Brown,daniel.brown.3803@gmail.com,(431) 954-1896,Pittsburgh,PA,Northeast,1999,Male,2024-02-25,Enterprise,Silver,Frequent,Yes
3804,John,Torres,john.torres.3804@gmail.com,(217) 475-1328,Columbus,OH,Midwest,1965,Male,2026-09-03,Consumer,Bronze,Regular,Yes
3805,Kevin,Moore,kevin.moore.3805@outlook.com,(880) 514-1950,Orlando,FL,South,1990,Male,2024-12-07,Consumer,Bronze,Regular,Yes
3806,Rachel,Walker,rachel.walker.3806@icloud.com,(777) 744-3561,Houston,TX,South,1979,Female,2026-08-24,Consumer,Bronze,Frequent,Yes
3807,Emma,Miller,emma.miller.3807@icloud.com,(771) 799-1302,Dallas,TX,South,1987,Female,2023-04-24,Consumer,Bronze,Occasional,Yes
3808,Emily,Lee,emily.lee.3808@icloud.com,(211) 594-3075,New York,NY,Northeast,1996,Female,2025-03-17,Consumer,Bronze,Occasional,No
3809,Sarah,Torres,sarah.torres.3809@yahoo.com,(590) 579-3857,Boston,MA,Northeast,1977,Female,2024-02-20,Consumer,Bronze,Regular,Yes
3810,Michael,King,michael.king.3810@icloud.com,(552) 512-5625,Pittsburgh,PA,Northeast,1983,Nonbinary,2026-01-11,Small Business,Silver,Regular,Yes
3811,Patricia,Young,patricia.young.3811@icloud.com,(867) 630-2369,Houston,TX,South,1953,Female,2024-05-01,Consumer,Silver,Occasional,Yes
3812,Linda,Davis,linda.davis.3812@yahoo.com,(234) 632-1363,Denver,CO,West,1952,Female,2024-06-15,Consumer,Bronze,Regular,Yes
3813,Paul,Moore,paul.moore.3813@yahoo.com,(295) 242-8142,Miami,FL,South,1985,Male,2026-09-05,Consumer,Bronze,Frequent,Yes
3814,Jacob,Taylor,jacob.taylor.3814@gmail.com,(995) 801-4110,Miami,FL,South,1964,Male,2024-06-15,Consumer,Bronze,Frequent,Yes
3815,Edward,Gonzalez,edward.gonzalez.3815@protonmail.com,(342) 951-7371,Hartford,CT,Northeast,1979,Male,2023-10-05,Consumer,Bronze,Regular,No
3816,Rachel,Scott,rachel.scott.3816@protonmail.com,(927) 868-8003,Phoenix,AZ,West,1992,Nonbinary,2026-03-03,Small Business,Bronze,Regular,Yes
3817,Betty,Perez,betty.perez.3817@outlook.com,(571) 552-1065,Columbus,OH,Midwest,1968,Female,2023-02-21,Consumer,Bronze,Occasional,Yes
3818,Steven,Ramirez,steven.ramirez.3818@protonmail.com,(272) 857-9303,Nashville,TN,South,1950,Male,2024-11-18,Small Business,Gold,Frequent,Yes
3819,Sarah,Davis,sarah.davis.3819@yahoo.com,(278) 820-5467,Columbus,OH,Midwest,1955,Nonbinary,2026-01-15,Consumer,Bronze,VIP,Yes
3820,Rebecca,Williams,rebecca.williams.3820@protonmail.com,(681) 603-8684,Los Angeles,CA,West,1979,Female,2024-10-21,Consumer,Bronze,Regular,Yes
3821,Nicole,Jones,nicole.jones.3821@icloud.com,(877) 964-1766,Minneapolis,MN,Midwest,1995,Female,2025-10-31,Consumer,Bronze,VIP,Yes
3822,Emily,Anderson,emily.anderson.3822@gmail.com,(749) 434-6099,Miami,FL,South,2001,Female,2024-05-29,Small Business,Bronze,Regular,Yes
3823,Susan,Gonzalez,susan.gonzalez.3823@outlook.com,(411) 607-4000,Buffalo,NY,Northeast,1957,Female,2025-06-27,Consumer,Bronze,Frequent,Yes
3824,Jacob,Nguyen,jacob.nguyen.3824@gmail.com,(792) 210-3673,Indianapolis,IN,Midwest,2002,Male,2024-04-11,Enterprise,Bronze,Occasional,Yes
3825,Linda,Gonzalez,linda.gonzalez.3825@yahoo.com,(281) 537-5223,Seattle,WA,West,1945,Female,2026-08-19,Consumer,Silver,Regular,Yes
3826,Kevin,Jackson,kevin.jackson.3826@icloud.com,(592) 906-7111,Charlotte,NC,South,1964,Male,2023-08-05,Small Business,Silver,Regular,Yes
3827,Nancy,Clark,nancy.clark.3827@yahoo.com,(572) 933-5471,Cleveland,OH,Midwest,1989,Female,2026-08-06,Consumer,Gold,Regular,Yes
3828,Justin,Anderson,justin.anderson.3828@yahoo.com,(527) 910-4415,St. Louis,MO,Midwest,1963,Male,2024-03-25,Consumer,Bronze,VIP,No
3829,Mark,King,mark.king.3829@gmail.com,(231) 923-9275,Dallas,TX,South,1995,Nonbinary,2024-04-26,Consumer,Bronze,Frequent,Yes
3830,Daniel,Gonzalez,daniel.gonzalez.3830@gmail.com,(814) 310-3474,Dallas,TX,South,1994,Male,2023-09-09,Enterprise,Bronze,Occasional,Yes
3831,Kevin,Lee,kevin.lee.3831@protonmail.com,(927) 393-4386,Richmond,VA,South,2003,Male,2024-06-04,Small Business,Silver,Regular,Yes
3832,Betty,Robinson,betty.robinson.3832@yahoo.com,(349) 901-4511,Denver,CO,West,1995,Female,2024-08-06,Consumer,Silver,Regular,Yes
3833,Jennifer,Jones,jennifer.jones.3833@gmail.com,(311) 948-8348,Richmond,VA,South,1995,Female,2023-04-29,Consumer,Gold,Occasional,Yes
3834,Betty,Martin,betty.martin.3834@gmail.com,(957) 625-3926,Cleveland,OH,Midwest,1976,Female,2024-04-03,Consumer,Silver,Occasional,Yes
3835,Lisa,Lewis,lisa.lewis.3835@protonmail.com,(693) 484-9045,Houston,TX,South,1951,Female,2023-03-25,Consumer,Silver,Frequent,Yes
3836,Donald,Torres,donald.torres.3836@gmail.com,(743) 518-8766,San Diego,CA,West,1975,Male,2025-06-22,Consumer,Silver,Occasional,Yes
3837,Barbara,Wright,barbara.wright.3837@protonmail.com,(225) 602-1966,Orlando,FL,South,1972,Female,2025-04-03,Consumer,Bronze,Frequent,Yes
3838,Ryan,Robinson,ryan.robinson.3838@protonmail.com,(384) 447-6196,Minneapolis,MN,Midwest,1953,Male,2024-04-29,Consumer,Bronze,Occasional,No
3839,Lauren,Lee,lauren.lee.3839@gmail.com,(726) 984-9740,Orlando,FL,South,1981,Female,2025-05-07,Consumer,Silver,Occasional,Yes
3840,Richard,Lee,richard.lee.3840@protonmail.com,(908) 822-4337,Detroit,MI,Midwest,1996,Male,2023-07-26,Consumer,Silver,Frequent,Yes
3841,Rachel,Martin,rachel.martin.3841@gmail.com,(456) 803-1004,Chicago,IL,Midwest,1970,Female,2023-03-03,Consumer,Bronze,Occasional,Yes
3842,Steven,Hernandez,steven.hernandez.3842@yahoo.com,(819) 716-4548,Portland,OR,West,1987,Male,2025-08-20,Consumer,Gold,Frequent,Yes
3843,Emily,Smith,emily.smith.3843@protonmail.com,(789) 563-7250,Phoenix,AZ,West,1966,Female,2023-11-23,Small Business,Bronze,Occasional,Yes
3844,Brian,Rodriguez,brian.rodriguez.3844@yahoo.com,(447) 511-5881,Seattle,WA,West,2005,Male,2025-05-01,Consumer,Silver,Occasional,Yes
3845,Emma,Hernandez,emma.hernandez.3845@yahoo.com,(395) 775-4403,Denver,CO,West,1957,Female,2023-11-16,Consumer,Silver,VIP,Yes
3846,Sandra,Robinson,sandra.robinson.3846@outlook.com,(369) 214-5663,Charlotte,NC,South,1988,Female,2024-09-05,Small Business,Bronze,Occasional,Yes
3847,Brian,Nguyen,brian.nguyen.3847@gmail.com,(947) 234-8871,Atlanta,GA,South,1980,Male,2024-06-14,Consumer,Silver,Occasional,No
3848,Jennifer,Lee,jennifer.lee.3848@protonmail.com,(481) 315-9850,Minneapolis,MN,Midwest,1992,Female,2026-05-10,Consumer,Bronze,Occasional,Yes
3849,Betty,Martin,betty.martin.3849@yahoo.com,(842) 964-9012,Dallas,TX,South,1955,Female,2023-07-16,Enterprise,Silver,VIP,Yes
3850,Melissa,Williams,melissa.williams.3850@protonmail.com,(407) 916-3606,Cleveland,OH,Midwest,1958,Nonbinary,2024-06-13,Consumer,Bronze,Occasional,Yes
3851,Susan,Scott,susan.scott.3851@icloud.com,(848) 647-5909,Portland,OR,West,1953,Female,2024-02-14,Consumer,Bronze,Regular,Yes
3852,Brian,Jones,brian.jones.3852@outlook.com,(831) 991-4264,Charlotte,NC,South,1985,Male,2023-05-10,Consumer,Gold,Regular,Yes
3853,Susan,Clark,susan.clark.3853@yahoo.com,(973) 285-2441,Chicago,IL,Midwest,1980,Female,2025-10-23,Consumer,Bronze,Regular,Yes
3854,Jennifer,Wilson,jennifer.wilson.3854@gmail.com,(535) 356-9374,Orlando,FL,South,1951,Female,2023-01-10,Consumer,Bronze,Regular,Yes
3855,Paul,Sanchez,paul.sanchez.3855@protonmail.com,(739) 707-4178,Charlotte,NC,South,1980,Male,2023-03-26,Small Business,Silver,Frequent,Yes
3856,Ryan,Lee,ryan.lee.3856@protonmail.com,(320) 334-1934,Nashville,TN,South,1983,Male,2023-10-23,Consumer,Gold,Frequent,Yes
3857,Jason,Thomas,jason.thomas.3857@protonmail.com,(282) 994-4708,Chicago,IL,Midwest,1970,Male,2025-10-04,Small Business,Silver,Frequent,Yes
3858,Elizabeth,Moore,elizabeth.moore.3858@yahoo.com,(398) 932-6286,Houston,TX,South,1970,Female,2025-07-29,Consumer,Bronze,Regular,Yes
3859,Andrew,White,andrew.white.3859@outlook.com,(798) 417-6312,Dallas,TX,South,1956,Nonbinary,2024-07-21,Consumer,Bronze,Occasional,Yes
3860,Patricia,Brown,patricia.brown.3860@outlook.com,(895) 624-6855,Miami,FL,South,2001,Female,2026-06-26,Consumer,Silver,Regular,Yes
3861,Thomas,Nguyen,thomas.nguyen.3861@outlook.com,(428) 398-6607,Columbus,OH,Midwest,1966,Male,2023-01-04,Small Business,Silver,Frequent,Yes
3862,Abigail,White,abigail.white.3862@yahoo.com,(932) 263-6989,Orlando,FL,South,1999,Female,2023-01-06,Small Business,Bronze,Occasional,Yes
3863,Steven,Moore,steven.moore.3863@outlook.com,(533) 935-4918,Cleveland,OH,Midwest,1946,Male,2024-07-26,Consumer,Bronze,Regular,Yes
3864,Jacob,Jackson,jacob.jackson.3864@gmail.com,(258) 831-1070,Denver,CO,West,1953,Male,2024-11-29,Consumer,Gold,Regular,Yes
3865,James,Thompson,james.thompson.3865@outlook.com,(790) 846-2744,Portland,OR,West,1986,Male,2025-12-14,Consumer,Bronze,Regular,Yes
3866,Charles,Lopez,charles.lopez.3866@protonmail.com,(594) 704-5545,Houston,TX,South,1994,Male,2025-05-15,Consumer,Silver,Occasional,Yes
3867,Megan,Rodriguez,megan.rodriguez.3867@yahoo.com,(542) 823-2921,Chicago,IL,Midwest,1962,Female,2025-12-03,Consumer,Bronze,Regular,Yes
3868,George,Hill,george.hill.3868@protonmail.com,(558) 247-9825,Houston,TX,South,1969,Male,2025-08-20,Consumer,Silver,Frequent,Yes
3869,Mary,Martin,mary.martin.3869@protonmail.com,(433) 655-2522,Miami,FL,South,1994,Female,2025-07-21,Consumer,Bronze,Occasional,Yes
3870,Nathan,White,nathan.white.3870@icloud.com,(682) 745-7565,Detroit,MI,Midwest,1962,Male,2024-06-25,Small Business,Silver,Regular,No
3871,Mark,Torres,mark.torres.3871@yahoo.com,(823) 363-5003,Nashville,TN,South,1973,Male,2023-11-28,Consumer,Bronze,Regular,Yes
3872,Margaret,Lopez,margaret.lopez.3872@outlook.com,(994) 715-8010,Los Angeles,CA,West,1952,Female,2026-03-18,Consumer,Silver,Occasional,Yes
3873,David,Clark,david.clark.3873@gmail.com,(323) 714-8798,Hartford,CT,Northeast,1959,Male,2025-03-03,Enterprise,Gold,Regular,Yes
3874,Emily,Lopez,emily.lopez.3874@protonmail.com,(441) 931-8907,Pittsburgh,PA,Northeast,1989,Female,2025-05-11,Consumer,Silver,Frequent,Yes
3875,Thomas,Thomas,thomas.thomas.3875@gmail.com,(532) 477-5076,Milwaukee,WI,Midwest,1975,Male,2024-08-11,Consumer,Gold,Frequent,Yes
3876,Brandon,White,brandon.white.3876@protonmail.com,(784) 941-5962,Richmond,VA,South,1952,Male,2023-03-31,Consumer,Bronze,Frequent,Yes
3877,Rachel,Smith,rachel.smith.3877@gmail.com,(795) 887-3647,Atlanta,GA,South,1958,Female,2025-08-01,Consumer,Gold,Occasional,Yes
3878,Anthony,Lopez,anthony.lopez.3878@protonmail.com,(252) 708-2379,Pittsburgh,PA,Northeast,1991,Male,2026-04-29,Consumer,Bronze,Regular,Yes
3879,Christina,Flores,christina.flores.3879@outlook.com,(681) 820-5080,Detroit,MI,Midwest,2001,Female,2024-03-01,Small Business,Bronze,Frequent,No
3880,Daniel,Thomas,daniel.thomas.3880@protonmail.com,(399) 309-2478,Nashville,TN,South,1963,Male,2026-04-05,Consumer,Silver,Occasional,Yes
3881,Ashley,Lewis,ashley.lewis.3881@protonmail.com,(619) 904-3184,Columbus,OH,Midwest,1987,Female,2023-03-10,Consumer,Bronze,Regular,Yes
3882,Lauren,Hill,lauren.hill.3882@icloud.com,(691) 316-9401,Atlanta,GA,South,2003,Female,2025-07-14,Consumer,Silver,Regular,Yes
3883,Amanda,Jones,amanda.jones.3883@icloud.com,(486) 225-4643,Indianapolis,IN,Midwest,1991,Female,2025-03-04,Small Business,Bronze,Frequent,Yes
3884,Olivia,Johnson,olivia.johnson.3884@protonmail.com,(561) 335-9057,Minneapolis,MN,Midwest,1971,Female,2024-06-18,Consumer,Silver,Occasional,Yes
3885,Abigail,Hill,abigail.hill.3885@yahoo.com,(549) 376-8304,San Diego,CA,West,1985,Female,2024-08-02,Small Business,Bronze,Occasional,Yes
3886,Nathan,Jones,nathan.jones.3886@outlook.com,(556) 511-7185,Newark,NJ,Northeast,1978,Male,2023-09-07,Consumer,Platinum,Frequent,Yes
3887,Patricia,Thompson,patricia.thompson.3887@yahoo.com,(491) 468-9582,Houston,TX,South,2000,Female,2024-08-11,Consumer,Bronze,Regular,Yes
3888,Megan,Williams,megan.williams.3888@outlook.com,(669) 703-7813,Chicago,IL,Midwest,1980,Female,2023-01-04,Consumer,Bronze,Frequent,Yes
3889,Patricia,Clark,patricia.clark.3889@gmail.com,(707) 739-9101,Miami,FL,South,1959,Female,2025-01-28,Consumer,Bronze,Occasional,Yes
3890,Emily,Torres,emily.torres.3890@outlook.com,(674) 205-7543,Phoenix,AZ,West,1990,Female,2026-05-02,Consumer,Bronze,Regular,Yes
3891,David,White,david.white.3891@yahoo.com,(461) 518-7119,Orlando,FL,South,1962,Male,2025-11-20,Consumer,Bronze,Occasional,Yes
3892,Linda,Jackson,linda.jackson.3892@yahoo.com,(963) 400-5312,Charlotte,NC,South,1975,Female,2026-05-05,Consumer,Bronze,Occasional,Yes
3893,Linda,Scott,linda.scott.3893@protonmail.com,(664) 402-7144,Miami,FL,South,1990,Female,2023-09-19,Consumer,Gold,Occasional,Yes
3894,Steven,Thompson,steven.thompson.3894@icloud.com,(475) 749-4120,Columbus,OH,Midwest,1999,Male,2023-04-21,Consumer,Bronze,Regular,Yes
3895,Margaret,Robinson,margaret.robinson.3895@protonmail.com,(956) 747-4465,Philadelphia,PA,Northeast,1953,Female,2023-08-01,Consumer,Bronze,Frequent,Yes
3896,David,Walker,david.walker.3896@icloud.com,(268) 675-5438,Seattle,WA,West,1953,Male,2024-12-17,Consumer,Bronze,Regular,Yes
3897,Paul,Allen,paul.allen.3897@protonmail.com,(598) 826-7743,Minneapolis,MN,Midwest,1967,Male,2026-02-24,Consumer,Bronze,Regular,Yes
3898,Barbara,Garcia,barbara.garcia.3898@yahoo.com,(211) 876-6914,Los Angeles,CA,West,1989,Female,2024-03-10,Small Business,Bronze,Occasional,Yes
3899,Edward,Taylor,edward.taylor.3899@gmail.com,(415) 224-9235,Seattle,WA,West,1985,Male,2026-03-25,Consumer,Bronze,Occasional,Yes
3900,Amanda,Lee,amanda.lee.3900@yahoo.com,(762) 852-7495,Columbus,OH,Midwest,1982,Female,2024-11-25,Consumer,Silver,Regular,Yes
3901,Christopher,Hill,christopher.hill.3901@yahoo.com,(739) 877-7701,Philadelphia,PA,Northeast,1954,Male,2024-10-15,Consumer,Gold,Occasional,Yes
3902,Joshua,Smith,joshua.smith.3902@yahoo.com,(326) 906-1522,Indianapolis,IN,Midwest,1945,Male,2024-01-11,Consumer,Bronze,Occasional,Yes
3903,Emma,Flores,emma.flores.3903@outlook.com,(805) 401-7584,Miami,FL,South,2002,Female,2025-08-26,Consumer,Bronze,Occasional,Yes
3904,Sandra,White,sandra.white.3904@gmail.com,(636) 816-2905,San Francisco,CA,West,1952,Female,2023-04-16,Consumer,Bronze,Frequent,Yes
3905,Michael,Thompson,michael.thompson.3905@outlook.com,(917) 246-4605,Hartford,CT,Northeast,1956,Male,2026-02-22,Consumer,Bronze,Regular,No
3906,Barbara,Smith,barbara.smith.3906@protonmail.com,(979) 802-9280,Richmond,VA,South,1965,Female,2026-03-21,Small Business,Bronze,VIP,Yes
3907,Abigail,Taylor,abigail.taylor.3907@outlook.com,(917) 892-2363,Denver,CO,West,1972,Female,2025-03-19,Consumer,Gold,Occasional,Yes
3908,Mark,Clark,mark.clark.3908@gmail.com,(346) 979-3073,Columbus,OH,Midwest,2004,Male,2025-01-05,Small Business,Silver,Frequent,Yes
3909,Stephanie,Anderson,stephanie.anderson.3909@gmail.com,(777) 582-2804,Denver,CO,West,1984,Female,2025-01-30,Consumer,Silver,Occasional,Yes
3910,Patricia,Scott,patricia.scott.3910@outlook.com,(900) 282-8225,Newark,NJ,Northeast,1964,Female,2025-07-05,Small Business,Silver,Occasional,Yes
3911,Nicole,Flores,nicole.flores.3911@gmail.com,(528) 357-7244,Minneapolis,MN,Midwest,1950,Female,2026-01-21,Consumer,Bronze,Frequent,Yes
3912,Sophia,Torres,sophia.torres.3912@gmail.com,(677) 439-8674,Detroit,MI,Midwest,1971,Female,2023-12-09,Consumer,Gold,VIP,Yes
3913,Mark,Miller,mark.miller.3913@protonmail.com,(670) 564-6338,Minneapolis,MN,Midwest,1975,Male,2023-06-02,Consumer,Bronze,Regular,Yes
3914,Mary,Walker,mary.walker.3914@protonmail.com,(768) 708-7865,Richmond,VA,South,1975,Female,2025-06-20,Consumer,Bronze,Frequent,Yes
3915,James,Thompson,james.thompson.3915@yahoo.com,(431) 472-2818,San Francisco,CA,West,1986,Male,2026-05-28,Enterprise,Bronze,Regular,Yes
3916,Christina,Perez,christina.perez.3916@icloud.com,(594) 980-1782,Nashville,TN,South,1991,Female,2026-01-14,Consumer,Silver,VIP,Yes
3917,Brandon,Smith,brandon.smith.3917@protonmail.com,(916) 270-2329,Phoenix,AZ,West,1992,Male,2025-05-17,Small Business,Bronze,Occasional,Yes
3918,Matthew,Miller,matthew.miller.3918@icloud.com,(521) 227-1757,Houston,TX,South,2000,Male,2024-04-04,Consumer,Silver,VIP,Yes
3919,George,Young,george.young.3919@gmail.com,(432) 476-7911,Providence,RI,Northeast,1990,Male,2025-12-14,Consumer,Bronze,VIP,Yes
3920,Nancy,White,nancy.white.3920@yahoo.com,(758) 828-5493,Newark,NJ,Northeast,1953,Female,2025-08-04,Consumer,Bronze,Occasional,Yes
3921,Edward,Lewis,edward.lewis.3921@gmail.com,(327) 336-6106,Orlando,FL,South,2005,Male,2026-04-21,Enterprise,Silver,Occasional,Yes
3922,Rebecca,Brown,rebecca.brown.3922@outlook.com,(926) 505-7459,Providence,RI,Northeast,1948,Female,2024-12-27,Small Business,Bronze,Regular,No
3923,Emily,Wilson,emily.wilson.3923@gmail.com,(721) 338-8371,Los Angeles,CA,West,1960,Female,2024-03-13,Consumer,Bronze,Occasional,Yes
3924,George,Anderson,george.anderson.3924@icloud.com,(604) 901-4984,Richmond,VA,South,1991,Male,2024-11-12,Consumer,Silver,Frequent,Yes
3925,Nancy,Anderson,nancy.anderson.3925@yahoo.com,(388) 265-5800,San Francisco,CA,West,1949,Female,2024-12-20,Consumer,Bronze,Occasional,Yes
3926,Emma,Clark,emma.clark.3926@yahoo.com,(288) 348-4466,Houston,TX,South,1968,Female,2023-07-31,Consumer,Bronze,Regular,Yes
3927,James,King,james.king.3927@outlook.com,(892) 998-2790,Milwaukee,WI,Midwest,1959,Male,2026-05-02,Consumer,Gold,Occasional,Yes
3928,David,Wright,david.wright.3928@yahoo.com,(906) 620-2645,Philadelphia,PA,Northeast,1971,Male,2025-04-29,Consumer,Platinum,Occasional,Yes
3929,Sarah,Jones,sarah.jones.3929@yahoo.com,(894) 804-2034,Atlanta,GA,South,1961,Female,2024-09-10,Consumer,Gold,Occasional,Yes
3930,Melissa,Miller,melissa.miller.3930@icloud.com,(633) 601-5559,Las Vegas,NV,West,1994,Female,2024-08-31,Enterprise,Gold,Regular,Yes
3931,John,Miller,john.miller.3931@icloud.com,(221) 981-3790,Houston,TX,South,1998,Male,2025-06-25,Consumer,Gold,Occasional,Yes
3932,Margaret,Scott,margaret.scott.3932@outlook.com,(761) 350-2755,Dallas,TX,South,1946,Female,2024-01-02,Consumer,Platinum,Regular,No
3933,Sandra,Rodriguez,sandra.rodriguez.3933@protonmail.com,(408) 747-5129,Detroit,MI,Midwest,1978,Female,2023-10-08,Consumer,Bronze,Frequent,Yes
3934,Rebecca,Williams,rebecca.williams.3934@protonmail.com,(805) 458-9369,Charlotte,NC,South,1957,Female,2023-10-19,Small Business,Bronze,Regular,Yes
3935,Elizabeth,Wilson,elizabeth.wilson.3935@icloud.com,(394) 918-2383,Nashville,TN,South,1960,Female,2026-05-23,Consumer,Silver,Occasional,Yes
3936,Olivia,Nguyen,olivia.nguyen.3936@yahoo.com,(234) 847-8695,Portland,OR,West,1961,Female,2023-03-10,Consumer,Silver,Regular,Yes
3937,David,Wilson,david.wilson.3937@outlook.com,(797) 958-8702,Columbus,OH,Midwest,1989,Nonbinary,2024-08-23,Small Business,Silver,Regular,Yes
3938,Michael,White,michael.white.3938@protonmail.com,(261) 236-1763,Cleveland,OH,Midwest,1946,Male,2023-11-13,Consumer,Bronze,Occasional,Yes
3939,Justin,Smith,justin.smith.3939@gmail.com,(573) 484-5119,Pittsburgh,PA,Northeast,1979,Male,2023-05-21,Consumer,Bronze,Regular,Yes
3940,John,Gonzalez,john.gonzalez.3940@icloud.com,(232) 923-6295,Newark,NJ,Northeast,1946,Male,2024-06-28,Consumer,Bronze,Occasional,Yes
3941,George,Smith,george.smith.3941@yahoo.com,(579) 851-9326,Detroit,MI,Midwest,1952,Male,2025-01-16,Consumer,Bronze,Occasional,Yes
3942,Richard,Nguyen,richard.nguyen.3942@gmail.com,(539) 749-4737,Miami,FL,South,1984,Male,2024-04-03,Consumer,Bronze,Regular,No
3943,Jennifer,Gonzalez,jennifer.gonzalez.3943@outlook.com,(203) 790-1454,Los Angeles,CA,West,1947,Female,2023-11-16,Consumer,Silver,Frequent,Yes
3944,Donald,Miller,donald.miller.3944@outlook.com,(347) 549-2215,Dallas,TX,South,1988,Male,2024-06-13,Consumer,Silver,Regular,Yes
3945,Edward,Flores,edward.flores.3945@protonmail.com,(961) 808-3524,Los Angeles,CA,West,1968,Male,2023-04-30,Small Business,Bronze,Regular,Yes
3946,Donald,Scott,donald.scott.3946@gmail.com,(371) 704-3749,Denver,CO,West,1947,Male,2026-01-14,Consumer,Gold,VIP,Yes
3947,William,Nguyen,william.nguyen.3947@outlook.com,(362) 778-6025,Milwaukee,WI,Midwest,1969,Male,2023-12-05,Consumer,Bronze,Occasional,Yes
3948,Jason,Wright,jason.wright.3948@icloud.com,(389) 850-3481,Pittsburgh,PA,Northeast,1985,Male,2026-04-17,Consumer,Gold,Occasional,Yes
3949,Paul,Thomas,paul.thomas.3949@outlook.com,(512) 575-3081,Newark,NJ,Northeast,1956,Male,2026-04-25,Consumer,Bronze,Occasional,Yes
3950,Elizabeth,Walker,elizabeth.walker.3950@outlook.com,(967) 790-3477,Philadelphia,PA,Northeast,1977,Female,2024-10-21,Consumer,Bronze,VIP,Yes
3951,Mary,Harris,mary.harris.3951@outlook.com,(526) 497-9898,Newark,NJ,Northeast,1962,Female,2025-06-25,Small Business,Bronze,Occasional,No
3952,Lisa,Thomas,lisa.thomas.3952@gmail.com,(716) 364-4339,Richmond,VA,South,1948,Female,2026-08-14,Consumer,Bronze,Regular,Yes
3953,Donald,Young,donald.young.3953@yahoo.com,(869) 572-9826,Seattle,WA,West,1990,Male,2026-03-23,Enterprise,Silver,Occasional,Yes
3954,John,Young,john.young.3954@outlook.com,(871) 827-9564,San Francisco,CA,West,2004,Male,2025-08-29,Enterprise,Bronze,Frequent,Yes
3955,Sophia,Davis,sophia.davis.3955@protonmail.com,(528) 351-4345,San Francisco,CA,West,1964,Female,2023-11-28,Consumer,Bronze,Occasional,Yes
3956,Joshua,Wilson,joshua.wilson.3956@protonmail.com,(822) 226-1288,Hartford,CT,Northeast,1955,Male,2023-02-04,Small Business,Bronze,Occasional,Yes
3957,Linda,Ramirez,linda.ramirez.3957@icloud.com,(783) 480-5871,Houston,TX,South,2001,Female,2026-06-28,Consumer,Gold,Frequent,Yes
3958,Steven,Wilson,steven.wilson.3958@gmail.com,(784) 867-6260,Minneapolis,MN,Midwest,1991,Male,2023-05-16,Consumer,Silver,Regular,Yes
3959,Sophia,Gonzalez,sophia.gonzalez.3959@outlook.com,(511) 796-5980,Minneapolis,MN,Midwest,1946,Female,2024-06-17,Consumer,Bronze,Frequent,Yes
3960,Ryan,Brown,ryan.brown.3960@protonmail.com,(408) 909-7963,Boston,MA,Northeast,1986,Male,2023-08-02,Consumer,Bronze,Occasional,No
3961,Sophia,Sanchez,sophia.sanchez.3961@outlook.com,(647) 494-2486,Pittsburgh,PA,Northeast,1981,Female,2024-04-08,Consumer,Platinum,Frequent,No
3962,Sophia,Taylor,sophia.taylor.3962@gmail.com,(201) 857-4559,Los Angeles,CA,West,1946,Female,2025-02-06,Consumer,Silver,Frequent,Yes
3963,Sandra,Miller,sandra.miller.3963@icloud.com,(298) 211-7151,Pittsburgh,PA,Northeast,1952,Female,2023-03-15,Consumer,Gold,Regular,Yes
3964,Donald,Lopez,donald.lopez.3964@outlook.com,(572) 743-2259,Charlotte,NC,South,1990,Male,2026-06-11,Consumer,Bronze,Frequent,Yes
3965,Ashley,White,ashley.white.3965@icloud.com,(239) 921-1413,Richmond,VA,South,1968,Female,2026-03-10,Consumer,Bronze,Regular,Yes
3966,Brian,Lopez,brian.lopez.3966@protonmail.com,(530) 759-6116,Charlotte,NC,South,1964,Male,2024-03-15,Consumer,Silver,Regular,Yes
3967,Lisa,Martinez,lisa.martinez.3967@icloud.com,(845) 968-2466,Charlotte,NC,South,1961,Female,2023-06-07,Consumer,Bronze,Occasional,Yes
3968,Steven,King,steven.king.3968@outlook.com,(432) 660-7823,Los Angeles,CA,West,1995,Male,2024-12-18,Consumer,Bronze,Occasional,Yes
3969,Sarah,Nguyen,sarah.nguyen.3969@protonmail.com,(455) 346-5794,Milwaukee,WI,Midwest,1969,Female,2025-11-26,Small Business,Bronze,Occasional,Yes
3970,Lauren,Flores,lauren.flores.3970@gmail.com,(222) 213-3611,Cleveland,OH,Midwest,1961,Female,2025-06-23,Consumer,Silver,Occasional,No
3971,Barbara,Johnson,barbara.johnson.3971@gmail.com,(746) 642-9011,Detroit,MI,Midwest,1947,Female,2025-05-17,Consumer,Silver,Frequent,No
3972,Robert,Clark,robert.clark.3972@yahoo.com,(695) 706-7596,Orlando,FL,South,1981,Male,2024-06-28,Consumer,Bronze,Regular,Yes
3973,Nancy,Williams,nancy.williams.3973@outlook.com,(519) 848-8173,Newark,NJ,Northeast,1996,Female,2025-05-28,Consumer,Bronze,Occasional,Yes
3974,Andrew,Martin,andrew.martin.3974@yahoo.com,(820) 265-3515,Philadelphia,PA,Northeast,1996,Male,2025-09-26,Consumer,Gold,Regular,Yes
3975,Justin,Allen,justin.allen.3975@icloud.com,(907) 315-2664,Phoenix,AZ,West,1987,Male,2024-01-23,Consumer,Bronze,Frequent,Yes
3976,Sandra,Scott,sandra.scott.3976@protonmail.com,(390) 978-1232,Orlando,FL,South,2004,Female,2025-04-04,Consumer,Bronze,Regular,No
3977,Christina,Wilson,christina.wilson.3977@yahoo.com,(965) 634-1596,Las Vegas,NV,West,1991,Female,2026-02-02,Consumer,Bronze,Frequent,Yes
3978,Nicole,Anderson,nicole.anderson.3978@yahoo.com,(527) 375-2546,Newark,NJ,Northeast,1970,Female,2025-12-17,Consumer,Bronze,Frequent,No
3979,Jason,Lee,jason.lee.3979@outlook.com,(902) 415-2081,Dallas,TX,South,1983,Male,2023-04-21,Consumer,Bronze,Regular,Yes
3980,Sophia,White,sophia.white.3980@icloud.com,(706) 201-1980,Charlotte,NC,South,1978,Female,2025-10-02,Small Business,Bronze,Regular,Yes
3981,Brian,King,brian.king.3981@protonmail.com,(371) 998-2173,Atlanta,GA,South,1953,Male,2025-06-14,Small Business,Bronze,Occasional,Yes
3982,Ashley,Walker,ashley.walker.3982@outlook.com,(713) 773-8592,Seattle,WA,West,1950,Female,2024-02-18,Consumer,Bronze,Occasional,Yes
3983,Paul,Miller,paul.miller.3983@protonmail.com,(469) 801-9251,Nashville,TN,South,1993,Male,2025-04-26,Consumer,Bronze,Occasional,Yes
3984,Richard,King,richard.king.3984@yahoo.com,(321) 506-3697,Nashville,TN,South,2004,Male,2025-07-26,Consumer,Bronze,Frequent,Yes
3985,Matthew,Allen,matthew.allen.3985@outlook.com,(987) 512-1058,Detroit,MI,Midwest,1954,Male,2023-09-21,Consumer,Bronze,Occasional,Yes
3986,Steven,Davis,steven.davis.3986@yahoo.com,(898) 378-1794,San Diego,CA,West,2001,Male,2024-11-13,Consumer,Bronze,Occasional,Yes
3987,Nathan,King,nathan.king.3987@icloud.com,(644) 838-5231,Nashville,TN,South,1988,Male,2024-07-25,Consumer,Platinum,Occasional,Yes
3988,Karen,Jackson,karen.jackson.3988@outlook.com,(405) 343-2199,St. Louis,MO,Midwest,1975,Female,2026-02-17,Consumer,Bronze,Occasional,No
3989,Christopher,Nguyen,christopher.nguyen.3989@icloud.com,(607) 509-8617,Buffalo,NY,Northeast,1985,Male,2026-05-26,Consumer,Bronze,Regular,Yes
3990,William,Davis,william.davis.3990@outlook.com,(615) 834-1437,Denver,CO,West,1947,Male,2023-02-10,Small Business,Bronze,Occasional,Yes
3991,James,Thompson,james.thompson.3991@icloud.com,(977) 285-9847,Providence,RI,Northeast,1962,Male,2026-07-23,Consumer,Bronze,Occasional,Yes
3992,Robert,Williams,robert.williams.3992@outlook.com,(263) 300-8659,Denver,CO,West,1985,Male,2024-02-20,Small Business,Bronze,Regular,Yes
3993,Charles,Wright,charles.wright.3993@gmail.com,(376) 254-2191,Dallas,TX,South,1961,Male,2024-08-14,Small Business,Bronze,Frequent,Yes
3994,Emma,Martinez,emma.martinez.3994@protonmail.com,(491) 391-1141,Houston,TX,South,1951,Female,2023-06-18,Small Business,Platinum,Regular,Yes
3995,Patricia,Walker,patricia.walker.3995@protonmail.com,(508) 275-1153,Detroit,MI,Midwest,1974,Female,2025-02-14,Consumer,Bronze,Regular,Yes
3996,Joshua,Anderson,joshua.anderson.3996@outlook.com,(931) 702-7387,Indianapolis,IN,Midwest,2003,Male,2023-07-11,Consumer,Gold,Regular,Yes
3997,David,Martin,david.martin.3997@protonmail.com,(890) 204-7244,Buffalo,NY,Northeast,1996,Male,2024-08-13,Consumer,Bronze,Frequent,No
3998,Betty,Lee,betty.lee.3998@icloud.com,(452) 361-1420,Atlanta,GA,South,2000,Female,2025-04-15,Consumer,Bronze,Frequent,Yes
3999,Brandon,Scott,brandon.scott.3999@protonmail.com,(980) 455-6995,Miami,FL,South,1961,Male,2026-06-20,Enterprise,Gold,Regular,Yes
4000,John,Wright,john.wright.4000@gmail.com,(972) 210-6688,Boston,MA,Northeast,1983,Male,2023-11-05,Consumer,Silver,VIP,Yes
4001,Michael,Flores,michael.flores.4001@gmail.com,(965) 327-1127,Houston,TX,South,1986,Male,2023-04-26,Consumer,Silver,Regular,No
4002,Thomas,Miller,thomas.miller.4002@icloud.com,(586) 750-8495,Denver,CO,West,2003,Male,2024-02-06,Consumer,Gold,VIP,Yes
4003,Emily,Martin,emily.martin.4003@protonmail.com,(808) 873-6821,Cleveland,OH,Midwest,1993,Female,2024-05-22,Consumer,Platinum,Occasional,Yes
4004,Olivia,Thompson,olivia.thompson.4004@protonmail.com,(672) 458-1540,Los Angeles,CA,West,1951,Female,2024-04-07,Consumer,Silver,Occasional,Yes
4005,Kevin,Martinez,kevin.martinez.4005@outlook.com,(723) 278-8780,St. Louis,MO,Midwest,1986,Male,2024-07-25,Small Business,Bronze,Regular,Yes
4006,Mary,Scott,mary.scott.4006@icloud.com,(372) 305-4898,San Francisco,CA,West,1947,Nonbinary,2025-03-16,Consumer,Bronze,Occasional,Yes
4007,Paul,Garcia,paul.garcia.4007@outlook.com,(237) 492-8099,Newark,NJ,Northeast,1996,Male,2025-01-28,Small Business,Silver,Occasional,Yes
4008,Brian,Ramirez,brian.ramirez.4008@outlook.com,(631) 271-2691,San Diego,CA,West,1973,Male,2026-01-26,Consumer,Bronze,Regular,Yes
4009,George,Anderson,george.anderson.4009@outlook.com,(439) 302-6970,St. Louis,MO,Midwest,2005,Male,2026-09-03,Consumer,Silver,Regular,Yes
4010,Margaret,Lee,margaret.lee.4010@protonmail.com,(204) 545-4625,Philadelphia,PA,Northeast,1949,Female,2026-05-25,Consumer,Bronze,Regular,Yes
4011,Anthony,Robinson,anthony.robinson.4011@outlook.com,(657) 225-2867,Charlotte,NC,South,1991,Male,2023-03-22,Consumer,Bronze,Regular,Yes
4012,Barbara,Thomas,barbara.thomas.4012@outlook.com,(590) 400-4210,St. Louis,MO,Midwest,1986,Female,2026-04-02,Small Business,Silver,Occasional,Yes
4013,Olivia,Martinez,olivia.martinez.4013@protonmail.com,(609) 442-6685,Philadelphia,PA,Northeast,2000,Female,2023-05-01,Small Business,Silver,Regular,Yes
4014,Margaret,Harris,margaret.harris.4014@outlook.com,(398) 688-5233,Buffalo,NY,Northeast,2005,Female,2026-06-18,Consumer,Bronze,Regular,Yes
4015,Mark,Walker,mark.walker.4015@yahoo.com,(274) 939-3061,Orlando,FL,South,1990,Male,2026-04-07,Small Business,Bronze,Occasional,Yes
4016,Christina,Wright,christina.wright.4016@yahoo.com,(309) 506-8228,Pittsburgh,PA,Northeast,1981,Female,2024-02-11,Consumer,Bronze,Occasional,Yes
4017,Andrew,Young,andrew.young.4017@protonmail.com,(506) 363-6775,Miami,FL,South,1979,Male,2024-12-20,Consumer,Bronze,Regular,Yes
4018,Abigail,Wright,abigail.wright.4018@outlook.com,(250) 717-8216,Hartford,CT,Northeast,1984,Female,2024-05-14,Consumer,Bronze,Frequent,No
4019,Jacob,Martin,jacob.martin.4019@protonmail.com,(701) 698-6256,Houston,TX,South,1984,Male,2023-10-09,Consumer,Bronze,Frequent,Yes
4020,Lauren,Brown,lauren.brown.4020@outlook.com,(844) 457-1919,Chicago,IL,Midwest,1999,Female,2024-06-29,Consumer,Silver,Frequent,No
4021,Christina,Gonzalez,christina.gonzalez.4021@icloud.com,(406) 224-1580,Miami,FL,South,1945,Female,2023-09-14,Consumer,Bronze,VIP,Yes
4022,Karen,Lewis,karen.lewis.4022@outlook.com,(446) 416-9475,Houston,TX,South,1945,Female,2023-07-30,Consumer,Silver,Frequent,Yes
4023,Steven,Williams,steven.williams.4023@gmail.com,(690) 633-7818,Pittsburgh,PA,Northeast,1976,Male,2025-04-14,Consumer,Bronze,Occasional,Yes
4024,Sarah,Jackson,sarah.jackson.4024@yahoo.com,(292) 405-4477,Hartford,CT,Northeast,1973,Female,2023-02-17,Small Business,Bronze,Occasional,Yes
4025,Emily,Clark,emily.clark.4025@protonmail.com,(963) 751-4516,Newark,NJ,Northeast,1947,Female,2023-10-28,Consumer,Bronze,Frequent,Yes
4026,Brian,Lewis,brian.lewis.4026@protonmail.com,(902) 992-6645,Providence,RI,Northeast,1964,Male,2025-08-01,Consumer,Bronze,Frequent,Yes
4027,James,Torres,james.torres.4027@protonmail.com,(588) 591-9198,Milwaukee,WI,Midwest,1994,Male,2025-05-11,Consumer,Bronze,Occasional,Yes
4028,Joseph,Lopez,joseph.lopez.4028@gmail.com,(379) 277-4590,Richmond,VA,South,1999,Male,2026-07-24,Small Business,Bronze,VIP,Yes
4029,Edward,Anderson,edward.anderson.4029@icloud.com,(726) 886-6221,Chicago,IL,Midwest,1983,Male,2024-04-08,Consumer,Bronze,Occasional,Yes
4030,Mary,Thompson,mary.thompson.4030@icloud.com,(957) 214-2461,Orlando,FL,South,1972,Female,2024-12-19,Consumer,Bronze,Regular,Yes
4031,Abigail,Scott,abigail.scott.4031@protonmail.com,(477) 606-8918,Hartford,CT,Northeast,1966,Female,2026-01-06,Small Business,Gold,Frequent,Yes
4032,Megan,Wilson,megan.wilson.4032@outlook.com,(633) 297-4310,Hartford,CT,Northeast,1979,Female,2026-06-02,Consumer,Silver,Occasional,Yes
4033,Susan,Thomas,susan.thomas.4033@protonmail.com,(857) 852-8282,San Francisco,CA,West,1967,Female,2023-12-07,Consumer,Silver,Occasional,Yes
4034,Rachel,Nguyen,rachel.nguyen.4034@gmail.com,(886) 825-3322,Philadelphia,PA,Northeast,1992,Female,2025-03-02,Consumer,Platinum,Frequent,Yes
4035,Jessica,Thomas,jessica.thomas.4035@outlook.com,(986) 336-2171,Dallas,TX,South,1995,Female,2024-10-24,Consumer,Bronze,Frequent,Yes
4036,Jason,Anderson,jason.anderson.4036@outlook.com,(816) 502-2223,Philadelphia,PA,Northeast,1985,Male,2023-10-22,Consumer,Bronze,Regular,Yes
4037,Emily,Torres,emily.torres.4037@yahoo.com,(920) 787-1985,Dallas,TX,South,1951,Female,2024-02-11,Consumer,Bronze,Regular,Yes
4038,Thomas,Hill,thomas.hill.4038@gmail.com,(306) 814-4811,Richmond,VA,South,1964,Male,2025-12-21,Consumer,Silver,Occasional,Yes
4039,Megan,Moore,megan.moore.4039@outlook.com,(234) 385-8028,Indianapolis,IN,Midwest,1994,Female,2025-04-22,Consumer,Bronze,Occasional,Yes
4040,Anthony,Robinson,anthony.robinson.4040@outlook.com,(900) 987-1852,Phoenix,AZ,West,1957,Male,2026-04-19,Consumer,Gold,Occasional,Yes
4041,Jennifer,Miller,jennifer.miller.4041@outlook.com,(478) 612-6204,Denver,CO,West,1973,Female,2023-05-16,Consumer,Gold,Occasional,Yes
4042,Elizabeth,Wilson,elizabeth.wilson.4042@protonmail.com,(807) 366-1851,Richmond,VA,South,1998,Female,2026-07-13,Consumer,Silver,Occasional,Yes
4043,Mary,Martin,mary.martin.4043@gmail.com,(469) 416-2038,Chicago,IL,Midwest,1969,Female,2025-02-27,Consumer,Bronze,VIP,Yes
4044,Justin,Thompson,justin.thompson.4044@gmail.com,(978) 978-2794,Dallas,TX,South,1988,Male,2025-12-18,Enterprise,Bronze,Occasional,Yes
4045,Lisa,Sanchez,lisa.sanchez.4045@gmail.com,(924) 255-7895,Hartford,CT,Northeast,1978,Female,2025-08-27,Consumer,Bronze,Regular,Yes
4046,Lisa,Nguyen,lisa.nguyen.4046@yahoo.com,(397) 547-8432,Portland,OR,West,1951,Female,2026-03-09,Consumer,Bronze,Regular,Yes
4047,Amanda,Harris,amanda.harris.4047@yahoo.com,(361) 676-3312,Denver,CO,West,1980,Female,2025-11-10,Consumer,Bronze,Frequent,Yes
4048,Rachel,Williams,rachel.williams.4048@gmail.com,(772) 889-5310,Milwaukee,WI,Midwest,1987,Female,2024-02-20,Small Business,Silver,Occasional,Yes
4049,Abigail,Jackson,abigail.jackson.4049@gmail.com,(288) 530-2543,Richmond,VA,South,1977,Female,2024-10-25,Consumer,Gold,Regular,Yes
4050,Melissa,Martin,melissa.martin.4050@outlook.com,(468) 526-3800,Los Angeles,CA,West,1973,Female,2024-03-01,Consumer,Bronze,Regular,Yes
4051,Paul,Williams,paul.williams.4051@icloud.com,(667) 387-8093,Providence,RI,Northeast,1960,Male,2024-09-16,Consumer,Silver,Frequent,Yes
4052,Joseph,Garcia,joseph.garcia.4052@protonmail.com,(683) 498-4046,Denver,CO,West,1972,Male,2023-11-08,Small Business,Gold,Regular,No
4053,David,Sanchez,david.sanchez.4053@outlook.com,(347) 384-7078,St. Louis,MO,Midwest,1979,Male,2026-08-09,Consumer,Bronze,Regular,Yes
4054,John,Lopez,john.lopez.4054@protonmail.com,(849) 412-6654,Atlanta,GA,South,1994,Male,2024-03-12,Consumer,Bronze,Occasional,No
4055,Lauren,Scott,lauren.scott.4055@protonmail.com,(662) 685-9668,Pittsburgh,PA,Northeast,1977,Female,2026-05-20,Consumer,Silver,Regular,Yes
4056,Robert,Ramirez,robert.ramirez.4056@gmail.com,(792) 590-1141,Cleveland,OH,Midwest,1958,Male,2025-04-05,Small Business,Bronze,Regular,Yes
4057,Paul,Garcia,paul.garcia.4057@icloud.com,(429) 915-9613,Newark,NJ,Northeast,1977,Male,2024-04-27,Consumer,Bronze,Regular,Yes
4058,Brian,Lee,brian.lee.4058@icloud.com,(852) 523-8809,Pittsburgh,PA,Northeast,1956,Male,2024-09-15,Small Business,Gold,Regular,Yes
4059,John,Hill,john.hill.4059@outlook.com,(844) 560-8187,Denver,CO,West,1958,Male,2026-01-31,Small Business,Bronze,Frequent,Yes
4060,Sarah,Young,sarah.young.4060@gmail.com,(211) 521-3447,Portland,OR,West,1947,Female,2026-02-22,Consumer,Bronze,Frequent,Yes
4061,Joshua,Smith,joshua.smith.4061@yahoo.com,(887) 964-5287,Portland,OR,West,1952,Male,2025-04-13,Enterprise,Bronze,Frequent,Yes
4062,Karen,Brown,karen.brown.4062@protonmail.com,(671) 619-7134,Seattle,WA,West,1977,Female,2024-08-06,Consumer,Bronze,Regular,Yes
4063,Emma,Taylor,emma.taylor.4063@protonmail.com,(806) 855-4793,Houston,TX,South,1968,Female,2025-12-10,Small Business,Gold,Regular,Yes
4064,Joseph,Brown,joseph.brown.4064@outlook.com,(730) 500-1849,Charlotte,NC,South,1950,Male,2025-12-22,Consumer,Silver,Regular,Yes
4065,Sandra,Robinson,sandra.robinson.4065@gmail.com,(630) 245-3777,Dallas,TX,South,1957,Female,2025-12-09,Consumer,Gold,Regular,Yes
4066,Joseph,Lee,joseph.lee.4066@gmail.com,(373) 528-2953,Indianapolis,IN,Midwest,1986,Male,2024-12-26,Consumer,Bronze,VIP,Yes
4067,Richard,Lee,richard.lee.4067@icloud.com,(455) 847-1511,Providence,RI,Northeast,1957,Male,2024-01-01,Small Business,Bronze,Occasional,Yes
4068,Susan,White,susan.white.4068@icloud.com,(998) 608-2219,Chicago,IL,Midwest,1961,Female,2024-04-05,Small Business,Bronze,Regular,Yes
4069,Mark,White,mark.white.4069@protonmail.com,(464) 457-4019,San Diego,CA,West,1948,Male,2026-03-23,Consumer,Bronze,Regular,Yes
4070,George,Smith,george.smith.4070@gmail.com,(223) 819-3111,San Diego,CA,West,2000,Male,2025-01-25,Consumer,Bronze,Regular,Yes
4071,Megan,Gonzalez,megan.gonzalez.4071@gmail.com,(807) 746-6001,Los Angeles,CA,West,1952,Female,2024-11-12,Consumer,Bronze,Occasional,Yes
4072,Elizabeth,Scott,elizabeth.scott.4072@protonmail.com,(330) 379-3975,Denver,CO,West,1949,Female,2026-07-04,Consumer,Gold,Regular,Yes
4073,David,Martin,david.martin.4073@outlook.com,(642) 263-8242,Phoenix,AZ,West,1950,Male,2023-08-15,Enterprise,Bronze,Regular,Yes
4074,Stephanie,Young,stephanie.young.4074@gmail.com,(944) 722-4620,Seattle,WA,West,1989,Female,2023-06-04,Consumer,Bronze,Regular,No
4075,Christopher,Young,christopher.young.4075@protonmail.com,(809) 211-5087,Pittsburgh,PA,Northeast,2000,Male,2023-07-26,Enterprise,Bronze,Frequent,No
4076,Thomas,Lewis,thomas.lewis.4076@yahoo.com,(373) 425-7418,Milwaukee,WI,Midwest,1957,Male,2023-03-08,Consumer,Bronze,Frequent,No
4077,Jason,Ramirez,jason.ramirez.4077@yahoo.com,(390) 791-5596,Columbus,OH,Midwest,1947,Male,2023-09-28,Small Business,Bronze,Occasional,Yes
4078,Nathan,Sanchez,nathan.sanchez.4078@yahoo.com,(380) 960-5750,Buffalo,NY,Northeast,1973,Male,2025-02-21,Consumer,Silver,Regular,No
4079,Susan,Davis,susan.davis.4079@protonmail.com,(745) 249-4716,Charlotte,NC,South,1966,Female,2024-06-11,Enterprise,Silver,Regular,Yes
4080,Matthew,Garcia,matthew.garcia.4080@icloud.com,(719) 767-5924,Pittsburgh,PA,Northeast,1987,Nonbinary,2026-05-02,Consumer,Gold,Regular,Yes
4081,Ryan,Gonzalez,ryan.gonzalez.4081@outlook.com,(798) 268-7510,Phoenix,AZ,West,1977,Prefer not to say,2025-04-29,Small Business,Bronze,Regular,Yes
4082,Matthew,Jackson,matthew.jackson.4082@protonmail.com,(811) 636-4210,Los Angeles,CA,West,1974,Male,2024-03-23,Consumer,Bronze,Frequent,Yes
4083,Edward,Garcia,edward.garcia.4083@protonmail.com,(652) 580-3486,Atlanta,GA,South,1994,Male,2024-04-16,Consumer,Silver,Regular,Yes
4084,Betty,Hill,betty.hill.4084@yahoo.com,(518) 211-8186,Newark,NJ,Northeast,1969,Female,2023-06-26,Consumer,Bronze,Occasional,Yes
4085,Sophia,Jackson,sophia.jackson.4085@gmail.com,(700) 593-6204,Chicago,IL,Midwest,1965,Female,2024-10-22,Consumer,Bronze,Occasional,Yes
4086,Jacob,Perez,jacob.perez.4086@protonmail.com,(471) 519-1331,Portland,OR,West,1986,Male,2024-02-18,Small Business,Gold,Occasional,Yes
4087,Andrew,Hernandez,andrew.hernandez.4087@protonmail.com,(747) 779-1042,Philadelphia,PA,Northeast,1960,Male,2024-09-20,Consumer,Bronze,Frequent,No
4088,Linda,Sanchez,linda.sanchez.4088@yahoo.com,(508) 809-2967,Newark,NJ,Northeast,2003,Female,2024-03-14,Consumer,Bronze,Occasional,Yes
4089,Mary,Clark,mary.clark.4089@gmail.com,(535) 692-4794,Cleveland,OH,Midwest,1970,Female,2024-09-26,Small Business,Silver,Occasional,Yes
4090,Matthew,Clark,matthew.clark.4090@protonmail.com,(683) 275-9115,Miami,FL,South,1945,Male,2026-05-03,Consumer,Bronze,Occasional,Yes
4091,Matthew,Williams,matthew.williams.4091@outlook.com,(380) 435-6908,Dallas,TX,South,1975,Male,2023-09-06,Small Business,Bronze,Regular,Yes
4092,Sandra,Young,sandra.young.4092@yahoo.com,(394) 796-1024,Chicago,IL,Midwest,1955,Female,2025-06-29,Consumer,Bronze,Regular,Yes
4093,Sophia,Jones,sophia.jones.4093@yahoo.com,(384) 326-9878,Denver,CO,West,1987,Female,2023-03-26,Consumer,Silver,Regular,No
4094,Susan,Gonzalez,susan.gonzalez.4094@outlook.com,(298) 902-9813,San Diego,CA,West,1948,Female,2025-03-15,Consumer,Silver,Occasional,Yes
4095,Joseph,Lee,joseph.lee.4095@gmail.com,(203) 600-2298,Dallas,TX,South,1990,Male,2023-08-01,Small Business,Bronze,Regular,Yes
4096,Melissa,Gonzalez,melissa.gonzalez.4096@yahoo.com,(551) 258-6092,Las Vegas,NV,West,1998,Female,2023-05-04,Consumer,Bronze,Occasional,No
4097,Justin,Rodriguez,justin.rodriguez.4097@icloud.com,(343) 865-4975,Houston,TX,South,1967,Male,2025-05-03,Consumer,Gold,Regular,Yes
4098,Matthew,Young,matthew.young.4098@outlook.com,(226) 687-6913,Newark,NJ,Northeast,1957,Male,2025-07-06,Small Business,Gold,Frequent,No
4099,Thomas,Hernandez,thomas.hernandez.4099@gmail.com,(506) 239-7403,Dallas,TX,South,1968,Male,2024-12-04,Small Business,Platinum,Regular,Yes
4100,Brandon,Garcia,brandon.garcia.4100@icloud.com,(440) 742-2552,Richmond,VA,South,1984,Male,2024-11-19,Consumer,Bronze,Frequent,Yes
4101,Michael,Martinez,michael.martinez.4101@protonmail.com,(624) 995-7681,Los Angeles,CA,West,1958,Male,2026-02-25,Consumer,Gold,Frequent,Yes
4102,Abigail,Gonzalez,abigail.gonzalez.4102@outlook.com,(454) 787-4108,Chicago,IL,Midwest,1998,Female,2024-03-12,Consumer,Bronze,Occasional,Yes
4103,Jacob,Harris,jacob.harris.4103@icloud.com,(764) 323-6927,Pittsburgh,PA,Northeast,1954,Male,2025-04-02,Consumer,Silver,Regular,Yes
4104,Nicole,Johnson,nicole.johnson.4104@outlook.com,(244) 339-9794,Richmond,VA,South,1986,Female,2025-08-31,Enterprise,Bronze,Regular,Yes
4105,Steven,Moore,steven.moore.4105@protonmail.com,(394) 851-5644,Atlanta,GA,South,1967,Male,2026-06-26,Small Business,Bronze,Occasional,Yes
4106,Sarah,Jones,sarah.jones.4106@icloud.com,(503) 512-3059,Miami,FL,South,1949,Female,2025-08-22,Small Business,Bronze,Regular,Yes
4107,Charles,Hernandez,charles.hernandez.4107@yahoo.com,(308) 701-1061,Newark,NJ,Northeast,1981,Male,2024-08-21,Enterprise,Silver,Occasional,No
4108,Richard,Garcia,richard.garcia.4108@icloud.com,(525) 556-3981,San Francisco,CA,West,1982,Male,2025-01-25,Consumer,Gold,VIP,No
4109,Christopher,Hill,christopher.hill.4109@icloud.com,(661) 617-6385,Miami,FL,South,2002,Male,2024-12-15,Consumer,Bronze,Occasional,Yes
4110,Stephanie,Clark,stephanie.clark.4110@icloud.com,(225) 503-6505,Nashville,TN,South,1968,Female,2025-04-18,Enterprise,Bronze,Occasional,No
4111,Mary,Brown,mary.brown.4111@gmail.com,(898) 740-9019,Nashville,TN,South,1994,Female,2024-03-13,Consumer,Bronze,Frequent,Yes
4112,Brian,Moore,brian.moore.4112@outlook.com,(671) 925-1209,Charlotte,NC,South,1952,Prefer not to say,2026-05-28,Consumer,Bronze,Occasional,Yes
4113,Betty,Ramirez,betty.ramirez.4113@gmail.com,(536) 815-7718,Nashville,TN,South,1958,Female,2026-05-14,Consumer,Gold,Regular,Yes
4114,Barbara,Miller,barbara.miller.4114@gmail.com,(841) 968-2515,Hartford,CT,Northeast,1958,Female,2023-01-30,Small Business,Bronze,Occasional,Yes
4115,Jennifer,Williams,jennifer.williams.4115@outlook.com,(509) 820-5103,Cleveland,OH,Midwest,1965,Female,2023-03-24,Consumer,Silver,Regular,Yes
4116,Mark,King,mark.king.4116@icloud.com,(575) 849-7455,Las Vegas,NV,West,2005,Male,2023-03-26,Consumer,Bronze,Frequent,No
4117,Thomas,Moore,thomas.moore.4117@protonmail.com,(302) 544-7690,St. Louis,MO,Midwest,1999,Male,2024-06-30,Consumer,Gold,Occasional,Yes
4118,David,Brown,david.brown.4118@gmail.com,(877) 522-1939,Boston,MA,Northeast,1981,Male,2025-10-01,Consumer,Bronze,Frequent,Yes
4119,Abigail,Harris,abigail.harris.4119@icloud.com,(585) 479-8880,Detroit,MI,Midwest,1968,Female,2025-10-29,Small Business,Gold,Regular,Yes
4120,Justin,White,justin.white.4120@yahoo.com,(694) 877-1860,Boston,MA,Northeast,1994,Male,2024-03-05,Consumer,Bronze,Regular,Yes
4121,Ashley,Perez,ashley.perez.4121@yahoo.com,(348) 622-1029,San Francisco,CA,West,1967,Female,2023-10-02,Consumer,Bronze,Occasional,Yes
4122,Ryan,Garcia,ryan.garcia.4122@yahoo.com,(838) 266-7344,Providence,RI,Northeast,1968,Male,2023-01-25,Consumer,Bronze,Occasional,Yes
4123,Mark,Hernandez,mark.hernandez.4123@yahoo.com,(801) 547-1278,Minneapolis,MN,Midwest,2000,Male,2025-06-19,Small Business,Bronze,Frequent,No
4124,Ashley,Torres,ashley.torres.4124@yahoo.com,(267) 282-2352,Houston,TX,South,1987,Female,2025-03-07,Small Business,Silver,Regular,Yes
4125,Lauren,Taylor,lauren.taylor.4125@protonmail.com,(357) 677-1470,Seattle,WA,West,1955,Female,2023-08-28,Small Business,Bronze,Regular,Yes
4126,Steven,Miller,steven.miller.4126@yahoo.com,(746) 983-4327,Richmond,VA,South,1954,Male,2026-06-22,Consumer,Silver,Occasional,Yes
4127,Steven,Scott,steven.scott.4127@outlook.com,(349) 343-6639,Portland,OR,West,1978,Male,2024-11-24,Small Business,Bronze,Occasional,Yes
4128,Kevin,Moore,kevin.moore.4128@outlook.com,(368) 979-5439,Richmond,VA,South,1987,Male,2023-01-14,Consumer,Gold,Occasional,No
4129,Rachel,Scott,rachel.scott.4129@yahoo.com,(656) 569-4462,Orlando,FL,South,1961,Female,2024-12-14,Small Business,Bronze,VIP,Yes
4130,Karen,Jackson,karen.jackson.4130@icloud.com,(545) 793-4754,Richmond,VA,South,1955,Female,2025-03-04,Enterprise,Bronze,Regular,Yes
4131,Kevin,Brown,kevin.brown.4131@outlook.com,(834) 766-6497,Detroit,MI,Midwest,1956,Male,2026-08-02,Consumer,Bronze,Regular,Yes
4132,Karen,Jones,karen.jones.4132@yahoo.com,(888) 724-1151,San Francisco,CA,West,2004,Female,2024-07-25,Consumer,Bronze,Frequent,Yes
4133,Donald,Young,donald.young.4133@icloud.com,(925) 557-4257,Seattle,WA,West,1973,Nonbinary,2024-02-21,Consumer,Bronze,Occasional,Yes
4134,Emily,Wright,emily.wright.4134@protonmail.com,(435) 687-1085,Buffalo,NY,Northeast,1994,Female,2023-04-02,Consumer,Bronze,Occasional,Yes
4135,Elizabeth,Thomas,elizabeth.thomas.4135@gmail.com,(778) 513-6706,Orlando,FL,South,1991,Female,2023-05-13,Consumer,Bronze,Regular,Yes
4136,Christina,Scott,christina.scott.4136@icloud.com,(618) 748-2551,Dallas,TX,South,1959,Female,2025-11-24,Small Business,Bronze,Frequent,Yes
4137,Brian,Gonzalez,brian.gonzalez.4137@icloud.com,(578) 676-6121,Portland,OR,West,1993,Male,2024-09-06,Consumer,Gold,Occasional,Yes
4138,Melissa,Gonzalez,melissa.gonzalez.4138@outlook.com,(218) 833-7548,Philadelphia,PA,Northeast,1997,Female,2025-01-01,Consumer,Silver,Occasional,Yes
4139,Jacob,Thompson,jacob.thompson.4139@protonmail.com,(730) 311-6505,Orlando,FL,South,1950,Male,2023-04-16,Consumer,Bronze,Regular,Yes
4140,Linda,Lewis,linda.lewis.4140@yahoo.com,(803) 658-5486,San Francisco,CA,West,1945,Nonbinary,2023-01-18,Small Business,Gold,Regular,Yes
4141,Patricia,Johnson,patricia.johnson.4141@protonmail.com,(443) 448-5101,Cleveland,OH,Midwest,1961,Female,2026-04-03,Consumer,Bronze,Frequent,Yes
4142,Lauren,Clark,lauren.clark.4142@outlook.com,(455) 399-1246,Houston,TX,South,1997,Female,2023-08-09,Small Business,Bronze,Regular,Yes
4143,Thomas,Martin,thomas.martin.4143@yahoo.com,(947) 741-9603,Columbus,OH,Midwest,1979,Male,2024-10-13,Consumer,Bronze,Regular,Yes
4144,Nathan,Flores,nathan.flores.4144@yahoo.com,(300) 923-1867,Orlando,FL,South,1972,Male,2023-11-21,Small Business,Bronze,Occasional,Yes
4145,Barbara,Anderson,barbara.anderson.4145@yahoo.com,(320) 908-9061,Portland,OR,West,2001,Female,2023-01-01,Small Business,Bronze,Regular,Yes
4146,Joseph,Taylor,joseph.taylor.4146@gmail.com,(559) 649-8220,San Diego,CA,West,2002,Male,2024-04-13,Consumer,Gold,Regular,Yes
4147,Edward,Scott,edward.scott.4147@protonmail.com,(625) 828-1753,Miami,FL,South,1945,Male,2023-10-04,Consumer,Silver,VIP,No
4148,Karen,Harris,karen.harris.4148@protonmail.com,(878) 978-7810,Dallas,TX,South,1992,Female,2024-10-25,Consumer,Bronze,Occasional,Yes
4149,Joseph,Williams,joseph.williams.4149@gmail.com,(615) 690-5292,Milwaukee,WI,Midwest,1947,Male,2024-06-16,Consumer,Silver,Regular,Yes
4150,Sarah,Allen,sarah.allen.4150@icloud.com,(585) 907-6070,San Francisco,CA,West,1963,Female,2024-05-07,Consumer,Bronze,Frequent,Yes
4151,Robert,Rodriguez,robert.rodriguez.4151@gmail.com,(356) 685-4777,Portland,OR,West,1999,Male,2023-01-01,Consumer,Bronze,Regular,Yes
4152,Edward,Davis,edward.davis.4152@gmail.com,(260) 628-4438,Hartford,CT,Northeast,1957,Male,2023-06-09,Small Business,Bronze,Frequent,Yes
4153,Amanda,Nguyen,amanda.nguyen.4153@gmail.com,(861) 434-5280,Cleveland,OH,Midwest,1962,Female,2026-08-02,Consumer,Silver,Regular,Yes
4154,Nancy,Taylor,nancy.taylor.4154@gmail.com,(848) 813-5258,Hartford,CT,Northeast,1959,Female,2024-09-30,Consumer,Silver,Frequent,Yes
4155,Brandon,Clark,brandon.clark.4155@yahoo.com,(733) 507-2493,Las Vegas,NV,West,1964,Male,2024-04-25,Small Business,Silver,Regular,Yes
4156,Melissa,Johnson,melissa.johnson.4156@gmail.com,(837) 571-9170,San Francisco,CA,West,1948,Female,2023-05-31,Consumer,Platinum,Occasional,No
4157,Elizabeth,Jones,elizabeth.jones.4157@gmail.com,(683) 324-1824,Nashville,TN,South,1950,Female,2024-12-15,Consumer,Bronze,Frequent,Yes
4158,Paul,Harris,paul.harris.4158@gmail.com,(291) 437-8769,San Diego,CA,West,1960,Male,2025-09-22,Consumer,Silver,Frequent,Yes
4159,Christopher,Martin,christopher.martin.4159@gmail.com,(539) 625-7060,San Diego,CA,West,1948,Male,2025-07-11,Consumer,Bronze,Regular,Yes
4160,Melissa,Walker,melissa.walker.4160@yahoo.com,(216) 531-7159,Richmond,VA,South,1946,Female,2023-10-01,Consumer,Silver,Regular,Yes
4161,Sandra,Brown,sandra.brown.4161@yahoo.com,(587) 926-5240,Indianapolis,IN,Midwest,1957,Female,2023-03-29,Enterprise,Bronze,Regular,Yes
4162,Jacob,Brown,jacob.brown.4162@protonmail.com,(358) 235-4477,Orlando,FL,South,1980,Male,2024-08-04,Small Business,Gold,Occasional,Yes
4163,Lauren,Lee,lauren.lee.4163@yahoo.com,(832) 310-8474,Los Angeles,CA,West,2003,Female,2025-12-29,Consumer,Bronze,Occasional,Yes
4164,Karen,Gonzalez,karen.gonzalez.4164@protonmail.com,(314) 691-4291,Houston,TX,South,1952,Female,2024-04-07,Consumer,Bronze,Regular,Yes
4165,Susan,Taylor,susan.taylor.4165@gmail.com,(447) 430-5927,Los Angeles,CA,West,1985,Female,2026-01-04,Enterprise,Silver,Occasional,Yes
4166,Nathan,Torres,nathan.torres.4166@protonmail.com,(722) 597-3551,Dallas,TX,South,1951,Male,2023-03-27,Consumer,Bronze,Frequent,Yes
4167,George,Ramirez,george.ramirez.4167@icloud.com,(454) 277-1069,Portland,OR,West,1972,Male,2023-10-30,Consumer,Bronze,Frequent,Yes
4168,Lisa,Ramirez,lisa.ramirez.4168@outlook.com,(238) 755-1781,Phoenix,AZ,West,1992,Female,2025-02-27,Consumer,Bronze,Frequent,Yes
4169,Anthony,Robinson,anthony.robinson.4169@protonmail.com,(878) 861-3572,Detroit,MI,Midwest,2001,Male,2026-01-11,Enterprise,Gold,Regular,Yes
4170,Rebecca,Rodriguez,rebecca.rodriguez.4170@protonmail.com,(406) 582-4851,Milwaukee,WI,Midwest,1980,Female,2024-06-29,Consumer,Gold,Regular,Yes
4171,Megan,Lopez,megan.lopez.4171@gmail.com,(694) 643-2887,Denver,CO,West,1965,Female,2024-07-14,Consumer,Bronze,Frequent,Yes
4172,Patricia,Lopez,patricia.lopez.4172@outlook.com,(857) 312-7238,Columbus,OH,Midwest,1993,Female,2026-01-09,Consumer,Bronze,VIP,Yes
4173,Rachel,Lopez,rachel.lopez.4173@yahoo.com,(546) 475-8412,Pittsburgh,PA,Northeast,1965,Nonbinary,2023-09-17,Consumer,Bronze,Occasional,Yes
4174,Donald,Hernandez,donald.hernandez.4174@yahoo.com,(797) 577-9587,Las Vegas,NV,West,1992,Male,2025-09-17,Consumer,Silver,Regular,Yes
4175,Andrew,Garcia,andrew.garcia.4175@protonmail.com,(962) 334-4046,Houston,TX,South,1967,Male,2025-05-18,Consumer,Bronze,Regular,Yes
4176,Linda,Martin,linda.martin.4176@icloud.com,(842) 565-5586,Columbus,OH,Midwest,1982,Female,2026-01-22,Consumer,Bronze,Occasional,Yes
4177,Mark,King,mark.king.4177@yahoo.com,(244) 475-8440,Atlanta,GA,South,1993,Male,2024-04-09,Consumer,Silver,Occasional,Yes
4178,Robert,Thomas,robert.thomas.4178@outlook.com,(941) 895-7495,Cleveland,OH,Midwest,1976,Male,2025-05-20,Small Business,Silver,Regular,Yes
4179,Emily,Flores,emily.flores.4179@outlook.com,(412) 700-5953,Atlanta,GA,South,1989,Female,2023-01-18,Consumer,Silver,Regular,Yes
4180,Sandra,Scott,sandra.scott.4180@protonmail.com,(326) 217-8307,Minneapolis,MN,Midwest,1950,Female,2023-01-16,Consumer,Bronze,Regular,Yes
4181,Justin,Clark,justin.clark.4181@yahoo.com,(344) 778-1486,Minneapolis,MN,Midwest,1995,Male,2023-06-25,Consumer,Silver,Regular,Yes
4182,Christopher,Martinez,christopher.martinez.4182@outlook.com,(347) 359-9655,Richmond,VA,South,1970,Male,2024-11-11,Consumer,Bronze,Frequent,Yes
4183,Christina,Taylor,christina.taylor.4183@icloud.com,(353) 226-2814,Pittsburgh,PA,Northeast,1963,Female,2024-05-04,Consumer,Bronze,Occasional,Yes
4184,David,Anderson,david.anderson.4184@gmail.com,(235) 235-7024,Miami,FL,South,1966,Male,2024-06-16,Small Business,Bronze,Occasional,Yes
4185,Jennifer,Jackson,jennifer.jackson.4185@yahoo.com,(879) 572-8480,Chicago,IL,Midwest,1945,Female,2026-05-08,Consumer,Bronze,Frequent,Yes
4186,Paul,Lewis,paul.lewis.4186@outlook.com,(399) 963-7938,Chicago,IL,Midwest,1950,Male,2023-06-23,Small Business,Bronze,Occasional,Yes
4187,Melissa,Walker,melissa.walker.4187@icloud.com,(426) 488-3884,Portland,OR,West,1951,Female,2024-11-05,Consumer,Silver,Occasional,Yes
4188,Rachel,Perez,rachel.perez.4188@yahoo.com,(529) 850-4186,Richmond,VA,South,1985,Female,2023-02-18,Small Business,Bronze,Occasional,No
4189,Susan,Garcia,susan.garcia.4189@yahoo.com,(453) 783-3562,Detroit,MI,Midwest,1976,Female,2025-06-16,Consumer,Bronze,Occasional,Yes
4190,Barbara,Wright,barbara.wright.4190@yahoo.com,(697) 203-5560,Columbus,OH,Midwest,1991,Female,2025-03-12,Consumer,Bronze,Regular,Yes
4191,Joseph,Martinez,joseph.martinez.4191@yahoo.com,(529) 466-5095,Nashville,TN,South,1959,Male,2023-01-17,Consumer,Bronze,Regular,Yes
4192,Jacob,Ramirez,jacob.ramirez.4192@protonmail.com,(245) 481-2902,Philadelphia,PA,Northeast,2002,Male,2025-01-01,Consumer,Bronze,Occasional,Yes
4193,Richard,Torres,richard.torres.4193@yahoo.com,(815) 983-3617,Pittsburgh,PA,Northeast,1967,Male,2025-10-13,Consumer,Bronze,Frequent,Yes
4194,Lisa,Lopez,lisa.lopez.4194@protonmail.com,(845) 294-9389,Pittsburgh,PA,Northeast,1991,Female,2025-04-04,Small Business,Silver,Frequent,Yes
4195,Mary,Young,mary.young.4195@gmail.com,(512) 348-6544,Richmond,VA,South,1976,Female,2024-04-14,Consumer,Silver,Occasional,Yes
4196,Sarah,Young,sarah.young.4196@protonmail.com,(996) 298-7860,Miami,FL,South,1982,Female,2023-01-11,Consumer,Bronze,Regular,Yes
4197,Jessica,Rodriguez,jessica.rodriguez.4197@protonmail.com,(565) 547-3242,Newark,NJ,Northeast,1962,Female,2026-06-04,Consumer,Bronze,Regular,Yes
4198,Christopher,Nguyen,christopher.nguyen.4198@icloud.com,(210) 283-5153,Houston,TX,South,1960,Male,2024-11-16,Consumer,Silver,Frequent,Yes
4199,James,Gonzalez,james.gonzalez.4199@gmail.com,(594) 817-3598,Portland,OR,West,2003,Male,2023-11-13,Consumer,Bronze,Occasional,No
4200,Jessica,Thomas,jessica.thomas.4200@protonmail.com,(756) 721-7944,San Francisco,CA,West,1969,Female,2024-05-14,Consumer,Gold,Occasional,Yes
4201,Charles,Rodriguez,charles.rodriguez.4201@yahoo.com,(659) 305-5325,Charlotte,NC,South,1991,Male,2025-05-04,Small Business,Gold,Regular,Yes
4202,Kevin,Ramirez,kevin.ramirez.4202@outlook.com,(434) 411-8935,New York,NY,Northeast,1958,Male,2026-02-15,Consumer,Silver,Regular,Yes
4203,William,Williams,william.williams.4203@icloud.com,(375) 352-5111,Phoenix,AZ,West,2002,Male,2025-12-05,Consumer,Bronze,Regular,Yes
4204,Sandra,Davis,sandra.davis.4204@protonmail.com,(611) 285-5313,San Diego,CA,West,1955,Female,2024-08-30,Consumer,Bronze,Regular,No
4205,Mary,Garcia,mary.garcia.4205@gmail.com,(752) 735-4764,Milwaukee,WI,Midwest,1984,Female,2026-02-22,Small Business,Bronze,VIP,Yes
4206,Lauren,Garcia,lauren.garcia.4206@gmail.com,(845) 231-9781,Hartford,CT,Northeast,1952,Female,2025-08-31,Consumer,Bronze,Regular,Yes
4207,Michael,Wright,michael.wright.4207@protonmail.com,(887) 582-5335,Boston,MA,Northeast,1959,Male,2023-08-14,Consumer,Bronze,Frequent,No
4208,Nicole,Thompson,nicole.thompson.4208@protonmail.com,(862) 202-7642,Nashville,TN,South,1973,Female,2025-12-21,Consumer,Silver,VIP,Yes
4209,Nathan,Ramirez,nathan.ramirez.4209@icloud.com,(264) 605-4349,Buffalo,NY,Northeast,1991,Male,2025-01-28,Consumer,Bronze,Occasional,No
4210,Thomas,Nguyen,thomas.nguyen.4210@gmail.com,(316) 840-8160,Atlanta,GA,South,2004,Male,2025-10-08,Enterprise,Silver,Frequent,Yes
4211,Elizabeth,White,elizabeth.white.4211@protonmail.com,(472) 272-4870,San Francisco,CA,West,1965,Female,2026-04-01,Consumer,Bronze,Frequent,Yes
4212,Christina,Davis,christina.davis.4212@outlook.com,(301) 684-3471,Orlando,FL,South,1986,Female,2026-05-11,Consumer,Silver,Occasional,Yes
4213,Rachel,Wright,rachel.wright.4213@icloud.com,(560) 264-8658,San Diego,CA,West,1990,Female,2023-08-08,Consumer,Bronze,Frequent,Yes
4214,Megan,Flores,megan.flores.4214@outlook.com,(474) 602-2158,Milwaukee,WI,Midwest,1958,Female,2025-12-19,Consumer,Bronze,Frequent,Yes
4215,Michael,Jones,michael.jones.4215@outlook.com,(916) 626-2822,Cleveland,OH,Midwest,1994,Male,2024-10-09,Consumer,Bronze,Frequent,Yes
4216,James,Lewis,james.lewis.4216@protonmail.com,(825) 973-1440,Richmond,VA,South,1999,Male,2026-08-06,Small Business,Bronze,Regular,Yes
4217,Rachel,Davis,rachel.davis.4217@gmail.com,(728) 382-1407,Philadelphia,PA,Northeast,1968,Female,2025-07-07,Consumer,Bronze,Occasional,No
4218,Christina,Jones,christina.jones.4218@outlook.com,(782) 600-6782,Seattle,WA,West,1998,Female,2026-05-06,Small Business,Silver,Regular,Yes
4219,Justin,Rodriguez,justin.rodriguez.4219@icloud.com,(430) 350-2905,Miami,FL,South,1967,Male,2023-12-29,Consumer,Bronze,Regular,Yes
4220,Sandra,Thomas,sandra.thomas.4220@yahoo.com,(491) 807-2888,Las Vegas,NV,West,2004,Female,2026-03-20,Small Business,Bronze,Occasional,Yes
4221,Lisa,Lee,lisa.lee.4221@outlook.com,(617) 835-4242,Richmond,VA,South,1952,Female,2024-09-22,Small Business,Bronze,Occasional,Yes
4222,Patricia,Davis,patricia.davis.4222@outlook.com,(706) 310-4559,Richmond,VA,South,1946,Female,2023-11-06,Small Business,Silver,Occasional,No
4223,Karen,Davis,karen.davis.4223@icloud.com,(349) 599-1034,Boston,MA,Northeast,1987,Female,2023-04-15,Enterprise,Silver,Regular,No
4224,Sarah,Taylor,sarah.taylor.4224@gmail.com,(421) 249-4095,Dallas,TX,South,1962,Female,2024-09-25,Consumer,Bronze,Regular,Yes
4225,Daniel,Jones,daniel.jones.4225@gmail.com,(652) 869-2322,Cleveland,OH,Midwest,1974,Male,2026-05-15,Consumer,Silver,Frequent,Yes
4226,Amanda,Anderson,amanda.anderson.4226@icloud.com,(722) 307-8875,San Diego,CA,West,1969,Female,2023-02-03,Consumer,Bronze,Occasional,Yes
4227,Robert,Hernandez,robert.hernandez.4227@outlook.com,(661) 792-7934,Buffalo,NY,Northeast,1945,Male,2025-09-06,Consumer,Bronze,Occasional,Yes
4228,Nancy,Johnson,nancy.johnson.4228@gmail.com,(971) 245-4179,Portland,OR,West,1996,Female,2025-02-20,Consumer,Bronze,Regular,Yes
4229,Nancy,Miller,nancy.miller.4229@protonmail.com,(792) 774-2469,Chicago,IL,Midwest,1994,Female,2023-11-10,Consumer,Bronze,Frequent,No
4230,James,Lee,james.lee.4230@icloud.com,(809) 995-7893,Richmond,VA,South,2004,Male,2023-07-17,Consumer,Bronze,Occasional,Yes
4231,Anthony,Williams,anthony.williams.4231@gmail.com,(388) 535-7936,Dallas,TX,South,1973,Male,2024-04-03,Small Business,Bronze,Occasional,Yes
4232,Abigail,Hill,abigail.hill.4232@gmail.com,(662) 678-2933,Cleveland,OH,Midwest,2001,Female,2024-12-28,Consumer,Bronze,Occasional,Yes
4233,Sandra,Thomas,sandra.thomas.4233@outlook.com,(759) 867-2667,Charlotte,NC,South,1954,Female,2024-02-20,Small Business,Silver,Regular,Yes
4234,Charles,Walker,charles.walker.4234@icloud.com,(596) 451-6053,Hartford,CT,Northeast,1959,Male,2026-01-14,Consumer,Silver,Regular,Yes
4235,Lauren,Robinson,lauren.robinson.4235@protonmail.com,(984) 278-8410,Houston,TX,South,1982,Female,2026-06-03,Consumer,Silver,Regular,Yes
4236,Robert,Allen,robert.allen.4236@gmail.com,(412) 249-6503,San Francisco,CA,West,1969,Male,2026-02-08,Consumer,Silver,Regular,Yes
4237,Christina,Lee,christina.lee.4237@outlook.com,(489) 526-2713,Columbus,OH,Midwest,1976,Female,2023-04-19,Consumer,Bronze,Occasional,Yes
4238,David,Lee,david.lee.4238@icloud.com,(749) 508-7419,Boston,MA,Northeast,1996,Male,2024-06-17,Consumer,Gold,Regular,Yes
4239,Mary,Hill,mary.hill.4239@icloud.com,(919) 863-5926,Seattle,WA,West,1964,Female,2025-12-29,Consumer,Silver,Occasional,Yes
4240,Christopher,Hernandez,christopher.hernandez.4240@gmail.com,(472) 311-9899,Miami,FL,South,1981,Male,2023-01-27,Consumer,Gold,Occasional,Yes
4241,Mary,Moore,mary.moore.4241@protonmail.com,(944) 215-9532,St. Louis,MO,Midwest,1980,Female,2026-02-22,Consumer,Gold,Occasional,Yes
4242,Sophia,Rodriguez,sophia.rodriguez.4242@protonmail.com,(772) 332-2275,Chicago,IL,Midwest,1992,Female,2025-07-04,Consumer,Bronze,Regular,Yes
4243,Kevin,Martinez,kevin.martinez.4243@yahoo.com,(671) 872-9332,Nashville,TN,South,1989,Male,2025-10-25,Small Business,Silver,Frequent,No
4244,Thomas,Ramirez,thomas.ramirez.4244@protonmail.com,(238) 434-2024,Pittsburgh,PA,Northeast,1985,Male,2026-07-05,Consumer,Bronze,Frequent,Yes
4245,Paul,Perez,paul.perez.4245@protonmail.com,(614) 552-3109,Buffalo,NY,Northeast,1976,Male,2026-09-05,Consumer,Gold,VIP,Yes
4246,Mary,Martinez,mary.martinez.4246@protonmail.com,(670) 431-2068,Philadelphia,PA,Northeast,1965,Female,2025-01-08,Enterprise,Bronze,Occasional,Yes
4247,Brian,Martinez,brian.martinez.4247@gmail.com,(316) 573-1799,San Diego,CA,West,2004,Male,2024-09-21,Small Business,Bronze,Frequent,Yes
4248,Ashley,Nguyen,ashley.nguyen.4248@icloud.com,(509) 610-9315,Portland,OR,West,1992,Female,2026-06-14,Enterprise,Bronze,Regular,Yes
4249,Abigail,Perez,abigail.perez.4249@outlook.com,(904) 885-1590,Nashville,TN,South,2003,Female,2023-05-11,Small Business,Bronze,Occasional,Yes
4250,Andrew,Clark,andrew.clark.4250@protonmail.com,(962) 724-9427,Orlando,FL,South,1965,Male,2023-12-03,Small Business,Silver,Regular,Yes
4251,Kevin,Nguyen,kevin.nguyen.4251@gmail.com,(611) 594-3495,Detroit,MI,Midwest,1959,Male,2024-11-17,Small Business,Bronze,Regular,No
4252,Brandon,Lewis,brandon.lewis.4252@yahoo.com,(299) 696-9482,St. Louis,MO,Midwest,2000,Male,2024-11-28,Consumer,Bronze,Frequent,Yes
4253,Brandon,Moore,brandon.moore.4253@yahoo.com,(324) 379-5361,San Francisco,CA,West,1976,Male,2025-06-20,Small Business,Silver,VIP,Yes
4254,Robert,Lopez,robert.lopez.4254@yahoo.com,(412) 763-2390,Orlando,FL,South,1987,Male,2024-07-26,Small Business,Silver,Occasional,Yes
4255,Linda,Ramirez,linda.ramirez.4255@protonmail.com,(589) 240-2601,Nashville,TN,South,1983,Female,2025-11-10,Small Business,Silver,Regular,Yes
4256,Brandon,Young,brandon.young.4256@yahoo.com,(861) 516-2782,Minneapolis,MN,Midwest,1952,Male,2024-11-29,Consumer,Gold,Occasional,Yes
4257,Justin,Johnson,justin.johnson.4257@icloud.com,(470) 291-9520,Minneapolis,MN,Midwest,1950,Male,2023-05-09,Consumer,Silver,Occasional,Yes
4258,Anthony,White,anthony.white.4258@gmail.com,(733) 449-5853,Portland,OR,West,1991,Male,2024-09-09,Consumer,Platinum,Regular,No
4259,Brian,Clark,brian.clark.4259@yahoo.com,(392) 944-1856,Buffalo,NY,Northeast,1964,Male,2024-08-22,Consumer,Bronze,Occasional,Yes
4260,William,Ramirez,william.ramirez.4260@yahoo.com,(558) 957-1156,Portland,OR,West,1987,Male,2025-03-15,Consumer,Bronze,Regular,Yes
4261,Joshua,Smith,joshua.smith.4261@icloud.com,(319) 423-1307,Los Angeles,CA,West,1971,Male,2024-07-28,Enterprise,Silver,Occasional,Yes
4262,Jennifer,Torres,jennifer.torres.4262@gmail.com,(555) 686-7433,Phoenix,AZ,West,1959,Female,2024-04-25,Consumer,Bronze,Frequent,Yes
4263,Richard,Harris,richard.harris.4263@gmail.com,(325) 953-5644,Atlanta,GA,South,1965,Male,2026-08-31,Consumer,Silver,Frequent,Yes
4264,Emma,Nguyen,emma.nguyen.4264@icloud.com,(681) 734-4318,Minneapolis,MN,Midwest,1952,Female,2023-09-26,Consumer,Bronze,Regular,Yes
4265,Anthony,Miller,anthony.miller.4265@yahoo.com,(929) 397-6762,New York,NY,Northeast,1945,Male,2024-04-11,Consumer,Bronze,Occasional,Yes
4266,James,Miller,james.miller.4266@icloud.com,(601) 483-2807,Minneapolis,MN,Midwest,1997,Male,2023-01-03,Consumer,Silver,Frequent,Yes
4267,Edward,Martinez,edward.martinez.4267@protonmail.com,(341) 687-1399,Dallas,TX,South,1980,Male,2023-01-21,Consumer,Bronze,Frequent,Yes
4268,Linda,Harris,linda.harris.4268@outlook.com,(582) 436-6949,Charlotte,NC,South,1973,Female,2025-01-06,Consumer,Bronze,Frequent,Yes
4269,Barbara,Johnson,barbara.johnson.4269@yahoo.com,(213) 926-2047,Philadelphia,PA,Northeast,1998,Female,2024-11-16,Consumer,Bronze,Occasional,Yes
4270,Mary,King,mary.king.4270@outlook.com,(719) 443-5231,Orlando,FL,South,1955,Female,2023-10-26,Consumer,Silver,Regular,Yes
4271,Ashley,Harris,ashley.harris.4271@gmail.com,(573) 855-9418,Nashville,TN,South,1997,Female,2025-06-05,Consumer,Bronze,Regular,Yes
4272,Nancy,Allen,nancy.allen.4272@outlook.com,(360) 736-2394,Chicago,IL,Midwest,1997,Female,2024-02-25,Consumer,Silver,Regular,Yes
4273,Barbara,Taylor,barbara.taylor.4273@gmail.com,(831) 379-4004,Orlando,FL,South,2005,Female,2024-10-29,Small Business,Gold,Frequent,Yes
4274,Megan,Torres,megan.torres.4274@icloud.com,(413) 297-4248,Cleveland,OH,Midwest,1984,Female,2026-04-12,Consumer,Silver,Frequent,Yes
4275,Rachel,Garcia,rachel.garcia.4275@gmail.com,(348) 859-2269,Minneapolis,MN,Midwest,1990,Female,2024-06-28,Consumer,Silver,Occasional,Yes
4276,Lisa,Lopez,lisa.lopez.4276@gmail.com,(603) 633-6304,Atlanta,GA,South,1976,Female,2026-09-01,Small Business,Bronze,Regular,Yes
4277,Abigail,Lee,abigail.lee.4277@gmail.com,(882) 738-9264,Las Vegas,NV,West,1956,Female,2026-06-16,Consumer,Bronze,Occasional,Yes
4278,Amanda,Perez,amanda.perez.4278@yahoo.com,(233) 403-6696,St. Louis,MO,Midwest,1980,Female,2023-09-10,Small Business,Silver,Regular,Yes
4279,Christina,Ramirez,christina.ramirez.4279@protonmail.com,(578) 558-5643,Atlanta,GA,South,1989,Female,2025-08-21,Small Business,Silver,Regular,Yes
4280,Nicole,Scott,nicole.scott.4280@gmail.com,(406) 590-5632,Las Vegas,NV,West,1999,Female,2026-09-03,Small Business,Bronze,Frequent,Yes
4281,Kevin,Johnson,kevin.johnson.4281@gmail.com,(336) 413-6920,Atlanta,GA,South,2001,Male,2023-03-15,Consumer,Bronze,Occasional,No
4282,Elizabeth,Moore,elizabeth.moore.4282@gmail.com,(596) 293-5116,Minneapolis,MN,Midwest,1988,Female,2023-06-10,Consumer,Bronze,Occasional,Yes
4283,Daniel,Garcia,daniel.garcia.4283@yahoo.com,(514) 835-2086,Buffalo,NY,Northeast,1979,Male,2026-05-25,Consumer,Bronze,Frequent,Yes
4284,Richard,Clark,richard.clark.4284@yahoo.com,(847) 242-8061,Orlando,FL,South,1954,Male,2024-05-07,Consumer,Bronze,Regular,Yes
4285,Anthony,Hill,anthony.hill.4285@gmail.com,(676) 312-6917,Detroit,MI,Midwest,1996,Male,2024-02-10,Consumer,Platinum,Frequent,No
4286,Sarah,Torres,sarah.torres.4286@gmail.com,(508) 269-7328,Charlotte,NC,South,1983,Female,2025-10-07,Consumer,Bronze,Frequent,Yes
4287,Jessica,Johnson,jessica.johnson.4287@icloud.com,(807) 309-8852,Providence,RI,Northeast,1974,Female,2024-01-14,Small Business,Silver,Regular,Yes
4288,Jacob,Walker,jacob.walker.4288@outlook.com,(880) 246-2696,Dallas,TX,South,1949,Male,2023-03-02,Consumer,Bronze,Regular,Yes
4289,Jason,Jackson,jason.jackson.4289@gmail.com,(973) 373-6029,Nashville,TN,South,1980,Male,2025-04-17,Enterprise,Bronze,Occasional,Yes
4290,Stephanie,Sanchez,stephanie.sanchez.4290@outlook.com,(938) 650-1229,St. Louis,MO,Midwest,1956,Female,2024-04-07,Consumer,Bronze,Occasional,Yes
4291,James,Scott,james.scott.4291@icloud.com,(712) 225-1056,Cleveland,OH,Midwest,1958,Male,2024-07-22,Consumer,Bronze,Occasional,Yes
4292,Edward,Brown,edward.brown.4292@yahoo.com,(304) 981-8662,Providence,RI,Northeast,1956,Male,2023-06-27,Consumer,Bronze,Regular,No
4293,Lisa,Anderson,lisa.anderson.4293@gmail.com,(581) 965-1895,New York,NY,Northeast,1954,Female,2023-10-25,Consumer,Silver,Frequent,Yes
4294,Emma,Gonzalez,emma.gonzalez.4294@gmail.com,(576) 929-1299,Orlando,FL,South,1951,Female,2023-02-12,Small Business,Silver,Regular,Yes
4295,William,Nguyen,william.nguyen.4295@icloud.com,(661) 621-2459,Milwaukee,WI,Midwest,1978,Male,2023-10-02,Consumer,Silver,Regular,No
4296,George,Clark,george.clark.4296@protonmail.com,(214) 855-9823,Boston,MA,Northeast,1983,Male,2026-06-01,Consumer,Silver,Regular,Yes
4297,John,Wright,john.wright.4297@yahoo.com,(685) 491-6416,Providence,RI,Northeast,1949,Male,2025-04-13,Consumer,Silver,Occasional,Yes
4298,Thomas,Hernandez,thomas.hernandez.4298@icloud.com,(371) 418-1163,Miami,FL,South,1965,Male,2026-03-29,Small Business,Silver,Occasional,Yes
4299,John,Thomas,john.thomas.4299@yahoo.com,(556) 485-7733,Miami,FL,South,1949,Male,2023-12-26,Consumer,Bronze,Regular,Yes
4300,Donald,Nguyen,donald.nguyen.4300@outlook.com,(594) 206-3203,Columbus,OH,Midwest,1989,Male,2024-09-27,Consumer,Gold,Frequent,Yes
4301,Lisa,Scott,lisa.scott.4301@protonmail.com,(396) 409-6434,Atlanta,GA,South,1968,Female,2025-06-30,Consumer,Bronze,Regular,No
4302,Elizabeth,Young,elizabeth.young.4302@outlook.com,(422) 444-7298,Nashville,TN,South,2001,Female,2026-06-10,Consumer,Silver,Frequent,Yes
4303,Emma,Gonzalez,emma.gonzalez.4303@gmail.com,(682) 478-2701,Atlanta,GA,South,1973,Female,2023-12-14,Consumer,Bronze,Regular,Yes
4304,Melissa,White,melissa.white.4304@protonmail.com,(798) 719-6997,Boston,MA,Northeast,1967,Female,2025-05-15,Small Business,Bronze,Occasional,Yes
4305,Daniel,Martin,daniel.martin.4305@gmail.com,(761) 755-2645,Nashville,TN,South,2003,Male,2023-06-29,Consumer,Bronze,Regular,Yes
4306,Robert,Ramirez,robert.ramirez.4306@icloud.com,(766) 805-6596,Minneapolis,MN,Midwest,1986,Male,2023-11-01,Enterprise,Bronze,Regular,Yes
4307,Stephanie,Perez,stephanie.perez.4307@icloud.com,(968) 641-9870,Orlando,FL,South,1988,Female,2025-03-06,Consumer,Bronze,Regular,Yes
4308,Nicole,Wilson,nicole.wilson.4308@gmail.com,(317) 333-2331,Hartford,CT,Northeast,1996,Female,2023-09-09,Small Business,Silver,Regular,Yes
4309,Brandon,Perez,brandon.perez.4309@yahoo.com,(712) 947-1921,Richmond,VA,South,1982,Male,2025-07-05,Consumer,Bronze,Occasional,Yes
4310,Susan,Brown,susan.brown.4310@outlook.com,(585) 880-4192,Orlando,FL,South,1969,Female,2024-01-02,Consumer,Bronze,Frequent,Yes
4311,Brian,Walker,brian.walker.4311@icloud.com,(553) 384-2217,Richmond,VA,South,1984,Male,2023-03-02,Consumer,Bronze,Regular,Yes
4312,Margaret,Nguyen,margaret.nguyen.4312@yahoo.com,(816) 380-8652,San Francisco,CA,West,1979,Female,2025-08-18,Consumer,Bronze,Regular,Yes
4313,Sandra,Wright,sandra.wright.4313@gmail.com,(682) 503-9366,San Diego,CA,West,2005,Female,2025-04-29,Small Business,Bronze,Frequent,Yes
4314,Linda,Taylor,linda.taylor.4314@icloud.com,(382) 450-2918,Charlotte,NC,South,1973,Female,2023-10-13,Consumer,Bronze,VIP,Yes
4315,Susan,Flores,susan.flores.4315@protonmail.com,(459) 604-4944,Boston,MA,Northeast,1972,Female,2026-02-27,Consumer,Silver,Regular,Yes
4316,Paul,Moore,paul.moore.4316@gmail.com,(766) 237-6437,Charlotte,NC,South,1945,Male,2023-09-06,Small Business,Bronze,Regular,Yes
4317,Rachel,Nguyen,rachel.nguyen.4317@gmail.com,(537) 597-5697,Dallas,TX,South,2001,Female,2026-05-26,Consumer,Bronze,Regular,Yes
4318,Sandra,Martin,sandra.martin.4318@yahoo.com,(809) 955-3249,Minneapolis,MN,Midwest,1988,Female,2024-04-26,Consumer,Bronze,Regular,Yes
4319,Anthony,Brown,anthony.brown.4319@outlook.com,(739) 823-5035,Orlando,FL,South,1949,Male,2024-01-10,Consumer,Gold,Regular,Yes
4320,Kevin,Lee,kevin.lee.4320@yahoo.com,(940) 295-4917,New York,NY,Northeast,2002,Male,2025-10-29,Consumer,Silver,Occasional,Yes
4321,Jennifer,Anderson,jennifer.anderson.4321@outlook.com,(594) 509-3239,Indianapolis,IN,Midwest,1987,Female,2025-03-21,Consumer,Bronze,Occasional,Yes
4322,John,Brown,john.brown.4322@outlook.com,(860) 925-5017,Newark,NJ,Northeast,1955,Male,2025-10-13,Consumer,Bronze,VIP,Yes
4323,William,Jackson,william.jackson.4323@protonmail.com,(314) 838-3699,Orlando,FL,South,1946,Male,2024-07-28,Consumer,Bronze,Occasional,Yes
4324,Patricia,Lee,patricia.lee.4324@protonmail.com,(426) 417-6438,Atlanta,GA,South,1999,Female,2023-11-09,Consumer,Bronze,Occasional,Yes
4325,Melissa,Miller,melissa.miller.4325@icloud.com,(430) 753-7274,Nashville,TN,South,1975,Female,2023-10-27,Consumer,Bronze,Occasional,Yes
4326,Thomas,Hill,thomas.hill.4326@gmail.com,(203) 574-6803,Las Vegas,NV,West,1989,Male,2025-08-16,Consumer,Gold,Occasional,No
4327,Paul,Lee,paul.lee.4327@gmail.com,(986) 774-2344,Portland,OR,West,2000,Male,2026-03-24,Consumer,Bronze,Regular,Yes
4328,Steven,Garcia,steven.garcia.4328@icloud.com,(356) 940-8685,Charlotte,NC,South,1994,Male,2023-01-29,Small Business,Gold,Occasional,Yes
4329,Karen,Taylor,karen.taylor.4329@outlook.com,(629) 478-3054,Detroit,MI,Midwest,1972,Female,2025-11-10,Consumer,Bronze,Frequent,Yes
4330,Steven,Lewis,steven.lewis.4330@icloud.com,(503) 205-4964,Nashville,TN,South,2000,Male,2025-03-06,Small Business,Bronze,Occasional,Yes
4331,Thomas,Clark,thomas.clark.4331@outlook.com,(224) 430-1797,Buffalo,NY,Northeast,1998,Male,2025-05-10,Consumer,Bronze,Frequent,Yes
4332,Emily,Anderson,emily.anderson.4332@gmail.com,(970) 825-8253,Dallas,TX,South,1964,Female,2025-09-28,Consumer,Bronze,VIP,Yes
4333,Lauren,Ramirez,lauren.ramirez.4333@icloud.com,(765) 859-7505,Newark,NJ,Northeast,1973,Female,2024-07-31,Consumer,Bronze,Regular,Yes
4334,Linda,Wilson,linda.wilson.4334@protonmail.com,(307) 718-8827,Nashville,TN,South,1962,Female,2025-09-04,Consumer,Silver,Frequent,No
4335,Rachel,Miller,rachel.miller.4335@outlook.com,(285) 295-5549,Portland,OR,West,1952,Female,2024-03-11,Consumer,Bronze,Regular,Yes
4336,Emily,Anderson,emily.anderson.4336@protonmail.com,(594) 655-4792,Providence,RI,Northeast,1954,Female,2025-04-01,Consumer,Bronze,Occasional,No
4337,Nicole,Anderson,nicole.anderson.4337@yahoo.com,(378) 942-1322,Richmond,VA,South,1991,Female,2026-01-14,Small Business,Silver,Regular,Yes
4338,Melissa,Thompson,melissa.thompson.4338@icloud.com,(875) 505-9811,Indianapolis,IN,Midwest,1979,Female,2025-04-01,Small Business,Gold,Occasional,Yes
4339,Barbara,Rodriguez,barbara.rodriguez.4339@icloud.com,(971) 324-8771,Buffalo,NY,Northeast,1993,Female,2023-09-07,Consumer,Bronze,Occasional,Yes
4340,Linda,Anderson,linda.anderson.4340@icloud.com,(578) 966-6517,Minneapolis,MN,Midwest,1992,Female,2026-04-27,Consumer,Bronze,Occasional,No
4341,Stephanie,Flores,stephanie.flores.4341@icloud.com,(294) 737-3530,Indianapolis,IN,Midwest,1983,Female,2025-05-11,Consumer,Silver,Regular,Yes
4342,Thomas,Lewis,thomas.lewis.4342@protonmail.com,(728) 512-6399,Denver,CO,West,1974,Male,2025-06-07,Consumer,Gold,Occasional,Yes
4343,Mary,Ramirez,mary.ramirez.4343@icloud.com,(296) 775-3846,Dallas,TX,South,1989,Female,2023-07-10,Consumer,Bronze,Regular,Yes
4344,Elizabeth,Lee,elizabeth.lee.4344@yahoo.com,(652) 630-1877,Boston,MA,Northeast,1949,Female,2023-08-13,Consumer,Bronze,Occasional,Yes
4345,Mary,Anderson,mary.anderson.4345@gmail.com,(247) 639-9260,San Diego,CA,West,1990,Female,2023-10-19,Small Business,Bronze,Regular,Yes
4346,Charles,Martinez,charles.martinez.4346@protonmail.com,(592) 835-3139,Nashville,TN,South,2001,Male,2024-11-28,Consumer,Gold,Frequent,Yes
4347,Stephanie,Sanchez,stephanie.sanchez.4347@outlook.com,(481) 353-8331,Denver,CO,West,1972,Female,2025-10-26,Consumer,Bronze,Occasional,Yes
4348,Christopher,Wilson,christopher.wilson.4348@outlook.com,(710) 746-8883,Detroit,MI,Midwest,2000,Male,2024-11-02,Consumer,Bronze,Occasional,No
4349,Stephanie,Hernandez,stephanie.hernandez.4349@icloud.com,(655) 832-6977,Buffalo,NY,Northeast,1947,Female,2025-08-07,Small Business,Bronze,Occasional,Yes
4350,Lisa,Hill,lisa.hill.4350@yahoo.com,(727) 978-5462,Houston,TX,South,1960,Female,2025-05-08,Small Business,Bronze,Occasional,Yes
4351,Robert,Jackson,robert.jackson.4351@protonmail.com,(461) 783-2790,Buffalo,NY,Northeast,1983,Male,2024-04-29,Enterprise,Bronze,Occasional,Yes
4352,Daniel,Lewis,daniel.lewis.4352@protonmail.com,(229) 769-8681,Phoenix,AZ,West,1980,Prefer not to say,2026-02-28,Consumer,Bronze,Regular,Yes
4353,Andrew,Johnson,andrew.johnson.4353@outlook.com,(952) 222-7478,Nashville,TN,South,1960,Male,2025-11-15,Consumer,Bronze,Frequent,Yes
4354,Stephanie,Johnson,stephanie.johnson.4354@yahoo.com,(961) 356-8674,Houston,TX,South,1997,Female,2023-11-11,Small Business,Bronze,Occasional,Yes
4355,Abigail,Harris,abigail.harris.4355@icloud.com,(464) 442-1314,Las Vegas,NV,West,1959,Female,2026-04-05,Consumer,Bronze,Frequent,Yes
4356,Anthony,Harris,anthony.harris.4356@gmail.com,(362) 819-3579,Chicago,IL,Midwest,1955,Male,2025-10-01,Consumer,Bronze,Regular,Yes
4357,Michael,Allen,michael.allen.4357@gmail.com,(451) 915-5296,Denver,CO,West,1960,Male,2025-12-14,Consumer,Bronze,Regular,Yes
4358,Megan,Scott,megan.scott.4358@yahoo.com,(785) 955-5290,Orlando,FL,South,1956,Female,2023-11-10,Consumer,Bronze,Occasional,Yes
4359,Brandon,Walker,brandon.walker.4359@icloud.com,(260) 507-5892,Richmond,VA,South,1956,Male,2026-07-23,Small Business,Gold,Regular,Yes
4360,Matthew,Rodriguez,matthew.rodriguez.4360@gmail.com,(721) 542-1942,Boston,MA,Northeast,1945,Male,2024-11-01,Enterprise,Bronze,Regular,No
4361,Emily,Hill,emily.hill.4361@protonmail.com,(916) 979-1854,Columbus,OH,Midwest,2001,Female,2024-04-27,Consumer,Gold,Regular,No
4362,Susan,Johnson,susan.johnson.4362@icloud.com,(334) 878-3584,Charlotte,NC,South,1953,Female,2025-09-14,Consumer,Gold,Regular,Yes
4363,Robert,Flores,robert.flores.4363@gmail.com,(882) 970-3103,Pittsburgh,PA,Northeast,1955,Male,2025-12-03,Consumer,Silver,Regular,Yes
4364,Thomas,Gonzalez,thomas.gonzalez.4364@protonmail.com,(441) 401-6858,Houston,TX,South,1949,Male,2026-04-29,Consumer,Gold,Regular,Yes
4365,Melissa,Martinez,melissa.martinez.4365@outlook.com,(853) 694-1991,Philadelphia,PA,Northeast,1981,Female,2023-12-01,Consumer,Silver,Regular,Yes
4366,Melissa,Torres,melissa.torres.4366@protonmail.com,(831) 862-6171,San Diego,CA,West,1972,Female,2026-04-06,Consumer,Silver,Occasional,Yes
4367,William,Wright,william.wright.4367@protonmail.com,(973) 754-1085,Philadelphia,PA,Northeast,1950,Male,2024-06-13,Consumer,Silver,Regular,No
4368,Jennifer,Lee,jennifer.lee.4368@gmail.com,(630) 818-5181,Charlotte,NC,South,1989,Female,2024-10-06,Small Business,Bronze,Occasional,Yes
4369,James,Miller,james.miller.4369@icloud.com,(574) 380-8222,Detroit,MI,Midwest,1989,Nonbinary,2023-10-07,Consumer,Bronze,Regular,Yes
4370,Susan,Clark,susan.clark.4370@yahoo.com,(417) 520-4288,Dallas,TX,South,1974,Female,2025-03-08,Consumer,Bronze,VIP,Yes
4371,Jennifer,Scott,jennifer.scott.4371@icloud.com,(668) 347-8940,New York,NY,Northeast,1998,Female,2023-09-26,Consumer,Bronze,Frequent,Yes
4372,David,Torres,david.torres.4372@protonmail.com,(308) 965-6761,Providence,RI,Northeast,1987,Male,2026-07-28,Enterprise,Bronze,Occasional,Yes
4373,Donald,Lewis,donald.lewis.4373@outlook.com,(867) 798-3362,Phoenix,AZ,West,2004,Male,2024-09-01,Enterprise,Bronze,Regular,Yes
4374,Robert,Lopez,robert.lopez.4374@outlook.com,(773) 902-1554,Orlando,FL,South,1970,Male,2023-10-14,Enterprise,Bronze,Occasional,Yes
4375,Nancy,Johnson,nancy.johnson.4375@icloud.com,(632) 830-7906,Detroit,MI,Midwest,1974,Female,2026-01-23,Consumer,Bronze,Occasional,Yes
4376,Jessica,King,jessica.king.4376@gmail.com,(630) 564-2971,Richmond,VA,South,2000,Female,2024-11-02,Small Business,Bronze,Occasional,Yes
4377,Stephanie,Garcia,stephanie.garcia.4377@outlook.com,(843) 443-5014,Nashville,TN,South,1954,Female,2026-07-20,Enterprise,Silver,Regular,Yes
4378,Sophia,Perez,sophia.perez.4378@outlook.com,(303) 689-8390,Atlanta,GA,South,1948,Female,2024-10-18,Consumer,Bronze,Frequent,Yes
4379,Jason,Smith,jason.smith.4379@gmail.com,(940) 302-4628,San Francisco,CA,West,1970,Male,2026-02-28,Consumer,Gold,Occasional,Yes
4380,Ashley,Gonzalez,ashley.gonzalez.4380@gmail.com,(371) 219-6953,Atlanta,GA,South,1984,Female,2025-08-08,Consumer,Gold,Frequent,Yes
4381,Emma,Perez,emma.perez.4381@gmail.com,(428) 616-7876,Indianapolis,IN,Midwest,1997,Female,2026-08-08,Consumer,Silver,Occasional,Yes
4382,Amanda,Clark,amanda.clark.4382@protonmail.com,(218) 549-7094,Philadelphia,PA,Northeast,1965,Female,2024-07-14,Small Business,Bronze,Occasional,Yes
4383,Patricia,Hernandez,patricia.hernandez.4383@icloud.com,(945) 445-4608,Los Angeles,CA,West,1968,Female,2025-11-02,Consumer,Bronze,Occasional,Yes
4384,Charles,Wright,charles.wright.4384@yahoo.com,(347) 335-6526,Dallas,TX,South,1965,Male,2026-03-31,Small Business,Bronze,Regular,Yes
4385,David,Moore,david.moore.4385@icloud.com,(227) 666-6819,Hartford,CT,Northeast,1950,Male,2024-07-20,Small Business,Bronze,Occasional,Yes
4386,Betty,White,betty.white.4386@yahoo.com,(441) 434-7094,San Diego,CA,West,1961,Female,2025-10-27,Small Business,Gold,Regular,No
4387,Lauren,Ramirez,lauren.ramirez.4387@gmail.com,(936) 226-1585,Cleveland,OH,Midwest,1991,Female,2026-05-21,Consumer,Gold,Occasional,Yes
4388,Lisa,Allen,lisa.allen.4388@outlook.com,(508) 234-3575,Dallas,TX,South,1994,Female,2024-01-01,Consumer,Bronze,Regular,Yes
4389,Nicole,Allen,nicole.allen.4389@icloud.com,(205) 915-1519,Portland,OR,West,1985,Female,2025-09-24,Consumer,Silver,VIP,Yes
4390,Jason,King,jason.king.4390@icloud.com,(683) 712-9946,Richmond,VA,South,2002,Male,2023-08-04,Consumer,Bronze,Frequent,No
4391,George,Moore,george.moore.4391@outlook.com,(721) 276-5181,St. Louis,MO,Midwest,2003,Male,2024-01-18,Consumer,Bronze,Occasional,Yes
4392,Anthony,Torres,anthony.torres.4392@yahoo.com,(313) 763-9561,Miami,FL,South,2005,Male,2026-02-26,Consumer,Gold,Regular,Yes
4393,Mary,Martinez,mary.martinez.4393@yahoo.com,(819) 658-6240,Miami,FL,South,1963,Female,2025-07-28,Consumer,Gold,Frequent,No
4394,Paul,Wright,paul.wright.4394@protonmail.com,(871) 871-3354,New York,NY,Northeast,2005,Male,2024-06-07,Consumer,Bronze,Occasional,Yes
4395,William,Robinson,william.robinson.4395@protonmail.com,(806) 374-2521,Philadelphia,PA,Northeast,1988,Male,2024-03-20,Consumer,Gold,Occasional,Yes
4396,Lisa,Williams,lisa.williams.4396@yahoo.com,(934) 999-6724,Nashville,TN,South,1949,Female,2023-04-10,Consumer,Bronze,Regular,Yes
4397,Mark,Moore,mark.moore.4397@protonmail.com,(457) 458-1840,Miami,FL,South,1985,Male,2023-08-06,Consumer,Bronze,Frequent,Yes
4398,Margaret,Rodriguez,margaret.rodriguez.4398@outlook.com,(348) 345-3552,Orlando,FL,South,1962,Female,2023-10-13,Small Business,Bronze,VIP,Yes
4399,Richard,Robinson,richard.robinson.4399@yahoo.com,(846) 664-9254,Dallas,TX,South,1955,Male,2025-04-17,Consumer,Silver,Occasional,Yes
4400,Steven,Gonzalez,steven.gonzalez.4400@gmail.com,(948) 596-1089,San Francisco,CA,West,1964,Male,2024-05-27,Enterprise,Bronze,Regular,No
4401,Betty,Young,betty.young.4401@icloud.com,(604) 374-4336,Charlotte,NC,South,1987,Female,2026-06-23,Consumer,Bronze,Frequent,Yes
4402,Rebecca,Ramirez,rebecca.ramirez.4402@outlook.com,(480) 777-8705,Pittsburgh,PA,Northeast,1948,Female,2024-08-12,Consumer,Bronze,Regular,Yes
4403,Megan,Allen,megan.allen.4403@icloud.com,(501) 456-3902,Richmond,VA,South,1962,Female,2025-11-16,Enterprise,Bronze,Regular,Yes
4404,John,Miller,john.miller.4404@protonmail.com,(224) 640-9502,Orlando,FL,South,1965,Male,2026-01-24,Consumer,Gold,Frequent,Yes
4405,Steven,Wright,steven.wright.4405@gmail.com,(811) 274-3062,Richmond,VA,South,1957,Male,2025-10-27,Small Business,Bronze,Regular,Yes
4406,Daniel,King,daniel.king.4406@yahoo.com,(286) 334-1166,Las Vegas,NV,West,1964,Male,2023-01-25,Consumer,Gold,Occasional,No
4407,Emma,Hill,emma.hill.4407@gmail.com,(483) 612-5764,Orlando,FL,South,1954,Female,2026-01-11,Consumer,Bronze,Occasional,Yes
4408,Thomas,Ramirez,thomas.ramirez.4408@icloud.com,(421) 210-9360,Nashville,TN,South,1958,Male,2024-05-18,Consumer,Silver,Occasional,Yes
4409,Melissa,Flores,melissa.flores.4409@protonmail.com,(918) 200-7716,Detroit,MI,Midwest,1996,Nonbinary,2023-10-29,Consumer,Bronze,Frequent,Yes
4410,Olivia,Wilson,olivia.wilson.4410@yahoo.com,(720) 403-2300,Milwaukee,WI,Midwest,1948,Female,2025-10-22,Consumer,Bronze,Occasional,Yes
4411,Mark,Hill,mark.hill.4411@icloud.com,(725) 452-3817,Newark,NJ,Northeast,1977,Male,2025-12-20,Enterprise,Bronze,Frequent,Yes
4412,Paul,Martinez,paul.martinez.4412@gmail.com,(506) 320-8547,Cleveland,OH,Midwest,2004,Male,2023-04-30,Small Business,Silver,Regular,Yes
4413,Megan,Lee,megan.lee.4413@gmail.com,(585) 623-7916,Milwaukee,WI,Midwest,2000,Female,2024-05-16,Consumer,Bronze,Frequent,Yes
4414,Elizabeth,Rodriguez,elizabeth.rodriguez.4414@gmail.com,(963) 834-1277,Milwaukee,WI,Midwest,1979,Female,2024-10-10,Small Business,Gold,Regular,Yes
4415,Stephanie,Rodriguez,stephanie.rodriguez.4415@yahoo.com,(984) 431-9689,Houston,TX,South,1964,Female,2025-06-12,Consumer,Bronze,Occasional,Yes
4416,Mary,Williams,mary.williams.4416@icloud.com,(305) 513-7567,Orlando,FL,South,1997,Female,2025-03-08,Consumer,Bronze,Regular,Yes
4417,Amanda,Martinez,amanda.martinez.4417@protonmail.com,(428) 675-7242,Atlanta,GA,South,2000,Female,2026-01-13,Consumer,Gold,Regular,Yes
4418,Ashley,Scott,ashley.scott.4418@icloud.com,(400) 609-3602,Milwaukee,WI,Midwest,1990,Female,2024-09-29,Small Business,Silver,Occasional,Yes
4419,Justin,Wilson,justin.wilson.4419@protonmail.com,(627) 553-5487,St. Louis,MO,Midwest,1990,Male,2024-07-04,Consumer,Gold,Occasional,Yes
4420,Christina,Allen,christina.allen.4420@outlook.com,(541) 543-6656,Houston,TX,South,1996,Female,2023-10-07,Consumer,Bronze,Regular,Yes
4421,Sophia,Torres,sophia.torres.4421@outlook.com,(600) 516-5410,Dallas,TX,South,1972,Female,2024-06-08,Consumer,Bronze,Occasional,Yes
4422,Abigail,Nguyen,abigail.nguyen.4422@outlook.com,(937) 865-5403,Cleveland,OH,Midwest,1959,Female,2023-10-26,Consumer,Silver,Occasional,No
4423,Patricia,Hernandez,patricia.hernandez.4423@gmail.com,(502) 902-5629,Richmond,VA,South,1961,Female,2024-03-16,Consumer,Bronze,Frequent,Yes
4424,Margaret,Williams,margaret.williams.4424@outlook.com,(319) 807-1271,Minneapolis,MN,Midwest,1985,Female,2025-07-09,Consumer,Gold,Occasional,Yes
4425,Amanda,Brown,amanda.brown.4425@outlook.com,(764) 644-9365,Indianapolis,IN,Midwest,1950,Female,2024-12-14,Consumer,Bronze,Occasional,Yes
4426,Emily,Jones,emily.jones.4426@icloud.com,(543) 421-8431,Newark,NJ,Northeast,1958,Female,2025-01-30,Consumer,Bronze,Regular,No
4427,Megan,Lee,megan.lee.4427@protonmail.com,(664) 910-3262,Portland,OR,West,1947,Female,2025-09-03,Consumer,Bronze,Regular,Yes
4428,George,White,george.white.4428@gmail.com,(618) 423-7059,Charlotte,NC,South,1998,Male,2024-12-16,Consumer,Silver,Frequent,Yes
4429,Mark,Hill,mark.hill.4429@outlook.com,(511) 893-1664,Cleveland,OH,Midwest,1973,Prefer not to say,2026-02-16,Small Business,Bronze,Regular,Yes
4430,Sarah,Walker,sarah.walker.4430@protonmail.com,(496) 742-7684,Orlando,FL,South,1990,Female,2024-08-23,Consumer,Bronze,Occasional,Yes
4431,Rachel,Johnson,rachel.johnson.4431@icloud.com,(896) 510-8600,Orlando,FL,South,1992,Female,2026-06-09,Small Business,Bronze,Occasional,Yes
4432,David,Young,david.young.4432@protonmail.com,(978) 890-7604,Los Angeles,CA,West,1950,Male,2025-09-09,Consumer,Gold,Frequent,Yes
4433,Brian,Davis,brian.davis.4433@icloud.com,(466) 478-3309,Boston,MA,Northeast,1970,Male,2025-01-31,Consumer,Silver,Occasional,Yes
4434,Brian,Martinez,brian.martinez.4434@protonmail.com,(717) 876-3868,Miami,FL,South,1971,Male,2026-04-17,Consumer,Gold,Occasional,Yes
4435,Jacob,Garcia,jacob.garcia.4435@protonmail.com,(619) 978-1278,Pittsburgh,PA,Northeast,1977,Male,2025-07-18,Small Business,Silver,Occasional,No
4436,Mary,Harris,mary.harris.4436@icloud.com,(957) 833-5756,Portland,OR,West,1963,Female,2023-10-10,Enterprise,Bronze,Regular,No
4437,Megan,Martin,megan.martin.4437@protonmail.com,(992) 876-1162,Atlanta,GA,South,1959,Female,2025-06-28,Consumer,Bronze,Regular,Yes
4438,Susan,Lopez,susan.lopez.4438@outlook.com,(244) 844-9825,Phoenix,AZ,West,1992,Female,2024-03-12,Consumer,Gold,VIP,No
4439,Brandon,Lee,brandon.lee.4439@outlook.com,(996) 411-6268,Hartford,CT,Northeast,1960,Male,2026-03-22,Small Business,Bronze,Occasional,Yes
4440,Nicole,Perez,nicole.perez.4440@protonmail.com,(973) 449-1516,Dallas,TX,South,1989,Female,2025-12-02,Consumer,Gold,Frequent,Yes
4441,Rebecca,Williams,rebecca.williams.4441@protonmail.com,(866) 661-9737,Providence,RI,Northeast,1965,Female,2026-03-14,Small Business,Bronze,Regular,Yes
4442,Jacob,Moore,jacob.moore.4442@protonmail.com,(465) 346-5598,New York,NY,Northeast,1966,Male,2024-02-29,Small Business,Bronze,Occasional,Yes
4443,Sarah,White,sarah.white.4443@outlook.com,(977) 277-1592,Miami,FL,South,1967,Female,2025-04-15,Consumer,Bronze,Regular,Yes
4444,Matthew,Jones,matthew.jones.4444@gmail.com,(808) 937-2452,Denver,CO,West,1945,Male,2023-05-05,Small Business,Bronze,Occasional,Yes
4445,Patricia,Rodriguez,patricia.rodriguez.4445@gmail.com,(206) 242-6683,Buffalo,NY,Northeast,1991,Female,2023-12-27,Consumer,Bronze,Regular,Yes
4446,Matthew,Miller,matthew.miller.4446@outlook.com,(502) 840-6831,Cleveland,OH,Midwest,1981,Male,2025-09-27,Small Business,Silver,Regular,Yes
4447,Betty,Ramirez,betty.ramirez.4447@outlook.com,(219) 903-8824,Cleveland,OH,Midwest,1978,Female,2026-01-28,Consumer,Silver,Occasional,Yes
4448,Steven,Gonzalez,steven.gonzalez.4448@icloud.com,(285) 790-7493,Milwaukee,WI,Midwest,1962,Male,2026-07-19,Consumer,Bronze,Regular,Yes
4449,Brian,Gonzalez,brian.gonzalez.4449@protonmail.com,(742) 518-7586,Dallas,TX,South,1984,Male,2026-05-06,Consumer,Bronze,Frequent,Yes
4450,Christopher,Lopez,christopher.lopez.4450@yahoo.com,(361) 997-4311,Buffalo,NY,Northeast,1972,Nonbinary,2023-04-27,Small Business,Bronze,Regular,Yes
4451,Rebecca,White,rebecca.white.4451@protonmail.com,(310) 656-4720,Houston,TX,South,2002,Female,2023-06-20,Consumer,Bronze,Frequent,No
4452,Rachel,Smith,rachel.smith.4452@protonmail.com,(644) 451-1232,Charlotte,NC,South,1999,Female,2025-07-18,Consumer,Bronze,Occasional,Yes
4453,Nancy,Ramirez,nancy.ramirez.4453@outlook.com,(488) 621-5488,Los Angeles,CA,West,1996,Female,2024-08-28,Consumer,Bronze,Regular,Yes
4454,Elizabeth,Martin,elizabeth.martin.4454@outlook.com,(546) 436-1621,San Francisco,CA,West,1975,Female,2024-06-03,Consumer,Bronze,Occasional,Yes
4455,Betty,Walker,betty.walker.4455@yahoo.com,(816) 948-5779,Boston,MA,Northeast,1999,Female,2025-03-15,Consumer,Bronze,Regular,Yes
4456,Lisa,Perez,lisa.perez.4456@gmail.com,(500) 915-4320,Dallas,TX,South,1995,Female,2026-01-10,Consumer,Silver,Occasional,Yes
4457,Abigail,Perez,abigail.perez.4457@protonmail.com,(356) 286-2565,Richmond,VA,South,1959,Female,2023-10-12,Consumer,Bronze,Occasional,Yes
4458,Megan,Walker,megan.walker.4458@gmail.com,(527) 670-6481,Nashville,TN,South,1980,Female,2026-07-25,Enterprise,Bronze,Occasional,Yes
4459,Olivia,Allen,olivia.allen.4459@yahoo.com,(903) 974-6743,Nashville,TN,South,2000,Female,2024-01-03,Consumer,Bronze,Regular,Yes
4460,Emma,Gonzalez,emma.gonzalez.4460@outlook.com,(222) 627-8826,Denver,CO,West,1989,Female,2024-02-21,Enterprise,Bronze,Regular,Yes
4461,Christina,Johnson,christina.johnson.4461@gmail.com,(697) 448-7619,Providence,RI,Northeast,1973,Female,2024-06-19,Consumer,Bronze,Occasional,Yes
4462,Emily,Walker,emily.walker.4462@protonmail.com,(497) 852-9691,Richmond,VA,South,1999,Female,2025-12-27,Small Business,Bronze,Regular,Yes
4463,Rachel,Hernandez,rachel.hernandez.4463@outlook.com,(703) 284-4877,Minneapolis,MN,Midwest,1995,Female,2023-10-21,Small Business,Gold,Frequent,Yes
4464,Matthew,Williams,matthew.williams.4464@gmail.com,(468) 733-4927,Chicago,IL,Midwest,1958,Male,2024-03-21,Consumer,Bronze,Regular,Yes
4465,Karen,Perez,karen.perez.4465@yahoo.com,(228) 653-6361,Dallas,TX,South,1997,Female,2026-01-20,Consumer,Bronze,Regular,No
4466,Joshua,Garcia,joshua.garcia.4466@yahoo.com,(852) 560-5965,Las Vegas,NV,West,1957,Male,2025-05-22,Consumer,Silver,Regular,No
4467,Sarah,Allen,sarah.allen.4467@protonmail.com,(342) 416-4368,Dallas,TX,South,2005,Female,2023-11-11,Consumer,Gold,Occasional,Yes
4468,Sophia,Anderson,sophia.anderson.4468@icloud.com,(648) 295-2297,New York,NY,Northeast,1984,Female,2025-12-27,Enterprise,Silver,Regular,Yes
4469,George,Hill,george.hill.4469@gmail.com,(439) 447-1048,Richmond,VA,South,1969,Male,2023-01-19,Consumer,Bronze,Regular,Yes
4470,George,Clark,george.clark.4470@yahoo.com,(536) 672-6229,Providence,RI,Northeast,1956,Male,2024-05-27,Consumer,Bronze,Occasional,Yes
4471,Patricia,Ramirez,patricia.ramirez.4471@gmail.com,(490) 429-8712,Pittsburgh,PA,Northeast,1954,Female,2025-07-15,Consumer,Bronze,Occasional,Yes
4472,Nancy,King,nancy.king.4472@yahoo.com,(327) 899-4550,Hartford,CT,Northeast,1988,Female,2025-05-16,Consumer,Bronze,Occasional,Yes
4473,Richard,Wright,richard.wright.4473@gmail.com,(272) 757-2175,Boston,MA,Northeast,1964,Male,2023-07-23,Small Business,Bronze,VIP,No
4474,Christina,Scott,christina.scott.4474@icloud.com,(570) 241-4536,Orlando,FL,South,1956,Female,2025-08-16,Enterprise,Bronze,Regular,Yes
4475,Brandon,Thomas,brandon.thomas.4475@gmail.com,(511) 483-4584,Miami,FL,South,1965,Male,2026-05-28,Consumer,Gold,Occasional,No
4476,Edward,Nguyen,edward.nguyen.4476@yahoo.com,(685) 891-8241,Milwaukee,WI,Midwest,1951,Male,2023-08-27,Consumer,Silver,Occasional,Yes
4477,Jacob,Young,jacob.young.4477@yahoo.com,(739) 633-6678,Detroit,MI,Midwest,2003,Male,2023-06-22,Consumer,Bronze,Regular,Yes
4478,Megan,Wright,megan.wright.4478@yahoo.com,(633) 250-9396,Orlando,FL,South,1986,Female,2024-07-24,Small Business,Bronze,Frequent,Yes
4479,Donald,Young,donald.young.4479@icloud.com,(656) 568-7515,Miami,FL,South,1960,Male,2025-01-19,Consumer,Bronze,Regular,No
4480,Steven,Miller,steven.miller.4480@gmail.com,(285) 815-2683,Charlotte,NC,South,1967,Male,2024-12-20,Consumer,Gold,Regular,Yes
4481,William,Miller,william.miller.4481@icloud.com,(711) 529-4474,Denver,CO,West,1981,Male,2024-05-11,Consumer,Silver,Frequent,Yes
4482,Linda,Lewis,linda.lewis.4482@yahoo.com,(732) 725-8160,Boston,MA,Northeast,1947,Female,2023-06-30,Consumer,Bronze,Regular,Yes
4483,Megan,Miller,megan.miller.4483@yahoo.com,(453) 836-7680,Richmond,VA,South,1977,Female,2023-11-20,Small Business,Bronze,Regular,No
4484,Nathan,Scott,nathan.scott.4484@protonmail.com,(781) 627-4164,San Diego,CA,West,1992,Male,2025-10-26,Small Business,Bronze,Regular,Yes
4485,George,Gonzalez,george.gonzalez.4485@protonmail.com,(284) 392-2949,Charlotte,NC,South,1973,Male,2024-04-09,Consumer,Platinum,Occasional,Yes
4486,Jason,Clark,jason.clark.4486@icloud.com,(620) 219-9547,Atlanta,GA,South,1964,Male,2026-06-01,Consumer,Bronze,Frequent,Yes
4487,Margaret,Martinez,margaret.martinez.4487@yahoo.com,(867) 364-4986,Seattle,WA,West,2005,Female,2026-08-03,Consumer,Silver,Frequent,Yes
4488,Jennifer,Hill,jennifer.hill.4488@outlook.com,(636) 389-7201,Columbus,OH,Midwest,1968,Female,2026-04-14,Consumer,Bronze,Regular,Yes
4489,John,Walker,john.walker.4489@protonmail.com,(941) 588-9354,Richmond,VA,South,1979,Male,2026-06-15,Consumer,Gold,Occasional,Yes
4490,Steven,Miller,steven.miller.4490@outlook.com,(628) 431-8015,Newark,NJ,Northeast,1947,Male,2024-06-24,Consumer,Bronze,Occasional,Yes
4491,Charles,Rodriguez,charles.rodriguez.4491@gmail.com,(601) 666-3092,Philadelphia,PA,Northeast,1948,Male,2023-02-04,Consumer,Silver,Occasional,Yes
4492,George,Jones,george.jones.4492@icloud.com,(483) 501-8083,Indianapolis,IN,Midwest,1997,Nonbinary,2023-08-26,Consumer,Silver,Regular,Yes
4493,Linda,Clark,linda.clark.4493@outlook.com,(986) 949-6288,Newark,NJ,Northeast,1989,Female,2023-02-17,Consumer,Silver,Regular,Yes
4494,Anthony,Rodriguez,anthony.rodriguez.4494@icloud.com,(982) 579-4434,Orlando,FL,South,1984,Male,2023-10-06,Consumer,Silver,Frequent,No
4495,Nancy,Sanchez,nancy.sanchez.4495@outlook.com,(668) 540-1020,Pittsburgh,PA,Northeast,1948,Female,2024-10-09,Consumer,Gold,Regular,Yes
4496,Thomas,Allen,thomas.allen.4496@protonmail.com,(381) 464-5509,Dallas,TX,South,1985,Male,2024-06-28,Consumer,Bronze,VIP,Yes
4497,Jennifer,Young,jennifer.young.4497@gmail.com,(576) 313-3072,Chicago,IL,Midwest,1956,Female,2023-04-11,Consumer,Bronze,Occasional,Yes
4498,Robert,Martinez,robert.martinez.4498@icloud.com,(265) 837-2172,Charlotte,NC,South,2001,Male,2024-01-06,Consumer,Bronze,Occasional,Yes
4499,Ryan,Anderson,ryan.anderson.4499@gmail.com,(356) 805-2313,Seattle,WA,West,1954,Male,2026-07-26,Small Business,Bronze,Regular,Yes
4500,Charles,Taylor,charles.taylor.4500@yahoo.com,(697) 792-6129,Richmond,VA,South,1946,Male,2025-07-01,Small Business,Bronze,VIP,Yes
4501,George,Lee,george.lee.4501@protonmail.com,(992) 896-8776,Los Angeles,CA,West,1972,Male,2024-05-23,Consumer,Bronze,Occasional,Yes
4502,Anthony,Davis,anthony.davis.4502@protonmail.com,(844) 631-8597,Providence,RI,Northeast,1952,Male,2023-06-28,Consumer,Silver,Frequent,Yes
4503,Michael,Martin,michael.martin.4503@gmail.com,(880) 276-3014,Miami,FL,South,1971,Male,2026-02-14,Consumer,Bronze,Regular,Yes
4504,Barbara,Jones,barbara.jones.4504@icloud.com,(931) 839-6239,Orlando,FL,South,1984,Female,2026-03-21,Consumer,Bronze,Regular,Yes
4505,David,Allen,david.allen.4505@gmail.com,(983) 777-4501,Cleveland,OH,Midwest,1961,Male,2023-06-22,Small Business,Bronze,VIP,Yes
4506,Edward,White,edward.white.4506@protonmail.com,(934) 746-3365,San Diego,CA,West,1969,Male,2026-06-05,Consumer,Bronze,Occasional,Yes
4507,Charles,Martin,charles.martin.4507@icloud.com,(676) 987-5363,Denver,CO,West,1978,Male,2025-08-06,Consumer,Bronze,Regular,No
4508,Nancy,Gonzalez,nancy.gonzalez.4508@icloud.com,(298) 499-1015,Houston,TX,South,1955,Female,2024-12-31,Consumer,Bronze,Occasional,Yes
4509,Linda,Lee,linda.lee.4509@icloud.com,(823) 653-3840,Minneapolis,MN,Midwest,1971,Female,2025-01-13,Consumer,Bronze,Regular,Yes
4510,Stephanie,Garcia,stephanie.garcia.4510@outlook.com,(488) 501-3844,Miami,FL,South,1947,Prefer not to say,2025-05-10,Consumer,Bronze,Occasional,Yes
4511,Mark,Jackson,mark.jackson.4511@outlook.com,(922) 277-5613,Cleveland,OH,Midwest,1947,Nonbinary,2025-04-02,Consumer,Bronze,Frequent,Yes
4512,David,Taylor,david.taylor.4512@yahoo.com,(965) 501-3645,Buffalo,NY,Northeast,1988,Male,2024-08-05,Small Business,Bronze,Regular,Yes
4513,Paul,Hill,paul.hill.4513@yahoo.com,(806) 437-4439,Miami,FL,South,1993,Male,2023-09-13,Consumer,Silver,Occasional,Yes
4514,Sophia,Lopez,sophia.lopez.4514@yahoo.com,(536) 962-4364,Columbus,OH,Midwest,1948,Female,2023-03-11,Small Business,Gold,Frequent,Yes
4515,Patricia,Jackson,patricia.jackson.4515@protonmail.com,(423) 233-9888,Miami,FL,South,1968,Female,2023-12-11,Consumer,Gold,Regular,Yes
4516,Linda,Jones,linda.jones.4516@yahoo.com,(774) 943-9478,Orlando,FL,South,1989,Female,2026-05-12,Consumer,Gold,VIP,Yes
4517,Anthony,Jones,anthony.jones.4517@yahoo.com,(688) 817-1200,Charlotte,NC,South,1954,Male,2023-06-22,Small Business,Bronze,Regular,Yes
4518,Emma,Martin,emma.martin.4518@protonmail.com,(264) 793-4428,Chicago,IL,Midwest,1985,Female,2023-05-05,Consumer,Silver,Frequent,Yes
4519,Andrew,Young,andrew.young.4519@gmail.com,(531) 278-9065,Pittsburgh,PA,Northeast,1981,Male,2025-06-19,Consumer,Silver,Regular,Yes
4520,Rebecca,Hernandez,rebecca.hernandez.4520@protonmail.com,(727) 210-2455,Indianapolis,IN,Midwest,1986,Female,2023-01-02,Consumer,Silver,Frequent,Yes
4521,Thomas,Harris,thomas.harris.4521@protonmail.com,(921) 735-3667,Orlando,FL,South,1992,Male,2026-06-06,Consumer,Bronze,Occasional,Yes
4522,Margaret,Hill,margaret.hill.4522@icloud.com,(721) 527-6316,Orlando,FL,South,1985,Female,2025-09-22,Consumer,Bronze,Occasional,Yes
4523,Steven,Rodriguez,steven.rodriguez.4523@outlook.com,(830) 265-5249,Houston,TX,South,1985,Male,2024-07-01,Consumer,Bronze,Regular,Yes
4524,Megan,Jackson,megan.jackson.4524@yahoo.com,(984) 716-1564,Richmond,VA,South,1982,Female,2025-05-28,Consumer,Bronze,Regular,Yes
4525,Andrew,Smith,andrew.smith.4525@icloud.com,(755) 470-2992,Houston,TX,South,1949,Male,2023-02-27,Small Business,Silver,Occasional,No
4526,Matthew,Allen,matthew.allen.4526@outlook.com,(652) 375-8049,Buffalo,NY,Northeast,1954,Male,2024-08-05,Consumer,Gold,Regular,Yes
4527,Lisa,Walker,lisa.walker.4527@yahoo.com,(419) 326-8525,Denver,CO,West,1966,Female,2024-02-25,Consumer,Silver,Regular,Yes
4528,Nicole,Garcia,nicole.garcia.4528@protonmail.com,(354) 222-3078,Providence,RI,Northeast,1985,Female,2024-04-03,Consumer,Bronze,Regular,Yes
4529,Megan,Rodriguez,megan.rodriguez.4529@outlook.com,(893) 833-8827,Milwaukee,WI,Midwest,1996,Female,2025-05-28,Consumer,Gold,Frequent,Yes
4530,Olivia,Nguyen,olivia.nguyen.4530@protonmail.com,(872) 534-6045,New York,NY,Northeast,1998,Female,2024-04-13,Small Business,Bronze,Occasional,Yes
4531,Mark,Martinez,mark.martinez.4531@icloud.com,(260) 292-5105,Nashville,TN,South,1966,Male,2024-10-04,Small Business,Bronze,Occasional,Yes
4532,Sandra,Rodriguez,sandra.rodriguez.4532@protonmail.com,(730) 246-9102,Miami,FL,South,1980,Female,2023-09-11,Consumer,Bronze,Regular,Yes
4533,Lisa,King,lisa.king.4533@outlook.com,(767) 642-2388,Hartford,CT,Northeast,1963,Female,2025-11-08,Consumer,Bronze,Occasional,Yes
4534,Margaret,Hernandez,margaret.hernandez.4534@icloud.com,(845) 821-4881,Denver,CO,West,1960,Female,2026-02-02,Small Business,Silver,Occasional,No
4535,Lauren,Thomas,lauren.thomas.4535@yahoo.com,(839) 750-4825,Chicago,IL,Midwest,1968,Female,2026-03-12,Small Business,Gold,Regular,Yes
4536,Stephanie,Thomas,stephanie.thomas.4536@gmail.com,(327) 204-4775,Dallas,TX,South,1948,Female,2023-05-11,Consumer,Bronze,Occasional,Yes
4537,David,Perez,david.perez.4537@icloud.com,(220) 816-9339,Columbus,OH,Midwest,1993,Male,2023-03-16,Consumer,Bronze,Frequent,Yes
4538,Joshua,Wilson,joshua.wilson.4538@gmail.com,(531) 632-4578,Newark,NJ,Northeast,1993,Male,2023-06-08,Consumer,Gold,Regular,Yes
4539,Brandon,Lewis,brandon.lewis.4539@icloud.com,(453) 975-8314,Los Angeles,CA,West,1979,Male,2023-04-05,Small Business,Gold,Regular,Yes
4540,Michael,Davis,michael.davis.4540@icloud.com,(888) 474-1567,Orlando,FL,South,1947,Male,2023-07-24,Consumer,Bronze,VIP,No
4541,Emma,Anderson,emma.anderson.4541@icloud.com,(686) 903-4014,Richmond,VA,South,1949,Female,2026-04-12,Consumer,Silver,Frequent,Yes
4542,Jennifer,Williams,jennifer.williams.4542@gmail.com,(602) 305-8889,Chicago,IL,Midwest,1990,Female,2025-12-20,Consumer,Bronze,VIP,Yes
4543,Jacob,Brown,jacob.brown.4543@gmail.com,(833) 473-7451,Denver,CO,West,1951,Male,2025-10-21,Consumer,Bronze,VIP,Yes
4544,Ashley,Rodriguez,ashley.rodriguez.4544@protonmail.com,(747) 835-1475,Boston,MA,Northeast,1975,Female,2025-08-21,Small Business,Bronze,Occasional,Yes
4545,Mary,Sanchez,mary.sanchez.4545@yahoo.com,(884) 385-1048,Denver,CO,West,1954,Female,2026-04-26,Consumer,Bronze,Frequent,Yes
4546,Edward,Nguyen,edward.nguyen.4546@icloud.com,(534) 614-8765,Charlotte,NC,South,1982,Male,2024-05-22,Consumer,Bronze,Regular,Yes
4547,Rebecca,Thompson,rebecca.thompson.4547@icloud.com,(918) 908-2995,Richmond,VA,South,1963,Female,2024-05-06,Consumer,Bronze,Occasional,Yes
4548,Melissa,Thompson,melissa.thompson.4548@icloud.com,(428) 507-1859,Providence,RI,Northeast,1954,Female,2025-03-12,Consumer,Bronze,Occasional,No
4549,Sophia,Lee,sophia.lee.4549@gmail.com,(516) 981-3896,Nashville,TN,South,1953,Female,2024-01-12,Consumer,Bronze,Regular,No
4550,Olivia,Clark,olivia.clark.4550@protonmail.com,(422) 826-7650,Seattle,WA,West,1979,Female,2026-01-31,Consumer,Bronze,Frequent,Yes
4551,Robert,King,robert.king.4551@gmail.com,(399) 297-7830,Miami,FL,South,1988,Male,2026-09-05,Enterprise,Bronze,Occasional,Yes
4552,George,Johnson,george.johnson.4552@protonmail.com,(606) 401-4575,Pittsburgh,PA,Northeast,1970,Male,2023-05-27,Consumer,Silver,Occasional,Yes
4553,David,Smith,david.smith.4553@icloud.com,(203) 364-4760,Atlanta,GA,South,1964,Male,2023-10-12,Consumer,Bronze,Occasional,Yes
4554,Stephanie,Allen,stephanie.allen.4554@outlook.com,(569) 675-1568,Philadelphia,PA,Northeast,1955,Female,2024-10-11,Consumer,Bronze,Regular,Yes
4555,Nicole,Wilson,nicole.wilson.4555@outlook.com,(937) 685-2826,Houston,TX,South,1992,Female,2025-08-31,Consumer,Bronze,Occasional,Yes
4556,Rachel,Miller,rachel.miller.4556@icloud.com,(746) 607-7740,Nashville,TN,South,1988,Female,2026-01-20,Small Business,Bronze,Regular,Yes
4557,Sandra,Smith,sandra.smith.4557@icloud.com,(755) 546-1362,San Diego,CA,West,1994,Female,2023-12-17,Consumer,Bronze,Occasional,Yes
4558,Nicole,Miller,nicole.miller.4558@icloud.com,(508) 420-4381,Cleveland,OH,Midwest,1969,Female,2025-11-06,Small Business,Gold,VIP,Yes
4559,Emma,Scott,emma.scott.4559@icloud.com,(621) 245-7328,Denver,CO,West,1952,Female,2024-05-02,Consumer,Gold,VIP,Yes
4560,Steven,Lopez,steven.lopez.4560@protonmail.com,(738) 475-5853,Pittsburgh,PA,Northeast,1966,Male,2023-07-20,Small Business,Bronze,Occasional,No
4561,Thomas,Thomas,thomas.thomas.4561@gmail.com,(617) 327-7303,Los Angeles,CA,West,1998,Male,2023-07-23,Consumer,Platinum,Occasional,Yes
4562,Megan,Wright,megan.wright.4562@icloud.com,(478) 774-8358,Philadelphia,PA,Northeast,1995,Female,2023-08-01,Small Business,Gold,VIP,Yes
4563,Megan,Nguyen,megan.nguyen.4563@protonmail.com,(271) 732-5842,Boston,MA,Northeast,1976,Female,2026-08-17,Consumer,Silver,Regular,Yes
4564,William,Miller,william.miller.4564@gmail.com,(402) 393-2081,Hartford,CT,Northeast,1948,Male,2025-05-11,Consumer,Gold,Occasional,No
4565,Linda,Walker,linda.walker.4565@outlook.com,(343) 601-1030,Houston,TX,South,2002,Female,2023-11-11,Consumer,Bronze,Frequent,Yes
4566,Barbara,Anderson,barbara.anderson.4566@yahoo.com,(307) 608-4241,Nashville,TN,South,1947,Female,2025-07-21,Enterprise,Silver,Occasional,Yes
4567,Melissa,Rodriguez,melissa.rodriguez.4567@icloud.com,(434) 509-8740,Atlanta,GA,South,1956,Female,2025-05-06,Small Business,Bronze,Frequent,Yes
4568,James,Martin,james.martin.4568@protonmail.com,(239) 929-3737,Orlando,FL,South,1956,Male,2025-03-13,Consumer,Bronze,Frequent,Yes
4569,Robert,Ramirez,robert.ramirez.4569@protonmail.com,(916) 893-7755,Phoenix,AZ,West,1984,Male,2023-06-10,Consumer,Silver,Occasional,Yes
4570,Nathan,Martin,nathan.martin.4570@outlook.com,(762) 492-6882,San Diego,CA,West,1964,Male,2024-12-24,Consumer,Gold,Regular,Yes
4571,Joseph,Brown,joseph.brown.4571@gmail.com,(442) 494-7677,Las Vegas,NV,West,1959,Male,2025-08-29,Enterprise,Silver,Regular,Yes
4572,Patricia,Lee,patricia.lee.4572@yahoo.com,(475) 578-3186,Indianapolis,IN,Midwest,1990,Female,2025-01-02,Consumer,Gold,Regular,Yes
4573,Steven,Thompson,steven.thompson.4573@icloud.com,(851) 983-1831,Indianapolis,IN,Midwest,1986,Male,2025-12-11,Consumer,Bronze,VIP,Yes
4574,Paul,Young,paul.young.4574@outlook.com,(685) 807-8483,Richmond,VA,South,1992,Male,2023-07-25,Consumer,Platinum,Occasional,Yes
4575,Donald,Anderson,donald.anderson.4575@icloud.com,(538) 977-9881,Denver,CO,West,1988,Male,2023-02-13,Consumer,Silver,Regular,Yes
4576,Sandra,Moore,sandra.moore.4576@icloud.com,(723) 885-1572,Houston,TX,South,1984,Female,2024-08-20,Consumer,Bronze,Regular,Yes
4577,Margaret,Lewis,margaret.lewis.4577@icloud.com,(491) 296-1410,Buffalo,NY,Northeast,1986,Female,2023-11-03,Small Business,Bronze,Regular,Yes
4578,Richard,Johnson,richard.johnson.4578@outlook.com,(658) 245-8808,Houston,TX,South,1998,Male,2023-05-13,Consumer,Bronze,Regular,Yes
4579,Sandra,Martinez,sandra.martinez.4579@protonmail.com,(377) 819-3126,Boston,MA,Northeast,1979,Nonbinary,2025-04-06,Consumer,Bronze,Frequent,Yes
4580,Karen,Robinson,karen.robinson.4580@protonmail.com,(711) 965-1180,Richmond,VA,South,2000,Female,2023-10-28,Enterprise,Bronze,Occasional,No
4581,Christopher,Taylor,christopher.taylor.4581@yahoo.com,(271) 413-9404,Indianapolis,IN,Midwest,1945,Male,2024-11-06,Consumer,Gold,Regular,Yes
4582,Brandon,Harris,brandon.harris.4582@icloud.com,(254) 409-8582,Providence,RI,Northeast,1997,Male,2023-12-23,Enterprise,Bronze,Regular,Yes
4583,Patricia,Martinez,patricia.martinez.4583@gmail.com,(624) 848-5453,Detroit,MI,Midwest,1950,Female,2025-01-07,Enterprise,Bronze,Occasional,Yes
4584,Patricia,Thomas,patricia.thomas.4584@yahoo.com,(571) 289-5148,Houston,TX,South,1984,Female,2023-07-26,Consumer,Silver,Occasional,Yes
4585,Barbara,Lopez,barbara.lopez.4585@yahoo.com,(666) 701-3515,Denver,CO,West,1950,Female,2023-02-21,Small Business,Bronze,Regular,Yes
4586,Brandon,Scott,brandon.scott.4586@outlook.com,(779) 658-6991,Columbus,OH,Midwest,1952,Male,2023-01-28,Small Business,Bronze,Regular,Yes
4587,Jason,Scott,jason.scott.4587@icloud.com,(587) 575-1207,New York,NY,Northeast,1980,Male,2025-09-22,Enterprise,Bronze,Regular,No
4588,Mary,Allen,mary.allen.4588@outlook.com,(992) 239-2575,Atlanta,GA,South,2000,Female,2024-12-08,Consumer,Silver,Occasional,Yes
4589,James,Rodriguez,james.rodriguez.4589@yahoo.com,(711) 307-3770,Seattle,WA,West,1994,Male,2025-11-02,Consumer,Bronze,Frequent,Yes
4590,Margaret,Moore,margaret.moore.4590@protonmail.com,(953) 725-9866,Milwaukee,WI,Midwest,1968,Female,2024-03-07,Consumer,Gold,Regular,Yes
4591,Daniel,Harris,daniel.harris.4591@gmail.com,(999) 732-6235,Portland,OR,West,1975,Male,2025-06-28,Small Business,Bronze,Occasional,Yes
4592,Joshua,Young,joshua.young.4592@gmail.com,(542) 855-3795,San Francisco,CA,West,2002,Male,2024-05-23,Consumer,Silver,Regular,Yes
4593,Matthew,Nguyen,matthew.nguyen.4593@protonmail.com,(665) 210-9217,Las Vegas,NV,West,1976,Male,2025-09-24,Consumer,Gold,Regular,No
4594,William,Lewis,william.lewis.4594@protonmail.com,(295) 302-4790,Richmond,VA,South,1967,Male,2024-05-26,Consumer,Bronze,Occasional,Yes
4595,Linda,Miller,linda.miller.4595@gmail.com,(494) 777-2920,Orlando,FL,South,1994,Female,2026-02-22,Small Business,Platinum,VIP,Yes
4596,Lisa,White,lisa.white.4596@outlook.com,(308) 772-7792,Columbus,OH,Midwest,1976,Female,2024-08-21,Consumer,Bronze,Regular,Yes
4597,Brandon,Lopez,brandon.lopez.4597@gmail.com,(296) 374-2175,Boston,MA,Northeast,1967,Male,2026-02-03,Consumer,Bronze,VIP,Yes
4598,Sandra,Jackson,sandra.jackson.4598@icloud.com,(510) 876-4325,Minneapolis,MN,Midwest,1966,Female,2023-04-14,Consumer,Bronze,Regular,Yes
4599,Nathan,Martin,nathan.martin.4599@gmail.com,(686) 512-9208,New York,NY,Northeast,1992,Male,2025-02-08,Small Business,Gold,Occasional,Yes
4600,Melissa,Scott,melissa.scott.4600@outlook.com,(525) 414-8071,Milwaukee,WI,Midwest,1965,Female,2026-04-09,Consumer,Bronze,Occasional,Yes
4601,Melissa,Hernandez,melissa.hernandez.4601@yahoo.com,(573) 511-2442,Phoenix,AZ,West,1977,Female,2023-05-03,Small Business,Bronze,Occasional,Yes
4602,Megan,Gonzalez,megan.gonzalez.4602@gmail.com,(540) 210-9121,Richmond,VA,South,1954,Female,2026-05-08,Consumer,Bronze,VIP,No
4603,George,Thomas,george.thomas.4603@icloud.com,(735) 414-7269,Seattle,WA,West,1989,Male,2023-05-25,Consumer,Bronze,Frequent,No
4604,Richard,Thomas,richard.thomas.4604@icloud.com,(813) 502-8420,Los Angeles,CA,West,1954,Male,2026-05-10,Consumer,Bronze,Regular,Yes
4605,Jessica,Walker,jessica.walker.4605@protonmail.com,(247) 324-2067,Newark,NJ,Northeast,1958,Female,2025-06-10,Consumer,Bronze,Frequent,Yes
4606,Jennifer,Perez,jennifer.perez.4606@icloud.com,(519) 273-7356,Milwaukee,WI,Midwest,1960,Female,2024-06-26,Consumer,Gold,Frequent,Yes
4607,John,Young,john.young.4607@yahoo.com,(684) 544-6742,Miami,FL,South,1989,Male,2023-12-05,Consumer,Gold,Occasional,No
4608,Olivia,Martin,olivia.martin.4608@yahoo.com,(930) 430-1150,Richmond,VA,South,1999,Female,2023-02-15,Small Business,Platinum,Frequent,No
4609,Emily,Young,emily.young.4609@outlook.com,(250) 473-6876,Newark,NJ,Northeast,1952,Female,2026-07-02,Consumer,Gold,Frequent,Yes
4610,Betty,Rodriguez,betty.rodriguez.4610@gmail.com,(642) 668-2436,St. Louis,MO,Midwest,1964,Female,2024-09-22,Consumer,Bronze,Occasional,Yes
4611,William,White,william.white.4611@yahoo.com,(590) 892-4025,Atlanta,GA,South,1988,Male,2024-11-28,Consumer,Bronze,Occasional,Yes
4612,Joshua,Young,joshua.young.4612@yahoo.com,(733) 546-9471,Miami,FL,South,1955,Male,2026-01-16,Consumer,Bronze,Occasional,Yes
4613,Kevin,Sanchez,kevin.sanchez.4613@gmail.com,(248) 843-1614,Chicago,IL,Midwest,1975,Male,2025-01-10,Consumer,Bronze,Regular,Yes
4614,Donald,Martin,donald.martin.4614@icloud.com,(591) 369-5503,Hartford,CT,Northeast,2004,Male,2025-05-20,Consumer,Gold,Regular,Yes
4615,Ashley,Wright,ashley.wright.4615@icloud.com,(273) 496-2078,Richmond,VA,South,1990,Female,2024-03-06,Small Business,Bronze,Occasional,Yes
4616,Susan,Brown,susan.brown.4616@gmail.com,(891) 996-1796,Detroit,MI,Midwest,1955,Female,2024-06-24,Consumer,Bronze,Regular,No
4617,Steven,Johnson,steven.johnson.4617@protonmail.com,(988) 988-6355,Miami,FL,South,1967,Male,2023-12-14,Consumer,Silver,Regular,Yes
4618,Jason,Scott,jason.scott.4618@icloud.com,(336) 899-7270,Atlanta,GA,South,2004,Male,2025-12-02,Consumer,Bronze,VIP,Yes
4619,William,Ramirez,william.ramirez.4619@icloud.com,(650) 591-7222,Denver,CO,West,1965,Male,2024-07-29,Small Business,Silver,Occasional,No
4620,Steven,Walker,steven.walker.4620@icloud.com,(232) 732-8201,St. Louis,MO,Midwest,2005,Male,2025-11-16,Consumer,Gold,Occasional,Yes
4621,Betty,Martin,betty.martin.4621@icloud.com,(644) 856-5847,Cleveland,OH,Midwest,1976,Female,2023-04-27,Consumer,Gold,Frequent,No
4622,Karen,Taylor,karen.taylor.4622@outlook.com,(887) 827-1806,Las Vegas,NV,West,1965,Female,2025-12-04,Consumer,Silver,VIP,Yes
4623,Michael,Johnson,michael.johnson.4623@outlook.com,(955) 874-3845,Boston,MA,Northeast,1992,Male,2026-06-28,Consumer,Gold,Occasional,Yes
4624,Ashley,Allen,ashley.allen.4624@protonmail.com,(222) 927-3471,Columbus,OH,Midwest,2005,Female,2023-10-01,Consumer,Silver,Regular,Yes
4625,John,Jones,john.jones.4625@gmail.com,(589) 703-3532,San Diego,CA,West,1966,Male,2024-10-21,Consumer,Bronze,Occasional,Yes
4626,Linda,Smith,linda.smith.4626@outlook.com,(416) 758-5111,Chicago,IL,Midwest,2001,Female,2025-07-14,Consumer,Bronze,VIP,Yes
4627,Karen,Allen,karen.allen.4627@outlook.com,(744) 384-8902,Philadelphia,PA,Northeast,1983,Female,2023-09-19,Consumer,Bronze,Occasional,No
4628,Jason,Rodriguez,jason.rodriguez.4628@outlook.com,(500) 999-5369,Richmond,VA,South,1973,Male,2026-08-20,Consumer,Bronze,Occasional,Yes
4629,Melissa,Brown,melissa.brown.4629@outlook.com,(874) 393-7883,Cleveland,OH,Midwest,1993,Female,2023-04-29,Small Business,Bronze,Regular,Yes
4630,Steven,Clark,steven.clark.4630@protonmail.com,(436) 907-8337,Boston,MA,Northeast,1975,Male,2024-01-26,Consumer,Bronze,Frequent,Yes
4631,Kevin,Lee,kevin.lee.4631@outlook.com,(435) 482-8150,Portland,OR,West,1998,Male,2023-03-12,Consumer,Bronze,Frequent,Yes
4632,Linda,Clark,linda.clark.4632@outlook.com,(214) 957-7283,Chicago,IL,Midwest,1958,Female,2025-07-17,Consumer,Gold,Occasional,Yes
4633,Nicole,Nguyen,nicole.nguyen.4633@gmail.com,(561) 667-5650,Las Vegas,NV,West,1955,Female,2025-11-26,Consumer,Silver,Regular,Yes
4634,Amanda,Scott,amanda.scott.4634@outlook.com,(749) 451-6604,Los Angeles,CA,West,1962,Female,2024-10-17,Consumer,Silver,Frequent,Yes
4635,Patricia,Young,patricia.young.4635@icloud.com,(703) 618-6458,Buffalo,NY,Northeast,1998,Female,2023-10-14,Consumer,Silver,Regular,Yes
4636,Edward,Smith,edward.smith.4636@icloud.com,(413) 616-5015,Providence,RI,Northeast,1950,Male,2026-06-13,Consumer,Bronze,Occasional,Yes
4637,Elizabeth,Jackson,elizabeth.jackson.4637@gmail.com,(937) 830-4316,Las Vegas,NV,West,1971,Female,2023-01-08,Small Business,Bronze,Frequent,Yes
4638,John,Lee,john.lee.4638@protonmail.com,(259) 696-2459,Miami,FL,South,1982,Male,2024-01-15,Consumer,Gold,Occasional,Yes
4639,Mary,Hernandez,mary.hernandez.4639@gmail.com,(556) 653-5159,San Diego,CA,West,1986,Prefer not to say,2024-09-28,Consumer,Bronze,Regular,Yes
4640,Elizabeth,King,elizabeth.king.4640@protonmail.com,(517) 735-3437,Detroit,MI,Midwest,1970,Female,2024-09-22,Consumer,Silver,Regular,Yes
4641,Christina,Lopez,christina.lopez.4641@gmail.com,(607) 519-7522,Milwaukee,WI,Midwest,1945,Female,2023-12-08,Consumer,Bronze,Occasional,Yes
4642,Anthony,Smith,anthony.smith.4642@gmail.com,(654) 958-6170,Dallas,TX,South,1945,Male,2026-04-13,Small Business,Bronze,Occasional,Yes
4643,Nicole,Ramirez,nicole.ramirez.4643@yahoo.com,(359) 277-3091,Boston,MA,Northeast,1953,Female,2024-10-13,Consumer,Gold,VIP,Yes
4644,Nicole,Perez,nicole.perez.4644@outlook.com,(917) 727-5785,Atlanta,GA,South,1951,Female,2025-07-24,Consumer,Bronze,Regular,Yes
4645,Susan,Miller,susan.miller.4645@yahoo.com,(318) 954-7656,Milwaukee,WI,Midwest,2005,Female,2025-02-03,Small Business,Gold,Regular,No
4646,Thomas,Anderson,thomas.anderson.4646@outlook.com,(760) 922-4245,San Francisco,CA,West,1995,Male,2023-07-29,Consumer,Bronze,Regular,Yes
4647,Jessica,Lopez,jessica.lopez.4647@outlook.com,(512) 551-4420,Portland,OR,West,1994,Female,2026-01-04,Consumer,Bronze,Regular,Yes
4648,David,Lewis,david.lewis.4648@yahoo.com,(529) 768-2609,Nashville,TN,South,1986,Male,2023-08-17,Consumer,Bronze,Occasional,Yes
4649,Stephanie,Sanchez,stephanie.sanchez.4649@outlook.com,(782) 839-9509,Cleveland,OH,Midwest,1995,Female,2023-07-29,Consumer,Gold,Regular,No
4650,Nicole,Gonzalez,nicole.gonzalez.4650@icloud.com,(238) 856-6444,Denver,CO,West,1974,Female,2023-03-14,Consumer,Gold,Regular,Yes
4651,Robert,Lewis,robert.lewis.4651@gmail.com,(718) 266-1619,Los Angeles,CA,West,1959,Male,2024-08-07,Consumer,Bronze,Occasional,Yes
4652,Stephanie,Nguyen,stephanie.nguyen.4652@gmail.com,(742) 977-1011,Orlando,FL,South,1957,Female,2025-08-25,Consumer,Bronze,Regular,Yes
4653,Jason,Walker,jason.walker.4653@outlook.com,(786) 388-7231,Miami,FL,South,1975,Male,2026-03-02,Consumer,Gold,Frequent,Yes
4654,Emma,Wilson,emma.wilson.4654@yahoo.com,(450) 605-3795,Philadelphia,PA,Northeast,1979,Female,2023-03-12,Consumer,Bronze,Occasional,Yes
4655,William,Gonzalez,william.gonzalez.4655@gmail.com,(702) 203-8432,San Francisco,CA,West,1978,Male,2026-03-25,Small Business,Silver,Occasional,Yes
4656,Mary,Hernandez,mary.hernandez.4656@protonmail.com,(226) 886-6303,San Diego,CA,West,1946,Female,2023-04-13,Consumer,Bronze,Occasional,Yes
4657,Stephanie,Robinson,stephanie.robinson.4657@yahoo.com,(770) 616-8390,Hartford,CT,Northeast,1954,Female,2025-10-14,Consumer,Silver,Occasional,Yes
4658,Nancy,Walker,nancy.walker.4658@protonmail.com,(637) 710-9561,Nashville,TN,South,1992,Female,2025-07-13,Consumer,Bronze,Occasional,Yes
4659,Ryan,Anderson,ryan.anderson.4659@gmail.com,(967) 746-1011,Detroit,MI,Midwest,1955,Male,2025-07-11,Small Business,Silver,Occasional,Yes
4660,Stephanie,Gonzalez,stephanie.gonzalez.4660@gmail.com,(931) 737-9289,Hartford,CT,Northeast,1957,Female,2023-02-22,Small Business,Bronze,Frequent,Yes
4661,Paul,Johnson,paul.johnson.4661@outlook.com,(499) 790-1286,Cleveland,OH,Midwest,1976,Male,2026-05-17,Small Business,Silver,Frequent,No
4662,Amanda,Williams,amanda.williams.4662@outlook.com,(338) 674-2159,Columbus,OH,Midwest,1952,Female,2023-02-19,Consumer,Silver,Regular,Yes
4663,Stephanie,Miller,stephanie.miller.4663@gmail.com,(237) 806-1628,Nashville,TN,South,1972,Female,2023-09-03,Small Business,Silver,Regular,Yes
4664,Melissa,Martin,melissa.martin.4664@protonmail.com,(203) 255-3381,Orlando,FL,South,1987,Female,2023-04-13,Consumer,Bronze,Frequent,Yes
4665,Charles,Anderson,charles.anderson.4665@gmail.com,(212) 567-1086,Richmond,VA,South,1949,Male,2024-12-17,Small Business,Bronze,Frequent,Yes
4666,Jason,Jones,jason.jones.4666@outlook.com,(622) 593-9486,Detroit,MI,Midwest,1975,Male,2025-12-18,Consumer,Bronze,Regular,Yes
4667,Brandon,White,brandon.white.4667@outlook.com,(919) 610-6505,Richmond,VA,South,1978,Male,2024-04-11,Small Business,Bronze,Occasional,Yes
4668,John,Robinson,john.robinson.4668@gmail.com,(862) 850-5081,Minneapolis,MN,Midwest,1988,Male,2025-10-19,Small Business,Bronze,Regular,Yes
4669,Karen,Perez,karen.perez.4669@protonmail.com,(970) 761-1578,Hartford,CT,Northeast,1974,Female,2024-06-17,Consumer,Gold,Occasional,Yes
4670,Betty,Robinson,betty.robinson.4670@outlook.com,(642) 273-5379,Phoenix,AZ,West,1945,Female,2024-07-11,Small Business,Bronze,Regular,Yes
4671,Anthony,Clark,anthony.clark.4671@outlook.com,(819) 899-2811,Portland,OR,West,1974,Male,2023-09-22,Small Business,Gold,Frequent,Yes
4672,Lauren,Robinson,lauren.robinson.4672@yahoo.com,(546) 440-5685,Houston,TX,South,1982,Female,2025-09-30,Consumer,Bronze,Regular,Yes
4673,David,Anderson,david.anderson.4673@protonmail.com,(272) 932-8016,Atlanta,GA,South,1971,Male,2023-01-08,Consumer,Bronze,Regular,Yes
4674,Jessica,Brown,jessica.brown.4674@protonmail.com,(377) 717-6892,Richmond,VA,South,1976,Female,2023-07-06,Consumer,Bronze,Occasional,Yes
4675,Lauren,Jones,lauren.jones.4675@gmail.com,(351) 967-1562,Atlanta,GA,South,1995,Female,2026-01-27,Small Business,Silver,Occasional,Yes
4676,Melissa,Walker,melissa.walker.4676@gmail.com,(215) 431-3555,Boston,MA,Northeast,1973,Female,2024-06-28,Enterprise,Bronze,Frequent,Yes
4677,Brandon,Brown,brandon.brown.4677@outlook.com,(547) 898-4278,Atlanta,GA,South,2003,Male,2026-03-10,Consumer,Bronze,Regular,Yes
4678,Jason,Nguyen,jason.nguyen.4678@protonmail.com,(459) 813-6490,Denver,CO,West,1979,Male,2025-09-17,Consumer,Bronze,Regular,Yes
4679,Susan,Clark,susan.clark.4679@yahoo.com,(263) 389-3330,Miami,FL,South,1948,Female,2024-04-04,Consumer,Bronze,Frequent,Yes
4680,Paul,Martinez,paul.martinez.4680@gmail.com,(805) 752-5508,Columbus,OH,Midwest,1987,Male,2023-07-07,Consumer,Gold,Occasional,Yes
4681,Nancy,Wilson,nancy.wilson.4681@yahoo.com,(645) 932-2685,Minneapolis,MN,Midwest,1969,Female,2024-02-23,Consumer,Silver,Regular,Yes
4682,Thomas,Martinez,thomas.martinez.4682@gmail.com,(818) 763-6477,Houston,TX,South,1981,Male,2026-07-30,Consumer,Bronze,Frequent,Yes
4683,Brandon,Perez,brandon.perez.4683@gmail.com,(647) 647-8384,San Francisco,CA,West,1961,Male,2025-04-30,Consumer,Silver,Regular,Yes
4684,Olivia,Thompson,olivia.thompson.4684@icloud.com,(957) 739-6113,Las Vegas,NV,West,1993,Female,2025-04-11,Small Business,Silver,Regular,Yes
4685,Patricia,Ramirez,patricia.ramirez.4685@protonmail.com,(365) 602-7445,Orlando,FL,South,1957,Female,2023-05-01,Consumer,Bronze,Frequent,Yes
4686,Emily,King,emily.king.4686@protonmail.com,(524) 640-2938,San Francisco,CA,West,1971,Female,2023-06-07,Enterprise,Bronze,Frequent,Yes
4687,Kevin,Williams,kevin.williams.4687@gmail.com,(732) 636-4385,San Diego,CA,West,1953,Male,2024-01-01,Consumer,Silver,Regular,Yes
4688,Andrew,Allen,andrew.allen.4688@yahoo.com,(863) 631-2062,Atlanta,GA,South,1957,Male,2023-05-15,Consumer,Silver,Regular,Yes
4689,Patricia,Wilson,patricia.wilson.4689@yahoo.com,(873) 539-2321,Orlando,FL,South,1992,Female,2024-02-15,Consumer,Gold,Occasional,Yes
4690,Melissa,Harris,melissa.harris.4690@protonmail.com,(920) 751-2496,Providence,RI,Northeast,1963,Female,2025-07-05,Small Business,Bronze,Frequent,Yes
4691,Emily,Brown,emily.brown.4691@outlook.com,(951) 464-2292,Indianapolis,IN,Midwest,1951,Female,2025-05-13,Consumer,Silver,Regular,Yes
4692,Jacob,Thompson,jacob.thompson.4692@outlook.com,(946) 537-5663,Portland,OR,West,1973,Male,2026-07-14,Consumer,Silver,VIP,Yes
4693,Mark,Harris,mark.harris.4693@yahoo.com,(614) 376-6969,Charlotte,NC,South,1945,Male,2025-05-02,Consumer,Silver,Regular,Yes
4694,Melissa,Williams,melissa.williams.4694@yahoo.com,(859) 384-8664,Seattle,WA,West,1959,Female,2024-07-17,Consumer,Bronze,Regular,Yes
4695,Ryan,Wilson,ryan.wilson.4695@yahoo.com,(570) 718-8566,Minneapolis,MN,Midwest,1961,Male,2026-08-13,Small Business,Silver,Occasional,Yes
4696,Jason,Lee,jason.lee.4696@icloud.com,(327) 731-3460,San Francisco,CA,West,1968,Male,2023-04-20,Small Business,Gold,Occasional,No
4697,Anthony,Scott,anthony.scott.4697@protonmail.com,(623) 690-2833,Milwaukee,WI,Midwest,2003,Male,2023-03-05,Small Business,Bronze,Regular,Yes
4698,William,Smith,william.smith.4698@outlook.com,(589) 921-5186,Portland,OR,West,1999,Male,2025-09-27,Consumer,Bronze,Regular,Yes
4699,Sandra,Jones,sandra.jones.4699@gmail.com,(241) 844-6779,Denver,CO,West,1958,Female,2024-04-01,Consumer,Bronze,Regular,No
4700,Charles,Thompson,charles.thompson.4700@yahoo.com,(534) 545-8190,Miami,FL,South,1996,Male,2025-07-19,Consumer,Silver,Occasional,Yes
4701,Mary,Harris,mary.harris.4701@gmail.com,(993) 569-5795,Houston,TX,South,1973,Female,2024-01-13,Consumer,Silver,Occasional,Yes
4702,William,Taylor,william.taylor.4702@yahoo.com,(779) 947-6281,Dallas,TX,South,1947,Male,2023-02-17,Small Business,Bronze,Frequent,Yes
4703,Sandra,Hernandez,sandra.hernandez.4703@protonmail.com,(352) 866-2942,Miami,FL,South,1991,Female,2023-12-25,Consumer,Bronze,Regular,Yes
4704,Kevin,Miller,kevin.miller.4704@gmail.com,(606) 756-4226,Charlotte,NC,South,1984,Male,2024-07-11,Consumer,Gold,Occasional,Yes
4705,Robert,Young,robert.young.4705@icloud.com,(796) 804-3722,Buffalo,NY,Northeast,1989,Male,2023-11-14,Enterprise,Platinum,Occasional,Yes
4706,Ryan,Walker,ryan.walker.4706@icloud.com,(918) 385-7768,Buffalo,NY,Northeast,1979,Nonbinary,2023-12-24,Small Business,Silver,Regular,Yes
4707,Brian,Wright,brian.wright.4707@gmail.com,(397) 314-2815,Hartford,CT,Northeast,1999,Male,2023-12-07,Consumer,Bronze,Frequent,Yes
4708,Rachel,Garcia,rachel.garcia.4708@yahoo.com,(652) 852-3574,Miami,FL,South,1977,Female,2023-03-23,Small Business,Bronze,Regular,No
4709,Elizabeth,Thomas,elizabeth.thomas.4709@protonmail.com,(616) 848-7163,Minneapolis,MN,Midwest,1981,Female,2023-03-03,Consumer,Gold,VIP,Yes
4710,Thomas,Robinson,thomas.robinson.4710@icloud.com,(741) 401-9029,Cleveland,OH,Midwest,1984,Male,2025-10-11,Consumer,Platinum,Regular,Yes
4711,Melissa,Thomas,melissa.thomas.4711@icloud.com,(827) 350-9356,Boston,MA,Northeast,1995,Nonbinary,2026-03-05,Small Business,Bronze,Occasional,Yes
4712,Richard,Wilson,richard.wilson.4712@gmail.com,(735) 461-4339,Charlotte,NC,South,1959,Male,2026-07-05,Consumer,Bronze,Regular,Yes
4713,Brian,Jones,brian.jones.4713@gmail.com,(771) 626-9846,Detroit,MI,Midwest,2001,Male,2023-06-19,Consumer,Bronze,Frequent,Yes
4714,Matthew,Miller,matthew.miller.4714@icloud.com,(782) 597-4240,Las Vegas,NV,West,1989,Male,2026-08-01,Consumer,Silver,VIP,Yes
4715,Michael,Brown,michael.brown.4715@yahoo.com,(636) 706-5388,Nashville,TN,South,1964,Male,2023-01-17,Consumer,Platinum,Occasional,Yes
4716,Christopher,Young,christopher.young.4716@protonmail.com,(351) 765-4297,Phoenix,AZ,West,1983,Male,2023-01-03,Small Business,Silver,Occasional,Yes
4717,Susan,Williams,susan.williams.4717@gmail.com,(323) 492-1404,Richmond,VA,South,1988,Female,2025-05-16,Consumer,Bronze,Regular,Yes
4718,Karen,Taylor,karen.taylor.4718@yahoo.com,(813) 710-9944,Orlando,FL,South,1947,Female,2026-06-10,Consumer,Bronze,Regular,Yes
4719,Karen,Jones,karen.jones.4719@gmail.com,(754) 241-4727,Houston,TX,South,1948,Female,2025-06-07,Small Business,Bronze,Frequent,Yes
4720,Ashley,Anderson,ashley.anderson.4720@protonmail.com,(664) 220-8398,Phoenix,AZ,West,1946,Female,2023-12-12,Consumer,Bronze,Regular,Yes
4721,Matthew,Moore,matthew.moore.4721@icloud.com,(250) 814-7237,Nashville,TN,South,1950,Male,2025-03-23,Consumer,Bronze,Occasional,Yes
4722,Jason,Scott,jason.scott.4722@yahoo.com,(277) 318-6543,Cleveland,OH,Midwest,1949,Male,2024-04-04,Consumer,Bronze,VIP,Yes
4723,Steven,Robinson,steven.robinson.4723@protonmail.com,(236) 344-4485,Minneapolis,MN,Midwest,1945,Male,2023-11-19,Consumer,Bronze,Frequent,Yes
4724,Ashley,Martinez,ashley.martinez.4724@icloud.com,(796) 335-3233,Charlotte,NC,South,1980,Female,2024-10-25,Enterprise,Bronze,Regular,Yes
4725,Sarah,Torres,sarah.torres.4725@yahoo.com,(804) 487-3319,Portland,OR,West,1995,Female,2025-07-09,Small Business,Bronze,Regular,Yes
4726,Sophia,Flores,sophia.flores.4726@gmail.com,(710) 738-8837,Houston,TX,South,1951,Female,2023-03-13,Consumer,Silver,Regular,Yes
4727,Matthew,Brown,matthew.brown.4727@gmail.com,(908) 279-3239,Cleveland,OH,Midwest,1983,Male,2025-09-21,Consumer,Bronze,Frequent,No
4728,Ashley,Scott,ashley.scott.4728@outlook.com,(614) 814-4956,Richmond,VA,South,1969,Female,2023-01-22,Consumer,Bronze,Frequent,Yes
4729,Betty,Wilson,betty.wilson.4729@protonmail.com,(931) 540-2986,Richmond,VA,South,1993,Nonbinary,2023-08-02,Consumer,Silver,Frequent,Yes
4730,Joseph,Thomas,joseph.thomas.4730@gmail.com,(524) 837-8898,New York,NY,Northeast,1982,Male,2023-11-06,Consumer,Bronze,Occasional,Yes
4731,Lauren,Moore,lauren.moore.4731@yahoo.com,(701) 363-6743,Phoenix,AZ,West,1989,Female,2024-08-12,Small Business,Bronze,VIP,Yes
4732,Brian,Sanchez,brian.sanchez.4732@outlook.com,(441) 676-6208,Chicago,IL,Midwest,1963,Male,2026-06-05,Enterprise,Bronze,VIP,Yes
4733,Joshua,Lewis,joshua.lewis.4733@yahoo.com,(442) 746-1811,Houston,TX,South,2002,Male,2026-03-28,Consumer,Silver,Regular,Yes
4734,Stephanie,Brown,stephanie.brown.4734@outlook.com,(539) 481-6538,San Diego,CA,West,1989,Female,2023-02-20,Consumer,Silver,Occasional,Yes
4735,Charles,Brown,charles.brown.4735@outlook.com,(482) 342-6186,Atlanta,GA,South,1971,Male,2026-02-06,Consumer,Bronze,Regular,Yes
4736,Richard,Wilson,richard.wilson.4736@yahoo.com,(208) 708-6157,Miami,FL,South,1991,Male,2026-04-26,Small Business,Bronze,Occasional,Yes
4737,Stephanie,Hill,stephanie.hill.4737@protonmail.com,(856) 987-6835,Newark,NJ,Northeast,1964,Female,2023-02-08,Consumer,Silver,Regular,Yes
4738,Nathan,Brown,nathan.brown.4738@protonmail.com,(614) 695-4849,New York,NY,Northeast,1963,Male,2023-08-02,Small Business,Gold,Frequent,Yes
4739,Ashley,Brown,ashley.brown.4739@gmail.com,(708) 686-8556,Buffalo,NY,Northeast,1967,Female,2023-04-23,Small Business,Bronze,Frequent,Yes
4740,Jessica,Sanchez,jessica.sanchez.4740@icloud.com,(730) 940-4320,Philadelphia,PA,Northeast,1953,Female,2025-09-04,Small Business,Silver,Occasional,Yes
4741,Kevin,Davis,kevin.davis.4741@gmail.com,(736) 799-5324,Indianapolis,IN,Midwest,1977,Male,2024-02-04,Consumer,Bronze,Occasional,Yes
4742,Rachel,Anderson,rachel.anderson.4742@icloud.com,(355) 239-9477,San Francisco,CA,West,1975,Female,2025-10-17,Consumer,Bronze,Frequent,Yes
4743,Jacob,Perez,jacob.perez.4743@protonmail.com,(739) 905-8700,Phoenix,AZ,West,1975,Male,2024-12-02,Consumer,Bronze,Frequent,Yes
4744,Rebecca,Johnson,rebecca.johnson.4744@outlook.com,(828) 946-7511,Charlotte,NC,South,1961,Female,2023-01-27,Consumer,Silver,VIP,Yes
4745,Brian,Clark,brian.clark.4745@outlook.com,(398) 664-9925,Denver,CO,West,1980,Male,2023-06-12,Small Business,Platinum,Regular,Yes
4746,William,Smith,william.smith.4746@gmail.com,(341) 614-5377,Nashville,TN,South,1964,Male,2024-06-01,Consumer,Bronze,Regular,No
4747,James,Hernandez,james.hernandez.4747@icloud.com,(579) 621-6600,Seattle,WA,West,1975,Male,2025-08-11,Consumer,Bronze,Occasional,Yes
4748,Karen,Martinez,karen.martinez.4748@gmail.com,(932) 683-1037,Minneapolis,MN,Midwest,1987,Female,2023-02-01,Consumer,Silver,VIP,Yes
4749,Jessica,Johnson,jessica.johnson.4749@yahoo.com,(388) 576-9780,Seattle,WA,West,1990,Female,2026-03-30,Consumer,Silver,Occasional,Yes
4750,Thomas,Allen,thomas.allen.4750@yahoo.com,(400) 966-7751,Boston,MA,Northeast,1997,Male,2024-04-24,Enterprise,Bronze,Occasional,No
4751,Karen,Robinson,karen.robinson.4751@gmail.com,(216) 385-9185,Denver,CO,West,1954,Female,2023-08-12,Small Business,Bronze,Regular,Yes
4752,Mary,Perez,mary.perez.4752@outlook.com,(802) 796-5924,St. Louis,MO,Midwest,1995,Female,2025-01-31,Consumer,Bronze,Regular,Yes
4753,Donald,Miller,donald.miller.4753@protonmail.com,(836) 799-9356,Miami,FL,South,1998,Male,2024-05-03,Small Business,Bronze,Frequent,No
4754,Betty,Ramirez,betty.ramirez.4754@protonmail.com,(429) 297-9592,Cleveland,OH,Midwest,1975,Female,2025-12-31,Consumer,Bronze,Regular,Yes
4755,Karen,Lopez,karen.lopez.4755@icloud.com,(536) 756-1899,Dallas,TX,South,1987,Female,2024-07-01,Consumer,Gold,Regular,Yes
4756,Emma,Nguyen,emma.nguyen.4756@yahoo.com,(665) 934-5156,Atlanta,GA,South,1970,Female,2024-12-30,Small Business,Gold,Regular,Yes
4757,Elizabeth,Lee,elizabeth.lee.4757@icloud.com,(376) 426-1279,Nashville,TN,South,1979,Female,2023-12-06,Consumer,Bronze,Regular,Yes
4758,Christina,Nguyen,christina.nguyen.4758@gmail.com,(318) 227-1193,Nashville,TN,South,1951,Female,2026-06-29,Small Business,Bronze,Regular,Yes
4759,Matthew,Wright,matthew.wright.4759@gmail.com,(717) 365-2608,New York,NY,Northeast,1987,Male,2024-09-07,Consumer,Gold,Occasional,Yes
4760,Emily,Johnson,emily.johnson.4760@icloud.com,(325) 808-4437,Detroit,MI,Midwest,1947,Female,2024-07-09,Consumer,Silver,Regular,Yes
4761,Robert,Nguyen,robert.nguyen.4761@outlook.com,(877) 340-6436,Miami,FL,South,1955,Male,2025-03-05,Consumer,Bronze,Occasional,Yes
4762,James,Ramirez,james.ramirez.4762@protonmail.com,(536) 783-1225,Las Vegas,NV,West,1966,Male,2026-07-02,Consumer,Bronze,Frequent,Yes
4763,Sandra,King,sandra.king.4763@outlook.com,(620) 530-3310,Boston,MA,Northeast,1949,Female,2023-10-01,Consumer,Gold,Frequent,No
4764,Paul,Anderson,paul.anderson.4764@gmail.com,(859) 227-6617,Minneapolis,MN,Midwest,1952,Male,2025-07-24,Consumer,Gold,Occasional,Yes
4765,Daniel,Davis,daniel.davis.4765@outlook.com,(844) 268-7029,Indianapolis,IN,Midwest,1966,Male,2025-06-23,Consumer,Bronze,Occasional,No
4766,Thomas,Garcia,thomas.garcia.4766@protonmail.com,(453) 391-8928,Cleveland,OH,Midwest,1990,Male,2024-07-12,Consumer,Bronze,Frequent,Yes
4767,Melissa,Rodriguez,melissa.rodriguez.4767@gmail.com,(845) 905-1010,Atlanta,GA,South,1992,Female,2025-10-04,Consumer,Gold,Frequent,No
4768,Margaret,Lewis,margaret.lewis.4768@protonmail.com,(492) 418-2824,Houston,TX,South,1983,Female,2024-11-29,Consumer,Bronze,Regular,Yes
4769,Christopher,Anderson,christopher.anderson.4769@icloud.com,(879) 986-5614,San Diego,CA,West,1965,Male,2025-02-02,Consumer,Bronze,Occasional,No
4770,Elizabeth,Hernandez,elizabeth.hernandez.4770@gmail.com,(718) 719-6502,Milwaukee,WI,Midwest,1981,Female,2025-01-14,Consumer,Bronze,Regular,Yes
4771,Elizabeth,Perez,elizabeth.perez.4771@gmail.com,(799) 348-7967,Portland,OR,West,1983,Female,2025-08-02,Small Business,Bronze,Frequent,Yes
4772,Justin,Martinez,justin.martinez.4772@outlook.com,(498) 533-2811,Atlanta,GA,South,1981,Male,2024-07-19,Consumer,Bronze,Occasional,Yes
4773,Matthew,Wright,matthew.wright.4773@protonmail.com,(283) 200-5417,New York,NY,Northeast,2002,Male,2023-07-26,Consumer,Bronze,Frequent,Yes
4774,Sophia,Jackson,sophia.jackson.4774@outlook.com,(770) 574-8079,Richmond,VA,South,1991,Female,2026-01-31,Consumer,Bronze,Regular,Yes
4775,Charles,Torres,charles.torres.4775@protonmail.com,(832) 611-1479,Pittsburgh,PA,Northeast,1989,Male,2025-11-22,Consumer,Silver,Occasional,Yes
4776,Lauren,White,lauren.white.4776@icloud.com,(876) 246-4000,Nashville,TN,South,1960,Female,2023-06-03,Consumer,Bronze,Occasional,Yes
4777,Joseph,Perez,joseph.perez.4777@yahoo.com,(704) 794-1717,San Diego,CA,West,1990,Male,2023-09-08,Consumer,Gold,Occasional,Yes
4778,John,Martin,john.martin.4778@outlook.com,(701) 630-8275,Hartford,CT,Northeast,1962,Male,2023-09-24,Enterprise,Bronze,VIP,Yes
4779,Olivia,Davis,olivia.davis.4779@protonmail.com,(246) 457-5609,Charlotte,NC,South,1970,Female,2023-01-03,Consumer,Bronze,Occasional,Yes
4780,Andrew,Allen,andrew.allen.4780@outlook.com,(821) 673-8217,Orlando,FL,South,2001,Male,2026-02-24,Consumer,Bronze,Occasional,Yes
4781,Emma,Brown,emma.brown.4781@yahoo.com,(973) 478-1801,San Diego,CA,West,1994,Female,2023-03-01,Consumer,Bronze,Regular,No
4782,Sarah,Lee,sarah.lee.4782@outlook.com,(320) 746-1651,Denver,CO,West,1949,Female,2024-08-16,Consumer,Bronze,Occasional,Yes
4783,Mary,Wright,mary.wright.4783@icloud.com,(869) 715-6699,Atlanta,GA,South,1962,Female,2025-02-08,Consumer,Silver,Occasional,Yes
4784,Joseph,Robinson,joseph.robinson.4784@gmail.com,(639) 377-2257,Boston,MA,Northeast,1973,Male,2023-10-08,Small Business,Silver,Occasional,Yes
4785,Ashley,Martin,ashley.martin.4785@outlook.com,(339) 442-6757,Nashville,TN,South,1949,Female,2026-02-06,Enterprise,Bronze,Regular,Yes
4786,Barbara,Rodriguez,barbara.rodriguez.4786@icloud.com,(888) 784-2439,Miami,FL,South,1968,Female,2026-07-03,Consumer,Silver,VIP,Yes
4787,Megan,Garcia,megan.garcia.4787@icloud.com,(842) 653-9440,Houston,TX,South,1982,Female,2025-03-16,Consumer,Silver,Occasional,Yes
4788,Megan,Anderson,megan.anderson.4788@yahoo.com,(549) 830-5409,Newark,NJ,Northeast,1956,Female,2026-08-28,Consumer,Silver,Occasional,Yes
4789,Olivia,Walker,olivia.walker.4789@protonmail.com,(470) 882-4696,Miami,FL,South,1993,Female,2024-01-30,Consumer,Bronze,Regular,Yes
4790,Nancy,Perez,nancy.perez.4790@icloud.com,(652) 354-3941,Portland,OR,West,1973,Female,2023-02-23,Consumer,Gold,Regular,Yes
4791,Daniel,Torres,daniel.torres.4791@protonmail.com,(315) 744-3314,San Francisco,CA,West,1965,Male,2023-04-13,Enterprise,Bronze,Regular,Yes
4792,Amanda,King,amanda.king.4792@gmail.com,(629) 605-2663,Richmond,VA,South,1948,Female,2026-04-21,Consumer,Gold,VIP,Yes
4793,Paul,Torres,paul.torres.4793@outlook.com,(533) 270-2014,Miami,FL,South,1953,Male,2026-05-22,Consumer,Bronze,Frequent,Yes
4794,Christopher,Young,christopher.young.4794@outlook.com,(780) 203-9458,Richmond,VA,South,1983,Male,2024-03-31,Consumer,Silver,Regular,Yes
4795,Daniel,Rodriguez,daniel.rodriguez.4795@protonmail.com,(758) 220-2459,Buffalo,NY,Northeast,1947,Male,2024-08-06,Consumer,Bronze,Frequent,Yes
4796,Thomas,Hernandez,thomas.hernandez.4796@yahoo.com,(597) 372-4326,St. Louis,MO,Midwest,1975,Male,2026-01-07,Consumer,Bronze,Occasional,Yes
4797,Andrew,Martin,andrew.martin.4797@yahoo.com,(376) 350-8170,Atlanta,GA,South,1962,Male,2023-05-06,Consumer,Bronze,Frequent,Yes
4798,Robert,Young,robert.young.4798@outlook.com,(223) 506-7889,Miami,FL,South,1999,Male,2024-03-21,Consumer,Silver,Frequent,No
4799,Barbara,Taylor,barbara.taylor.4799@outlook.com,(814) 350-2761,Las Vegas,NV,West,1956,Female,2023-09-02,Consumer,Bronze,Regular,Yes
4800,John,Wright,john.wright.4800@protonmail.com,(313) 248-7766,Phoenix,AZ,West,1971,Prefer not to say,2023-11-23,Consumer,Bronze,Occasional,Yes
4801,Margaret,King,margaret.king.4801@yahoo.com,(441) 206-4643,Phoenix,AZ,West,1962,Female,2025-01-01,Small Business,Bronze,Frequent,Yes
4802,Ryan,Brown,ryan.brown.4802@outlook.com,(784) 558-8901,Seattle,WA,West,1960,Male,2025-05-14,Consumer,Silver,Regular,Yes
4803,Anthony,Sanchez,anthony.sanchez.4803@yahoo.com,(759) 978-9198,Seattle,WA,West,1971,Male,2026-06-25,Consumer,Bronze,Regular,Yes
4804,Robert,Moore,robert.moore.4804@icloud.com,(534) 912-5370,Las Vegas,NV,West,1995,Male,2026-07-18,Consumer,Gold,Occasional,Yes
4805,Emily,Smith,emily.smith.4805@icloud.com,(506) 441-5243,San Francisco,CA,West,1989,Female,2023-06-19,Consumer,Gold,Regular,Yes
4806,Abigail,Scott,abigail.scott.4806@icloud.com,(815) 244-2757,Miami,FL,South,2002,Female,2023-12-14,Small Business,Silver,Occasional,Yes
4807,Betty,Walker,betty.walker.4807@outlook.com,(570) 502-4741,Denver,CO,West,1945,Female,2024-03-01,Consumer,Silver,Occasional,Yes
4808,Lisa,Wilson,lisa.wilson.4808@yahoo.com,(299) 876-5299,Orlando,FL,South,1962,Female,2025-07-25,Consumer,Bronze,Occasional,Yes
4809,Amanda,Davis,amanda.davis.4809@protonmail.com,(938) 708-8921,Los Angeles,CA,West,2002,Female,2025-08-07,Small Business,Bronze,Frequent,Yes
4810,Margaret,Wilson,margaret.wilson.4810@icloud.com,(207) 591-3141,New York,NY,Northeast,2002,Female,2026-06-20,Consumer,Silver,Occasional,Yes
4811,Linda,Gonzalez,linda.gonzalez.4811@protonmail.com,(585) 490-9506,Dallas,TX,South,2000,Nonbinary,2025-01-19,Small Business,Silver,Frequent,Yes
4812,Megan,Martinez,megan.martinez.4812@protonmail.com,(265) 653-1054,Portland,OR,West,1955,Female,2026-07-02,Consumer,Bronze,Regular,Yes
4813,Margaret,Perez,margaret.perez.4813@outlook.com,(597) 880-1278,Boston,MA,Northeast,1945,Female,2024-07-06,Consumer,Bronze,Regular,Yes
4814,Donald,Anderson,donald.anderson.4814@outlook.com,(819) 421-3156,Nashville,TN,South,1998,Nonbinary,2025-10-15,Consumer,Gold,VIP,No
4815,Michael,Clark,michael.clark.4815@outlook.com,(968) 238-1112,Nashville,TN,South,1975,Male,2026-08-13,Small Business,Silver,Regular,Yes
4816,Mary,Jones,mary.jones.4816@outlook.com,(991) 581-5859,Las Vegas,NV,West,1966,Female,2026-01-14,Consumer,Bronze,Occasional,Yes
4817,Betty,Garcia,betty.garcia.4817@yahoo.com,(824) 273-8330,Charlotte,NC,South,1960,Female,2025-05-05,Consumer,Bronze,Frequent,Yes
4818,Robert,Jackson,robert.jackson.4818@icloud.com,(841) 806-2771,Nashville,TN,South,1952,Male,2025-04-17,Consumer,Silver,Regular,Yes
4819,Charles,Harris,charles.harris.4819@icloud.com,(402) 876-3468,Cleveland,OH,Midwest,1969,Male,2023-01-17,Consumer,Silver,Occasional,Yes
4820,Betty,Martinez,betty.martinez.4820@yahoo.com,(214) 220-9992,Atlanta,GA,South,1948,Nonbinary,2026-05-11,Consumer,Bronze,Regular,Yes
4821,Richard,Hill,richard.hill.4821@outlook.com,(307) 273-2065,Atlanta,GA,South,1954,Male,2024-01-28,Small Business,Bronze,Frequent,Yes
4822,Christina,Lewis,christina.lewis.4822@protonmail.com,(979) 412-6831,Providence,RI,Northeast,1981,Female,2025-09-14,Consumer,Bronze,Occasional,Yes
4823,Patricia,Flores,patricia.flores.4823@icloud.com,(616) 234-6907,Hartford,CT,Northeast,1952,Female,2023-01-23,Consumer,Silver,Frequent,Yes
4824,Jacob,Harris,jacob.harris.4824@outlook.com,(671) 461-7240,Hartford,CT,Northeast,1982,Male,2025-10-31,Consumer,Bronze,Regular,Yes
4825,Christina,Martinez,christina.martinez.4825@icloud.com,(408) 514-6904,Charlotte,NC,South,1987,Female,2023-03-11,Enterprise,Bronze,Regular,Yes
4826,Melissa,Nguyen,melissa.nguyen.4826@icloud.com,(645) 280-1972,Charlotte,NC,South,1954,Female,2025-10-22,Consumer,Platinum,Frequent,No
4827,Daniel,Young,daniel.young.4827@yahoo.com,(652) 505-8490,Milwaukee,WI,Midwest,2003,Male,2023-08-03,Consumer,Silver,Regular,Yes
4828,Sophia,Taylor,sophia.taylor.4828@outlook.com,(527) 216-5125,Miami,FL,South,1999,Female,2025-01-18,Consumer,Silver,Occasional,Yes
4829,Justin,Anderson,justin.anderson.4829@protonmail.com,(685) 344-4106,Miami,FL,South,1988,Male,2023-06-09,Consumer,Silver,VIP,Yes
4830,Rachel,Sanchez,rachel.sanchez.4830@protonmail.com,(260) 628-7633,Portland,OR,West,1955,Female,2025-05-23,Consumer,Bronze,Regular,Yes
4831,John,Gonzalez,john.gonzalez.4831@icloud.com,(371) 765-1194,Denver,CO,West,1949,Male,2024-09-10,Consumer,Bronze,Regular,Yes
4832,Jason,King,jason.king.4832@protonmail.com,(201) 345-8674,Las Vegas,NV,West,1988,Nonbinary,2024-09-09,Consumer,Bronze,Occasional,Yes
4833,Christina,Anderson,christina.anderson.4833@outlook.com,(657) 255-6612,San Francisco,CA,West,2004,Female,2026-08-17,Consumer,Bronze,Frequent,Yes
4834,Michael,Walker,michael.walker.4834@yahoo.com,(382) 318-1550,Charlotte,NC,South,1980,Male,2023-09-07,Small Business,Bronze,Regular,Yes
4835,Charles,Allen,charles.allen.4835@gmail.com,(830) 416-7965,Philadelphia,PA,Northeast,1975,Male,2024-06-06,Small Business,Bronze,Regular,Yes
4836,Christopher,Williams,christopher.williams.4836@gmail.com,(607) 400-2050,San Diego,CA,West,1960,Male,2023-12-11,Small Business,Bronze,Occasional,Yes
4837,Jennifer,Taylor,jennifer.taylor.4837@icloud.com,(200) 932-5272,Seattle,WA,West,1965,Female,2026-07-10,Consumer,Bronze,Frequent,Yes
4838,Brandon,King,brandon.king.4838@outlook.com,(209) 536-9188,Chicago,IL,Midwest,1982,Male,2026-07-04,Consumer,Bronze,Regular,Yes
4839,Lisa,Young,lisa.young.4839@protonmail.com,(575) 749-3872,Orlando,FL,South,1974,Female,2025-02-05,Consumer,Bronze,Frequent,Yes
4840,Patricia,Flores,patricia.flores.4840@icloud.com,(878) 941-7997,Dallas,TX,South,1946,Female,2026-04-14,Consumer,Bronze,Regular,Yes
4841,Rebecca,Rodriguez,rebecca.rodriguez.4841@protonmail.com,(458) 434-3198,Buffalo,NY,Northeast,1957,Female,2025-06-07,Consumer,Bronze,Regular,Yes
4842,Margaret,Sanchez,margaret.sanchez.4842@gmail.com,(761) 477-9767,Seattle,WA,West,1989,Female,2023-12-07,Consumer,Bronze,Frequent,Yes
4843,Sandra,Gonzalez,sandra.gonzalez.4843@gmail.com,(896) 480-3993,Boston,MA,Northeast,1986,Female,2024-03-13,Consumer,Gold,Regular,Yes
4844,Nathan,Davis,nathan.davis.4844@gmail.com,(888) 820-9049,Phoenix,AZ,West,1996,Male,2023-02-28,Consumer,Bronze,Regular,Yes
4845,Rebecca,Thomas,rebecca.thomas.4845@gmail.com,(626) 406-1835,Houston,TX,South,1969,Female,2024-03-25,Consumer,Gold,Regular,Yes
4846,Elizabeth,Lee,elizabeth.lee.4846@outlook.com,(930) 470-3587,Chicago,IL,Midwest,2001,Female,2025-03-26,Consumer,Bronze,Regular,Yes
4847,Sarah,Johnson,sarah.johnson.4847@yahoo.com,(791) 889-3899,Newark,NJ,Northeast,1980,Female,2026-06-06,Consumer,Bronze,Regular,Yes
4848,Mary,Thomas,mary.thomas.4848@icloud.com,(859) 744-5785,Boston,MA,Northeast,1967,Female,2024-10-07,Small Business,Silver,Frequent,Yes
4849,Nancy,Hernandez,nancy.hernandez.4849@outlook.com,(847) 370-3972,Nashville,TN,South,2000,Female,2024-02-08,Consumer,Bronze,Frequent,Yes
4850,Ryan,Jones,ryan.jones.4850@gmail.com,(463) 349-9735,Orlando,FL,South,1963,Male,2025-05-26,Consumer,Gold,Regular,Yes
4851,Sarah,Lee,sarah.lee.4851@icloud.com,(592) 227-7654,Miami,FL,South,1997,Female,2025-04-04,Consumer,Bronze,Regular,Yes
4852,Margaret,Sanchez,margaret.sanchez.4852@protonmail.com,(388) 296-8503,Richmond,VA,South,1974,Female,2026-05-09,Small Business,Bronze,Regular,Yes
4853,Nicole,Hill,nicole.hill.4853@gmail.com,(285) 585-9250,Philadelphia,PA,Northeast,1997,Female,2026-02-07,Consumer,Bronze,Frequent,Yes
4854,Matthew,Hernandez,matthew.hernandez.4854@icloud.com,(665) 357-5599,Newark,NJ,Northeast,1985,Male,2023-11-19,Consumer,Bronze,VIP,Yes
4855,Megan,White,megan.white.4855@protonmail.com,(745) 684-3214,Atlanta,GA,South,1950,Female,2025-11-23,Consumer,Silver,Frequent,No
4856,Steven,Lee,steven.lee.4856@icloud.com,(300) 748-9313,Dallas,TX,South,1948,Male,2026-03-10,Small Business,Bronze,Frequent,Yes
4857,Brandon,Nguyen,brandon.nguyen.4857@yahoo.com,(271) 766-7204,Milwaukee,WI,Midwest,1972,Male,2024-10-11,Consumer,Bronze,Regular,Yes
4858,Karen,Garcia,karen.garcia.4858@protonmail.com,(980) 292-5081,Houston,TX,South,1969,Female,2026-05-09,Consumer,Bronze,Frequent,Yes
4859,Michael,Thompson,michael.thompson.4859@protonmail.com,(374) 202-9015,Portland,OR,West,1952,Male,2023-02-27,Consumer,Bronze,Regular,Yes
4860,Donald,Rodriguez,donald.rodriguez.4860@yahoo.com,(992) 632-2177,Denver,CO,West,2005,Male,2025-09-26,Consumer,Bronze,Regular,Yes
4861,Patricia,Perez,patricia.perez.4861@outlook.com,(258) 493-4538,Orlando,FL,South,1962,Female,2026-01-03,Consumer,Silver,Occasional,Yes
4862,Karen,Allen,karen.allen.4862@outlook.com,(220) 384-5454,Chicago,IL,Midwest,1965,Female,2024-10-31,Consumer,Bronze,Occasional,No
4863,George,Martinez,george.martinez.4863@gmail.com,(757) 817-1872,Las Vegas,NV,West,1949,Male,2024-04-01,Consumer,Bronze,Regular,Yes
4864,George,Nguyen,george.nguyen.4864@outlook.com,(790) 274-5567,San Diego,CA,West,1967,Male,2023-03-03,Consumer,Bronze,Occasional,Yes
4865,Emily,Smith,emily.smith.4865@icloud.com,(801) 657-9790,Portland,OR,West,1987,Female,2026-05-18,Consumer,Bronze,Frequent,Yes
4866,Steven,Jackson,steven.jackson.4866@outlook.com,(300) 471-7107,Las Vegas,NV,West,1973,Male,2023-01-18,Small Business,Bronze,Occasional,Yes
4867,Edward,Williams,edward.williams.4867@protonmail.com,(657) 691-6680,Portland,OR,West,2005,Male,2026-08-07,Consumer,Silver,Regular,Yes
4868,Megan,Wilson,megan.wilson.4868@gmail.com,(440) 730-6115,San Francisco,CA,West,1986,Female,2025-10-29,Consumer,Bronze,Occasional,Yes
4869,Sarah,Jackson,sarah.jackson.4869@outlook.com,(689) 407-7180,Charlotte,NC,South,1989,Female,2026-06-08,Consumer,Bronze,VIP,Yes
4870,Emily,Gonzalez,emily.gonzalez.4870@icloud.com,(699) 246-4456,Nashville,TN,South,1950,Female,2025-01-07,Consumer,Silver,Occasional,No
4871,Jessica,Jackson,jessica.jackson.4871@gmail.com,(309) 589-4259,Charlotte,NC,South,1957,Female,2025-01-28,Small Business,Silver,Occasional,Yes
4872,Emily,Thomas,emily.thomas.4872@icloud.com,(336) 864-4872,Las Vegas,NV,West,1951,Female,2023-03-07,Consumer,Gold,Occasional,Yes
4873,John,Anderson,john.anderson.4873@gmail.com,(903) 691-8926,Seattle,WA,West,1949,Male,2026-02-02,Consumer,Silver,Occasional,Yes
4874,Nathan,Moore,nathan.moore.4874@gmail.com,(227) 802-6501,Philadelphia,PA,Northeast,1978,Male,2025-02-25,Consumer,Bronze,Regular,Yes
4875,Nancy,Ramirez,nancy.ramirez.4875@outlook.com,(400) 334-1823,San Francisco,CA,West,1981,Female,2026-03-11,Consumer,Bronze,Frequent,Yes
4876,Emma,Lee,emma.lee.4876@outlook.com,(646) 651-7718,Milwaukee,WI,Midwest,1964,Female,2024-03-26,Consumer,Bronze,Occasional,Yes
4877,Jessica,Perez,jessica.perez.4877@outlook.com,(686) 830-2994,Portland,OR,West,1961,Female,2023-09-19,Small Business,Gold,Occasional,Yes
4878,Steven,Gonzalez,steven.gonzalez.4878@gmail.com,(707) 828-7204,Houston,TX,South,1959,Male,2024-04-07,Small Business,Silver,Frequent,Yes
4879,Mark,Smith,mark.smith.4879@protonmail.com,(695) 528-9905,Dallas,TX,South,1997,Male,2024-12-30,Enterprise,Silver,Occasional,Yes
4880,Andrew,Flores,andrew.flores.4880@outlook.com,(450) 425-6165,Denver,CO,West,1965,Male,2025-03-15,Consumer,Platinum,Occasional,Yes
4881,Sandra,Hill,sandra.hill.4881@outlook.com,(995) 866-7110,Milwaukee,WI,Midwest,1959,Female,2025-04-05,Consumer,Bronze,Occasional,Yes
4882,Mark,Gonzalez,mark.gonzalez.4882@outlook.com,(571) 472-6189,Houston,TX,South,1996,Male,2024-04-27,Consumer,Bronze,Occasional,Yes
4883,David,Wright,david.wright.4883@outlook.com,(588) 931-5839,San Diego,CA,West,1991,Male,2024-08-26,Small Business,Gold,Frequent,Yes
4884,Steven,Lewis,steven.lewis.4884@gmail.com,(809) 728-9632,Phoenix,AZ,West,1986,Male,2023-09-25,Consumer,Silver,Regular,No
4885,Olivia,Torres,olivia.torres.4885@yahoo.com,(552) 749-1872,San Francisco,CA,West,1986,Female,2023-08-27,Consumer,Bronze,Regular,Yes
4886,Melissa,Thomas,melissa.thomas.4886@outlook.com,(964) 984-7531,Denver,CO,West,1993,Female,2025-04-22,Enterprise,Bronze,Regular,Yes
4887,Brandon,Rodriguez,brandon.rodriguez.4887@yahoo.com,(739) 895-8533,San Francisco,CA,West,1971,Male,2024-09-28,Consumer,Bronze,Frequent,Yes
4888,Joseph,Gonzalez,joseph.gonzalez.4888@yahoo.com,(310) 628-8581,Las Vegas,NV,West,1982,Male,2023-03-18,Small Business,Bronze,Regular,Yes
4889,Mary,Martinez,mary.martinez.4889@yahoo.com,(238) 760-7452,Atlanta,GA,South,2003,Female,2024-07-07,Consumer,Bronze,Occasional,Yes
4890,Daniel,White,daniel.white.4890@protonmail.com,(841) 415-1543,Charlotte,NC,South,1959,Male,2023-11-05,Consumer,Bronze,Occasional,Yes
4891,Joseph,Wright,joseph.wright.4891@gmail.com,(593) 783-8983,St. Louis,MO,Midwest,1967,Male,2024-10-21,Consumer,Gold,Frequent,Yes
4892,Brandon,Ramirez,brandon.ramirez.4892@protonmail.com,(306) 740-6598,Orlando,FL,South,1998,Male,2026-03-11,Consumer,Bronze,Occasional,Yes
4893,Edward,Brown,edward.brown.4893@icloud.com,(561) 413-9922,Minneapolis,MN,Midwest,1983,Male,2023-07-03,Small Business,Silver,Regular,No
4894,Mary,Hill,mary.hill.4894@outlook.com,(240) 312-8495,Charlotte,NC,South,1976,Female,2025-06-25,Consumer,Silver,Frequent,Yes
4895,Emily,Taylor,emily.taylor.4895@gmail.com,(211) 963-4998,Dallas,TX,South,1983,Female,2026-01-20,Consumer,Silver,VIP,Yes
4896,Abigail,Johnson,abigail.johnson.4896@gmail.com,(640) 228-6877,Philadelphia,PA,Northeast,2005,Female,2025-06-20,Consumer,Platinum,Regular,Yes
4897,Michael,Anderson,michael.anderson.4897@gmail.com,(269) 585-7099,Orlando,FL,South,1990,Male,2024-03-10,Consumer,Silver,Regular,Yes
4898,Nathan,Robinson,nathan.robinson.4898@yahoo.com,(583) 772-8852,Boston,MA,Northeast,1946,Male,2025-07-21,Consumer,Bronze,Regular,Yes
4899,Justin,Robinson,justin.robinson.4899@outlook.com,(811) 945-3803,Providence,RI,Northeast,1946,Male,2024-08-22,Enterprise,Gold,Occasional,Yes
4900,Joshua,Young,joshua.young.4900@gmail.com,(336) 417-8829,Providence,RI,Northeast,1962,Male,2024-07-31,Small Business,Platinum,Regular,Yes
4901,Ryan,Rodriguez,ryan.rodriguez.4901@protonmail.com,(757) 735-4088,Nashville,TN,South,1998,Male,2024-05-15,Consumer,Bronze,Occasional,Yes
4902,Paul,Allen,paul.allen.4902@icloud.com,(836) 993-1466,Philadelphia,PA,Northeast,1991,Male,2023-09-13,Consumer,Silver,Regular,Yes
4903,Mark,Wright,mark.wright.4903@outlook.com,(268) 523-9046,San Francisco,CA,West,1977,Male,2023-01-24,Consumer,Bronze,Occasional,Yes
4904,Rachel,Wright,rachel.wright.4904@yahoo.com,(724) 933-4767,Charlotte,NC,South,2002,Female,2025-08-26,Small Business,Platinum,Occasional,Yes
4905,Stephanie,Hill,stephanie.hill.4905@outlook.com,(886) 443-1372,Atlanta,GA,South,2001,Female,2024-07-28,Consumer,Bronze,Regular,Yes
4906,George,Brown,george.brown.4906@gmail.com,(652) 935-2689,Las Vegas,NV,West,1961,Male,2023-04-10,Consumer,Silver,Frequent,Yes
4907,Andrew,Scott,andrew.scott.4907@yahoo.com,(869) 326-8748,Houston,TX,South,1951,Male,2023-02-17,Small Business,Bronze,VIP,Yes
4908,Richard,Thompson,richard.thompson.4908@gmail.com,(255) 428-1263,Orlando,FL,South,1987,Male,2024-01-14,Small Business,Silver,Occasional,Yes
4909,Emma,Harris,emma.harris.4909@gmail.com,(992) 554-4625,Hartford,CT,Northeast,1952,Female,2025-08-10,Consumer,Bronze,Occasional,Yes
4910,Christopher,Johnson,christopher.johnson.4910@icloud.com,(501) 582-4722,Las Vegas,NV,West,1974,Male,2023-02-13,Consumer,Silver,Frequent,Yes
4911,Betty,Garcia,betty.garcia.4911@icloud.com,(809) 776-1484,Richmond,VA,South,1987,Nonbinary,2024-06-26,Small Business,Gold,Frequent,Yes
4912,Amanda,Martinez,amanda.martinez.4912@yahoo.com,(397) 925-9207,Pittsburgh,PA,Northeast,1973,Female,2023-12-20,Consumer,Bronze,Frequent,Yes
4913,Betty,Robinson,betty.robinson.4913@gmail.com,(331) 802-1394,Philadelphia,PA,Northeast,1977,Female,2024-11-26,Consumer,Silver,Frequent,No
4914,Daniel,Jones,daniel.jones.4914@protonmail.com,(442) 972-5211,Providence,RI,Northeast,1998,Male,2025-12-04,Consumer,Bronze,Occasional,Yes
4915,Nathan,Rodriguez,nathan.rodriguez.4915@protonmail.com,(484) 552-7563,Las Vegas,NV,West,1993,Male,2023-02-19,Consumer,Silver,Regular,Yes
4916,John,Torres,john.torres.4916@outlook.com,(571) 396-7068,Buffalo,NY,Northeast,1976,Male,2024-02-17,Consumer,Gold,Occasional,No
4917,Sarah,Miller,sarah.miller.4917@gmail.com,(922) 733-7169,Miami,FL,South,1960,Female,2025-02-16,Consumer,Platinum,Occasional,Yes
4918,Steven,Martin,steven.martin.4918@icloud.com,(975) 526-2341,Miami,FL,South,1979,Male,2024-10-08,Consumer,Bronze,Regular,Yes
4919,Donald,Thomas,donald.thomas.4919@gmail.com,(799) 533-7350,Dallas,TX,South,2005,Male,2025-08-02,Small Business,Platinum,Frequent,Yes
4920,David,Johnson,david.johnson.4920@protonmail.com,(465) 691-4281,San Francisco,CA,West,1965,Male,2024-02-11,Consumer,Silver,Occasional,Yes
4921,Jessica,Torres,jessica.torres.4921@yahoo.com,(981) 282-5197,Los Angeles,CA,West,1999,Female,2023-04-13,Consumer,Bronze,Regular,Yes
4922,Megan,Scott,megan.scott.4922@gmail.com,(724) 729-9236,Milwaukee,WI,Midwest,1954,Female,2026-03-17,Consumer,Silver,Occasional,Yes
4923,William,Clark,william.clark.4923@outlook.com,(852) 305-7249,Dallas,TX,South,1958,Male,2024-12-18,Consumer,Silver,Occasional,Yes
4924,Christina,Lewis,christina.lewis.4924@outlook.com,(520) 441-6043,Richmond,VA,South,1951,Female,2025-10-21,Small Business,Bronze,Regular,Yes
4925,Sophia,Harris,sophia.harris.4925@icloud.com,(750) 644-5805,Denver,CO,West,1968,Female,2026-07-18,Consumer,Bronze,Occasional,Yes
4926,Donald,Ramirez,donald.ramirez.4926@gmail.com,(390) 580-3829,Philadelphia,PA,Northeast,1976,Male,2025-07-24,Consumer,Bronze,Frequent,Yes
4927,Justin,Johnson,justin.johnson.4927@gmail.com,(848) 298-8369,Orlando,FL,South,1988,Male,2025-04-24,Consumer,Platinum,VIP,Yes
4928,Linda,Ramirez,linda.ramirez.4928@protonmail.com,(329) 515-3838,Columbus,OH,Midwest,1995,Female,2026-01-27,Consumer,Bronze,Regular,Yes
4929,Mary,Ramirez,mary.ramirez.4929@icloud.com,(584) 677-7379,Boston,MA,Northeast,1986,Female,2025-04-11,Consumer,Bronze,Occasional,Yes
4930,Nancy,Wright,nancy.wright.4930@outlook.com,(647) 892-8894,Portland,OR,West,1981,Female,2024-08-06,Consumer,Gold,Occasional,Yes
4931,George,Moore,george.moore.4931@icloud.com,(625) 516-3401,Philadelphia,PA,Northeast,1957,Male,2023-04-23,Small Business,Silver,Regular,No
4932,Stephanie,Allen,stephanie.allen.4932@gmail.com,(355) 757-2729,Miami,FL,South,1962,Female,2023-12-19,Consumer,Bronze,Regular,No
4933,Matthew,Clark,matthew.clark.4933@gmail.com,(432) 309-4330,Chicago,IL,Midwest,1965,Male,2024-07-23,Small Business,Bronze,Occasional,Yes
4934,Rachel,Scott,rachel.scott.4934@protonmail.com,(804) 739-9617,Cleveland,OH,Midwest,1952,Female,2025-12-28,Consumer,Silver,Frequent,Yes
4935,Paul,Scott,paul.scott.4935@outlook.com,(452) 672-2375,Seattle,WA,West,1968,Male,2024-05-13,Small Business,Silver,Regular,Yes
4936,Abigail,Gonzalez,abigail.gonzalez.4936@icloud.com,(335) 583-1994,Phoenix,AZ,West,1995,Female,2024-10-20,Consumer,Bronze,Occasional,Yes
4937,Megan,Thompson,megan.thompson.4937@protonmail.com,(979) 624-6406,Houston,TX,South,1947,Female,2026-04-28,Consumer,Bronze,Regular,Yes
4938,Amanda,Flores,amanda.flores.4938@protonmail.com,(453) 964-2290,Chicago,IL,Midwest,1980,Female,2025-06-28,Consumer,Gold,Regular,No
4939,Rachel,Smith,rachel.smith.4939@yahoo.com,(365) 265-3339,Nashville,TN,South,1988,Female,2025-12-27,Consumer,Bronze,VIP,Yes
4940,Elizabeth,Jackson,elizabeth.jackson.4940@icloud.com,(295) 956-2756,Minneapolis,MN,Midwest,1993,Female,2023-05-30,Consumer,Platinum,Frequent,Yes
4941,Christopher,Torres,christopher.torres.4941@yahoo.com,(831) 483-1165,Newark,NJ,Northeast,1955,Male,2023-06-25,Consumer,Gold,Frequent,Yes
4942,Mark,Hernandez,mark.hernandez.4942@outlook.com,(846) 236-9818,Nashville,TN,South,1958,Male,2023-11-14,Enterprise,Bronze,Occasional,Yes
4943,Nathan,Jones,nathan.jones.4943@protonmail.com,(694) 974-5336,Pittsburgh,PA,Northeast,1975,Male,2024-04-20,Enterprise,Gold,Regular,Yes
4944,Sandra,Thomas,sandra.thomas.4944@icloud.com,(631) 684-4602,Miami,FL,South,1992,Female,2023-05-16,Consumer,Bronze,Occasional,No
4945,Stephanie,Clark,stephanie.clark.4945@outlook.com,(774) 330-7461,Chicago,IL,Midwest,1963,Female,2026-01-24,Consumer,Gold,Regular,Yes
4946,Joseph,Wilson,joseph.wilson.4946@gmail.com,(686) 825-1794,New York,NY,Northeast,1950,Male,2025-08-27,Consumer,Bronze,Occasional,Yes
4947,Matthew,Harris,matthew.harris.4947@yahoo.com,(796) 214-9539,Phoenix,AZ,West,1965,Male,2026-01-17,Consumer,Silver,Regular,Yes
4948,Jessica,Torres,jessica.torres.4948@gmail.com,(679) 544-2011,Atlanta,GA,South,1958,Female,2025-07-14,Small Business,Bronze,Occasional,Yes
4949,Melissa,Hill,melissa.hill.4949@yahoo.com,(792) 276-3972,Chicago,IL,Midwest,2000,Female,2026-07-29,Consumer,Bronze,Frequent,Yes
4950,Charles,Thomas,charles.thomas.4950@protonmail.com,(417) 726-2880,Milwaukee,WI,Midwest,1999,Male,2024-11-20,Consumer,Gold,Occasional,Yes
4951,Daniel,Thomas,daniel.thomas.4951@protonmail.com,(967) 726-2357,Houston,TX,South,1966,Male,2023-11-15,Small Business,Bronze,Occasional,No
4952,Lauren,Jones,lauren.jones.4952@icloud.com,(885) 601-8908,Milwaukee,WI,Midwest,2002,Female,2023-05-02,Consumer,Bronze,Occasional,Yes
4953,Abigail,Smith,abigail.smith.4953@outlook.com,(335) 563-1264,Detroit,MI,Midwest,1948,Female,2023-05-17,Consumer,Gold,Regular,Yes
4954,George,Wright,george.wright.4954@outlook.com,(416) 270-8332,Phoenix,AZ,West,1994,Male,2025-02-25,Small Business,Bronze,Occasional,Yes
4955,Michael,Martinez,michael.martinez.4955@protonmail.com,(531) 361-9384,Phoenix,AZ,West,1996,Male,2025-01-31,Consumer,Platinum,Regular,No
4956,Daniel,Sanchez,daniel.sanchez.4956@gmail.com,(879) 343-1998,Houston,TX,South,1963,Male,2026-07-02,Consumer,Bronze,Occasional,Yes
4957,Richard,Davis,richard.davis.4957@yahoo.com,(760) 922-7056,Las Vegas,NV,West,1968,Male,2026-08-16,Consumer,Bronze,Occasional,Yes
4958,Sarah,Hill,sarah.hill.4958@gmail.com,(781) 312-4426,Cleveland,OH,Midwest,1976,Female,2023-04-07,Consumer,Gold,Frequent,Yes
4959,Joseph,Torres,joseph.torres.4959@icloud.com,(837) 945-4776,Miami,FL,South,2004,Male,2025-09-26,Consumer,Bronze,Frequent,Yes
4960,Sandra,Torres,sandra.torres.4960@yahoo.com,(555) 350-5279,Los Angeles,CA,West,1966,Female,2023-11-06,Consumer,Bronze,Frequent,No
4961,Rachel,Garcia,rachel.garcia.4961@outlook.com,(793) 952-7079,Providence,RI,Northeast,2005,Female,2026-01-03,Small Business,Bronze,Occasional,Yes
4962,Jacob,Moore,jacob.moore.4962@icloud.com,(337) 887-5362,Los Angeles,CA,West,1992,Male,2025-06-20,Consumer,Silver,Regular,Yes
4963,George,Lee,george.lee.4963@outlook.com,(681) 697-3952,Dallas,TX,South,2005,Male,2024-07-30,Consumer,Silver,Occasional,Yes
4964,Joshua,Lee,joshua.lee.4964@outlook.com,(321) 674-4633,Orlando,FL,South,1947,Male,2024-05-22,Small Business,Bronze,Occasional,Yes
4965,Ashley,White,ashley.white.4965@gmail.com,(595) 286-8946,Charlotte,NC,South,1962,Female,2025-09-17,Consumer,Bronze,Occasional,Yes
4966,Emma,Torres,emma.torres.4966@outlook.com,(221) 685-6672,Miami,FL,South,1959,Female,2025-09-26,Consumer,Bronze,Regular,Yes
4967,Donald,King,donald.king.4967@gmail.com,(428) 710-5461,Dallas,TX,South,1997,Male,2025-03-24,Consumer,Bronze,Occasional,Yes
4968,Charles,Williams,charles.williams.4968@gmail.com,(270) 462-6644,Richmond,VA,South,1948,Male,2024-08-30,Small Business,Bronze,Regular,Yes
4969,Christina,Walker,christina.walker.4969@icloud.com,(802) 954-8806,Minneapolis,MN,Midwest,1945,Female,2023-05-09,Consumer,Gold,Regular,No
4970,Ryan,Brown,ryan.brown.4970@protonmail.com,(501) 330-6884,Atlanta,GA,South,1993,Male,2025-08-31,Consumer,Gold,VIP,Yes
4971,Sarah,Brown,sarah.brown.4971@yahoo.com,(827) 772-8993,San Diego,CA,West,1979,Female,2026-08-05,Consumer,Bronze,Occasional,Yes
4972,Nathan,Hill,nathan.hill.4972@icloud.com,(663) 760-1688,Dallas,TX,South,1963,Nonbinary,2023-09-19,Consumer,Bronze,Frequent,Yes
4973,Michael,Perez,michael.perez.4973@icloud.com,(474) 968-1087,San Diego,CA,West,1959,Male,2026-01-19,Consumer,Bronze,Regular,Yes
4974,Christopher,Williams,christopher.williams.4974@icloud.com,(454) 526-5915,San Diego,CA,West,1961,Male,2023-06-23,Consumer,Bronze,Occasional,Yes
4975,Sophia,Williams,sophia.williams.4975@outlook.com,(556) 598-7535,Denver,CO,West,1980,Female,2023-02-22,Enterprise,Bronze,Regular,Yes
4976,Brandon,Walker,brandon.walker.4976@yahoo.com,(471) 206-9579,Chicago,IL,Midwest,1991,Male,2026-03-27,Consumer,Bronze,Regular,Yes
4977,William,Brown,william.brown.4977@gmail.com,(358) 447-4599,Boston,MA,Northeast,1974,Male,2024-03-24,Small Business,Bronze,Regular,No
4978,Abigail,Allen,abigail.allen.4978@icloud.com,(567) 553-7235,Detroit,MI,Midwest,1967,Female,2023-07-01,Consumer,Silver,Regular,Yes
4979,Richard,Jones,richard.jones.4979@protonmail.com,(665) 323-7951,Boston,MA,Northeast,1996,Male,2024-09-23,Consumer,Platinum,Regular,Yes
4980,Susan,Walker,susan.walker.4980@outlook.com,(797) 678-7314,Portland,OR,West,1963,Female,2023-05-21,Consumer,Silver,Occasional,Yes
4981,Christopher,Smith,christopher.smith.4981@outlook.com,(872) 473-5535,Denver,CO,West,1949,Male,2024-07-09,Consumer,Silver,VIP,Yes
4982,Robert,Ramirez,robert.ramirez.4982@icloud.com,(362) 667-5980,Nashville,TN,South,1960,Male,2025-05-15,Consumer,Gold,Occasional,Yes
4983,Justin,Miller,justin.miller.4983@yahoo.com,(544) 238-7306,Buffalo,NY,Northeast,1953,Male,2026-04-03,Consumer,Gold,VIP,Yes
4984,Stephanie,Allen,stephanie.allen.4984@protonmail.com,(210) 711-5929,New York,NY,Northeast,1991,Female,2024-09-26,Small Business,Silver,Regular,Yes
4985,Brandon,Robinson,brandon.robinson.4985@outlook.com,(442) 450-4813,New York,NY,Northeast,1983,Male,2026-05-30,Consumer,Bronze,Regular,Yes
4986,Jessica,Lee,jessica.lee.4986@protonmail.com,(477) 797-4091,Indianapolis,IN,Midwest,1975,Female,2026-07-15,Consumer,Bronze,Occasional,Yes
4987,Matthew,Miller,matthew.miller.4987@outlook.com,(564) 634-3851,Cleveland,OH,Midwest,1982,Male,2023-02-17,Small Business,Bronze,Regular,Yes
4988,Edward,Perez,edward.perez.4988@gmail.com,(645) 549-8195,Atlanta,GA,South,1982,Male,2023-08-13,Consumer,Silver,Occasional,Yes
4989,Nicole,Ramirez,nicole.ramirez.4989@protonmail.com,(234) 923-2002,Houston,TX,South,1979,Female,2023-06-22,Small Business,Bronze,Occasional,Yes
4990,Rachel,King,rachel.king.4990@gmail.com,(382) 592-5936,Dallas,TX,South,1984,Female,2024-10-21,Consumer,Bronze,Occasional,Yes
4991,Nicole,Davis,nicole.davis.4991@protonmail.com,(425) 659-5706,Chicago,IL,Midwest,1987,Female,2024-02-20,Consumer,Gold,Frequent,Yes
4992,Emily,Gonzalez,emily.gonzalez.4992@protonmail.com,(940) 831-4959,Nashville,TN,South,1988,Female,2025-05-03,Consumer,Silver,Regular,Yes
4993,Rachel,Williams,rachel.williams.4993@yahoo.com,(587) 724-1117,Houston,TX,South,1955,Female,2026-07-14,Consumer,Silver,VIP,Yes
4994,Jennifer,Torres,jennifer.torres.4994@icloud.com,(761) 345-4422,Miami,FL,South,1966,Female,2024-02-26,Consumer,Silver,Occasional,Yes
4995,Andrew,Anderson,andrew.anderson.4995@protonmail.com,(585) 344-8775,Seattle,WA,West,1965,Male,2023-08-02,Enterprise,Bronze,Regular,No
4996,Christina,Perez,christina.perez.4996@outlook.com,(821) 442-2966,New York,NY,Northeast,2005,Female,2023-01-16,Consumer,Bronze,Regular,Yes
4997,Joseph,Williams,joseph.williams.4997@icloud.com,(965) 875-5671,Miami,FL,South,1996,Male,2026-03-07,Small Business,Bronze,Regular,Yes
4998,Abigail,Flores,abigail.flores.4998@outlook.com,(864) 717-5125,Los Angeles,CA,West,1993,Female,2023-10-19,Consumer,Bronze,Regular,No
4999,Betty,Young,betty.young.4999@yahoo.com,(472) 924-3276,Los Angeles,CA,West,1962,Female,2023-04-02,Consumer,Bronze,VIP,Yes
5000,Anthony,Lewis,anthony.lewis.5000@gmail.com,(761) 693-6620,Charlotte,NC,South,1993,Male,2023-08-19,Consumer,Bronze,Frequent,Yes
