CustomerID,FirstName,LastName,Email,Phone,City,State,Region,BirthYear,Gender,JoinDate,CustomerSegment,LoyaltyTier,ShoppingProfile,IsActive
1,James,Moore,james.moore.1@gmail.com,(230) 295-4582,Nashville,TN,South,1950,Male,2026-01-21,Small Business,Silver,Regular,Yes
2,Kevin,Gonzalez,kevin.gonzalez.2@icloud.com,(548) 484-3547,Minneapolis,MN,Midwest,1993,Male,2023-01-14,Consumer,Bronze,Frequent,Yes
3,Michael,Garcia,michael.garcia.3@gmail.com,(587) 280-5803,Miami,FL,South,1991,Male,2023-03-30,Small Business,Silver,Regular,No
4,Justin,White,justin.white.4@gmail.com,(589) 484-8428,Detroit,MI,Midwest,1950,Male,2024-08-15,Consumer,Bronze,Frequent,Yes
5,Nancy,Thompson,nancy.thompson.5@protonmail.com,(946) 450-3677,Houston,TX,South,1983,Female,2023-05-27,Consumer,Silver,Regular,Yes
6,Abigail,Scott,abigail.scott.6@yahoo.com,(610) 474-2084,Miami,FL,South,1997,Female,2024-04-14,Small Business,Silver,Occasional,Yes
7,Brandon,Lee,brandon.lee.7@outlook.com,(962) 774-9830,Richmond,VA,South,1954,Male,2025-07-28,Consumer,Gold,Occasional,Yes
8,Brandon,Nguyen,brandon.nguyen.8@gmail.com,(356) 842-3621,Dallas,TX,South,1950,Male,2025-10-07,Enterprise,Bronze,Frequent,Yes
9,Jennifer,Harris,jennifer.harris.9@protonmail.com,(968) 473-6573,Richmond,VA,South,1988,Female,2023-01-24,Consumer,Platinum,Regular,Yes
10,Sandra,Smith,sandra.smith.10@yahoo.com,(854) 719-4258,Portland,OR,West,2003,Female,2025-11-05,Enterprise,Silver,Occasional,Yes
11,Kevin,King,kevin.king.11@yahoo.com,(445) 259-4946,Denver,CO,West,2001,Male,2025-01-13,Consumer,Bronze,VIP,Yes
12,John,Young,john.young.12@protonmail.com,(633) 416-9835,San Francisco,CA,West,1955,Male,2026-01-30,Consumer,Bronze,Occasional,Yes
13,Edward,Martin,edward.martin.13@yahoo.com,(221) 802-4770,Miami,FL,South,1960,Male,2023-09-05,Consumer,Bronze,Occasional,Yes
14,Nicole,Brown,nicole.brown.14@outlook.com,(752) 335-8744,Atlanta,GA,South,1962,Female,2024-05-02,Small Business,Bronze,Regular,Yes
15,Margaret,Gonzalez,margaret.gonzalez.15@gmail.com,(262) 612-6559,Hartford,CT,Northeast,1988,Female,2023-04-21,Consumer,Bronze,Regular,Yes
16,Susan,Gonzalez,susan.gonzalez.16@icloud.com,(763) 300-1828,Nashville,TN,South,2000,Female,2024-05-26,Consumer,Bronze,Frequent,Yes
17,James,Garcia,james.garcia.17@gmail.com,(368) 588-1035,Seattle,WA,West,2000,Male,2024-03-13,Consumer,Bronze,Regular,No
18,Christina,Robinson,christina.robinson.18@gmail.com,(965) 521-1936,Richmond,VA,South,1982,Female,2023-04-30,Consumer,Bronze,Regular,Yes
19,Abigail,King,abigail.king.19@icloud.com,(322) 783-5033,New York,NY,Northeast,1988,Female,2023-05-20,Small Business,Bronze,Frequent,Yes
20,Jennifer,Clark,jennifer.clark.20@outlook.com,(887) 860-5915,Milwaukee,WI,Midwest,1960,Female,2024-10-05,Small Business,Bronze,Occasional,Yes
21,Nathan,Jones,nathan.jones.21@gmail.com,(450) 578-5669,New York,NY,Northeast,1953,Male,2024-06-27,Consumer,Bronze,Frequent,Yes
22,Edward,Martin,edward.martin.22@yahoo.com,(318) 309-3546,Chicago,IL,Midwest,2005,Male,2023-08-01,Consumer,Bronze,Frequent,Yes
23,Edward,Perez,edward.perez.23@yahoo.com,(245) 203-6464,Houston,TX,South,1950,Male,2023-04-15,Consumer,Bronze,Regular,Yes
24,Thomas,Hernandez,thomas.hernandez.24@yahoo.com,(796) 765-3426,Minneapolis,MN,Midwest,1979,Male,2023-11-02,Consumer,Bronze,Occasional,Yes
25,Nancy,Williams,nancy.williams.25@icloud.com,(835) 967-3532,Seattle,WA,West,1994,Female,2024-12-25,Consumer,Silver,Regular,No
26,Barbara,Lopez,barbara.lopez.26@outlook.com,(473) 363-2771,Los Angeles,CA,West,1996,Female,2025-04-23,Consumer,Gold,Regular,Yes
27,Emily,Anderson,emily.anderson.27@outlook.com,(608) 536-5564,Richmond,VA,South,1959,Female,2024-04-11,Consumer,Silver,Occasional,Yes
28,Thomas,Thompson,thomas.thompson.28@yahoo.com,(382) 794-5349,Minneapolis,MN,Midwest,2005,Male,2024-11-09,Consumer,Silver,Occasional,Yes
29,Matthew,Lee,matthew.lee.29@gmail.com,(732) 751-4228,Charlotte,NC,South,1947,Male,2024-06-05,Consumer,Bronze,Regular,Yes
30,Rachel,Perez,rachel.perez.30@icloud.com,(913) 502-3085,Detroit,MI,Midwest,1987,Female,2024-09-25,Consumer,Bronze,Regular,Yes
31,Anthony,Lopez,anthony.lopez.31@protonmail.com,(821) 870-6279,Indianapolis,IN,Midwest,1963,Male,2024-09-14,Consumer,Silver,Occasional,Yes
32,Susan,Allen,susan.allen.32@outlook.com,(888) 517-4680,Nashville,TN,South,1984,Female,2026-07-20,Consumer,Bronze,Occasional,Yes
33,Patricia,Thomas,patricia.thomas.33@icloud.com,(706) 609-4997,San Diego,CA,West,1957,Female,2026-03-24,Consumer,Gold,Regular,Yes
34,Brandon,Miller,brandon.miller.34@outlook.com,(324) 667-3184,Seattle,WA,West,1974,Male,2025-11-26,Consumer,Gold,Occasional,Yes
35,Kevin,Hill,kevin.hill.35@protonmail.com,(656) 362-8777,Richmond,VA,South,1972,Male,2025-10-30,Consumer,Silver,Frequent,Yes
36,Jacob,Moore,jacob.moore.36@yahoo.com,(543) 527-9849,Las Vegas,NV,West,1990,Male,2023-06-08,Consumer,Bronze,Occasional,Yes
37,Betty,Martinez,betty.martinez.37@icloud.com,(598) 988-1320,Detroit,MI,Midwest,1971,Female,2025-08-12,Consumer,Bronze,Occasional,Yes
38,Anthony,Walker,anthony.walker.38@protonmail.com,(817) 425-8999,Providence,RI,Northeast,1979,Male,2025-05-08,Consumer,Bronze,Regular,Yes
39,Mary,Harris,mary.harris.39@icloud.com,(806) 777-1444,Orlando,FL,South,1984,Female,2023-09-19,Small Business,Silver,Regular,Yes
40,Emma,Robinson,emma.robinson.40@icloud.com,(484) 970-7906,Houston,TX,South,1966,Female,2024-10-31,Consumer,Bronze,Frequent,Yes
41,Mary,Wright,mary.wright.41@outlook.com,(404) 220-3496,Providence,RI,Northeast,1993,Female,2023-03-24,Consumer,Bronze,Occasional,Yes
42,Linda,Torres,linda.torres.42@gmail.com,(996) 367-6096,Las Vegas,NV,West,1983,Female,2023-12-10,Consumer,Silver,Regular,Yes
43,Karen,Torres,karen.torres.43@outlook.com,(304) 913-5941,Minneapolis,MN,Midwest,1982,Female,2023-06-05,Consumer,Silver,Regular,No
44,Michael,Torres,michael.torres.44@gmail.com,(630) 701-2729,Denver,CO,West,1977,Male,2023-05-22,Consumer,Silver,Regular,Yes
45,Sophia,Robinson,sophia.robinson.45@protonmail.com,(993) 695-8616,Minneapolis,MN,Midwest,1984,Female,2024-07-07,Consumer,Bronze,Frequent,Yes
46,Thomas,Lee,thomas.lee.46@icloud.com,(544) 229-9098,San Diego,CA,West,1981,Male,2025-08-09,Consumer,Bronze,Regular,Yes
47,Susan,Thompson,susan.thompson.47@outlook.com,(287) 447-7658,Denver,CO,West,1980,Female,2024-07-19,Consumer,Bronze,Occasional,Yes
48,Edward,Walker,edward.walker.48@outlook.com,(513) 879-7046,St. Louis,MO,Midwest,1959,Male,2024-08-25,Consumer,Bronze,Regular,Yes
49,Mark,Scott,mark.scott.49@gmail.com,(960) 748-4033,Richmond,VA,South,1991,Male,2023-09-05,Consumer,Bronze,Occasional,Yes
50,Thomas,Nguyen,thomas.nguyen.50@yahoo.com,(214) 925-9751,Portland,OR,West,1959,Male,2024-08-29,Enterprise,Silver,Regular,Yes
51,Patricia,Scott,patricia.scott.51@yahoo.com,(680) 690-8216,Nashville,TN,South,2000,Female,2023-07-30,Consumer,Silver,Occasional,Yes
52,Thomas,Walker,thomas.walker.52@outlook.com,(776) 511-2395,New York,NY,Northeast,1988,Male,2026-07-13,Consumer,Bronze,Occasional,No
53,Rebecca,Clark,rebecca.clark.53@icloud.com,(512) 782-1986,Cleveland,OH,Midwest,1964,Female,2025-06-25,Small Business,Bronze,Frequent,Yes
54,Jason,Wilson,jason.wilson.54@gmail.com,(618) 661-8699,Indianapolis,IN,Midwest,1980,Male,2023-12-22,Consumer,Bronze,Occasional,Yes
55,Nicole,Jackson,nicole.jackson.55@protonmail.com,(877) 402-7965,St. Louis,MO,Midwest,1995,Female,2024-06-25,Consumer,Bronze,Frequent,Yes
56,Elizabeth,Moore,elizabeth.moore.56@yahoo.com,(649) 327-8679,San Diego,CA,West,1992,Female,2026-05-03,Consumer,Silver,Frequent,Yes
57,Thomas,Allen,thomas.allen.57@yahoo.com,(226) 293-4750,Richmond,VA,South,1992,Male,2025-06-03,Consumer,Bronze,Occasional,No
58,Brian,Nguyen,brian.nguyen.58@icloud.com,(484) 385-8141,Portland,OR,West,1975,Male,2023-12-25,Consumer,Silver,Regular,Yes
59,John,Walker,john.walker.59@icloud.com,(495) 878-7561,Miami,FL,South,1966,Male,2023-11-26,Consumer,Bronze,Regular,Yes
60,Donald,Garcia,donald.garcia.60@protonmail.com,(673) 623-1888,Miami,FL,South,1997,Male,2025-11-19,Consumer,Silver,VIP,Yes
61,Rebecca,Young,rebecca.young.61@icloud.com,(324) 229-4920,Chicago,IL,Midwest,1973,Female,2024-08-12,Consumer,Bronze,Frequent,Yes
62,Mary,Scott,mary.scott.62@outlook.com,(710) 933-5781,Dallas,TX,South,2005,Female,2025-08-03,Enterprise,Gold,Occasional,Yes
63,Olivia,Walker,olivia.walker.63@outlook.com,(271) 482-7798,Seattle,WA,West,2003,Female,2024-01-26,Consumer,Bronze,Regular,Yes
64,Thomas,Smith,thomas.smith.64@protonmail.com,(695) 553-6446,Houston,TX,South,2000,Male,2025-09-29,Small Business,Bronze,Occasional,Yes
65,Donald,Lee,donald.lee.65@icloud.com,(922) 590-7325,Seattle,WA,West,1947,Male,2025-04-21,Consumer,Bronze,Occasional,No
66,Charles,Martinez,charles.martinez.66@icloud.com,(302) 738-8486,Atlanta,GA,South,2000,Male,2024-11-10,Consumer,Gold,Occasional,Yes
67,Emma,Martinez,emma.martinez.67@protonmail.com,(589) 524-8994,Pittsburgh,PA,Northeast,1999,Female,2023-06-14,Consumer,Silver,Occasional,No
68,Jennifer,Thomas,jennifer.thomas.68@gmail.com,(654) 370-5906,Indianapolis,IN,Midwest,1951,Female,2025-06-07,Enterprise,Silver,Frequent,Yes
69,Christina,Brown,christina.brown.69@outlook.com,(374) 379-2293,Miami,FL,South,1981,Female,2025-04-23,Consumer,Bronze,Regular,Yes
70,Rachel,Thomas,rachel.thomas.70@icloud.com,(494) 893-9955,Nashville,TN,South,1961,Female,2025-07-30,Consumer,Silver,Regular,Yes
71,Nancy,Nguyen,nancy.nguyen.71@icloud.com,(309) 442-7248,Orlando,FL,South,1957,Female,2024-09-10,Consumer,Bronze,VIP,Yes
72,Edward,Jackson,edward.jackson.72@icloud.com,(493) 994-4770,Hartford,CT,Northeast,2003,Male,2023-04-11,Consumer,Bronze,Regular,Yes
73,Lauren,Gonzalez,lauren.gonzalez.73@gmail.com,(793) 573-3153,Columbus,OH,Midwest,1964,Female,2023-03-22,Consumer,Gold,Frequent,Yes
74,Megan,Clark,megan.clark.74@yahoo.com,(368) 463-8894,Philadelphia,PA,Northeast,1978,Female,2025-01-19,Small Business,Gold,Regular,No
75,Emma,Perez,emma.perez.75@icloud.com,(770) 574-2479,Las Vegas,NV,West,2000,Female,2024-04-07,Enterprise,Bronze,Regular,Yes
76,Amanda,Davis,amanda.davis.76@icloud.com,(225) 834-6374,Houston,TX,South,1951,Female,2025-01-30,Consumer,Silver,Regular,No
77,Jennifer,Robinson,jennifer.robinson.77@icloud.com,(318) 299-4846,Portland,OR,West,2005,Female,2023-04-03,Consumer,Bronze,Occasional,No
78,Sandra,White,sandra.white.78@icloud.com,(830) 617-5583,Minneapolis,MN,Midwest,1986,Female,2025-04-29,Consumer,Silver,Occasional,Yes
79,Sandra,Lewis,sandra.lewis.79@yahoo.com,(262) 607-5520,Denver,CO,West,2002,Female,2026-01-20,Consumer,Silver,VIP,Yes
80,Emma,Robinson,emma.robinson.80@outlook.com,(328) 778-4362,Buffalo,NY,Northeast,1948,Female,2023-02-13,Consumer,Bronze,Frequent,Yes
81,Richard,Nguyen,richard.nguyen.81@outlook.com,(333) 753-5106,Dallas,TX,South,1945,Male,2026-05-05,Consumer,Bronze,Occasional,Yes
82,Emma,Johnson,emma.johnson.82@gmail.com,(329) 959-7897,Providence,RI,Northeast,1946,Female,2024-10-25,Small Business,Bronze,Occasional,Yes
83,Andrew,Lewis,andrew.lewis.83@protonmail.com,(508) 669-1510,San Diego,CA,West,1947,Male,2026-06-13,Consumer,Bronze,Regular,Yes
84,Betty,Ramirez,betty.ramirez.84@gmail.com,(329) 481-9984,St. Louis,MO,Midwest,1965,Female,2023-06-15,Consumer,Bronze,Regular,Yes
85,Stephanie,King,stephanie.king.85@icloud.com,(662) 433-7779,Orlando,FL,South,1991,Female,2026-02-03,Consumer,Silver,Frequent,Yes
86,Margaret,Miller,margaret.miller.86@gmail.com,(293) 287-2527,Miami,FL,South,1988,Female,2023-11-09,Consumer,Bronze,Frequent,Yes
87,Matthew,Rodriguez,matthew.rodriguez.87@gmail.com,(494) 814-6119,Milwaukee,WI,Midwest,2000,Male,2025-05-16,Consumer,Bronze,Frequent,Yes
88,Richard,Martinez,richard.martinez.88@yahoo.com,(787) 431-8030,Cleveland,OH,Midwest,1968,Male,2026-02-13,Small Business,Bronze,Occasional,Yes
89,Nicole,Flores,nicole.flores.89@yahoo.com,(547) 559-1100,Chicago,IL,Midwest,1946,Nonbinary,2024-07-01,Consumer,Silver,Occasional,Yes
90,Rachel,Sanchez,rachel.sanchez.90@outlook.com,(578) 519-6314,Boston,MA,Northeast,1971,Female,2025-02-09,Consumer,Bronze,Regular,Yes
91,John,Brown,john.brown.91@icloud.com,(479) 420-9394,Boston,MA,Northeast,1976,Male,2025-05-18,Consumer,Bronze,Regular,Yes
92,Karen,Nguyen,karen.nguyen.92@yahoo.com,(416) 985-3248,Houston,TX,South,1948,Female,2026-05-12,Consumer,Bronze,Occasional,Yes
93,Linda,Smith,linda.smith.93@yahoo.com,(273) 606-1693,Orlando,FL,South,1977,Female,2024-04-16,Consumer,Bronze,Regular,Yes
94,Jennifer,Lee,jennifer.lee.94@yahoo.com,(375) 832-8538,Minneapolis,MN,Midwest,1970,Female,2023-08-24,Consumer,Bronze,Occasional,Yes
95,John,Ramirez,john.ramirez.95@yahoo.com,(426) 541-3754,Seattle,WA,West,1970,Male,2023-06-11,Consumer,Bronze,Frequent,Yes
96,Joshua,Allen,joshua.allen.96@yahoo.com,(402) 377-3504,Miami,FL,South,1960,Male,2023-10-30,Consumer,Gold,Occasional,Yes
97,William,Young,william.young.97@yahoo.com,(354) 650-2118,Richmond,VA,South,1984,Male,2026-07-25,Consumer,Gold,Occasional,Yes
98,Ryan,Moore,ryan.moore.98@yahoo.com,(278) 860-2479,Milwaukee,WI,Midwest,1947,Male,2025-07-14,Consumer,Bronze,Occasional,Yes
99,Donald,Nguyen,donald.nguyen.99@protonmail.com,(354) 263-8381,Chicago,IL,Midwest,1965,Male,2024-01-21,Consumer,Silver,Regular,Yes
100,Daniel,Garcia,daniel.garcia.100@outlook.com,(572) 581-5634,Nashville,TN,South,1978,Male,2025-06-18,Consumer,Silver,Regular,Yes
101,Steven,Hill,steven.hill.101@protonmail.com,(353) 541-2335,Providence,RI,Northeast,1963,Male,2025-03-02,Consumer,Bronze,Occasional,Yes
102,Nancy,Martin,nancy.martin.102@yahoo.com,(330) 886-9624,Phoenix,AZ,West,1964,Female,2023-06-23,Consumer,Silver,Regular,Yes
103,Joshua,White,joshua.white.103@outlook.com,(358) 279-5846,Pittsburgh,PA,Northeast,1957,Male,2025-09-22,Consumer,Bronze,Occasional,Yes
104,Rebecca,Wright,rebecca.wright.104@outlook.com,(366) 385-3712,Los Angeles,CA,West,1953,Female,2026-06-19,Consumer,Gold,Regular,Yes
105,Nancy,Thomas,nancy.thomas.105@icloud.com,(398) 576-8218,Portland,OR,West,1979,Female,2024-04-24,Small Business,Silver,Occasional,Yes
106,Betty,Allen,betty.allen.106@icloud.com,(580) 767-2680,Nashville,TN,South,2000,Female,2023-10-11,Small Business,Silver,Occasional,Yes
107,Michael,Jackson,michael.jackson.107@outlook.com,(661) 557-1436,Philadelphia,PA,Northeast,1998,Male,2023-10-29,Consumer,Gold,Regular,Yes
108,Nancy,Thomas,nancy.thomas.108@yahoo.com,(349) 340-1627,Charlotte,NC,South,1998,Female,2023-07-22,Consumer,Bronze,Regular,Yes
109,Edward,Rodriguez,edward.rodriguez.109@outlook.com,(761) 944-9647,St. Louis,MO,Midwest,1946,Male,2023-06-12,Consumer,Bronze,Occasional,Yes
110,Joseph,Martin,joseph.martin.110@icloud.com,(811) 748-1269,Buffalo,NY,Northeast,1949,Male,2025-07-25,Consumer,Silver,Occasional,Yes
111,Edward,Martinez,edward.martinez.111@gmail.com,(736) 569-2108,Atlanta,GA,South,1956,Male,2025-05-03,Consumer,Bronze,Regular,No
112,Ryan,Allen,ryan.allen.112@gmail.com,(565) 269-6649,Minneapolis,MN,Midwest,1968,Male,2025-03-03,Small Business,Bronze,Occasional,Yes
113,Michael,Nguyen,michael.nguyen.113@icloud.com,(912) 690-3986,Milwaukee,WI,Midwest,1997,Male,2024-11-24,Consumer,Bronze,Regular,Yes
114,Rebecca,Robinson,rebecca.robinson.114@protonmail.com,(607) 756-8756,Buffalo,NY,Northeast,1965,Female,2023-03-27,Consumer,Bronze,Frequent,Yes
115,Richard,Jackson,richard.jackson.115@icloud.com,(961) 650-7334,Atlanta,GA,South,1996,Male,2023-09-12,Small Business,Bronze,Regular,Yes
116,Nicole,Young,nicole.young.116@outlook.com,(758) 500-6262,Houston,TX,South,1972,Female,2023-06-11,Small Business,Silver,Regular,Yes
117,Karen,Martin,karen.martin.117@yahoo.com,(829) 645-5498,Orlando,FL,South,1947,Female,2025-07-04,Consumer,Bronze,Regular,Yes
118,Robert,Jones,robert.jones.118@protonmail.com,(894) 648-1570,Minneapolis,MN,Midwest,2005,Male,2023-11-24,Consumer,Silver,Occasional,Yes
119,Lauren,White,lauren.white.119@gmail.com,(787) 340-9674,Atlanta,GA,South,1968,Female,2025-01-29,Consumer,Silver,Regular,Yes
120,Sarah,Thomas,sarah.thomas.120@yahoo.com,(993) 466-8311,Los Angeles,CA,West,2003,Female,2025-03-03,Small Business,Bronze,Regular,Yes
121,Edward,Young,edward.young.121@yahoo.com,(883) 555-2063,Nashville,TN,South,1950,Male,2025-06-30,Small Business,Bronze,Frequent,Yes
122,Karen,Hernandez,karen.hernandez.122@outlook.com,(705) 226-6912,Columbus,OH,Midwest,1957,Female,2023-09-06,Small Business,Bronze,Frequent,Yes
123,Christina,Scott,christina.scott.123@icloud.com,(788) 275-3053,New York,NY,Northeast,1978,Female,2025-09-07,Consumer,Bronze,Regular,No
124,Donald,Robinson,donald.robinson.124@outlook.com,(643) 714-1907,Milwaukee,WI,Midwest,1985,Male,2026-02-03,Consumer,Silver,Regular,Yes
125,Christopher,Hernandez,christopher.hernandez.125@outlook.com,(850) 764-5496,Buffalo,NY,Northeast,1999,Male,2024-08-04,Consumer,Gold,Occasional,Yes
126,Amanda,Garcia,amanda.garcia.126@protonmail.com,(545) 777-1674,Nashville,TN,South,1987,Female,2023-12-17,Consumer,Bronze,Regular,Yes
127,Patricia,Torres,patricia.torres.127@protonmail.com,(496) 857-5949,Dallas,TX,South,1946,Female,2026-08-01,Small Business,Bronze,Regular,Yes
128,Steven,Sanchez,steven.sanchez.128@yahoo.com,(821) 347-6121,Charlotte,NC,South,1975,Male,2025-05-01,Consumer,Bronze,Regular,Yes
129,Emma,Thompson,emma.thompson.129@gmail.com,(473) 660-5061,San Francisco,CA,West,1965,Female,2023-08-06,Small Business,Bronze,Occasional,Yes
130,Betty,Flores,betty.flores.130@icloud.com,(727) 678-9171,Nashville,TN,South,1957,Female,2024-10-02,Small Business,Gold,Frequent,Yes
131,John,Sanchez,john.sanchez.131@icloud.com,(492) 749-1133,Dallas,TX,South,1963,Male,2023-04-14,Consumer,Bronze,Regular,No
132,Sophia,Taylor,sophia.taylor.132@protonmail.com,(495) 275-7329,Minneapolis,MN,Midwest,1980,Female,2026-03-13,Consumer,Bronze,Occasional,Yes
133,Thomas,Flores,thomas.flores.133@protonmail.com,(574) 973-3363,Detroit,MI,Midwest,1995,Male,2025-02-03,Consumer,Bronze,VIP,Yes
134,Joshua,Williams,joshua.williams.134@protonmail.com,(343) 535-6218,Philadelphia,PA,Northeast,1974,Male,2025-11-29,Consumer,Silver,Occasional,Yes
135,Amanda,Martin,amanda.martin.135@gmail.com,(626) 797-6040,St. Louis,MO,Midwest,1968,Prefer not to say,2023-02-04,Consumer,Bronze,Occasional,Yes
136,Edward,Johnson,edward.johnson.136@gmail.com,(797) 691-3793,Indianapolis,IN,Midwest,1981,Male,2026-03-30,Enterprise,Silver,Occasional,Yes
137,Jason,Harris,jason.harris.137@yahoo.com,(628) 355-7765,Buffalo,NY,Northeast,1957,Male,2023-08-14,Consumer,Gold,Occasional,Yes
138,Rebecca,Flores,rebecca.flores.138@icloud.com,(738) 585-6140,Los Angeles,CA,West,1965,Female,2026-02-22,Consumer,Bronze,VIP,No
139,Amanda,Perez,amanda.perez.139@outlook.com,(504) 989-5735,Houston,TX,South,1962,Female,2024-05-19,Consumer,Bronze,Regular,Yes
140,Andrew,Lee,andrew.lee.140@icloud.com,(553) 991-3399,Houston,TX,South,1969,Male,2026-01-17,Consumer,Bronze,Frequent,Yes
141,Nicole,Garcia,nicole.garcia.141@yahoo.com,(775) 912-5450,Richmond,VA,South,1957,Female,2024-03-14,Consumer,Silver,Frequent,Yes
142,Brian,Thomas,brian.thomas.142@gmail.com,(897) 989-3252,Dallas,TX,South,1966,Male,2025-04-26,Consumer,Bronze,Regular,Yes
143,Nathan,Hernandez,nathan.hernandez.143@gmail.com,(987) 291-4804,Richmond,VA,South,1965,Male,2024-08-11,Consumer,Bronze,Occasional,Yes
144,Nathan,Williams,nathan.williams.144@icloud.com,(390) 966-5742,San Francisco,CA,West,1998,Male,2023-03-16,Consumer,Silver,Regular,No
145,Melissa,Hill,melissa.hill.145@outlook.com,(716) 679-5470,Providence,RI,Northeast,1978,Female,2026-01-17,Consumer,Platinum,Regular,Yes
146,Barbara,Robinson,barbara.robinson.146@outlook.com,(379) 825-7643,Columbus,OH,Midwest,1981,Female,2024-08-27,Consumer,Bronze,Regular,Yes
147,John,Sanchez,john.sanchez.147@outlook.com,(657) 971-5374,Columbus,OH,Midwest,1945,Male,2024-05-23,Enterprise,Bronze,Occasional,No
148,Megan,Torres,megan.torres.148@icloud.com,(902) 714-6095,Providence,RI,Northeast,1974,Female,2023-08-31,Consumer,Bronze,Occasional,Yes
149,Christopher,White,christopher.white.149@yahoo.com,(625) 918-9998,Cleveland,OH,Midwest,1992,Male,2025-07-20,Enterprise,Bronze,VIP,No
150,Ryan,Wilson,ryan.wilson.150@gmail.com,(263) 760-9281,San Diego,CA,West,1949,Male,2025-01-10,Consumer,Bronze,Frequent,Yes
151,William,Lee,william.lee.151@protonmail.com,(656) 256-8429,Las Vegas,NV,West,1976,Male,2026-04-09,Consumer,Bronze,Occasional,Yes
152,Melissa,Brown,melissa.brown.152@gmail.com,(246) 633-6644,Indianapolis,IN,Midwest,1992,Female,2023-01-07,Small Business,Bronze,Occasional,Yes
153,Robert,Jones,robert.jones.153@icloud.com,(583) 591-8348,Las Vegas,NV,West,1994,Male,2023-10-05,Consumer,Bronze,Regular,No
154,Anthony,Garcia,anthony.garcia.154@outlook.com,(945) 428-1056,Columbus,OH,Midwest,1979,Male,2024-01-01,Consumer,Bronze,Regular,Yes
155,Nathan,Wright,nathan.wright.155@gmail.com,(232) 876-7868,Orlando,FL,South,1954,Nonbinary,2024-12-09,Small Business,Bronze,Occasional,Yes
156,Brandon,Johnson,brandon.johnson.156@gmail.com,(450) 958-1724,Charlotte,NC,South,1988,Male,2026-05-09,Consumer,Bronze,Regular,Yes
157,Susan,Brown,susan.brown.157@yahoo.com,(442) 509-3347,Pittsburgh,PA,Northeast,1965,Female,2026-03-25,Consumer,Gold,Regular,No
158,Mark,Martin,mark.martin.158@icloud.com,(737) 526-7821,Nashville,TN,South,1948,Male,2025-10-12,Consumer,Bronze,VIP,Yes
159,Barbara,Wright,barbara.wright.159@icloud.com,(626) 770-9683,Dallas,TX,South,2003,Female,2025-08-06,Consumer,Silver,Occasional,Yes
160,Susan,Perez,susan.perez.160@protonmail.com,(817) 240-2192,St. Louis,MO,Midwest,1948,Female,2024-01-26,Small Business,Bronze,Occasional,Yes
161,Paul,Scott,paul.scott.161@gmail.com,(964) 972-8846,Dallas,TX,South,1958,Male,2023-02-01,Small Business,Bronze,Frequent,No
162,Edward,Wilson,edward.wilson.162@yahoo.com,(515) 467-6892,Dallas,TX,South,1974,Male,2025-02-18,Consumer,Silver,Regular,Yes
163,Michael,Walker,michael.walker.163@outlook.com,(959) 349-1265,Denver,CO,West,1947,Male,2025-04-27,Small Business,Bronze,Regular,Yes
164,Brian,Clark,brian.clark.164@yahoo.com,(463) 981-9005,Dallas,TX,South,1976,Male,2024-05-18,Consumer,Bronze,Regular,No
165,Andrew,Robinson,andrew.robinson.165@protonmail.com,(857) 260-9584,Providence,RI,Northeast,1956,Male,2025-09-27,Consumer,Silver,Frequent,Yes
166,Jacob,Brown,jacob.brown.166@outlook.com,(717) 666-7114,Phoenix,AZ,West,1990,Male,2023-05-20,Consumer,Silver,Occasional,Yes
167,Nathan,Flores,nathan.flores.167@yahoo.com,(748) 493-1280,Las Vegas,NV,West,1945,Male,2025-04-22,Consumer,Bronze,Occasional,Yes
168,Mark,Lopez,mark.lopez.168@yahoo.com,(473) 606-2294,New York,NY,Northeast,1978,Male,2026-06-23,Consumer,Bronze,Occasional,Yes
169,Melissa,Thomas,melissa.thomas.169@gmail.com,(295) 615-7213,Seattle,WA,West,1986,Female,2023-06-15,Consumer,Silver,VIP,Yes
170,Lauren,Smith,lauren.smith.170@gmail.com,(740) 243-4764,Detroit,MI,Midwest,1981,Female,2024-11-09,Consumer,Bronze,VIP,Yes
171,Brandon,Torres,brandon.torres.171@gmail.com,(383) 522-1256,Atlanta,GA,South,2002,Male,2024-07-28,Small Business,Silver,Regular,No
172,Jason,Sanchez,jason.sanchez.172@yahoo.com,(593) 973-3292,Portland,OR,West,1988,Male,2025-03-07,Consumer,Bronze,Frequent,Yes
173,John,Allen,john.allen.173@protonmail.com,(809) 606-6347,Milwaukee,WI,Midwest,1966,Male,2023-06-05,Consumer,Bronze,Regular,Yes
174,Sandra,Young,sandra.young.174@yahoo.com,(452) 930-2204,Orlando,FL,South,1950,Female,2025-02-17,Consumer,Silver,Frequent,Yes
175,Nicole,Martinez,nicole.martinez.175@yahoo.com,(304) 335-2430,Milwaukee,WI,Midwest,1973,Female,2024-09-23,Consumer,Bronze,Regular,Yes
176,Amanda,Allen,amanda.allen.176@icloud.com,(212) 498-7779,Atlanta,GA,South,1983,Female,2026-05-07,Consumer,Bronze,Frequent,Yes
177,Sophia,Scott,sophia.scott.177@yahoo.com,(474) 704-3390,Seattle,WA,West,1955,Female,2025-02-18,Consumer,Bronze,Occasional,Yes
178,Margaret,Martin,margaret.martin.178@outlook.com,(668) 309-3219,Charlotte,NC,South,1976,Female,2026-07-04,Consumer,Gold,Regular,Yes
179,Daniel,Flores,daniel.flores.179@protonmail.com,(911) 405-8848,Miami,FL,South,1953,Male,2026-05-02,Consumer,Bronze,Occasional,Yes
180,Daniel,Jackson,daniel.jackson.180@icloud.com,(573) 316-4273,St. Louis,MO,Midwest,1969,Male,2024-10-29,Enterprise,Silver,Occasional,Yes
181,Steven,Scott,steven.scott.181@icloud.com,(889) 711-3280,Newark,NJ,Northeast,1998,Male,2024-08-19,Enterprise,Bronze,Regular,Yes
182,Rachel,Martinez,rachel.martinez.182@protonmail.com,(908) 628-9907,Minneapolis,MN,Midwest,1982,Female,2025-09-08,Consumer,Platinum,Regular,Yes
183,Edward,Wright,edward.wright.183@gmail.com,(776) 860-7547,Detroit,MI,Midwest,1955,Male,2024-12-28,Consumer,Bronze,Regular,No
184,Christina,Ramirez,christina.ramirez.184@protonmail.com,(426) 656-7129,New York,NY,Northeast,1980,Female,2025-11-28,Consumer,Bronze,Regular,Yes
185,Brian,Allen,brian.allen.185@outlook.com,(556) 519-6620,Boston,MA,Northeast,1952,Male,2023-06-25,Consumer,Bronze,Frequent,Yes
186,Emily,Thompson,emily.thompson.186@gmail.com,(223) 551-2791,Richmond,VA,South,1964,Female,2023-05-18,Small Business,Bronze,Occasional,Yes
187,Megan,Thomas,megan.thomas.187@outlook.com,(390) 855-8080,Nashville,TN,South,1959,Female,2025-08-04,Consumer,Bronze,Frequent,Yes
188,Brandon,Gonzalez,brandon.gonzalez.188@gmail.com,(791) 304-9796,Orlando,FL,South,1962,Male,2024-02-26,Consumer,Silver,Frequent,Yes
189,Sandra,Davis,sandra.davis.189@protonmail.com,(316) 556-6766,Richmond,VA,South,1969,Female,2026-05-07,Consumer,Silver,Regular,Yes
190,Jacob,Martin,jacob.martin.190@yahoo.com,(910) 344-9369,San Diego,CA,West,1964,Male,2024-05-03,Consumer,Bronze,Occasional,Yes
191,Brian,Harris,brian.harris.191@yahoo.com,(343) 391-6154,Richmond,VA,South,1980,Male,2023-12-21,Consumer,Silver,Occasional,Yes
192,Justin,Thompson,justin.thompson.192@icloud.com,(901) 703-7809,Las Vegas,NV,West,1977,Male,2026-02-24,Consumer,Silver,Regular,Yes
193,Barbara,Garcia,barbara.garcia.193@icloud.com,(779) 960-9115,Cleveland,OH,Midwest,1963,Female,2026-01-06,Consumer,Bronze,Occasional,Yes
194,Linda,Moore,linda.moore.194@icloud.com,(304) 953-5055,Denver,CO,West,1979,Female,2025-06-22,Consumer,Silver,Occasional,Yes
195,Brandon,Taylor,brandon.taylor.195@protonmail.com,(905) 559-8015,Charlotte,NC,South,1958,Prefer not to say,2024-04-30,Consumer,Platinum,Frequent,Yes
196,Susan,Wilson,susan.wilson.196@yahoo.com,(496) 786-5380,Denver,CO,West,1965,Female,2023-12-11,Consumer,Bronze,VIP,No
197,Brandon,Miller,brandon.miller.197@outlook.com,(349) 928-6277,Hartford,CT,Northeast,1989,Male,2023-09-17,Small Business,Platinum,Frequent,Yes
198,Steven,Sanchez,steven.sanchez.198@gmail.com,(612) 727-5558,Houston,TX,South,1985,Male,2023-06-04,Consumer,Bronze,Frequent,Yes
199,Donald,Young,donald.young.199@yahoo.com,(264) 747-7516,Atlanta,GA,South,1991,Male,2023-07-10,Small Business,Silver,VIP,Yes
200,Susan,Young,susan.young.200@yahoo.com,(898) 980-1793,Houston,TX,South,1999,Female,2026-03-05,Consumer,Bronze,Regular,Yes
201,Jacob,Robinson,jacob.robinson.201@outlook.com,(865) 509-3604,Philadelphia,PA,Northeast,1957,Male,2025-05-26,Consumer,Bronze,VIP,Yes
202,John,White,john.white.202@outlook.com,(639) 871-2494,Miami,FL,South,1970,Male,2023-04-17,Consumer,Silver,Regular,Yes
203,Emily,Jones,emily.jones.203@gmail.com,(632) 910-3165,Buffalo,NY,Northeast,1989,Female,2023-01-17,Consumer,Bronze,Occasional,Yes
204,Jennifer,Miller,jennifer.miller.204@outlook.com,(270) 743-1138,Providence,RI,Northeast,1986,Female,2023-09-30,Small Business,Bronze,VIP,Yes
205,Nancy,Wilson,nancy.wilson.205@gmail.com,(343) 970-3017,Columbus,OH,Midwest,2000,Female,2025-06-25,Small Business,Silver,Occasional,Yes
206,Margaret,Lee,margaret.lee.206@protonmail.com,(491) 997-1439,Seattle,WA,West,1983,Female,2026-02-07,Consumer,Bronze,Regular,Yes
207,Christopher,Wilson,christopher.wilson.207@outlook.com,(706) 595-2847,Dallas,TX,South,1995,Male,2023-04-22,Small Business,Bronze,Frequent,Yes
208,John,King,john.king.208@protonmail.com,(630) 574-9951,Los Angeles,CA,West,1969,Male,2023-09-28,Enterprise,Gold,Frequent,Yes
209,Jason,Jones,jason.jones.209@protonmail.com,(493) 843-9209,New York,NY,Northeast,2005,Male,2023-05-04,Consumer,Bronze,Frequent,Yes
210,Betty,Garcia,betty.garcia.210@outlook.com,(749) 534-7401,Columbus,OH,Midwest,2003,Female,2025-11-13,Consumer,Bronze,Occasional,Yes
211,Charles,Jones,charles.jones.211@icloud.com,(318) 664-1901,Orlando,FL,South,1960,Male,2023-04-29,Small Business,Silver,Occasional,Yes
212,Paul,Lopez,paul.lopez.212@yahoo.com,(370) 580-3079,Philadelphia,PA,Northeast,1978,Male,2024-12-11,Consumer,Bronze,Regular,Yes
213,Paul,Davis,paul.davis.213@protonmail.com,(842) 278-9128,Los Angeles,CA,West,1949,Male,2025-12-08,Consumer,Bronze,Occasional,Yes
214,Emily,Torres,emily.torres.214@outlook.com,(958) 721-1042,Philadelphia,PA,Northeast,1988,Female,2026-03-21,Consumer,Bronze,Regular,Yes
215,Joseph,Williams,joseph.williams.215@icloud.com,(429) 529-5067,Orlando,FL,South,1980,Male,2023-03-14,Small Business,Bronze,Frequent,Yes
216,Thomas,Jones,thomas.jones.216@gmail.com,(610) 270-8620,Detroit,MI,Midwest,1959,Male,2024-01-03,Consumer,Gold,Frequent,No
217,Christopher,Lee,christopher.lee.217@protonmail.com,(448) 675-7033,Newark,NJ,Northeast,1995,Male,2026-02-28,Consumer,Bronze,Occasional,Yes
218,Jason,Gonzalez,jason.gonzalez.218@gmail.com,(543) 201-7164,Cleveland,OH,Midwest,1959,Male,2023-02-18,Consumer,Gold,Regular,No
219,Michael,Wilson,michael.wilson.219@gmail.com,(437) 732-7767,Dallas,TX,South,1990,Male,2023-10-19,Consumer,Gold,Occasional,Yes
220,Megan,Garcia,megan.garcia.220@outlook.com,(442) 498-5276,Columbus,OH,Midwest,1981,Female,2026-04-27,Consumer,Bronze,Occasional,Yes
221,Anthony,Lee,anthony.lee.221@gmail.com,(359) 308-3693,Houston,TX,South,1994,Male,2023-10-06,Consumer,Gold,Frequent,Yes
222,Linda,Wright,linda.wright.222@yahoo.com,(921) 913-1660,Dallas,TX,South,1950,Female,2023-09-03,Consumer,Bronze,Occasional,Yes
223,David,Garcia,david.garcia.223@outlook.com,(231) 614-8408,Milwaukee,WI,Midwest,1961,Male,2024-09-04,Consumer,Bronze,Frequent,Yes
224,Michael,Robinson,michael.robinson.224@icloud.com,(581) 902-2376,Philadelphia,PA,Northeast,1953,Male,2024-03-31,Consumer,Bronze,Occasional,Yes
225,Olivia,Jones,olivia.jones.225@yahoo.com,(325) 243-8552,New York,NY,Northeast,1950,Female,2023-09-21,Consumer,Silver,Frequent,Yes
226,Mark,Sanchez,mark.sanchez.226@yahoo.com,(656) 352-1567,Orlando,FL,South,2003,Male,2024-03-15,Consumer,Bronze,Occasional,Yes
227,Charles,Jackson,charles.jackson.227@protonmail.com,(455) 845-9907,Richmond,VA,South,1971,Male,2023-10-09,Consumer,Bronze,Occasional,Yes
228,Lauren,Thompson,lauren.thompson.228@gmail.com,(526) 811-4588,Richmond,VA,South,1969,Nonbinary,2024-10-20,Consumer,Bronze,Occasional,Yes
229,Thomas,Brown,thomas.brown.229@outlook.com,(472) 746-1916,Las Vegas,NV,West,1955,Male,2024-04-21,Consumer,Silver,Occasional,Yes
230,Brian,Harris,brian.harris.230@yahoo.com,(781) 777-3328,Nashville,TN,South,2003,Male,2025-01-04,Consumer,Bronze,Regular,Yes
231,Christina,Young,christina.young.231@protonmail.com,(689) 200-6435,Nashville,TN,South,1983,Female,2024-04-21,Consumer,Bronze,Occasional,No
232,Elizabeth,Perez,elizabeth.perez.232@protonmail.com,(573) 274-7120,Milwaukee,WI,Midwest,1994,Female,2023-10-18,Consumer,Bronze,Occasional,Yes
233,Brian,Miller,brian.miller.233@icloud.com,(864) 524-3854,Miami,FL,South,1995,Male,2025-06-13,Consumer,Bronze,Regular,Yes
234,Brandon,Flores,brandon.flores.234@yahoo.com,(330) 381-1029,Seattle,WA,West,1964,Male,2025-02-13,Consumer,Silver,Regular,No
235,Anthony,Torres,anthony.torres.235@icloud.com,(344) 539-2274,Providence,RI,Northeast,1985,Male,2024-03-28,Small Business,Gold,Regular,Yes
236,Daniel,Garcia,daniel.garcia.236@yahoo.com,(310) 937-1020,Denver,CO,West,1989,Nonbinary,2024-05-26,Consumer,Bronze,Occasional,Yes
237,Margaret,Hernandez,margaret.hernandez.237@protonmail.com,(866) 976-4695,Las Vegas,NV,West,1951,Female,2025-02-07,Small Business,Bronze,Frequent,Yes
238,Emma,Williams,emma.williams.238@outlook.com,(949) 276-9962,Miami,FL,South,1955,Female,2024-12-01,Consumer,Bronze,Frequent,No
239,Steven,Hill,steven.hill.239@outlook.com,(254) 303-6424,Las Vegas,NV,West,1983,Nonbinary,2023-12-04,Consumer,Bronze,Frequent,Yes
240,Nicole,Scott,nicole.scott.240@protonmail.com,(702) 357-1893,Indianapolis,IN,Midwest,1948,Female,2023-07-16,Consumer,Bronze,Regular,Yes
241,Karen,Hill,karen.hill.241@gmail.com,(515) 607-8715,Charlotte,NC,South,1950,Female,2024-08-20,Consumer,Bronze,Regular,Yes
242,John,Wright,john.wright.242@icloud.com,(469) 431-5400,Miami,FL,South,1947,Male,2025-07-01,Small Business,Bronze,Occasional,Yes
243,Nicole,Miller,nicole.miller.243@icloud.com,(735) 628-9773,Providence,RI,Northeast,1959,Female,2026-04-22,Small Business,Bronze,Regular,Yes
244,Brian,Thomas,brian.thomas.244@protonmail.com,(785) 893-3415,Charlotte,NC,South,1977,Male,2023-03-13,Consumer,Gold,Regular,Yes
245,William,Hernandez,william.hernandez.245@outlook.com,(809) 464-6238,Seattle,WA,West,1957,Male,2025-06-10,Consumer,Bronze,VIP,No
246,John,Garcia,john.garcia.246@gmail.com,(917) 838-9561,Orlando,FL,South,1974,Male,2025-11-30,Consumer,Gold,Frequent,Yes
247,Elizabeth,Martinez,elizabeth.martinez.247@protonmail.com,(552) 620-5327,Detroit,MI,Midwest,1995,Female,2023-07-26,Small Business,Bronze,Occasional,Yes
248,Stephanie,Walker,stephanie.walker.248@yahoo.com,(907) 443-1807,Pittsburgh,PA,Northeast,1947,Female,2025-04-02,Consumer,Silver,Regular,Yes
249,Brandon,White,brandon.white.249@yahoo.com,(961) 653-6257,Pittsburgh,PA,Northeast,2000,Male,2023-07-21,Consumer,Silver,Occasional,Yes
250,Lauren,Garcia,lauren.garcia.250@yahoo.com,(257) 727-3604,Dallas,TX,South,1993,Female,2025-09-19,Small Business,Bronze,Regular,Yes
251,Anthony,Rodriguez,anthony.rodriguez.251@gmail.com,(667) 251-6904,Los Angeles,CA,West,1998,Male,2024-02-16,Consumer,Gold,Occasional,Yes
252,Olivia,Robinson,olivia.robinson.252@icloud.com,(800) 764-6730,Charlotte,NC,South,1983,Female,2025-09-28,Consumer,Bronze,Regular,Yes
253,Thomas,Garcia,thomas.garcia.253@outlook.com,(893) 411-5408,Orlando,FL,South,1999,Male,2024-03-14,Consumer,Gold,Occasional,Yes
254,Justin,Smith,justin.smith.254@yahoo.com,(929) 926-5511,Nashville,TN,South,1959,Male,2023-01-18,Consumer,Silver,Occasional,Yes
255,Nancy,Robinson,nancy.robinson.255@gmail.com,(723) 878-7131,Richmond,VA,South,1970,Female,2026-07-01,Consumer,Bronze,Regular,Yes
256,Christopher,Martin,christopher.martin.256@yahoo.com,(871) 928-5895,St. Louis,MO,Midwest,1965,Male,2026-08-04,Consumer,Platinum,Frequent,Yes
257,Joseph,Brown,joseph.brown.257@yahoo.com,(465) 628-7628,Phoenix,AZ,West,1986,Male,2023-02-22,Consumer,Silver,Regular,Yes
258,Nicole,Torres,nicole.torres.258@yahoo.com,(719) 507-3785,Denver,CO,West,1985,Female,2025-12-30,Small Business,Bronze,Frequent,Yes
259,William,Jackson,william.jackson.259@yahoo.com,(870) 291-4641,Philadelphia,PA,Northeast,1993,Male,2026-02-18,Small Business,Silver,Frequent,Yes
260,Christopher,Clark,christopher.clark.260@gmail.com,(849) 797-2166,Denver,CO,West,1999,Male,2025-08-07,Consumer,Bronze,Occasional,Yes
261,Linda,Harris,linda.harris.261@protonmail.com,(668) 346-6183,Orlando,FL,South,1957,Female,2023-10-09,Consumer,Gold,Occasional,No
262,Jennifer,Young,jennifer.young.262@outlook.com,(790) 982-3595,Nashville,TN,South,1962,Female,2025-07-14,Consumer,Bronze,Occasional,Yes
263,John,Rodriguez,john.rodriguez.263@outlook.com,(948) 582-1230,Minneapolis,MN,Midwest,1945,Male,2025-02-24,Consumer,Gold,Occasional,Yes
264,Joshua,Gonzalez,joshua.gonzalez.264@icloud.com,(715) 802-6015,Boston,MA,Northeast,1964,Male,2024-12-06,Consumer,Bronze,Occasional,Yes
265,Christopher,Jackson,christopher.jackson.265@icloud.com,(567) 968-4087,Miami,FL,South,1966,Male,2023-10-02,Consumer,Silver,VIP,Yes
266,Ryan,Sanchez,ryan.sanchez.266@gmail.com,(575) 928-1612,Buffalo,NY,Northeast,1982,Male,2023-02-14,Small Business,Bronze,Regular,Yes
267,Jason,Wright,jason.wright.267@icloud.com,(654) 589-3024,Chicago,IL,Midwest,1948,Male,2023-02-10,Consumer,Silver,Regular,Yes
268,Elizabeth,Wilson,elizabeth.wilson.268@outlook.com,(628) 307-9381,Chicago,IL,Midwest,1962,Female,2025-12-01,Consumer,Silver,Regular,Yes
269,Linda,Miller,linda.miller.269@yahoo.com,(364) 240-9980,Dallas,TX,South,1967,Female,2024-02-18,Small Business,Silver,Regular,Yes
270,Abigail,Walker,abigail.walker.270@icloud.com,(352) 292-9383,Atlanta,GA,South,1998,Female,2023-08-15,Consumer,Bronze,Regular,Yes
271,Brandon,Taylor,brandon.taylor.271@outlook.com,(240) 497-6901,St. Louis,MO,Midwest,1948,Male,2025-08-08,Enterprise,Bronze,Occasional,Yes
272,Megan,Davis,megan.davis.272@icloud.com,(836) 474-2522,Boston,MA,Northeast,1966,Female,2023-12-16,Consumer,Bronze,Regular,Yes
273,Linda,Sanchez,linda.sanchez.273@outlook.com,(315) 335-1960,Richmond,VA,South,1996,Female,2025-09-06,Consumer,Bronze,Regular,No
274,Michael,Clark,michael.clark.274@yahoo.com,(826) 229-3140,Las Vegas,NV,West,1984,Male,2024-01-07,Small Business,Silver,Regular,Yes
275,Sophia,Clark,sophia.clark.275@protonmail.com,(429) 885-6542,Charlotte,NC,South,1994,Female,2025-12-10,Consumer,Bronze,Regular,Yes
276,George,Miller,george.miller.276@protonmail.com,(827) 255-1190,Dallas,TX,South,1969,Male,2026-08-06,Consumer,Silver,Occasional,Yes
277,Emma,Walker,emma.walker.277@gmail.com,(719) 428-7203,San Francisco,CA,West,1966,Female,2024-05-08,Consumer,Bronze,VIP,Yes
278,Sandra,Lewis,sandra.lewis.278@gmail.com,(305) 613-7755,Las Vegas,NV,West,1952,Female,2024-10-09,Consumer,Bronze,VIP,Yes
279,Jacob,Garcia,jacob.garcia.279@gmail.com,(428) 665-6439,Portland,OR,West,2005,Male,2025-07-23,Small Business,Bronze,Occasional,Yes
280,Andrew,White,andrew.white.280@yahoo.com,(760) 734-7125,Detroit,MI,Midwest,1966,Male,2023-01-05,Consumer,Silver,Regular,Yes
281,Barbara,Young,barbara.young.281@icloud.com,(420) 668-4122,Hartford,CT,Northeast,1952,Female,2024-01-20,Consumer,Silver,Frequent,Yes
282,Margaret,Williams,margaret.williams.282@icloud.com,(204) 743-1795,San Diego,CA,West,1977,Female,2026-04-21,Small Business,Bronze,Occasional,Yes
283,Melissa,Walker,melissa.walker.283@protonmail.com,(820) 529-9259,San Francisco,CA,West,1951,Female,2023-09-20,Consumer,Bronze,Regular,No
284,Stephanie,Thomas,stephanie.thomas.284@protonmail.com,(506) 918-9975,Miami,FL,South,1953,Female,2023-10-01,Enterprise,Bronze,Regular,No
285,Nathan,Scott,nathan.scott.285@outlook.com,(715) 755-6281,Cleveland,OH,Midwest,2003,Male,2024-12-08,Consumer,Silver,Regular,Yes
286,Kevin,Walker,kevin.walker.286@icloud.com,(213) 735-2744,Minneapolis,MN,Midwest,1963,Male,2025-12-29,Consumer,Gold,Frequent,Yes
287,Rachel,Brown,rachel.brown.287@yahoo.com,(408) 971-9866,Nashville,TN,South,1998,Female,2023-10-27,Enterprise,Silver,Occasional,Yes
288,Michael,Flores,michael.flores.288@yahoo.com,(909) 880-1769,Seattle,WA,West,1977,Male,2024-05-01,Small Business,Bronze,Frequent,No
289,Christina,Lee,christina.lee.289@icloud.com,(430) 848-7025,Los Angeles,CA,West,2000,Female,2026-06-24,Consumer,Bronze,Frequent,Yes
290,George,Gonzalez,george.gonzalez.290@protonmail.com,(322) 586-1665,Seattle,WA,West,1956,Male,2023-06-02,Consumer,Bronze,VIP,Yes
291,David,Hernandez,david.hernandez.291@yahoo.com,(811) 252-5934,Indianapolis,IN,Midwest,1947,Male,2023-11-14,Consumer,Bronze,Occasional,Yes
292,Matthew,Jones,matthew.jones.292@outlook.com,(625) 756-9798,Denver,CO,West,1949,Male,2025-12-02,Consumer,Gold,Frequent,Yes
293,Sophia,Wilson,sophia.wilson.293@protonmail.com,(970) 864-1144,Milwaukee,WI,Midwest,1978,Female,2026-06-20,Consumer,Bronze,Regular,Yes
294,Jessica,Flores,jessica.flores.294@gmail.com,(595) 462-9851,Seattle,WA,West,1969,Female,2024-10-19,Enterprise,Silver,Frequent,Yes
295,Ashley,White,ashley.white.295@gmail.com,(371) 991-9814,Richmond,VA,South,1965,Female,2024-01-30,Consumer,Bronze,Regular,Yes
296,Richard,Wilson,richard.wilson.296@gmail.com,(964) 902-3519,Phoenix,AZ,West,1986,Male,2025-06-10,Small Business,Bronze,Frequent,Yes
297,Robert,Garcia,robert.garcia.297@yahoo.com,(617) 597-8391,Philadelphia,PA,Northeast,1997,Male,2026-03-23,Small Business,Bronze,Occasional,Yes
298,Mary,Harris,mary.harris.298@gmail.com,(566) 714-2738,Chicago,IL,Midwest,1947,Female,2026-04-14,Consumer,Silver,Regular,Yes
299,George,Garcia,george.garcia.299@outlook.com,(339) 964-7406,Richmond,VA,South,1975,Male,2023-03-05,Consumer,Silver,Occasional,Yes
300,Christopher,Martinez,christopher.martinez.300@gmail.com,(786) 810-7456,Miami,FL,South,1954,Male,2026-02-10,Enterprise,Bronze,Occasional,Yes
301,Christopher,Wilson,christopher.wilson.301@outlook.com,(831) 458-4183,Milwaukee,WI,Midwest,1954,Male,2025-11-15,Consumer,Gold,Occasional,Yes
302,Brian,Brown,brian.brown.302@protonmail.com,(698) 538-6851,Las Vegas,NV,West,1961,Male,2023-05-18,Consumer,Bronze,Occasional,Yes
303,Michael,Jackson,michael.jackson.303@protonmail.com,(356) 779-6971,Cleveland,OH,Midwest,1987,Male,2026-06-16,Consumer,Bronze,Occasional,Yes
304,William,Smith,william.smith.304@yahoo.com,(691) 673-8296,Dallas,TX,South,1998,Male,2024-07-20,Consumer,Silver,Regular,Yes
305,Amanda,Miller,amanda.miller.305@yahoo.com,(951) 841-2252,New York,NY,Northeast,2002,Female,2023-10-14,Small Business,Gold,Regular,Yes
306,Justin,Allen,justin.allen.306@protonmail.com,(683) 869-3435,Minneapolis,MN,Midwest,1980,Male,2023-03-17,Small Business,Bronze,Occasional,Yes
307,Rebecca,Nguyen,rebecca.nguyen.307@gmail.com,(878) 444-3717,Indianapolis,IN,Midwest,1970,Female,2023-07-05,Consumer,Bronze,Regular,Yes
308,Barbara,Lopez,barbara.lopez.308@icloud.com,(437) 264-5331,Columbus,OH,Midwest,1947,Female,2025-01-04,Small Business,Bronze,Occasional,Yes
309,Susan,King,susan.king.309@yahoo.com,(305) 920-9542,Denver,CO,West,1947,Female,2023-04-06,Consumer,Gold,VIP,Yes
310,Megan,Taylor,megan.taylor.310@gmail.com,(729) 457-7165,Columbus,OH,Midwest,1986,Female,2026-04-18,Consumer,Bronze,Frequent,No
311,Betty,Thompson,betty.thompson.311@outlook.com,(650) 369-4768,Denver,CO,West,1945,Female,2026-05-22,Consumer,Bronze,Regular,Yes
312,Richard,Martinez,richard.martinez.312@gmail.com,(693) 891-8844,Miami,FL,South,1971,Male,2024-04-16,Consumer,Silver,Frequent,Yes
313,Charles,Clark,charles.clark.313@protonmail.com,(350) 257-3725,Boston,MA,Northeast,1985,Male,2023-10-03,Consumer,Bronze,Regular,Yes
314,Betty,Hill,betty.hill.314@icloud.com,(821) 682-8891,Los Angeles,CA,West,2005,Female,2024-08-03,Small Business,Silver,Occasional,Yes
315,George,Martinez,george.martinez.315@icloud.com,(810) 804-2127,San Francisco,CA,West,1991,Male,2023-12-10,Consumer,Bronze,Regular,Yes
316,Linda,Johnson,linda.johnson.316@protonmail.com,(239) 744-9246,Orlando,FL,South,1975,Female,2023-12-30,Small Business,Silver,Frequent,Yes
317,Rachel,Rodriguez,rachel.rodriguez.317@gmail.com,(914) 742-8028,Los Angeles,CA,West,1978,Female,2025-06-02,Small Business,Silver,Regular,Yes
318,Ryan,Harris,ryan.harris.318@yahoo.com,(812) 756-7695,Charlotte,NC,South,2003,Male,2024-04-21,Consumer,Bronze,Frequent,Yes
319,Megan,Smith,megan.smith.319@icloud.com,(570) 309-3535,Detroit,MI,Midwest,1989,Female,2024-02-25,Consumer,Bronze,Frequent,Yes
320,Thomas,Wright,thomas.wright.320@protonmail.com,(770) 694-3928,Miami,FL,South,1993,Male,2025-03-24,Consumer,Platinum,Occasional,Yes
321,Thomas,Martin,thomas.martin.321@outlook.com,(302) 419-9328,Minneapolis,MN,Midwest,1992,Male,2023-09-01,Small Business,Gold,Occasional,Yes
322,Amanda,Flores,amanda.flores.322@outlook.com,(682) 814-8133,Chicago,IL,Midwest,1996,Female,2023-01-11,Consumer,Gold,Occasional,Yes
323,Nancy,Garcia,nancy.garcia.323@protonmail.com,(258) 992-3871,Minneapolis,MN,Midwest,1963,Female,2025-12-03,Small Business,Bronze,Regular,Yes
324,Susan,King,susan.king.324@gmail.com,(568) 444-1004,Atlanta,GA,South,1984,Female,2024-04-19,Small Business,Bronze,Occasional,No
325,Sarah,Sanchez,sarah.sanchez.325@gmail.com,(762) 491-6703,Orlando,FL,South,1992,Female,2023-02-01,Consumer,Bronze,Regular,Yes
326,Joseph,Hill,joseph.hill.326@gmail.com,(772) 274-9243,Las Vegas,NV,West,1956,Male,2024-06-18,Small Business,Bronze,Regular,Yes
327,Ryan,Allen,ryan.allen.327@yahoo.com,(994) 669-8548,Portland,OR,West,1975,Male,2026-02-27,Consumer,Gold,Frequent,Yes
328,Andrew,Davis,andrew.davis.328@yahoo.com,(728) 748-1159,Orlando,FL,South,1996,Male,2024-04-15,Consumer,Platinum,Occasional,Yes
329,Karen,Garcia,karen.garcia.329@protonmail.com,(475) 387-4115,Miami,FL,South,1965,Female,2025-09-02,Consumer,Gold,Regular,Yes
330,Megan,Thomas,megan.thomas.330@gmail.com,(322) 280-9071,Seattle,WA,West,1967,Female,2026-06-20,Consumer,Silver,Occasional,Yes
331,Kevin,Williams,kevin.williams.331@outlook.com,(982) 723-5591,Denver,CO,West,2000,Male,2026-03-22,Consumer,Bronze,Occasional,Yes
332,David,Brown,david.brown.332@outlook.com,(668) 323-9490,Orlando,FL,South,1967,Male,2025-10-26,Consumer,Bronze,Regular,Yes
333,James,Wilson,james.wilson.333@outlook.com,(475) 682-6621,Charlotte,NC,South,1956,Male,2024-06-15,Consumer,Silver,Regular,Yes
334,Richard,Clark,richard.clark.334@protonmail.com,(902) 434-2636,Milwaukee,WI,Midwest,1956,Male,2025-07-12,Consumer,Bronze,Regular,Yes
335,Kevin,Ramirez,kevin.ramirez.335@outlook.com,(631) 711-3203,Seattle,WA,West,1975,Male,2023-11-03,Consumer,Gold,Frequent,No
336,Joshua,Wright,joshua.wright.336@outlook.com,(261) 420-5166,St. Louis,MO,Midwest,1948,Male,2026-03-08,Consumer,Bronze,Regular,Yes
337,Donald,Perez,donald.perez.337@gmail.com,(559) 895-4259,Miami,FL,South,1967,Male,2024-06-11,Consumer,Gold,Occasional,Yes
338,Kevin,Lopez,kevin.lopez.338@gmail.com,(590) 828-5694,Portland,OR,West,1994,Male,2025-09-25,Consumer,Silver,Regular,Yes
339,Justin,Hernandez,justin.hernandez.339@gmail.com,(365) 551-4739,Milwaukee,WI,Midwest,1999,Male,2025-04-08,Consumer,Silver,Frequent,Yes
340,Edward,Moore,edward.moore.340@icloud.com,(623) 371-4012,Minneapolis,MN,Midwest,1992,Male,2025-01-13,Consumer,Bronze,Regular,Yes
341,Jessica,Taylor,jessica.taylor.341@icloud.com,(761) 255-1431,San Diego,CA,West,1949,Female,2023-07-15,Consumer,Bronze,Frequent,Yes
342,John,Miller,john.miller.342@yahoo.com,(653) 841-3071,Nashville,TN,South,1964,Male,2025-03-09,Consumer,Gold,Occasional,Yes
343,James,Williams,james.williams.343@icloud.com,(338) 914-9835,Milwaukee,WI,Midwest,2004,Male,2026-01-12,Small Business,Bronze,Occasional,Yes
344,Charles,Torres,charles.torres.344@yahoo.com,(574) 622-5256,Houston,TX,South,1996,Male,2024-04-10,Small Business,Bronze,Occasional,Yes
345,Ashley,Rodriguez,ashley.rodriguez.345@yahoo.com,(209) 984-8052,Richmond,VA,South,2005,Female,2025-10-04,Consumer,Silver,Frequent,Yes
346,Ryan,Smith,ryan.smith.346@icloud.com,(587) 425-5308,Dallas,TX,South,1960,Male,2025-03-19,Consumer,Bronze,Occasional,Yes
347,Joshua,Flores,joshua.flores.347@gmail.com,(386) 339-5744,Portland,OR,West,1971,Male,2024-07-04,Consumer,Silver,Occasional,Yes
348,Sandra,Moore,sandra.moore.348@gmail.com,(488) 475-3048,St. Louis,MO,Midwest,1979,Female,2023-04-12,Consumer,Bronze,Occasional,Yes
349,Joseph,Garcia,joseph.garcia.349@gmail.com,(538) 282-3393,Newark,NJ,Northeast,1968,Male,2025-10-17,Consumer,Bronze,Regular,Yes
350,John,Wright,john.wright.350@outlook.com,(594) 989-8257,Dallas,TX,South,1998,Male,2025-02-20,Small Business,Bronze,Occasional,Yes
351,Anthony,Robinson,anthony.robinson.351@yahoo.com,(530) 362-1691,Detroit,MI,Midwest,1969,Prefer not to say,2025-08-26,Consumer,Platinum,Regular,Yes
352,Michael,Taylor,michael.taylor.352@icloud.com,(532) 215-3742,Houston,TX,South,1952,Male,2024-03-22,Consumer,Gold,Occasional,Yes
353,Anthony,Thomas,anthony.thomas.353@gmail.com,(454) 361-9190,Boston,MA,Northeast,1954,Male,2026-05-06,Consumer,Silver,Regular,Yes
354,Nathan,Brown,nathan.brown.354@protonmail.com,(860) 974-6690,Philadelphia,PA,Northeast,1976,Male,2023-09-15,Consumer,Silver,Occasional,Yes
355,Susan,Johnson,susan.johnson.355@protonmail.com,(501) 755-9029,Milwaukee,WI,Midwest,1976,Female,2023-03-22,Small Business,Bronze,Regular,Yes
356,Nancy,Lee,nancy.lee.356@outlook.com,(660) 502-5314,Indianapolis,IN,Midwest,1955,Female,2026-02-09,Small Business,Bronze,Occasional,Yes
357,Rebecca,Allen,rebecca.allen.357@yahoo.com,(938) 264-9830,Nashville,TN,South,1994,Female,2025-01-15,Small Business,Silver,Regular,Yes
358,Rachel,Young,rachel.young.358@protonmail.com,(874) 268-1717,San Francisco,CA,West,1965,Female,2026-08-05,Consumer,Bronze,Occasional,Yes
359,Emma,Williams,emma.williams.359@protonmail.com,(918) 804-5193,Richmond,VA,South,1987,Female,2025-03-06,Consumer,Bronze,Regular,Yes
360,Nicole,Jones,nicole.jones.360@gmail.com,(569) 771-7814,Buffalo,NY,Northeast,1974,Female,2023-06-13,Consumer,Gold,Frequent,Yes
361,Robert,Flores,robert.flores.361@protonmail.com,(299) 303-4784,Atlanta,GA,South,2005,Male,2023-06-09,Small Business,Silver,Occasional,Yes
362,Ashley,Thomas,ashley.thomas.362@yahoo.com,(890) 669-7997,Columbus,OH,Midwest,1994,Female,2023-08-05,Consumer,Bronze,Regular,No
363,Barbara,Scott,barbara.scott.363@yahoo.com,(763) 532-7090,Miami,FL,South,1973,Female,2026-05-13,Consumer,Bronze,Frequent,Yes
364,Jacob,Lee,jacob.lee.364@icloud.com,(606) 200-1567,Cleveland,OH,Midwest,1968,Male,2024-06-04,Consumer,Bronze,VIP,No
365,Joshua,Rodriguez,joshua.rodriguez.365@yahoo.com,(766) 723-3534,Portland,OR,West,1999,Male,2024-03-15,Consumer,Platinum,Occasional,Yes
366,Elizabeth,Rodriguez,elizabeth.rodriguez.366@outlook.com,(951) 279-6319,Dallas,TX,South,1981,Female,2023-07-08,Consumer,Silver,Regular,Yes
367,Olivia,Torres,olivia.torres.367@gmail.com,(989) 542-6700,San Diego,CA,West,1969,Female,2026-03-26,Consumer,Bronze,Occasional,Yes
368,Abigail,Davis,abigail.davis.368@icloud.com,(255) 512-9591,Seattle,WA,West,1985,Female,2023-01-24,Small Business,Silver,Frequent,Yes
369,David,Lee,david.lee.369@protonmail.com,(716) 292-4638,Dallas,TX,South,1973,Male,2025-03-15,Consumer,Silver,Frequent,Yes
370,David,Rodriguez,david.rodriguez.370@protonmail.com,(644) 992-3136,Richmond,VA,South,1961,Male,2025-03-28,Consumer,Bronze,Occasional,Yes
371,Susan,Young,susan.young.371@yahoo.com,(995) 640-6298,Dallas,TX,South,1960,Female,2025-12-09,Consumer,Platinum,Occasional,Yes
372,Michael,Clark,michael.clark.372@yahoo.com,(831) 652-3389,Miami,FL,South,1994,Male,2023-02-19,Consumer,Bronze,Occasional,Yes
373,Joseph,Gonzalez,joseph.gonzalez.373@protonmail.com,(351) 494-1225,Columbus,OH,Midwest,1992,Male,2023-08-19,Small Business,Gold,Occasional,Yes
374,Christopher,Lewis,christopher.lewis.374@yahoo.com,(761) 694-3315,Miami,FL,South,1979,Male,2024-02-22,Consumer,Bronze,Regular,Yes
375,Anthony,Nguyen,anthony.nguyen.375@yahoo.com,(254) 676-1136,Los Angeles,CA,West,1995,Male,2024-02-16,Consumer,Bronze,Regular,Yes
376,Steven,White,steven.white.376@protonmail.com,(926) 301-6168,Los Angeles,CA,West,1959,Male,2025-03-02,Consumer,Gold,VIP,Yes
377,John,Lopez,john.lopez.377@yahoo.com,(541) 701-7445,Richmond,VA,South,1960,Male,2023-03-23,Consumer,Silver,Frequent,Yes
378,Rachel,Thompson,rachel.thompson.378@yahoo.com,(596) 230-5590,Houston,TX,South,1962,Female,2025-10-23,Consumer,Platinum,Frequent,Yes
379,Betty,Rodriguez,betty.rodriguez.379@outlook.com,(786) 356-7987,Hartford,CT,Northeast,1988,Female,2026-07-05,Consumer,Silver,Occasional,No
380,Daniel,Lewis,daniel.lewis.380@protonmail.com,(338) 640-3378,Dallas,TX,South,2000,Male,2024-02-19,Consumer,Bronze,Occasional,Yes
381,William,Lee,william.lee.381@yahoo.com,(623) 621-5970,New York,NY,Northeast,1991,Male,2023-10-26,Consumer,Silver,Occasional,Yes
382,Brandon,Moore,brandon.moore.382@protonmail.com,(827) 436-4804,Buffalo,NY,Northeast,1984,Male,2026-06-07,Consumer,Bronze,Occasional,Yes
383,Jennifer,Walker,jennifer.walker.383@outlook.com,(397) 431-1528,Newark,NJ,Northeast,1976,Female,2025-03-04,Consumer,Bronze,Regular,Yes
384,Nathan,Moore,nathan.moore.384@icloud.com,(831) 701-6323,Seattle,WA,West,1949,Male,2024-02-23,Small Business,Platinum,Occasional,No
385,Mark,Sanchez,mark.sanchez.385@gmail.com,(733) 311-8399,Phoenix,AZ,West,1983,Male,2026-03-17,Small Business,Bronze,Regular,Yes
386,Brandon,Thomas,brandon.thomas.386@gmail.com,(394) 498-8201,Orlando,FL,South,1978,Male,2025-03-04,Enterprise,Bronze,Frequent,Yes
387,Olivia,Jackson,olivia.jackson.387@icloud.com,(292) 939-9202,Orlando,FL,South,2002,Female,2025-11-24,Consumer,Gold,Occasional,Yes
388,Brandon,Wright,brandon.wright.388@outlook.com,(665) 292-5097,Hartford,CT,Northeast,1982,Male,2025-07-18,Consumer,Bronze,Frequent,Yes
389,Edward,Hernandez,edward.hernandez.389@icloud.com,(944) 723-3619,Detroit,MI,Midwest,1968,Male,2026-07-22,Consumer,Silver,Occasional,Yes
390,Rebecca,Hernandez,rebecca.hernandez.390@icloud.com,(495) 841-3960,San Francisco,CA,West,1971,Female,2023-04-16,Consumer,Bronze,Occasional,Yes
391,Susan,Smith,susan.smith.391@protonmail.com,(705) 443-4553,Indianapolis,IN,Midwest,1979,Female,2025-10-18,Consumer,Bronze,Frequent,Yes
392,Margaret,Lewis,margaret.lewis.392@outlook.com,(250) 389-3429,Boston,MA,Northeast,1985,Female,2026-06-23,Consumer,Bronze,Regular,Yes
393,Elizabeth,Williams,elizabeth.williams.393@outlook.com,(888) 491-3906,Indianapolis,IN,Midwest,1971,Female,2023-08-12,Consumer,Bronze,VIP,No
394,Matthew,Williams,matthew.williams.394@protonmail.com,(266) 499-8713,Pittsburgh,PA,Northeast,1993,Male,2023-05-19,Consumer,Gold,Regular,Yes
395,Thomas,Perez,thomas.perez.395@protonmail.com,(289) 695-5705,Dallas,TX,South,1981,Male,2023-08-12,Consumer,Silver,Regular,Yes
396,Thomas,King,thomas.king.396@icloud.com,(704) 384-4812,Milwaukee,WI,Midwest,1978,Male,2025-10-13,Small Business,Silver,Regular,Yes
397,James,Davis,james.davis.397@yahoo.com,(558) 773-4478,New York,NY,Northeast,1971,Nonbinary,2026-06-14,Small Business,Bronze,Regular,Yes
398,Karen,Taylor,karen.taylor.398@yahoo.com,(605) 941-1477,Portland,OR,West,1952,Female,2023-01-13,Consumer,Bronze,Regular,No
399,Olivia,Perez,olivia.perez.399@icloud.com,(749) 543-8577,Las Vegas,NV,West,1975,Female,2023-10-06,Small Business,Silver,Occasional,Yes
400,Megan,Brown,megan.brown.400@protonmail.com,(901) 539-6793,Portland,OR,West,1979,Female,2026-02-11,Consumer,Silver,Occasional,Yes
401,Olivia,Johnson,olivia.johnson.401@protonmail.com,(319) 969-6050,Orlando,FL,South,1983,Female,2026-03-15,Consumer,Silver,Regular,Yes
402,Patricia,Moore,patricia.moore.402@outlook.com,(314) 583-1612,Richmond,VA,South,1958,Female,2024-09-11,Small Business,Bronze,Regular,Yes
403,Donald,Allen,donald.allen.403@protonmail.com,(517) 994-6363,Newark,NJ,Northeast,2004,Male,2024-11-27,Small Business,Bronze,Regular,Yes
404,Jacob,King,jacob.king.404@gmail.com,(204) 518-1721,Columbus,OH,Midwest,1990,Male,2025-03-04,Consumer,Bronze,Frequent,Yes
405,John,Perez,john.perez.405@yahoo.com,(854) 414-6257,Atlanta,GA,South,1946,Male,2024-10-01,Consumer,Silver,Regular,Yes
406,Amanda,Lee,amanda.lee.406@protonmail.com,(726) 304-4384,San Diego,CA,West,1945,Female,2023-08-23,Consumer,Bronze,VIP,Yes
407,Thomas,Martinez,thomas.martinez.407@protonmail.com,(654) 251-3131,Portland,OR,West,1984,Male,2024-09-29,Consumer,Bronze,Frequent,Yes
408,Robert,Miller,robert.miller.408@icloud.com,(831) 564-6119,Charlotte,NC,South,2002,Male,2026-05-05,Consumer,Bronze,Regular,Yes
409,Rebecca,Wright,rebecca.wright.409@icloud.com,(681) 437-4666,Newark,NJ,Northeast,1951,Female,2025-08-17,Consumer,Bronze,Regular,Yes
410,Thomas,White,thomas.white.410@icloud.com,(315) 559-8842,Miami,FL,South,1976,Male,2025-07-17,Small Business,Gold,Occasional,Yes
411,Rebecca,Thompson,rebecca.thompson.411@gmail.com,(509) 745-8552,Columbus,OH,Midwest,1965,Female,2023-08-08,Consumer,Bronze,Regular,Yes
412,Stephanie,Thomas,stephanie.thomas.412@icloud.com,(780) 550-9921,Richmond,VA,South,1972,Female,2026-04-25,Consumer,Bronze,Frequent,Yes
413,Rachel,Jones,rachel.jones.413@icloud.com,(380) 515-7648,St. Louis,MO,Midwest,1980,Female,2024-10-28,Consumer,Bronze,Occasional,Yes
414,Olivia,Hill,olivia.hill.414@outlook.com,(794) 973-1003,Phoenix,AZ,West,1950,Female,2023-05-06,Consumer,Silver,Occasional,Yes
415,Donald,Wright,donald.wright.415@yahoo.com,(645) 935-6640,Richmond,VA,South,1964,Male,2024-10-10,Consumer,Silver,Regular,No
416,George,Allen,george.allen.416@protonmail.com,(567) 312-5623,Nashville,TN,South,1948,Male,2026-01-29,Small Business,Bronze,Occasional,Yes
417,Nicole,Nguyen,nicole.nguyen.417@outlook.com,(686) 342-4083,Miami,FL,South,1979,Female,2025-06-10,Consumer,Bronze,Occasional,Yes
418,Matthew,Clark,matthew.clark.418@icloud.com,(873) 647-3224,Philadelphia,PA,Northeast,1954,Male,2023-02-02,Consumer,Bronze,Regular,Yes
419,Mark,Robinson,mark.robinson.419@icloud.com,(563) 431-4044,Phoenix,AZ,West,1980,Male,2025-05-18,Consumer,Bronze,Frequent,Yes
420,Emily,Thomas,emily.thomas.420@protonmail.com,(694) 921-7038,Indianapolis,IN,Midwest,1947,Female,2025-01-21,Consumer,Bronze,VIP,Yes
421,Nicole,Garcia,nicole.garcia.421@gmail.com,(900) 848-9834,Pittsburgh,PA,Northeast,1950,Female,2026-06-03,Consumer,Bronze,Occasional,Yes
422,Patricia,Perez,patricia.perez.422@icloud.com,(561) 501-5738,Atlanta,GA,South,1981,Female,2025-08-18,Consumer,Bronze,Regular,Yes
423,George,Martin,george.martin.423@yahoo.com,(955) 839-1447,Indianapolis,IN,Midwest,1981,Male,2023-12-13,Consumer,Bronze,Occasional,Yes
424,Ashley,Jones,ashley.jones.424@gmail.com,(818) 378-3476,Portland,OR,West,1999,Female,2024-07-17,Consumer,Silver,Occasional,Yes
425,Barbara,Taylor,barbara.taylor.425@outlook.com,(809) 357-9125,Seattle,WA,West,1966,Female,2023-03-09,Consumer,Silver,VIP,Yes
426,Betty,Thomas,betty.thomas.426@gmail.com,(253) 371-8602,Columbus,OH,Midwest,1948,Female,2024-12-07,Consumer,Silver,Regular,Yes
427,Megan,Wright,megan.wright.427@icloud.com,(591) 894-6172,Orlando,FL,South,1945,Female,2025-06-09,Consumer,Bronze,Occasional,No
428,Robert,Miller,robert.miller.428@gmail.com,(461) 870-7408,Denver,CO,West,1966,Male,2024-07-12,Enterprise,Bronze,Occasional,Yes
429,Joseph,Nguyen,joseph.nguyen.429@gmail.com,(269) 212-7737,Denver,CO,West,1980,Male,2024-10-03,Consumer,Platinum,Occasional,Yes
430,Sandra,Thompson,sandra.thompson.430@protonmail.com,(872) 422-2995,Houston,TX,South,1950,Female,2026-06-22,Consumer,Bronze,Occasional,Yes
431,Emma,Hill,emma.hill.431@gmail.com,(854) 664-5528,Philadelphia,PA,Northeast,1963,Female,2024-06-02,Small Business,Silver,Regular,Yes
432,Steven,Lee,steven.lee.432@yahoo.com,(471) 382-8218,Charlotte,NC,South,1966,Male,2025-03-06,Consumer,Bronze,VIP,Yes
433,Anthony,Flores,anthony.flores.433@gmail.com,(652) 932-5243,Richmond,VA,South,1958,Nonbinary,2025-06-02,Consumer,Bronze,Regular,Yes
434,Melissa,Taylor,melissa.taylor.434@icloud.com,(472) 355-6403,Los Angeles,CA,West,1945,Female,2026-08-04,Small Business,Bronze,Frequent,Yes
435,Joshua,Young,joshua.young.435@icloud.com,(905) 998-8898,Orlando,FL,South,1979,Male,2023-05-24,Small Business,Silver,Occasional,Yes
436,Matthew,Perez,matthew.perez.436@yahoo.com,(282) 670-5750,Minneapolis,MN,Midwest,1968,Male,2023-07-05,Consumer,Platinum,Regular,Yes
437,Patricia,Harris,patricia.harris.437@gmail.com,(847) 648-4104,Indianapolis,IN,Midwest,1989,Female,2026-07-15,Consumer,Gold,Regular,Yes
438,Megan,Nguyen,megan.nguyen.438@icloud.com,(216) 237-6558,Orlando,FL,South,1976,Female,2024-09-22,Consumer,Bronze,Regular,Yes
439,Robert,Sanchez,robert.sanchez.439@outlook.com,(273) 237-3319,Newark,NJ,Northeast,1954,Male,2026-01-03,Enterprise,Gold,Regular,Yes
440,Abigail,Flores,abigail.flores.440@icloud.com,(825) 374-2047,Philadelphia,PA,Northeast,1997,Female,2024-09-21,Consumer,Silver,Frequent,Yes
441,Emily,Hill,emily.hill.441@icloud.com,(532) 323-9943,Seattle,WA,West,1996,Female,2024-11-21,Consumer,Bronze,Frequent,Yes
442,Ryan,Wilson,ryan.wilson.442@yahoo.com,(766) 368-8187,San Francisco,CA,West,1993,Male,2023-10-17,Consumer,Bronze,Regular,Yes
443,David,Miller,david.miller.443@outlook.com,(291) 923-5648,Phoenix,AZ,West,1950,Male,2025-09-24,Small Business,Bronze,Occasional,Yes
444,Jason,Walker,jason.walker.444@outlook.com,(825) 908-1616,Cleveland,OH,Midwest,1971,Male,2025-07-11,Consumer,Bronze,Occasional,Yes
445,George,Garcia,george.garcia.445@protonmail.com,(297) 833-6929,Indianapolis,IN,Midwest,1957,Male,2024-04-27,Consumer,Bronze,Occasional,Yes
446,Jennifer,Anderson,jennifer.anderson.446@icloud.com,(709) 380-3617,Dallas,TX,South,1988,Nonbinary,2023-11-02,Consumer,Bronze,Frequent,Yes
447,Lauren,White,lauren.white.447@gmail.com,(750) 380-3589,Orlando,FL,South,1947,Female,2025-07-17,Consumer,Silver,Occasional,Yes
448,Linda,Jones,linda.jones.448@yahoo.com,(435) 997-2804,Las Vegas,NV,West,1992,Female,2024-02-12,Consumer,Bronze,Regular,Yes
449,Megan,Clark,megan.clark.449@icloud.com,(348) 421-8454,Phoenix,AZ,West,1976,Female,2026-04-13,Small Business,Bronze,Occasional,Yes
450,Sandra,Gonzalez,sandra.gonzalez.450@gmail.com,(676) 669-7852,Indianapolis,IN,Midwest,1948,Female,2026-03-10,Consumer,Bronze,Occasional,Yes
451,Sophia,Jackson,sophia.jackson.451@protonmail.com,(700) 421-8757,Columbus,OH,Midwest,1950,Female,2024-04-15,Consumer,Bronze,Regular,Yes
452,Megan,Ramirez,megan.ramirez.452@outlook.com,(787) 205-7844,Cleveland,OH,Midwest,2002,Female,2024-03-31,Consumer,Bronze,Frequent,No
453,Emily,Allen,emily.allen.453@gmail.com,(771) 971-1203,Hartford,CT,Northeast,1973,Female,2023-07-20,Consumer,Silver,Regular,Yes
454,Susan,Rodriguez,susan.rodriguez.454@icloud.com,(784) 965-1399,Dallas,TX,South,1987,Female,2025-09-09,Consumer,Bronze,Occasional,No
455,Elizabeth,Sanchez,elizabeth.sanchez.455@icloud.com,(907) 540-9698,Miami,FL,South,2000,Female,2023-01-03,Consumer,Silver,Regular,Yes
456,Sarah,Flores,sarah.flores.456@protonmail.com,(890) 572-1844,Dallas,TX,South,1992,Female,2024-11-18,Small Business,Bronze,Frequent,Yes
457,Stephanie,Williams,stephanie.williams.457@outlook.com,(542) 444-9841,Nashville,TN,South,1990,Female,2026-02-22,Consumer,Silver,Frequent,Yes
458,Rebecca,Nguyen,rebecca.nguyen.458@protonmail.com,(896) 633-5540,Seattle,WA,West,1967,Female,2024-10-18,Small Business,Silver,Frequent,Yes
459,Sandra,Young,sandra.young.459@protonmail.com,(576) 889-2075,Charlotte,NC,South,2002,Female,2025-12-27,Consumer,Bronze,Occasional,Yes
460,John,Garcia,john.garcia.460@outlook.com,(708) 354-4346,Nashville,TN,South,1955,Male,2023-08-12,Consumer,Gold,Occasional,Yes
461,Christopher,Clark,christopher.clark.461@gmail.com,(437) 732-6503,San Francisco,CA,West,1963,Male,2023-02-13,Consumer,Bronze,Occasional,Yes
462,Lauren,Lee,lauren.lee.462@outlook.com,(695) 580-5720,Richmond,VA,South,1955,Female,2024-09-19,Consumer,Bronze,Frequent,Yes
463,Nancy,Jackson,nancy.jackson.463@outlook.com,(925) 909-3514,Nashville,TN,South,1963,Female,2026-01-01,Consumer,Bronze,Occasional,Yes
464,Lisa,Torres,lisa.torres.464@yahoo.com,(351) 581-8347,Pittsburgh,PA,Northeast,1987,Female,2023-03-13,Consumer,Bronze,Occasional,Yes
465,Karen,Davis,karen.davis.465@gmail.com,(956) 759-9313,Phoenix,AZ,West,2004,Female,2025-07-27,Small Business,Silver,Occasional,Yes
466,Andrew,Jackson,andrew.jackson.466@icloud.com,(241) 342-2914,San Francisco,CA,West,1966,Male,2025-06-24,Small Business,Silver,Regular,Yes
467,Olivia,Anderson,olivia.anderson.467@yahoo.com,(400) 223-2369,Charlotte,NC,South,1982,Female,2024-02-04,Consumer,Silver,Regular,Yes
468,Rachel,Garcia,rachel.garcia.468@yahoo.com,(607) 351-8006,Phoenix,AZ,West,1977,Female,2026-05-24,Consumer,Bronze,Frequent,Yes
469,Karen,Thompson,karen.thompson.469@icloud.com,(495) 367-7944,Richmond,VA,South,1992,Female,2025-06-28,Small Business,Bronze,VIP,Yes
470,Olivia,Nguyen,olivia.nguyen.470@protonmail.com,(974) 584-2449,Columbus,OH,Midwest,1966,Female,2025-12-11,Consumer,Bronze,Occasional,Yes
471,Thomas,Clark,thomas.clark.471@icloud.com,(496) 767-9037,Newark,NJ,Northeast,1957,Male,2023-10-08,Consumer,Silver,Occasional,Yes
472,Jacob,Nguyen,jacob.nguyen.472@icloud.com,(327) 869-5713,Richmond,VA,South,1961,Male,2023-11-12,Consumer,Silver,Occasional,Yes
473,Edward,Thomas,edward.thomas.473@icloud.com,(779) 646-5225,Pittsburgh,PA,Northeast,1992,Male,2026-05-11,Consumer,Platinum,Regular,Yes
474,Nicole,Davis,nicole.davis.474@outlook.com,(565) 367-1866,Atlanta,GA,South,1954,Female,2023-04-30,Small Business,Bronze,Occasional,Yes
475,Abigail,Thompson,abigail.thompson.475@outlook.com,(983) 296-3738,Pittsburgh,PA,Northeast,1957,Female,2025-11-18,Consumer,Gold,Frequent,Yes
476,Jacob,Martin,jacob.martin.476@yahoo.com,(581) 997-8944,Miami,FL,South,1945,Male,2023-10-22,Consumer,Bronze,Occasional,Yes
477,William,Miller,william.miller.477@protonmail.com,(744) 929-2867,Dallas,TX,South,1984,Male,2026-02-18,Small Business,Silver,Regular,Yes
478,Michael,Rodriguez,michael.rodriguez.478@protonmail.com,(735) 981-6604,Las Vegas,NV,West,1997,Male,2023-10-12,Consumer,Silver,Regular,Yes
479,Megan,Davis,megan.davis.479@icloud.com,(907) 981-2830,Nashville,TN,South,1953,Female,2024-03-05,Consumer,Bronze,VIP,Yes
480,Jason,Ramirez,jason.ramirez.480@yahoo.com,(244) 267-5942,New York,NY,Northeast,1948,Male,2026-04-29,Consumer,Silver,Regular,Yes
481,Ryan,Davis,ryan.davis.481@yahoo.com,(793) 556-6770,Seattle,WA,West,1946,Male,2024-12-20,Consumer,Bronze,Occasional,Yes
482,Paul,Flores,paul.flores.482@outlook.com,(488) 375-9800,Charlotte,NC,South,1978,Male,2023-01-29,Consumer,Bronze,Occasional,Yes
483,Nathan,Wilson,nathan.wilson.483@outlook.com,(563) 588-7948,Las Vegas,NV,West,1988,Male,2025-06-19,Consumer,Bronze,VIP,Yes
484,Linda,Lee,linda.lee.484@gmail.com,(284) 535-9088,New York,NY,Northeast,1990,Female,2025-01-09,Consumer,Bronze,Occasional,Yes
485,Stephanie,Martin,stephanie.martin.485@icloud.com,(895) 576-3937,St. Louis,MO,Midwest,1957,Female,2025-05-26,Consumer,Bronze,Frequent,Yes
486,Steven,Miller,steven.miller.486@outlook.com,(266) 572-4261,Charlotte,NC,South,1951,Male,2026-04-24,Consumer,Bronze,Regular,Yes
487,Anthony,Davis,anthony.davis.487@icloud.com,(564) 687-7626,Orlando,FL,South,1982,Male,2026-04-06,Small Business,Bronze,Occasional,No
488,David,Robinson,david.robinson.488@gmail.com,(269) 710-1438,Pittsburgh,PA,Northeast,1946,Male,2023-10-03,Consumer,Bronze,Occasional,No
489,Rachel,Lee,rachel.lee.489@icloud.com,(406) 500-9157,New York,NY,Northeast,1994,Female,2025-11-30,Small Business,Silver,Regular,Yes
490,Lisa,Wright,lisa.wright.490@icloud.com,(653) 670-1589,Atlanta,GA,South,1969,Female,2023-09-01,Enterprise,Gold,Regular,Yes
491,Justin,Martin,justin.martin.491@protonmail.com,(891) 702-9837,San Francisco,CA,West,1976,Male,2025-03-07,Consumer,Bronze,Frequent,Yes
492,Emma,Hernandez,emma.hernandez.492@yahoo.com,(528) 262-1461,Orlando,FL,South,1984,Female,2025-02-12,Consumer,Bronze,Regular,Yes
493,Nancy,Thompson,nancy.thompson.493@yahoo.com,(621) 559-1924,Los Angeles,CA,West,1951,Female,2025-02-18,Small Business,Silver,Regular,Yes
494,Lauren,Martin,lauren.martin.494@gmail.com,(671) 873-7921,Detroit,MI,Midwest,1946,Female,2023-12-14,Small Business,Bronze,Regular,Yes
495,Thomas,Johnson,thomas.johnson.495@icloud.com,(302) 907-4373,Chicago,IL,Midwest,1965,Male,2025-03-10,Enterprise,Bronze,Regular,Yes
496,Jason,Perez,jason.perez.496@gmail.com,(748) 419-5708,Pittsburgh,PA,Northeast,1985,Male,2025-10-14,Consumer,Bronze,Frequent,Yes
497,Melissa,Sanchez,melissa.sanchez.497@protonmail.com,(743) 686-7997,San Diego,CA,West,1966,Female,2026-04-27,Consumer,Bronze,Occasional,Yes
498,Charles,Martin,charles.martin.498@protonmail.com,(727) 664-9971,Houston,TX,South,1971,Male,2024-02-14,Consumer,Bronze,Regular,Yes
499,Nicole,King,nicole.king.499@protonmail.com,(829) 987-8106,Las Vegas,NV,West,1962,Female,2025-08-15,Consumer,Gold,Frequent,No
500,Robert,King,robert.king.500@yahoo.com,(265) 849-4335,Richmond,VA,South,1999,Male,2024-09-06,Consumer,Bronze,Regular,Yes
501,Karen,Hernandez,karen.hernandez.501@yahoo.com,(675) 697-8145,Dallas,TX,South,1946,Female,2024-01-29,Consumer,Bronze,Occasional,Yes
502,Richard,Hernandez,richard.hernandez.502@gmail.com,(939) 697-1326,Atlanta,GA,South,1956,Male,2026-02-01,Consumer,Silver,Regular,Yes
503,Daniel,Hill,daniel.hill.503@gmail.com,(606) 941-3302,Charlotte,NC,South,1987,Male,2025-01-14,Small Business,Bronze,Regular,Yes
504,Joshua,Davis,joshua.davis.504@yahoo.com,(537) 798-7388,Houston,TX,South,1952,Male,2026-05-13,Consumer,Bronze,Frequent,Yes
505,Nathan,Ramirez,nathan.ramirez.505@protonmail.com,(257) 702-9740,Charlotte,NC,South,1971,Male,2025-06-19,Consumer,Gold,Occasional,Yes
506,Daniel,Wright,daniel.wright.506@yahoo.com,(515) 221-1570,Dallas,TX,South,1968,Male,2023-10-24,Enterprise,Gold,Regular,Yes
507,Robert,Thomas,robert.thomas.507@gmail.com,(747) 442-8248,Orlando,FL,South,2002,Male,2025-01-13,Consumer,Gold,Frequent,Yes
508,Anthony,Taylor,anthony.taylor.508@yahoo.com,(985) 859-7656,Dallas,TX,South,2003,Male,2023-11-25,Consumer,Gold,Regular,Yes
509,Jennifer,Young,jennifer.young.509@gmail.com,(364) 915-5275,Orlando,FL,South,2001,Female,2025-05-15,Small Business,Bronze,Frequent,Yes
510,Stephanie,Scott,stephanie.scott.510@icloud.com,(856) 339-1050,St. Louis,MO,Midwest,1986,Female,2026-08-06,Consumer,Silver,Occasional,Yes
511,Daniel,Torres,daniel.torres.511@icloud.com,(527) 662-8837,Philadelphia,PA,Northeast,1999,Male,2023-09-24,Consumer,Silver,Regular,No
512,Barbara,Nguyen,barbara.nguyen.512@protonmail.com,(429) 221-1376,Portland,OR,West,1970,Female,2024-01-08,Consumer,Bronze,Frequent,No
513,Charles,Anderson,charles.anderson.513@icloud.com,(814) 466-3445,Las Vegas,NV,West,1948,Male,2023-12-12,Consumer,Silver,Regular,Yes
514,Melissa,Davis,melissa.davis.514@outlook.com,(395) 472-5717,Hartford,CT,Northeast,1952,Female,2025-10-09,Small Business,Gold,Occasional,Yes
515,Margaret,Wilson,margaret.wilson.515@gmail.com,(497) 468-4858,Indianapolis,IN,Midwest,1971,Female,2024-01-05,Small Business,Bronze,Frequent,Yes
516,Matthew,Nguyen,matthew.nguyen.516@outlook.com,(930) 592-7935,St. Louis,MO,Midwest,1989,Male,2024-10-24,Consumer,Bronze,Regular,Yes
517,Linda,Scott,linda.scott.517@protonmail.com,(926) 966-1745,Providence,RI,Northeast,1983,Female,2024-12-26,Small Business,Bronze,Frequent,Yes
518,Anthony,Martin,anthony.martin.518@outlook.com,(715) 704-6557,Denver,CO,West,1982,Male,2023-03-26,Consumer,Gold,Occasional,No
519,Lisa,King,lisa.king.519@yahoo.com,(965) 569-8046,Houston,TX,South,1976,Female,2023-09-19,Consumer,Bronze,Frequent,Yes
520,George,Taylor,george.taylor.520@protonmail.com,(873) 851-8208,Orlando,FL,South,1993,Male,2025-10-03,Small Business,Bronze,VIP,Yes
521,Jessica,Lopez,jessica.lopez.521@gmail.com,(652) 565-8949,Pittsburgh,PA,Northeast,2002,Female,2023-08-26,Consumer,Bronze,Frequent,Yes
522,Megan,Martinez,megan.martinez.522@yahoo.com,(776) 879-4479,New York,NY,Northeast,1992,Female,2023-12-11,Consumer,Bronze,Regular,Yes
523,Linda,Torres,linda.torres.523@yahoo.com,(897) 896-2998,Charlotte,NC,South,2001,Nonbinary,2023-07-13,Consumer,Bronze,Occasional,Yes
524,Michael,Lee,michael.lee.524@yahoo.com,(808) 873-1095,New York,NY,Northeast,1974,Male,2025-09-09,Consumer,Silver,Regular,Yes
525,Stephanie,Lewis,stephanie.lewis.525@gmail.com,(760) 816-7248,Nashville,TN,South,1965,Female,2024-08-02,Consumer,Bronze,Frequent,Yes
526,Jessica,Sanchez,jessica.sanchez.526@outlook.com,(323) 505-9042,Buffalo,NY,Northeast,1986,Female,2024-08-06,Consumer,Silver,Frequent,Yes
527,Nathan,Martin,nathan.martin.527@icloud.com,(597) 687-5398,San Francisco,CA,West,1977,Male,2025-01-22,Consumer,Bronze,Occasional,Yes
528,Rebecca,Ramirez,rebecca.ramirez.528@icloud.com,(892) 429-3540,San Francisco,CA,West,1977,Female,2023-03-24,Consumer,Bronze,Occasional,No
529,Charles,King,charles.king.529@outlook.com,(900) 507-5073,Newark,NJ,Northeast,1964,Male,2025-09-05,Consumer,Gold,Occasional,Yes
530,Patricia,Scott,patricia.scott.530@protonmail.com,(459) 563-5175,Boston,MA,Northeast,1951,Female,2025-04-25,Consumer,Bronze,Regular,Yes
531,James,Davis,james.davis.531@yahoo.com,(521) 801-8454,St. Louis,MO,Midwest,1947,Male,2025-03-15,Consumer,Bronze,Occasional,Yes
532,Christina,Taylor,christina.taylor.532@gmail.com,(644) 747-1293,Nashville,TN,South,1961,Female,2026-05-22,Consumer,Bronze,Frequent,Yes
533,Barbara,Walker,barbara.walker.533@protonmail.com,(831) 569-7471,Orlando,FL,South,1991,Female,2026-05-17,Small Business,Gold,Regular,Yes
534,Elizabeth,Smith,elizabeth.smith.534@outlook.com,(865) 447-8139,Atlanta,GA,South,1958,Female,2023-02-24,Consumer,Bronze,Regular,No
535,Kevin,Gonzalez,kevin.gonzalez.535@icloud.com,(696) 682-1321,Newark,NJ,Northeast,1955,Male,2023-08-27,Consumer,Bronze,Frequent,No
536,Richard,Jackson,richard.jackson.536@icloud.com,(707) 954-5764,Minneapolis,MN,Midwest,1999,Male,2026-07-15,Consumer,Bronze,Regular,Yes
537,Ashley,Nguyen,ashley.nguyen.537@protonmail.com,(265) 474-7834,St. Louis,MO,Midwest,1972,Female,2023-02-08,Consumer,Bronze,Regular,No
538,Stephanie,Thompson,stephanie.thompson.538@outlook.com,(719) 424-6556,Orlando,FL,South,1975,Female,2024-01-29,Consumer,Bronze,Occasional,No
539,Edward,Robinson,edward.robinson.539@yahoo.com,(683) 365-4394,Pittsburgh,PA,Northeast,1998,Male,2025-05-03,Small Business,Bronze,Frequent,Yes
540,Steven,Walker,steven.walker.540@yahoo.com,(440) 414-1770,Buffalo,NY,Northeast,2005,Male,2025-05-01,Consumer,Bronze,VIP,No
541,Sarah,Thompson,sarah.thompson.541@icloud.com,(316) 832-4714,Columbus,OH,Midwest,1996,Female,2023-03-07,Small Business,Gold,Occasional,Yes
542,Sarah,Perez,sarah.perez.542@protonmail.com,(818) 885-2706,Los Angeles,CA,West,1999,Female,2023-11-06,Small Business,Bronze,Regular,Yes
543,Donald,Robinson,donald.robinson.543@gmail.com,(775) 242-9311,San Diego,CA,West,1995,Male,2026-06-02,Enterprise,Silver,Frequent,Yes
544,Justin,Wilson,justin.wilson.544@gmail.com,(357) 862-6959,San Francisco,CA,West,1976,Male,2025-11-02,Small Business,Silver,Regular,Yes
545,Emma,Gonzalez,emma.gonzalez.545@outlook.com,(287) 472-7101,Orlando,FL,South,1966,Female,2025-08-28,Small Business,Bronze,Occasional,Yes
546,Lauren,Thomas,lauren.thomas.546@icloud.com,(728) 898-6927,Hartford,CT,Northeast,1971,Female,2025-05-28,Small Business,Bronze,Frequent,No
547,Rebecca,Smith,rebecca.smith.547@gmail.com,(876) 856-3473,Detroit,MI,Midwest,1972,Female,2023-12-03,Consumer,Bronze,Occasional,No
548,Lauren,King,lauren.king.548@yahoo.com,(552) 208-5583,Phoenix,AZ,West,2000,Female,2026-02-07,Consumer,Silver,Occasional,Yes
549,David,Sanchez,david.sanchez.549@yahoo.com,(864) 614-4232,Dallas,TX,South,1986,Male,2026-06-20,Small Business,Silver,Regular,Yes
550,Amanda,Perez,amanda.perez.550@yahoo.com,(733) 548-3621,Nashville,TN,South,1950,Female,2024-03-13,Consumer,Bronze,Regular,Yes
551,Kevin,Nguyen,kevin.nguyen.551@yahoo.com,(465) 842-9314,Houston,TX,South,1991,Male,2023-08-15,Small Business,Platinum,Occasional,Yes
552,Lauren,Davis,lauren.davis.552@protonmail.com,(809) 439-6739,Atlanta,GA,South,1981,Female,2026-04-06,Consumer,Platinum,Regular,Yes
553,Jacob,Torres,jacob.torres.553@yahoo.com,(665) 300-3401,Minneapolis,MN,Midwest,1978,Male,2024-11-02,Consumer,Bronze,Regular,Yes
554,John,Garcia,john.garcia.554@protonmail.com,(772) 731-7468,Philadelphia,PA,Northeast,1988,Male,2025-01-26,Consumer,Bronze,Regular,Yes
555,Charles,Ramirez,charles.ramirez.555@icloud.com,(928) 668-3119,Las Vegas,NV,West,1954,Male,2023-11-30,Small Business,Bronze,Regular,No
556,Joshua,Davis,joshua.davis.556@gmail.com,(816) 618-2807,St. Louis,MO,Midwest,1968,Male,2026-02-18,Consumer,Silver,Frequent,Yes
557,Robert,King,robert.king.557@outlook.com,(345) 803-7910,Providence,RI,Northeast,1976,Male,2024-08-25,Consumer,Bronze,Occasional,Yes
558,Brandon,Jackson,brandon.jackson.558@icloud.com,(786) 517-8411,Richmond,VA,South,2000,Male,2023-05-19,Consumer,Bronze,Occasional,No
559,Andrew,Hill,andrew.hill.559@yahoo.com,(291) 839-7711,Philadelphia,PA,Northeast,1987,Male,2025-07-10,Consumer,Bronze,Regular,Yes
560,Daniel,Wright,daniel.wright.560@yahoo.com,(774) 860-3028,Newark,NJ,Northeast,1990,Male,2023-12-06,Small Business,Silver,Occasional,Yes
561,Stephanie,Wright,stephanie.wright.561@gmail.com,(874) 744-3944,Chicago,IL,Midwest,1977,Female,2025-09-01,Enterprise,Bronze,Frequent,No
562,Susan,Thomas,susan.thomas.562@icloud.com,(223) 548-8160,Las Vegas,NV,West,1970,Female,2024-10-18,Consumer,Bronze,Regular,Yes
563,Ashley,Lee,ashley.lee.563@yahoo.com,(986) 291-3526,Charlotte,NC,South,1963,Female,2023-12-11,Consumer,Bronze,Occasional,Yes
564,Barbara,Brown,barbara.brown.564@outlook.com,(622) 531-5225,Milwaukee,WI,Midwest,1969,Female,2024-09-02,Consumer,Silver,Occasional,Yes
565,Michael,Brown,michael.brown.565@gmail.com,(525) 675-7669,Dallas,TX,South,2005,Male,2025-02-27,Consumer,Silver,Occasional,Yes
566,Lauren,Anderson,lauren.anderson.566@outlook.com,(511) 781-7664,Los Angeles,CA,West,1960,Female,2023-07-27,Consumer,Gold,Frequent,Yes
567,Joshua,Wilson,joshua.wilson.567@protonmail.com,(662) 242-1016,San Francisco,CA,West,1979,Male,2024-05-17,Consumer,Platinum,VIP,Yes
568,George,Jackson,george.jackson.568@icloud.com,(559) 847-4485,Columbus,OH,Midwest,1962,Male,2025-09-14,Consumer,Gold,Regular,Yes
569,Robert,Hernandez,robert.hernandez.569@protonmail.com,(486) 642-4454,Detroit,MI,Midwest,1998,Male,2023-09-09,Consumer,Bronze,Occasional,Yes
570,Daniel,Perez,daniel.perez.570@protonmail.com,(536) 216-3190,St. Louis,MO,Midwest,1966,Male,2024-10-20,Consumer,Silver,Occasional,Yes
571,Emily,Smith,emily.smith.571@gmail.com,(864) 866-2270,San Francisco,CA,West,1993,Female,2025-09-28,Consumer,Gold,Regular,Yes
572,Jacob,Lewis,jacob.lewis.572@gmail.com,(327) 673-7069,Milwaukee,WI,Midwest,1967,Male,2026-05-16,Enterprise,Bronze,Regular,Yes
573,Jessica,Johnson,jessica.johnson.573@outlook.com,(439) 705-6947,Milwaukee,WI,Midwest,1964,Female,2026-07-04,Consumer,Silver,Frequent,Yes
574,Edward,Hill,edward.hill.574@protonmail.com,(705) 374-4174,Dallas,TX,South,2000,Male,2023-08-16,Enterprise,Silver,Occasional,Yes
575,Steven,Hill,steven.hill.575@outlook.com,(735) 946-5494,Detroit,MI,Midwest,1961,Male,2023-09-18,Consumer,Silver,Frequent,Yes
576,Edward,Wright,edward.wright.576@icloud.com,(616) 480-2994,St. Louis,MO,Midwest,1999,Male,2023-04-17,Consumer,Bronze,Frequent,Yes
577,Nancy,King,nancy.king.577@icloud.com,(399) 542-2340,Cleveland,OH,Midwest,1973,Female,2025-12-26,Consumer,Gold,Occasional,Yes
578,Paul,Anderson,paul.anderson.578@gmail.com,(841) 840-2584,Phoenix,AZ,West,1955,Male,2024-02-08,Enterprise,Gold,Occasional,Yes
579,Mary,Nguyen,mary.nguyen.579@gmail.com,(541) 732-4878,Denver,CO,West,1960,Female,2025-08-27,Small Business,Bronze,VIP,No
580,George,Lewis,george.lewis.580@yahoo.com,(910) 266-3089,Las Vegas,NV,West,2003,Male,2023-05-05,Consumer,Bronze,Occasional,Yes
581,Robert,Martin,robert.martin.581@icloud.com,(611) 298-7735,Minneapolis,MN,Midwest,1948,Male,2026-02-19,Consumer,Silver,Occasional,Yes
582,Steven,Flores,steven.flores.582@gmail.com,(664) 729-6377,Hartford,CT,Northeast,1984,Male,2026-06-24,Consumer,Bronze,Occasional,Yes
583,Mary,Hill,mary.hill.583@icloud.com,(942) 835-8284,Cleveland,OH,Midwest,1961,Female,2025-11-08,Small Business,Bronze,Regular,Yes
584,Patricia,Brown,patricia.brown.584@protonmail.com,(994) 349-3415,Hartford,CT,Northeast,1964,Female,2025-01-02,Consumer,Silver,Regular,Yes
585,Christopher,White,christopher.white.585@yahoo.com,(400) 405-4297,San Francisco,CA,West,1999,Male,2026-02-19,Consumer,Bronze,Occasional,Yes
586,Rachel,Walker,rachel.walker.586@protonmail.com,(506) 628-6384,St. Louis,MO,Midwest,1981,Female,2026-03-30,Consumer,Bronze,VIP,Yes
587,Christina,Williams,christina.williams.587@icloud.com,(952) 986-6431,Atlanta,GA,South,1984,Female,2025-08-13,Consumer,Silver,Occasional,Yes
588,Betty,Lopez,betty.lopez.588@yahoo.com,(650) 399-6896,Los Angeles,CA,West,1980,Female,2023-03-03,Consumer,Bronze,Occasional,Yes
589,Susan,Jackson,susan.jackson.589@gmail.com,(380) 468-2657,Pittsburgh,PA,Northeast,1960,Female,2026-02-09,Consumer,Bronze,Occasional,Yes
590,Anthony,Davis,anthony.davis.590@protonmail.com,(838) 644-2071,Dallas,TX,South,1987,Male,2025-02-01,Consumer,Bronze,Occasional,Yes
591,David,Gonzalez,david.gonzalez.591@gmail.com,(981) 830-4098,Orlando,FL,South,1985,Male,2025-05-29,Consumer,Bronze,Occasional,Yes
592,Elizabeth,Lee,elizabeth.lee.592@gmail.com,(681) 879-2062,Houston,TX,South,2001,Female,2026-04-11,Small Business,Gold,Regular,Yes
593,Sophia,Allen,sophia.allen.593@icloud.com,(685) 474-7569,Richmond,VA,South,1989,Female,2025-12-12,Consumer,Silver,Regular,Yes
594,Charles,Williams,charles.williams.594@icloud.com,(785) 360-7129,Dallas,TX,South,1964,Male,2024-03-23,Consumer,Bronze,Regular,Yes
595,Rebecca,Garcia,rebecca.garcia.595@icloud.com,(678) 642-7700,Miami,FL,South,1984,Female,2025-11-15,Consumer,Bronze,Occasional,Yes
596,Thomas,Harris,thomas.harris.596@protonmail.com,(725) 759-2280,Newark,NJ,Northeast,2002,Male,2025-01-05,Consumer,Silver,Occasional,Yes
597,Michael,Davis,michael.davis.597@yahoo.com,(395) 922-3258,Boston,MA,Northeast,1961,Male,2024-11-05,Consumer,Bronze,Occasional,No
598,Paul,Wright,paul.wright.598@icloud.com,(793) 975-1194,Los Angeles,CA,West,1995,Male,2024-12-10,Small Business,Bronze,VIP,Yes
599,Jason,Martinez,jason.martinez.599@protonmail.com,(975) 679-8559,Seattle,WA,West,1959,Male,2025-08-29,Consumer,Silver,Regular,Yes
600,Emma,Gonzalez,emma.gonzalez.600@protonmail.com,(331) 512-1158,Orlando,FL,South,1946,Female,2026-02-17,Consumer,Bronze,Regular,Yes
601,Matthew,Perez,matthew.perez.601@gmail.com,(781) 232-3279,Orlando,FL,South,1964,Male,2026-01-06,Consumer,Bronze,Occasional,Yes
602,Daniel,Torres,daniel.torres.602@outlook.com,(686) 311-6387,Minneapolis,MN,Midwest,1949,Male,2025-03-11,Enterprise,Bronze,Regular,Yes
603,Sophia,Martin,sophia.martin.603@outlook.com,(271) 595-5650,New York,NY,Northeast,1976,Female,2026-05-20,Consumer,Bronze,Occasional,Yes
604,Ashley,Jones,ashley.jones.604@gmail.com,(332) 749-7855,Miami,FL,South,1970,Female,2025-04-21,Consumer,Bronze,Occasional,Yes
605,Sophia,Wilson,sophia.wilson.605@yahoo.com,(801) 407-9232,Buffalo,NY,Northeast,1955,Female,2025-08-30,Consumer,Silver,Regular,Yes
606,Susan,Smith,susan.smith.606@protonmail.com,(702) 671-8580,Las Vegas,NV,West,1978,Female,2024-05-20,Consumer,Bronze,Occasional,Yes
607,Christopher,Robinson,christopher.robinson.607@protonmail.com,(950) 642-8501,Houston,TX,South,1971,Male,2023-12-25,Consumer,Silver,Occasional,Yes
608,Edward,Torres,edward.torres.608@yahoo.com,(882) 268-4559,Boston,MA,Northeast,2001,Male,2024-07-14,Consumer,Gold,Regular,No
609,Rebecca,Scott,rebecca.scott.609@yahoo.com,(412) 718-1731,Providence,RI,Northeast,1971,Female,2024-10-29,Consumer,Bronze,Regular,Yes
610,Nicole,Robinson,nicole.robinson.610@outlook.com,(534) 886-8606,Orlando,FL,South,1961,Female,2023-01-22,Small Business,Bronze,Occasional,Yes
611,Amanda,Thomas,amanda.thomas.611@protonmail.com,(302) 381-5819,St. Louis,MO,Midwest,1955,Female,2023-11-27,Consumer,Silver,Frequent,Yes
612,William,Jones,william.jones.612@gmail.com,(891) 745-4541,Chicago,IL,Midwest,1956,Male,2025-01-03,Consumer,Bronze,Occasional,Yes
613,Lauren,King,lauren.king.613@icloud.com,(985) 406-5091,Detroit,MI,Midwest,1983,Female,2023-04-18,Consumer,Bronze,Occasional,Yes
614,Jennifer,Johnson,jennifer.johnson.614@gmail.com,(880) 371-3736,Atlanta,GA,South,1959,Female,2023-05-10,Consumer,Bronze,VIP,Yes
615,Jacob,Lee,jacob.lee.615@outlook.com,(418) 308-6842,Dallas,TX,South,2005,Male,2025-03-20,Consumer,Gold,Regular,Yes
616,Lauren,Lee,lauren.lee.616@gmail.com,(268) 423-7735,Buffalo,NY,Northeast,1986,Female,2024-07-24,Consumer,Bronze,Regular,Yes
617,Michael,Wright,michael.wright.617@outlook.com,(540) 379-6209,San Francisco,CA,West,1985,Male,2024-10-26,Consumer,Bronze,Regular,No
618,John,Perez,john.perez.618@gmail.com,(438) 221-3032,Newark,NJ,Northeast,1977,Male,2024-04-21,Consumer,Silver,Regular,Yes
619,Jason,Thomas,jason.thomas.619@gmail.com,(443) 942-8270,Chicago,IL,Midwest,1954,Male,2024-02-18,Consumer,Bronze,Regular,Yes
620,Sarah,Lee,sarah.lee.620@yahoo.com,(550) 448-4372,Chicago,IL,Midwest,1993,Female,2024-08-13,Consumer,Platinum,Occasional,Yes
621,Steven,Thomas,steven.thomas.621@gmail.com,(266) 703-2146,Seattle,WA,West,1956,Male,2024-10-20,Consumer,Bronze,Regular,No
622,Elizabeth,Wilson,elizabeth.wilson.622@icloud.com,(942) 678-6103,Philadelphia,PA,Northeast,1960,Female,2024-02-23,Consumer,Silver,Regular,Yes
623,Margaret,Lopez,margaret.lopez.623@icloud.com,(281) 568-7524,Indianapolis,IN,Midwest,1957,Female,2026-07-25,Consumer,Bronze,Occasional,Yes
624,Margaret,Allen,margaret.allen.624@icloud.com,(285) 977-5918,Minneapolis,MN,Midwest,1946,Female,2025-09-14,Small Business,Silver,Frequent,Yes
625,Megan,Lopez,megan.lopez.625@yahoo.com,(339) 932-8688,Richmond,VA,South,1983,Female,2026-02-25,Consumer,Bronze,Regular,Yes
626,James,Smith,james.smith.626@icloud.com,(515) 856-2167,Denver,CO,West,1992,Male,2025-03-19,Consumer,Gold,Regular,Yes
627,Abigail,Davis,abigail.davis.627@yahoo.com,(721) 926-9005,Nashville,TN,South,1994,Female,2024-06-06,Consumer,Bronze,Frequent,Yes
628,Patricia,Harris,patricia.harris.628@gmail.com,(914) 881-3422,Seattle,WA,West,1985,Female,2025-01-10,Consumer,Bronze,Regular,Yes
629,Rachel,Martinez,rachel.martinez.629@gmail.com,(730) 393-7929,Nashville,TN,South,1970,Female,2025-02-26,Consumer,Silver,Regular,Yes
630,Nicole,Martin,nicole.martin.630@yahoo.com,(346) 475-4432,Orlando,FL,South,1951,Female,2023-07-02,Consumer,Silver,Regular,No
631,Karen,Smith,karen.smith.631@yahoo.com,(950) 641-3795,Las Vegas,NV,West,1978,Female,2025-05-05,Consumer,Bronze,Regular,Yes
632,Elizabeth,Gonzalez,elizabeth.gonzalez.632@outlook.com,(977) 396-5249,Charlotte,NC,South,1957,Female,2024-01-16,Consumer,Silver,Occasional,No
633,Donald,Flores,donald.flores.633@gmail.com,(799) 440-8829,Philadelphia,PA,Northeast,1962,Male,2023-09-13,Consumer,Bronze,Occasional,Yes
634,James,Brown,james.brown.634@gmail.com,(584) 817-9520,Atlanta,GA,South,1951,Male,2023-03-27,Consumer,Silver,Occasional,No
635,Nathan,Young,nathan.young.635@yahoo.com,(881) 608-7200,Miami,FL,South,1965,Male,2024-12-03,Consumer,Bronze,Frequent,Yes
636,Christina,Perez,christina.perez.636@protonmail.com,(486) 916-5072,Los Angeles,CA,West,1946,Nonbinary,2023-10-12,Consumer,Silver,Regular,Yes
637,Steven,Walker,steven.walker.637@gmail.com,(953) 533-8279,Dallas,TX,South,1946,Male,2024-10-21,Consumer,Silver,Regular,Yes
638,Megan,Flores,megan.flores.638@gmail.com,(951) 594-5814,Denver,CO,West,1987,Female,2025-09-02,Consumer,Gold,Frequent,Yes
639,Justin,King,justin.king.639@protonmail.com,(678) 372-8311,Los Angeles,CA,West,1998,Male,2024-09-09,Consumer,Silver,Regular,No
640,Amanda,Thomas,amanda.thomas.640@gmail.com,(364) 534-7283,Nashville,TN,South,1951,Female,2023-07-03,Small Business,Silver,Regular,Yes
641,Sarah,Walker,sarah.walker.641@yahoo.com,(429) 789-2059,San Diego,CA,West,1991,Female,2026-07-21,Consumer,Gold,Regular,Yes
642,Nicole,Harris,nicole.harris.642@gmail.com,(548) 958-4082,Minneapolis,MN,Midwest,1963,Female,2023-08-25,Small Business,Bronze,Occasional,Yes
643,Nancy,Rodriguez,nancy.rodriguez.643@icloud.com,(633) 527-6980,Phoenix,AZ,West,1982,Female,2023-05-07,Consumer,Bronze,Regular,Yes
644,David,King,david.king.644@yahoo.com,(424) 711-8467,Cleveland,OH,Midwest,1965,Male,2025-08-01,Consumer,Bronze,Occasional,Yes
645,Megan,Williams,megan.williams.645@icloud.com,(846) 420-9110,Indianapolis,IN,Midwest,1999,Female,2024-07-14,Consumer,Silver,Regular,Yes
646,Robert,Perez,robert.perez.646@outlook.com,(699) 944-7419,Buffalo,NY,Northeast,1989,Male,2024-04-05,Small Business,Gold,Regular,Yes
647,Nathan,Hernandez,nathan.hernandez.647@gmail.com,(740) 944-5637,Phoenix,AZ,West,1993,Male,2024-12-14,Consumer,Silver,Regular,Yes
648,Edward,Scott,edward.scott.648@yahoo.com,(668) 870-3681,Nashville,TN,South,1999,Male,2023-04-21,Consumer,Silver,Frequent,Yes
649,Emily,Jackson,emily.jackson.649@protonmail.com,(304) 894-3418,Seattle,WA,West,1968,Female,2023-01-19,Consumer,Silver,Regular,Yes
650,Margaret,Hernandez,margaret.hernandez.650@yahoo.com,(807) 644-3434,San Diego,CA,West,1952,Nonbinary,2023-04-18,Consumer,Bronze,VIP,Yes
651,Patricia,Davis,patricia.davis.651@gmail.com,(996) 674-7260,Richmond,VA,South,1986,Female,2023-12-20,Consumer,Bronze,Regular,Yes
652,Matthew,Smith,matthew.smith.652@protonmail.com,(786) 691-5484,New York,NY,Northeast,1959,Male,2025-11-09,Consumer,Silver,Occasional,Yes
653,Melissa,Lopez,melissa.lopez.653@protonmail.com,(389) 615-1323,Orlando,FL,South,1949,Female,2024-10-28,Consumer,Bronze,Regular,Yes
654,Ryan,King,ryan.king.654@outlook.com,(205) 768-8327,Charlotte,NC,South,1956,Male,2023-08-29,Small Business,Bronze,Frequent,Yes
655,Elizabeth,Torres,elizabeth.torres.655@protonmail.com,(505) 572-9919,Nashville,TN,South,1950,Female,2023-03-13,Consumer,Bronze,VIP,Yes
656,Betty,Smith,betty.smith.656@outlook.com,(790) 702-6127,Atlanta,GA,South,1987,Nonbinary,2024-08-23,Enterprise,Bronze,Regular,Yes
657,Edward,Hill,edward.hill.657@outlook.com,(506) 420-3198,Dallas,TX,South,1960,Nonbinary,2023-04-02,Consumer,Silver,Occasional,Yes
658,Nancy,Moore,nancy.moore.658@icloud.com,(667) 285-5164,Hartford,CT,Northeast,1986,Female,2025-02-20,Consumer,Bronze,Frequent,Yes
659,David,Wright,david.wright.659@protonmail.com,(819) 367-7876,Houston,TX,South,1990,Male,2024-01-30,Enterprise,Silver,Regular,Yes
660,Christina,Ramirez,christina.ramirez.660@gmail.com,(537) 855-2457,Dallas,TX,South,1988,Female,2023-08-14,Consumer,Bronze,Regular,Yes
661,Sarah,Martinez,sarah.martinez.661@gmail.com,(379) 739-6022,Seattle,WA,West,1969,Female,2024-03-31,Consumer,Bronze,VIP,Yes
662,Michael,King,michael.king.662@icloud.com,(385) 553-9711,Houston,TX,South,1955,Male,2023-04-09,Consumer,Silver,Occasional,Yes
663,Anthony,Walker,anthony.walker.663@icloud.com,(781) 953-5380,Indianapolis,IN,Midwest,1987,Male,2023-11-15,Consumer,Bronze,Occasional,Yes
664,Matthew,Thomas,matthew.thomas.664@yahoo.com,(482) 638-9529,Minneapolis,MN,Midwest,1996,Male,2024-12-25,Consumer,Bronze,Regular,No
665,Jacob,Anderson,jacob.anderson.665@gmail.com,(278) 947-4932,Charlotte,NC,South,1999,Male,2024-10-02,Enterprise,Bronze,Occasional,No
666,Patricia,Garcia,patricia.garcia.666@outlook.com,(691) 709-9437,St. Louis,MO,Midwest,1988,Female,2025-05-18,Small Business,Bronze,Regular,Yes
667,Kevin,Davis,kevin.davis.667@yahoo.com,(450) 956-9652,Dallas,TX,South,1989,Male,2025-05-20,Small Business,Silver,Regular,Yes
668,Sandra,Hernandez,sandra.hernandez.668@gmail.com,(632) 707-7211,Cleveland,OH,Midwest,1977,Female,2023-10-01,Consumer,Bronze,Regular,Yes
669,Daniel,Thomas,daniel.thomas.669@protonmail.com,(603) 422-5994,San Diego,CA,West,1958,Male,2024-06-26,Consumer,Bronze,Occasional,No
670,Joshua,Williams,joshua.williams.670@gmail.com,(205) 558-4050,Las Vegas,NV,West,1966,Male,2025-07-31,Consumer,Bronze,Occasional,Yes
671,Margaret,Young,margaret.young.671@yahoo.com,(431) 681-7477,Nashville,TN,South,1954,Female,2023-01-15,Consumer,Gold,Frequent,Yes
672,Sophia,Lopez,sophia.lopez.672@icloud.com,(205) 567-4251,Houston,TX,South,1955,Female,2025-06-18,Consumer,Bronze,Occasional,Yes
673,Elizabeth,Sanchez,elizabeth.sanchez.673@yahoo.com,(321) 631-9012,Miami,FL,South,2005,Female,2024-02-12,Small Business,Bronze,Regular,Yes
674,Edward,Rodriguez,edward.rodriguez.674@gmail.com,(221) 329-3548,Orlando,FL,South,1953,Male,2025-03-07,Consumer,Gold,Occasional,Yes
675,Rachel,Thomas,rachel.thomas.675@yahoo.com,(697) 284-8027,Providence,RI,Northeast,1972,Female,2023-01-17,Consumer,Bronze,Regular,Yes
676,Ashley,Lopez,ashley.lopez.676@outlook.com,(685) 923-2688,Charlotte,NC,South,1987,Female,2024-05-21,Small Business,Platinum,Frequent,Yes
677,William,Gonzalez,william.gonzalez.677@outlook.com,(636) 218-4270,San Francisco,CA,West,1962,Male,2023-03-20,Consumer,Bronze,VIP,Yes
678,Margaret,King,margaret.king.678@gmail.com,(511) 312-5411,Dallas,TX,South,1977,Female,2023-05-06,Consumer,Bronze,Regular,Yes
679,Edward,Clark,edward.clark.679@yahoo.com,(821) 303-8059,Atlanta,GA,South,1958,Male,2024-10-20,Consumer,Bronze,Occasional,Yes
680,Matthew,Perez,matthew.perez.680@yahoo.com,(960) 997-9664,Charlotte,NC,South,1966,Male,2023-09-24,Consumer,Silver,Regular,Yes
681,Sarah,Wilson,sarah.wilson.681@outlook.com,(397) 921-8303,Detroit,MI,Midwest,1952,Female,2026-05-17,Small Business,Bronze,Occasional,Yes
682,Amanda,Flores,amanda.flores.682@icloud.com,(763) 928-5137,Richmond,VA,South,1947,Female,2023-11-11,Enterprise,Bronze,Occasional,No
683,Justin,Scott,justin.scott.683@protonmail.com,(715) 222-3735,Denver,CO,West,1949,Male,2025-06-12,Consumer,Silver,Regular,Yes
684,David,Jackson,david.jackson.684@protonmail.com,(276) 369-8172,Boston,MA,Northeast,1976,Male,2025-03-25,Small Business,Silver,Regular,Yes
685,Rebecca,Harris,rebecca.harris.685@gmail.com,(725) 666-9254,Houston,TX,South,1958,Female,2026-03-17,Consumer,Bronze,Regular,Yes
686,Christopher,Anderson,christopher.anderson.686@gmail.com,(854) 351-5550,Houston,TX,South,1979,Male,2023-04-04,Consumer,Bronze,Occasional,No
687,Christina,Brown,christina.brown.687@protonmail.com,(577) 532-2363,Cleveland,OH,Midwest,1945,Female,2023-08-26,Enterprise,Bronze,Regular,No
688,Thomas,Rodriguez,thomas.rodriguez.688@yahoo.com,(380) 462-1256,Houston,TX,South,1997,Male,2023-01-22,Consumer,Bronze,Regular,Yes
689,Stephanie,Nguyen,stephanie.nguyen.689@outlook.com,(652) 425-6312,Hartford,CT,Northeast,1985,Nonbinary,2026-07-06,Enterprise,Bronze,Regular,Yes
690,Ryan,Sanchez,ryan.sanchez.690@icloud.com,(385) 670-4031,Buffalo,NY,Northeast,2002,Male,2023-10-31,Small Business,Bronze,Regular,Yes
691,Melissa,Young,melissa.young.691@icloud.com,(903) 822-4077,San Francisco,CA,West,2001,Female,2023-11-30,Consumer,Bronze,Occasional,Yes
692,Jessica,Robinson,jessica.robinson.692@icloud.com,(221) 312-1222,Phoenix,AZ,West,1983,Female,2023-01-25,Consumer,Bronze,Occasional,Yes
693,Robert,Rodriguez,robert.rodriguez.693@gmail.com,(308) 755-6544,Charlotte,NC,South,1945,Male,2026-05-13,Consumer,Gold,Frequent,Yes
694,Elizabeth,Walker,elizabeth.walker.694@protonmail.com,(908) 473-9906,St. Louis,MO,Midwest,1954,Female,2025-09-07,Small Business,Bronze,Occasional,Yes
695,Michael,Wright,michael.wright.695@outlook.com,(561) 871-5699,Orlando,FL,South,1959,Male,2023-02-19,Consumer,Gold,Regular,Yes
696,Anthony,Davis,anthony.davis.696@yahoo.com,(321) 569-2389,Charlotte,NC,South,1967,Male,2024-07-31,Consumer,Gold,Occasional,No
697,William,Ramirez,william.ramirez.697@yahoo.com,(306) 477-9179,Nashville,TN,South,1984,Male,2024-09-09,Consumer,Bronze,Frequent,Yes
698,Ryan,Jones,ryan.jones.698@icloud.com,(268) 315-8003,San Francisco,CA,West,1969,Male,2023-10-30,Small Business,Bronze,Regular,No
699,Jennifer,Lee,jennifer.lee.699@icloud.com,(816) 851-6463,San Francisco,CA,West,1972,Female,2025-10-09,Small Business,Bronze,Regular,Yes
700,Nathan,Thomas,nathan.thomas.700@gmail.com,(794) 932-7911,Richmond,VA,South,1997,Male,2026-01-03,Consumer,Bronze,Occasional,Yes
701,Ryan,Anderson,ryan.anderson.701@outlook.com,(312) 261-6723,Cleveland,OH,Midwest,1968,Male,2023-02-05,Consumer,Bronze,Regular,Yes
702,Jason,Rodriguez,jason.rodriguez.702@outlook.com,(257) 964-3257,Nashville,TN,South,1960,Male,2025-05-12,Small Business,Bronze,Occasional,Yes
703,David,Harris,david.harris.703@protonmail.com,(361) 230-3406,Minneapolis,MN,Midwest,1949,Male,2026-04-06,Consumer,Silver,Regular,Yes
704,Jennifer,Smith,jennifer.smith.704@yahoo.com,(681) 621-6526,Minneapolis,MN,Midwest,1992,Female,2023-10-14,Consumer,Bronze,Regular,Yes
705,James,Jackson,james.jackson.705@icloud.com,(633) 896-8443,Boston,MA,Northeast,1977,Male,2023-12-22,Small Business,Bronze,Occasional,Yes
706,Nathan,Torres,nathan.torres.706@outlook.com,(960) 416-7560,Dallas,TX,South,1978,Male,2023-07-08,Consumer,Bronze,Regular,Yes
707,Barbara,Scott,barbara.scott.707@icloud.com,(368) 255-7086,Detroit,MI,Midwest,1986,Female,2024-10-03,Small Business,Bronze,Regular,Yes
708,Linda,Miller,linda.miller.708@protonmail.com,(211) 974-6064,Providence,RI,Northeast,1951,Female,2026-01-14,Consumer,Bronze,Occasional,Yes
709,Abigail,Williams,abigail.williams.709@gmail.com,(522) 295-6056,Charlotte,NC,South,1995,Female,2026-02-28,Enterprise,Bronze,Regular,Yes
710,Karen,Sanchez,karen.sanchez.710@yahoo.com,(617) 959-9250,Miami,FL,South,1989,Female,2023-09-23,Small Business,Silver,Regular,Yes
711,David,Johnson,david.johnson.711@icloud.com,(280) 840-2528,Minneapolis,MN,Midwest,1963,Male,2023-03-18,Consumer,Gold,Occasional,No
712,Susan,Martinez,susan.martinez.712@yahoo.com,(658) 334-6554,San Francisco,CA,West,1986,Female,2026-05-31,Enterprise,Bronze,Regular,Yes
713,Mark,Williams,mark.williams.713@protonmail.com,(842) 709-2595,Phoenix,AZ,West,1949,Male,2026-05-27,Consumer,Platinum,VIP,Yes
714,Emma,Martin,emma.martin.714@gmail.com,(486) 790-6952,Charlotte,NC,South,2004,Female,2023-12-14,Consumer,Bronze,Occasional,Yes
715,Nicole,Robinson,nicole.robinson.715@gmail.com,(782) 699-1648,Richmond,VA,South,1986,Female,2025-06-24,Enterprise,Silver,Frequent,Yes
716,Margaret,Flores,margaret.flores.716@gmail.com,(898) 623-9289,San Francisco,CA,West,2005,Female,2026-07-03,Consumer,Bronze,Occasional,Yes
717,Steven,Williams,steven.williams.717@gmail.com,(497) 584-3592,Chicago,IL,Midwest,1945,Male,2026-02-22,Small Business,Bronze,Occasional,Yes
718,Joseph,Harris,joseph.harris.718@gmail.com,(287) 384-2775,San Diego,CA,West,2002,Male,2025-12-31,Consumer,Bronze,Frequent,Yes
719,Jason,Ramirez,jason.ramirez.719@icloud.com,(317) 485-8447,Miami,FL,South,1976,Male,2026-05-22,Consumer,Bronze,Occasional,Yes
720,Emily,Martinez,emily.martinez.720@yahoo.com,(640) 684-4496,Milwaukee,WI,Midwest,1948,Female,2025-02-17,Consumer,Platinum,Frequent,Yes
721,Jason,Ramirez,jason.ramirez.721@icloud.com,(629) 737-4507,Nashville,TN,South,1950,Male,2025-04-09,Consumer,Bronze,Occasional,Yes
722,Olivia,Brown,olivia.brown.722@icloud.com,(693) 686-9773,Hartford,CT,Northeast,1957,Female,2023-12-03,Consumer,Silver,Occasional,Yes
723,Nicole,Ramirez,nicole.ramirez.723@protonmail.com,(831) 348-6304,Orlando,FL,South,1957,Female,2026-05-07,Small Business,Bronze,Occasional,Yes
724,Paul,Lee,paul.lee.724@icloud.com,(469) 733-1060,Newark,NJ,Northeast,1952,Male,2024-10-10,Small Business,Bronze,Frequent,No
725,Justin,Rodriguez,justin.rodriguez.725@outlook.com,(815) 586-4541,Detroit,MI,Midwest,1971,Male,2024-01-20,Consumer,Silver,Regular,Yes
726,Steven,Torres,steven.torres.726@gmail.com,(916) 711-8471,Denver,CO,West,1977,Male,2024-09-20,Small Business,Bronze,Frequent,Yes
727,Olivia,Wright,olivia.wright.727@protonmail.com,(366) 755-8141,Miami,FL,South,1968,Female,2025-05-27,Consumer,Bronze,Occasional,Yes
728,Edward,Ramirez,edward.ramirez.728@protonmail.com,(621) 306-9133,Detroit,MI,Midwest,1950,Male,2023-08-01,Enterprise,Silver,Regular,Yes
729,Kevin,Miller,kevin.miller.729@protonmail.com,(590) 317-4204,Chicago,IL,Midwest,1959,Male,2024-03-09,Consumer,Gold,Frequent,Yes
730,Matthew,Robinson,matthew.robinson.730@yahoo.com,(514) 624-4957,Orlando,FL,South,1977,Male,2024-04-03,Consumer,Bronze,Occasional,Yes
731,Robert,Smith,robert.smith.731@protonmail.com,(640) 447-7412,Providence,RI,Northeast,1965,Male,2026-05-13,Small Business,Bronze,Occasional,Yes
732,Jacob,Brown,jacob.brown.732@protonmail.com,(362) 647-4784,Phoenix,AZ,West,1970,Male,2023-12-22,Consumer,Silver,Frequent,Yes
733,Joshua,Davis,joshua.davis.733@yahoo.com,(408) 295-2528,Minneapolis,MN,Midwest,1998,Male,2024-06-16,Small Business,Silver,Regular,Yes
734,Rebecca,Nguyen,rebecca.nguyen.734@yahoo.com,(391) 445-4633,New York,NY,Northeast,1974,Female,2023-09-25,Consumer,Bronze,Regular,Yes
735,Joseph,Harris,joseph.harris.735@protonmail.com,(305) 313-8522,Los Angeles,CA,West,1946,Male,2026-07-08,Consumer,Gold,Regular,Yes
736,Elizabeth,Jackson,elizabeth.jackson.736@icloud.com,(303) 702-1359,Nashville,TN,South,2003,Female,2025-01-10,Consumer,Bronze,Frequent,Yes
737,Lauren,Jones,lauren.jones.737@yahoo.com,(210) 382-1515,Orlando,FL,South,1996,Female,2025-07-12,Consumer,Bronze,Occasional,Yes
738,Nancy,Walker,nancy.walker.738@protonmail.com,(223) 730-9384,Los Angeles,CA,West,1957,Female,2023-09-07,Consumer,Silver,Regular,Yes
739,Nancy,Davis,nancy.davis.739@outlook.com,(294) 556-5822,Los Angeles,CA,West,1962,Female,2023-09-17,Consumer,Bronze,Occasional,Yes
740,Mark,Allen,mark.allen.740@protonmail.com,(519) 369-4372,Seattle,WA,West,1970,Male,2024-07-29,Consumer,Bronze,Occasional,No
741,Sophia,Lewis,sophia.lewis.741@protonmail.com,(561) 582-2052,Houston,TX,South,1969,Female,2026-05-28,Small Business,Silver,Regular,Yes
742,Joshua,Taylor,joshua.taylor.742@gmail.com,(384) 530-8035,Indianapolis,IN,Midwest,1967,Male,2025-12-22,Consumer,Gold,Regular,Yes
743,Jennifer,Wilson,jennifer.wilson.743@yahoo.com,(418) 676-6268,Milwaukee,WI,Midwest,1965,Female,2023-01-20,Consumer,Bronze,Regular,No
744,Anthony,Jackson,anthony.jackson.744@gmail.com,(787) 861-7909,Cleveland,OH,Midwest,2005,Male,2026-05-29,Consumer,Bronze,Frequent,Yes
745,Olivia,Lee,olivia.lee.745@icloud.com,(375) 815-6355,Atlanta,GA,South,1971,Female,2024-07-16,Small Business,Bronze,Occasional,Yes
746,Mary,Jackson,mary.jackson.746@protonmail.com,(240) 545-1266,Boston,MA,Northeast,1947,Female,2025-04-04,Small Business,Bronze,Frequent,Yes
747,Christina,Clark,christina.clark.747@icloud.com,(827) 248-7444,Indianapolis,IN,Midwest,1980,Female,2023-06-13,Consumer,Bronze,Frequent,Yes
748,Patricia,Davis,patricia.davis.748@yahoo.com,(904) 941-8138,San Diego,CA,West,1953,Nonbinary,2023-01-22,Consumer,Bronze,Occasional,Yes
749,Megan,White,megan.white.749@gmail.com,(249) 511-2229,Los Angeles,CA,West,2001,Female,2024-06-15,Small Business,Gold,Frequent,Yes
750,Ryan,Harris,ryan.harris.750@outlook.com,(971) 798-7771,Nashville,TN,South,1953,Male,2023-09-03,Small Business,Bronze,Occasional,Yes
751,Joshua,King,joshua.king.751@outlook.com,(294) 470-5853,Richmond,VA,South,1994,Male,2024-10-21,Consumer,Platinum,Regular,Yes
752,Olivia,Thomas,olivia.thomas.752@outlook.com,(679) 594-4078,Cleveland,OH,Midwest,1948,Female,2025-10-09,Consumer,Bronze,Occasional,Yes
753,Olivia,Nguyen,olivia.nguyen.753@protonmail.com,(308) 333-4584,Denver,CO,West,1986,Female,2025-07-18,Small Business,Bronze,Occasional,No
754,Sandra,Flores,sandra.flores.754@protonmail.com,(863) 304-3413,Orlando,FL,South,1988,Female,2023-12-03,Consumer,Bronze,Occasional,Yes
755,Linda,Thomas,linda.thomas.755@gmail.com,(763) 286-6806,Newark,NJ,Northeast,1973,Female,2025-12-23,Consumer,Bronze,Regular,Yes
756,Ashley,Ramirez,ashley.ramirez.756@icloud.com,(398) 501-4103,Atlanta,GA,South,1986,Female,2023-04-11,Consumer,Bronze,Regular,Yes
757,Joshua,Hill,joshua.hill.757@gmail.com,(236) 789-5361,Orlando,FL,South,1952,Male,2024-05-24,Consumer,Bronze,Occasional,Yes
758,Thomas,Anderson,thomas.anderson.758@outlook.com,(555) 852-5718,Phoenix,AZ,West,1976,Male,2024-07-03,Consumer,Bronze,Occasional,Yes
759,Mary,Miller,mary.miller.759@gmail.com,(370) 391-6442,Richmond,VA,South,1955,Female,2024-05-03,Small Business,Gold,Occasional,No
760,Mary,Walker,mary.walker.760@gmail.com,(808) 560-8763,Atlanta,GA,South,1955,Female,2023-06-07,Consumer,Bronze,Regular,Yes
761,Jessica,Walker,jessica.walker.761@outlook.com,(993) 296-2638,Boston,MA,Northeast,1978,Female,2024-04-12,Consumer,Platinum,Regular,Yes
762,Donald,Young,donald.young.762@yahoo.com,(927) 541-9484,Indianapolis,IN,Midwest,1945,Male,2025-07-28,Consumer,Bronze,Frequent,Yes
763,Brandon,Hill,brandon.hill.763@outlook.com,(875) 345-6852,Houston,TX,South,1954,Male,2023-02-12,Consumer,Silver,VIP,Yes
764,Megan,Ramirez,megan.ramirez.764@protonmail.com,(660) 739-3866,Charlotte,NC,South,1951,Female,2026-08-01,Consumer,Gold,VIP,Yes
765,Brandon,Perez,brandon.perez.765@yahoo.com,(827) 325-8101,Orlando,FL,South,1947,Male,2024-01-26,Enterprise,Bronze,Regular,Yes
766,Ryan,Thompson,ryan.thompson.766@yahoo.com,(838) 771-3664,Atlanta,GA,South,1988,Male,2025-08-13,Consumer,Silver,Occasional,Yes
767,Christina,Jackson,christina.jackson.767@gmail.com,(640) 560-1010,Boston,MA,Northeast,1948,Female,2023-09-10,Consumer,Silver,Regular,Yes
768,Sophia,Jackson,sophia.jackson.768@protonmail.com,(282) 497-4585,San Francisco,CA,West,1991,Female,2023-10-20,Enterprise,Silver,Occasional,Yes
769,Joseph,Harris,joseph.harris.769@icloud.com,(895) 530-3280,Charlotte,NC,South,1964,Male,2026-05-07,Small Business,Gold,Occasional,Yes
770,Elizabeth,Clark,elizabeth.clark.770@icloud.com,(647) 298-3270,Indianapolis,IN,Midwest,1974,Female,2026-07-10,Consumer,Bronze,Regular,Yes
771,Joshua,Thompson,joshua.thompson.771@gmail.com,(985) 631-2448,Orlando,FL,South,1946,Male,2025-08-02,Consumer,Gold,Frequent,Yes
772,Christopher,Thomas,christopher.thomas.772@icloud.com,(328) 612-1097,Milwaukee,WI,Midwest,2001,Male,2026-03-04,Consumer,Bronze,Occasional,Yes
773,Joshua,Robinson,joshua.robinson.773@yahoo.com,(779) 693-6428,San Diego,CA,West,1966,Male,2023-08-08,Consumer,Silver,Regular,No
774,Melissa,Allen,melissa.allen.774@outlook.com,(428) 891-3535,Chicago,IL,Midwest,1992,Female,2026-02-25,Consumer,Bronze,VIP,Yes
775,Abigail,Smith,abigail.smith.775@gmail.com,(453) 409-2697,Seattle,WA,West,2001,Female,2026-05-21,Consumer,Bronze,Occasional,Yes
776,Donald,Sanchez,donald.sanchez.776@protonmail.com,(466) 827-8194,New York,NY,Northeast,1997,Male,2024-01-12,Consumer,Bronze,Occasional,No
777,Mark,Martinez,mark.martinez.777@protonmail.com,(405) 687-8871,Columbus,OH,Midwest,1955,Male,2024-05-07,Consumer,Silver,Regular,Yes
778,Brian,Young,brian.young.778@icloud.com,(351) 228-5643,Houston,TX,South,1974,Male,2023-08-08,Consumer,Silver,Regular,Yes
779,James,Nguyen,james.nguyen.779@icloud.com,(483) 209-3593,Richmond,VA,South,1974,Male,2023-10-13,Consumer,Gold,Frequent,Yes
780,Joshua,Wilson,joshua.wilson.780@protonmail.com,(547) 670-3294,Orlando,FL,South,1967,Male,2023-11-07,Consumer,Bronze,Regular,Yes
781,Christopher,Sanchez,christopher.sanchez.781@protonmail.com,(994) 874-9608,Newark,NJ,Northeast,1981,Male,2024-01-05,Consumer,Bronze,Regular,Yes
782,Brian,Nguyen,brian.nguyen.782@gmail.com,(711) 895-8805,Orlando,FL,South,1959,Male,2023-11-22,Consumer,Bronze,Occasional,Yes
783,Rebecca,Thomas,rebecca.thomas.783@protonmail.com,(456) 317-1613,Philadelphia,PA,Northeast,2004,Female,2025-05-10,Small Business,Bronze,Occasional,Yes
784,Rebecca,White,rebecca.white.784@protonmail.com,(769) 404-4206,Chicago,IL,Midwest,1969,Female,2025-07-09,Small Business,Bronze,Occasional,Yes
785,Karen,Anderson,karen.anderson.785@gmail.com,(408) 234-3302,Nashville,TN,South,1950,Female,2024-01-29,Consumer,Bronze,Regular,No
786,Margaret,Torres,margaret.torres.786@outlook.com,(784) 685-9205,Charlotte,NC,South,1976,Female,2025-12-17,Consumer,Silver,Occasional,Yes
787,Kevin,Rodriguez,kevin.rodriguez.787@protonmail.com,(505) 303-2932,Las Vegas,NV,West,1981,Male,2023-05-26,Consumer,Bronze,Occasional,Yes
788,Amanda,Perez,amanda.perez.788@outlook.com,(494) 276-9755,Pittsburgh,PA,Northeast,1949,Female,2025-01-02,Small Business,Bronze,Frequent,Yes
789,Nathan,Flores,nathan.flores.789@yahoo.com,(868) 230-1528,Orlando,FL,South,1982,Male,2023-08-16,Consumer,Bronze,Regular,Yes
790,Lisa,Brown,lisa.brown.790@protonmail.com,(824) 919-1579,Providence,RI,Northeast,1960,Female,2023-05-08,Small Business,Silver,Regular,Yes
791,Margaret,Hill,margaret.hill.791@gmail.com,(236) 708-9316,Detroit,MI,Midwest,1962,Female,2023-09-23,Small Business,Bronze,Regular,Yes
792,Emily,Martin,emily.martin.792@icloud.com,(898) 900-1296,Seattle,WA,West,1979,Female,2024-02-06,Consumer,Bronze,Regular,Yes
793,Rebecca,Harris,rebecca.harris.793@protonmail.com,(576) 560-4172,Minneapolis,MN,Midwest,1973,Female,2023-08-25,Consumer,Bronze,Occasional,Yes
794,Joseph,Anderson,joseph.anderson.794@gmail.com,(937) 455-1931,Boston,MA,Northeast,1981,Male,2026-01-03,Consumer,Silver,Occasional,Yes
795,Barbara,Jackson,barbara.jackson.795@icloud.com,(873) 325-2258,Providence,RI,Northeast,1953,Female,2024-08-21,Consumer,Gold,Regular,Yes
796,Richard,Young,richard.young.796@yahoo.com,(998) 764-5795,Milwaukee,WI,Midwest,1990,Male,2025-06-27,Small Business,Gold,Occasional,Yes
797,Sophia,Moore,sophia.moore.797@outlook.com,(340) 733-4777,Charlotte,NC,South,1976,Female,2026-06-27,Consumer,Gold,Occasional,Yes
798,Michael,White,michael.white.798@gmail.com,(221) 710-1553,Columbus,OH,Midwest,1986,Male,2025-06-20,Consumer,Bronze,Frequent,Yes
799,Christopher,Garcia,christopher.garcia.799@outlook.com,(588) 388-8062,Hartford,CT,Northeast,1973,Male,2025-02-26,Consumer,Gold,Occasional,Yes
800,Robert,Wright,robert.wright.800@yahoo.com,(971) 805-4547,Los Angeles,CA,West,2004,Male,2024-11-19,Small Business,Silver,Frequent,Yes
801,Olivia,Flores,olivia.flores.801@icloud.com,(938) 894-5709,Orlando,FL,South,1996,Female,2023-04-27,Small Business,Gold,Occasional,No
802,Donald,Ramirez,donald.ramirez.802@yahoo.com,(898) 480-2401,Indianapolis,IN,Midwest,1953,Male,2024-05-02,Consumer,Bronze,Frequent,No
803,Christopher,Perez,christopher.perez.803@protonmail.com,(212) 327-6028,Chicago,IL,Midwest,1995,Male,2024-05-28,Consumer,Bronze,Regular,Yes
804,Sarah,Lopez,sarah.lopez.804@protonmail.com,(423) 618-1959,Atlanta,GA,South,1975,Female,2025-01-04,Consumer,Bronze,Regular,Yes
805,Sophia,Flores,sophia.flores.805@outlook.com,(432) 845-3858,Detroit,MI,Midwest,1961,Female,2024-07-19,Consumer,Bronze,Frequent,Yes
806,Robert,Anderson,robert.anderson.806@protonmail.com,(934) 433-1996,Boston,MA,Northeast,1982,Male,2025-06-20,Consumer,Bronze,Occasional,No
807,Joshua,Johnson,joshua.johnson.807@protonmail.com,(654) 315-9372,Milwaukee,WI,Midwest,1967,Prefer not to say,2024-04-25,Consumer,Bronze,Occasional,Yes
808,Melissa,White,melissa.white.808@protonmail.com,(568) 543-7686,Phoenix,AZ,West,1954,Female,2024-08-02,Consumer,Bronze,Occasional,No
809,Karen,Flores,karen.flores.809@outlook.com,(520) 723-9326,Providence,RI,Northeast,1946,Female,2026-04-25,Consumer,Gold,Occasional,Yes
810,Richard,Harris,richard.harris.810@outlook.com,(778) 715-9982,Los Angeles,CA,West,1949,Male,2023-06-10,Consumer,Bronze,VIP,Yes
811,Michael,King,michael.king.811@protonmail.com,(500) 449-6385,Las Vegas,NV,West,1962,Male,2024-10-11,Consumer,Bronze,Occasional,Yes
812,Matthew,Anderson,matthew.anderson.812@protonmail.com,(717) 278-6935,Charlotte,NC,South,1968,Male,2025-04-19,Consumer,Bronze,Occasional,Yes
813,Donald,Clark,donald.clark.813@outlook.com,(820) 466-5700,Nashville,TN,South,1988,Male,2025-04-14,Small Business,Bronze,Regular,Yes
814,Margaret,Clark,margaret.clark.814@icloud.com,(215) 370-2979,Nashville,TN,South,2002,Female,2024-02-10,Consumer,Silver,Occasional,Yes
815,Edward,Walker,edward.walker.815@gmail.com,(335) 727-9672,Columbus,OH,Midwest,1989,Male,2023-02-19,Small Business,Silver,Occasional,No
816,Matthew,Rodriguez,matthew.rodriguez.816@gmail.com,(939) 246-2208,Dallas,TX,South,1982,Male,2024-11-20,Consumer,Bronze,Regular,Yes
817,Sandra,Clark,sandra.clark.817@protonmail.com,(721) 285-3494,Minneapolis,MN,Midwest,1991,Female,2023-10-03,Consumer,Bronze,Occasional,No
818,Matthew,Robinson,matthew.robinson.818@outlook.com,(504) 705-6588,Richmond,VA,South,2005,Male,2024-07-26,Consumer,Silver,Frequent,Yes
819,Joshua,Nguyen,joshua.nguyen.819@outlook.com,(640) 731-5558,Orlando,FL,South,1954,Male,2024-01-01,Consumer,Bronze,Occasional,Yes
820,Michael,Thompson,michael.thompson.820@yahoo.com,(820) 971-2738,Charlotte,NC,South,2001,Male,2024-04-03,Consumer,Bronze,Occasional,No
821,David,Miller,david.miller.821@gmail.com,(700) 226-7054,Nashville,TN,South,1979,Male,2026-01-10,Consumer,Gold,Frequent,Yes
822,Brian,Ramirez,brian.ramirez.822@gmail.com,(655) 642-9081,Columbus,OH,Midwest,1990,Male,2023-08-13,Small Business,Bronze,Regular,Yes
823,Thomas,Davis,thomas.davis.823@yahoo.com,(482) 664-9402,San Diego,CA,West,1965,Male,2023-06-02,Small Business,Bronze,Occasional,Yes
824,Nicole,Lee,nicole.lee.824@protonmail.com,(876) 841-1583,Los Angeles,CA,West,1965,Female,2025-12-03,Consumer,Gold,Occasional,No
825,Joseph,Rodriguez,joseph.rodriguez.825@icloud.com,(489) 334-4253,Cleveland,OH,Midwest,1976,Male,2023-11-07,Consumer,Bronze,Frequent,Yes
826,Ashley,Wilson,ashley.wilson.826@yahoo.com,(828) 589-4845,New York,NY,Northeast,1947,Female,2023-12-31,Consumer,Silver,Regular,Yes
827,Rachel,Lopez,rachel.lopez.827@protonmail.com,(565) 756-8880,Seattle,WA,West,1995,Female,2025-09-30,Small Business,Silver,Regular,Yes
828,Sophia,Jackson,sophia.jackson.828@yahoo.com,(876) 316-6694,Richmond,VA,South,1956,Female,2023-08-26,Consumer,Silver,Regular,Yes
829,Jason,Walker,jason.walker.829@outlook.com,(618) 262-6295,Las Vegas,NV,West,1963,Male,2023-03-01,Consumer,Silver,Occasional,Yes
830,Betty,Lewis,betty.lewis.830@gmail.com,(515) 658-7714,Houston,TX,South,1966,Female,2024-03-24,Small Business,Bronze,Regular,Yes
831,Kevin,Wilson,kevin.wilson.831@gmail.com,(939) 221-7212,San Diego,CA,West,1953,Male,2024-11-06,Enterprise,Silver,Regular,Yes
832,Nathan,Thompson,nathan.thompson.832@outlook.com,(748) 605-4757,San Diego,CA,West,1979,Male,2025-01-11,Consumer,Bronze,Occasional,Yes
833,Nancy,Perez,nancy.perez.833@gmail.com,(713) 607-8944,Dallas,TX,South,1993,Female,2023-02-11,Enterprise,Bronze,Frequent,Yes
834,Mary,Anderson,mary.anderson.834@yahoo.com,(286) 278-2210,Cleveland,OH,Midwest,1986,Female,2025-02-12,Consumer,Silver,Regular,Yes
835,Paul,Clark,paul.clark.835@yahoo.com,(531) 635-9394,Philadelphia,PA,Northeast,1957,Male,2025-03-12,Consumer,Bronze,Frequent,Yes
836,Sandra,Gonzalez,sandra.gonzalez.836@icloud.com,(491) 919-9736,Newark,NJ,Northeast,1971,Female,2024-03-31,Consumer,Bronze,Regular,Yes
837,Emily,Sanchez,emily.sanchez.837@icloud.com,(578) 688-2785,San Diego,CA,West,1970,Female,2023-02-20,Consumer,Bronze,Frequent,Yes
838,Christina,Garcia,christina.garcia.838@icloud.com,(831) 684-9575,Philadelphia,PA,Northeast,1960,Female,2026-04-30,Consumer,Gold,Occasional,Yes
839,Joseph,Brown,joseph.brown.839@protonmail.com,(813) 616-1091,Portland,OR,West,1947,Male,2023-11-05,Consumer,Silver,Occasional,Yes
840,Amanda,Young,amanda.young.840@protonmail.com,(957) 950-2334,Miami,FL,South,1990,Female,2025-08-02,Enterprise,Bronze,Regular,No
841,Jennifer,Harris,jennifer.harris.841@gmail.com,(239) 634-9113,Boston,MA,Northeast,1957,Female,2023-12-07,Consumer,Silver,Regular,Yes
842,Andrew,Rodriguez,andrew.rodriguez.842@yahoo.com,(735) 530-7088,Minneapolis,MN,Midwest,1963,Male,2025-06-10,Consumer,Bronze,Regular,Yes
843,Karen,King,karen.king.843@outlook.com,(368) 736-8763,Milwaukee,WI,Midwest,1958,Female,2025-08-05,Consumer,Bronze,Frequent,Yes
844,Elizabeth,Walker,elizabeth.walker.844@gmail.com,(262) 839-8679,Boston,MA,Northeast,1979,Female,2023-07-12,Consumer,Bronze,Regular,Yes
845,Lauren,Scott,lauren.scott.845@icloud.com,(798) 946-6009,Denver,CO,West,1963,Female,2024-07-16,Consumer,Gold,Frequent,Yes
846,Nathan,Taylor,nathan.taylor.846@protonmail.com,(304) 329-9557,Cleveland,OH,Midwest,1962,Male,2024-03-19,Consumer,Bronze,Occasional,Yes
847,Daniel,Torres,daniel.torres.847@outlook.com,(372) 202-4798,Portland,OR,West,1987,Male,2026-06-15,Enterprise,Silver,Frequent,No
848,Christina,Flores,christina.flores.848@outlook.com,(723) 650-7969,Philadelphia,PA,Northeast,2002,Female,2023-06-09,Consumer,Bronze,VIP,Yes
849,Ashley,Davis,ashley.davis.849@protonmail.com,(524) 743-2281,Orlando,FL,South,1967,Female,2025-08-29,Consumer,Bronze,Occasional,Yes
850,William,Moore,william.moore.850@icloud.com,(867) 556-3916,Minneapolis,MN,Midwest,1988,Male,2024-05-28,Consumer,Bronze,Occasional,Yes
851,Sandra,Thompson,sandra.thompson.851@gmail.com,(400) 652-6914,Cleveland,OH,Midwest,1969,Female,2024-01-27,Consumer,Gold,Regular,Yes
852,Karen,Perez,karen.perez.852@yahoo.com,(857) 690-7525,Providence,RI,Northeast,1983,Female,2023-01-27,Small Business,Bronze,Occasional,Yes
853,Thomas,Moore,thomas.moore.853@outlook.com,(684) 967-9938,Chicago,IL,Midwest,1985,Male,2026-05-29,Small Business,Gold,Regular,Yes
854,Mary,Flores,mary.flores.854@gmail.com,(257) 654-2021,San Francisco,CA,West,1950,Female,2023-09-27,Consumer,Bronze,Regular,Yes
855,Thomas,Gonzalez,thomas.gonzalez.855@protonmail.com,(939) 575-9459,Chicago,IL,Midwest,2002,Male,2024-10-10,Consumer,Silver,Regular,Yes
856,Mark,Brown,mark.brown.856@outlook.com,(905) 717-7705,Philadelphia,PA,Northeast,1947,Male,2025-06-27,Small Business,Bronze,Occasional,Yes
857,Jacob,Smith,jacob.smith.857@gmail.com,(319) 292-3990,Miami,FL,South,1981,Male,2023-06-26,Consumer,Bronze,Frequent,Yes
858,Melissa,Johnson,melissa.johnson.858@outlook.com,(515) 897-4130,Los Angeles,CA,West,2001,Female,2023-06-16,Consumer,Bronze,Regular,Yes
859,Christopher,Brown,christopher.brown.859@outlook.com,(479) 404-3901,Houston,TX,South,1971,Male,2024-10-08,Consumer,Bronze,Occasional,No
860,Sandra,Taylor,sandra.taylor.860@outlook.com,(237) 799-7318,Providence,RI,Northeast,1973,Female,2025-12-07,Consumer,Bronze,Frequent,Yes
861,Edward,Ramirez,edward.ramirez.861@yahoo.com,(292) 725-4452,Houston,TX,South,1980,Male,2025-10-28,Consumer,Silver,Frequent,Yes
862,Patricia,Davis,patricia.davis.862@protonmail.com,(234) 530-2713,Nashville,TN,South,1968,Female,2024-10-23,Consumer,Bronze,Regular,Yes
863,James,Hernandez,james.hernandez.863@outlook.com,(678) 759-4050,Miami,FL,South,2003,Male,2024-01-19,Consumer,Gold,Regular,Yes
864,Stephanie,Robinson,stephanie.robinson.864@protonmail.com,(545) 694-7572,Minneapolis,MN,Midwest,1961,Female,2024-05-13,Small Business,Bronze,Regular,Yes
865,Olivia,Anderson,olivia.anderson.865@outlook.com,(724) 370-5924,San Diego,CA,West,1970,Nonbinary,2026-03-28,Consumer,Silver,Regular,Yes
866,Joshua,Gonzalez,joshua.gonzalez.866@outlook.com,(554) 669-7487,San Francisco,CA,West,1950,Male,2023-04-21,Consumer,Bronze,Occasional,Yes
867,Elizabeth,Gonzalez,elizabeth.gonzalez.867@outlook.com,(357) 901-7131,Portland,OR,West,1972,Female,2024-02-21,Consumer,Bronze,Occasional,Yes
868,Linda,Walker,linda.walker.868@outlook.com,(981) 298-7350,Orlando,FL,South,1998,Female,2025-02-09,Consumer,Gold,Regular,Yes
869,David,Sanchez,david.sanchez.869@gmail.com,(555) 700-1440,Portland,OR,West,1983,Male,2025-05-19,Small Business,Silver,Regular,Yes
870,Jason,Thomas,jason.thomas.870@gmail.com,(861) 435-3262,Miami,FL,South,1993,Male,2026-05-12,Consumer,Bronze,Regular,Yes
871,Karen,Ramirez,karen.ramirez.871@icloud.com,(235) 467-7909,Hartford,CT,Northeast,1964,Female,2024-08-06,Consumer,Bronze,Regular,Yes
872,Ashley,Miller,ashley.miller.872@outlook.com,(526) 331-9306,Charlotte,NC,South,1996,Female,2025-04-08,Consumer,Silver,Frequent,Yes
873,Emily,Sanchez,emily.sanchez.873@icloud.com,(714) 581-8758,Atlanta,GA,South,1952,Female,2026-07-22,Consumer,Bronze,Regular,Yes
874,Matthew,Davis,matthew.davis.874@protonmail.com,(464) 402-9436,Phoenix,AZ,West,1954,Male,2023-06-13,Consumer,Bronze,Occasional,Yes
875,Donald,Ramirez,donald.ramirez.875@protonmail.com,(902) 578-5134,Pittsburgh,PA,Northeast,1968,Male,2025-07-31,Consumer,Gold,Occasional,Yes
876,Jason,Johnson,jason.johnson.876@gmail.com,(810) 314-6853,Nashville,TN,South,1965,Male,2025-07-03,Consumer,Bronze,Occasional,Yes
877,Anthony,Thomas,anthony.thomas.877@yahoo.com,(669) 905-4999,New York,NY,Northeast,1972,Male,2025-10-07,Consumer,Bronze,Frequent,Yes
878,Nathan,King,nathan.king.878@gmail.com,(591) 724-2290,Chicago,IL,Midwest,1983,Male,2023-10-28,Consumer,Bronze,VIP,Yes
879,Christopher,Ramirez,christopher.ramirez.879@gmail.com,(396) 784-5275,Nashville,TN,South,1998,Male,2023-06-12,Enterprise,Bronze,Frequent,No
880,Kevin,Thomas,kevin.thomas.880@outlook.com,(483) 713-1749,Chicago,IL,Midwest,1962,Male,2025-06-13,Consumer,Bronze,Regular,Yes
881,Steven,Jackson,steven.jackson.881@protonmail.com,(850) 525-2591,Orlando,FL,South,1962,Male,2023-09-23,Consumer,Silver,Occasional,Yes
882,Lisa,Anderson,lisa.anderson.882@protonmail.com,(536) 754-7374,Pittsburgh,PA,Northeast,1982,Female,2025-08-01,Small Business,Silver,Regular,Yes
883,Daniel,Perez,daniel.perez.883@outlook.com,(889) 599-5189,Richmond,VA,South,1958,Male,2025-10-18,Consumer,Gold,Regular,Yes
884,Brian,Garcia,brian.garcia.884@yahoo.com,(662) 890-8657,Milwaukee,WI,Midwest,1968,Male,2025-12-20,Consumer,Silver,Occasional,Yes
885,William,Flores,william.flores.885@outlook.com,(584) 750-3157,Orlando,FL,South,1980,Male,2024-08-04,Consumer,Silver,Regular,Yes
886,Michael,Miller,michael.miller.886@icloud.com,(763) 618-6767,Dallas,TX,South,2000,Male,2024-01-01,Enterprise,Bronze,Occasional,Yes
887,Stephanie,Moore,stephanie.moore.887@protonmail.com,(748) 745-7425,Miami,FL,South,1993,Female,2026-07-20,Consumer,Silver,Regular,Yes
888,Rebecca,Robinson,rebecca.robinson.888@yahoo.com,(981) 675-3822,Richmond,VA,South,1963,Female,2025-03-30,Consumer,Gold,Occasional,Yes
889,Melissa,Clark,melissa.clark.889@protonmail.com,(282) 813-7697,Phoenix,AZ,West,1953,Female,2024-04-04,Consumer,Bronze,Regular,No
890,Jessica,Hernandez,jessica.hernandez.890@icloud.com,(765) 723-4162,St. Louis,MO,Midwest,1992,Female,2023-02-16,Consumer,Gold,Regular,No
891,Nancy,Thomas,nancy.thomas.891@icloud.com,(450) 900-8268,Buffalo,NY,Northeast,1958,Female,2023-03-05,Consumer,Bronze,Regular,No
892,Donald,Allen,donald.allen.892@gmail.com,(207) 966-1529,Milwaukee,WI,Midwest,1974,Male,2024-05-16,Small Business,Gold,Regular,Yes
893,Ashley,Walker,ashley.walker.893@protonmail.com,(862) 746-1388,San Diego,CA,West,1952,Female,2026-01-05,Small Business,Gold,Regular,Yes
894,Robert,Jackson,robert.jackson.894@icloud.com,(327) 306-3391,Los Angeles,CA,West,1985,Male,2025-11-13,Consumer,Silver,Regular,Yes
895,Brian,Davis,brian.davis.895@yahoo.com,(299) 537-2213,Milwaukee,WI,Midwest,1995,Male,2024-05-12,Consumer,Bronze,Regular,Yes
896,Jason,Thomas,jason.thomas.896@yahoo.com,(808) 236-3294,Milwaukee,WI,Midwest,1989,Male,2025-07-11,Consumer,Bronze,Occasional,Yes
897,Jessica,White,jessica.white.897@icloud.com,(889) 501-3530,Indianapolis,IN,Midwest,1985,Female,2026-03-08,Consumer,Silver,Occasional,Yes
898,David,Hill,david.hill.898@protonmail.com,(212) 465-6966,Orlando,FL,South,1982,Male,2024-03-09,Consumer,Bronze,Occasional,Yes
899,Joshua,Sanchez,joshua.sanchez.899@protonmail.com,(583) 587-8950,Nashville,TN,South,1999,Male,2026-04-17,Enterprise,Silver,Regular,Yes
900,Andrew,Lopez,andrew.lopez.900@outlook.com,(353) 484-2959,Orlando,FL,South,1959,Male,2024-12-02,Consumer,Gold,Occasional,Yes
901,Sandra,Torres,sandra.torres.901@outlook.com,(572) 880-1538,Los Angeles,CA,West,2002,Female,2025-12-09,Small Business,Silver,Occasional,Yes
902,Lisa,Allen,lisa.allen.902@yahoo.com,(957) 387-5015,New York,NY,Northeast,1978,Female,2026-03-06,Enterprise,Bronze,Occasional,Yes
903,William,Williams,william.williams.903@gmail.com,(335) 735-5960,Portland,OR,West,1991,Male,2024-01-25,Consumer,Bronze,Frequent,Yes
904,Melissa,Nguyen,melissa.nguyen.904@outlook.com,(689) 319-8240,Charlotte,NC,South,1995,Female,2024-10-15,Consumer,Silver,Regular,Yes
905,Amanda,Nguyen,amanda.nguyen.905@icloud.com,(996) 858-4191,Richmond,VA,South,2000,Female,2025-05-30,Consumer,Bronze,Frequent,Yes
906,Jason,Robinson,jason.robinson.906@protonmail.com,(694) 726-5649,Portland,OR,West,1985,Male,2025-10-05,Small Business,Silver,Occasional,No
907,Emma,Wright,emma.wright.907@outlook.com,(699) 206-6229,Houston,TX,South,1973,Female,2026-07-05,Consumer,Bronze,Occasional,Yes
908,Andrew,Hernandez,andrew.hernandez.908@protonmail.com,(387) 398-2781,Hartford,CT,Northeast,1966,Male,2025-06-26,Consumer,Bronze,Regular,Yes
909,Ashley,Martin,ashley.martin.909@outlook.com,(531) 360-4144,Richmond,VA,South,1958,Female,2026-06-02,Consumer,Bronze,Regular,Yes
910,Justin,Hernandez,justin.hernandez.910@icloud.com,(998) 943-5413,Columbus,OH,Midwest,1986,Male,2025-08-28,Consumer,Bronze,Regular,Yes
911,Abigail,Martin,abigail.martin.911@protonmail.com,(602) 980-7834,Houston,TX,South,1973,Female,2024-10-07,Consumer,Bronze,Occasional,Yes
912,Robert,Clark,robert.clark.912@outlook.com,(877) 933-5193,Nashville,TN,South,1997,Male,2023-02-09,Enterprise,Silver,Regular,Yes
913,Lisa,Ramirez,lisa.ramirez.913@yahoo.com,(309) 276-4983,Denver,CO,West,1984,Female,2024-03-16,Consumer,Silver,Regular,Yes
914,Paul,Nguyen,paul.nguyen.914@protonmail.com,(800) 584-1971,Atlanta,GA,South,1960,Male,2025-09-24,Small Business,Bronze,Occasional,Yes
915,Thomas,Wright,thomas.wright.915@icloud.com,(355) 354-5896,Houston,TX,South,1965,Male,2023-06-01,Consumer,Bronze,VIP,Yes
916,Donald,Thomas,donald.thomas.916@gmail.com,(916) 928-6143,Houston,TX,South,1953,Male,2023-02-14,Consumer,Silver,Frequent,No
917,Rebecca,Lewis,rebecca.lewis.917@yahoo.com,(461) 818-1379,Cleveland,OH,Midwest,1968,Female,2025-08-01,Consumer,Bronze,Occasional,Yes
918,Mark,Sanchez,mark.sanchez.918@icloud.com,(232) 716-6358,Los Angeles,CA,West,1968,Male,2025-11-15,Small Business,Bronze,Occasional,Yes
919,Brian,Perez,brian.perez.919@protonmail.com,(289) 787-8675,Detroit,MI,Midwest,1979,Male,2023-08-19,Consumer,Platinum,Occasional,Yes
920,Melissa,Jones,melissa.jones.920@outlook.com,(863) 789-6567,Phoenix,AZ,West,1986,Prefer not to say,2023-11-08,Small Business,Bronze,Occasional,Yes
921,Paul,Ramirez,paul.ramirez.921@yahoo.com,(637) 354-5241,Phoenix,AZ,West,1946,Male,2025-03-09,Consumer,Bronze,Occasional,Yes
922,Jason,Lee,jason.lee.922@protonmail.com,(356) 393-3429,Dallas,TX,South,2002,Male,2024-12-27,Small Business,Bronze,Frequent,Yes
923,Mary,Wright,mary.wright.923@outlook.com,(873) 413-4304,Chicago,IL,Midwest,1965,Female,2023-05-22,Small Business,Bronze,Frequent,Yes
924,Sarah,Anderson,sarah.anderson.924@icloud.com,(226) 654-4417,Seattle,WA,West,1952,Female,2025-06-19,Small Business,Bronze,Frequent,Yes
925,Betty,Gonzalez,betty.gonzalez.925@protonmail.com,(324) 366-4434,Orlando,FL,South,1977,Female,2023-12-25,Consumer,Bronze,Frequent,Yes
926,Stephanie,Thompson,stephanie.thompson.926@icloud.com,(461) 720-2834,Milwaukee,WI,Midwest,1996,Female,2023-07-05,Consumer,Bronze,Regular,No
927,Betty,Clark,betty.clark.927@yahoo.com,(434) 918-2383,Charlotte,NC,South,1972,Female,2023-05-14,Consumer,Gold,Frequent,Yes
928,Brandon,Walker,brandon.walker.928@outlook.com,(778) 209-3096,Pittsburgh,PA,Northeast,1954,Male,2023-04-03,Small Business,Gold,Frequent,Yes
929,Emily,Williams,emily.williams.929@outlook.com,(629) 376-3861,Buffalo,NY,Northeast,1984,Female,2025-01-31,Small Business,Silver,Regular,No
930,Paul,Lopez,paul.lopez.930@yahoo.com,(471) 836-6260,Charlotte,NC,South,1964,Male,2024-02-22,Small Business,Bronze,Regular,Yes
931,Mary,Walker,mary.walker.931@protonmail.com,(373) 361-2640,Philadelphia,PA,Northeast,1993,Female,2025-02-11,Small Business,Bronze,Regular,Yes
932,John,Clark,john.clark.932@icloud.com,(337) 817-1011,San Diego,CA,West,1999,Male,2025-04-30,Enterprise,Bronze,Frequent,Yes
933,Sophia,Taylor,sophia.taylor.933@protonmail.com,(400) 328-4593,Providence,RI,Northeast,1975,Female,2023-07-17,Enterprise,Silver,Regular,Yes
934,David,Anderson,david.anderson.934@yahoo.com,(389) 947-5933,Detroit,MI,Midwest,1951,Male,2026-06-13,Consumer,Bronze,Occasional,Yes
935,Betty,Nguyen,betty.nguyen.935@protonmail.com,(954) 235-7308,Houston,TX,South,1968,Nonbinary,2025-05-14,Small Business,Bronze,Regular,Yes
936,William,Smith,william.smith.936@icloud.com,(695) 552-4076,Boston,MA,Northeast,1965,Male,2025-03-23,Small Business,Bronze,Occasional,Yes
937,Brian,Sanchez,brian.sanchez.937@protonmail.com,(545) 545-4052,Dallas,TX,South,1952,Male,2025-06-19,Consumer,Bronze,Regular,Yes
938,Andrew,Scott,andrew.scott.938@yahoo.com,(636) 857-1416,Charlotte,NC,South,1961,Male,2025-11-29,Consumer,Bronze,Occasional,No
939,Jessica,Robinson,jessica.robinson.939@protonmail.com,(284) 716-3991,San Diego,CA,West,1964,Female,2024-12-12,Consumer,Bronze,Regular,Yes
940,Joshua,Gonzalez,joshua.gonzalez.940@outlook.com,(776) 743-9602,Buffalo,NY,Northeast,1978,Male,2024-12-25,Small Business,Bronze,Regular,Yes
941,Kevin,Anderson,kevin.anderson.941@protonmail.com,(431) 969-3491,Columbus,OH,Midwest,1985,Male,2023-12-06,Consumer,Bronze,Regular,Yes
942,Mark,Gonzalez,mark.gonzalez.942@yahoo.com,(339) 938-5915,Orlando,FL,South,2002,Male,2025-05-12,Consumer,Gold,Regular,Yes
943,Amanda,Martin,amanda.martin.943@outlook.com,(600) 363-7865,Charlotte,NC,South,1975,Female,2023-10-22,Consumer,Bronze,Frequent,Yes
944,Olivia,Thompson,olivia.thompson.944@outlook.com,(654) 345-5513,Pittsburgh,PA,Northeast,2005,Female,2026-04-14,Consumer,Bronze,Regular,Yes
945,Linda,King,linda.king.945@gmail.com,(754) 960-8444,Charlotte,NC,South,1987,Female,2024-04-20,Small Business,Bronze,Regular,Yes
946,Jason,Perez,jason.perez.946@protonmail.com,(372) 926-8983,Los Angeles,CA,West,1985,Male,2023-08-20,Consumer,Gold,Regular,Yes
947,Linda,Garcia,linda.garcia.947@icloud.com,(631) 258-2723,Denver,CO,West,1998,Female,2025-10-09,Consumer,Silver,Regular,Yes
948,Megan,Moore,megan.moore.948@icloud.com,(448) 799-9109,Denver,CO,West,1950,Female,2024-12-31,Consumer,Silver,Occasional,Yes
949,Sarah,Miller,sarah.miller.949@icloud.com,(243) 816-2766,Las Vegas,NV,West,1983,Female,2025-02-08,Consumer,Silver,Regular,Yes
950,Michael,Torres,michael.torres.950@gmail.com,(555) 862-8212,Buffalo,NY,Northeast,1971,Male,2026-05-21,Consumer,Silver,Frequent,Yes
951,Joshua,Williams,joshua.williams.951@yahoo.com,(301) 499-7752,Phoenix,AZ,West,1956,Male,2026-03-07,Consumer,Bronze,Occasional,Yes
952,Justin,Taylor,justin.taylor.952@yahoo.com,(669) 915-5311,Miami,FL,South,1973,Male,2024-07-20,Consumer,Gold,Frequent,Yes
953,Amanda,Scott,amanda.scott.953@gmail.com,(541) 560-9818,Minneapolis,MN,Midwest,1999,Female,2023-12-19,Small Business,Silver,Regular,Yes
954,Joseph,Lee,joseph.lee.954@outlook.com,(974) 591-4312,San Diego,CA,West,1965,Male,2025-04-11,Small Business,Bronze,Regular,Yes
955,Matthew,Perez,matthew.perez.955@protonmail.com,(517) 718-5853,Denver,CO,West,1946,Male,2024-10-23,Small Business,Gold,Occasional,Yes
956,Anthony,Flores,anthony.flores.956@yahoo.com,(745) 562-7500,Cleveland,OH,Midwest,1999,Male,2025-04-08,Consumer,Silver,Occasional,Yes
957,Emma,Jackson,emma.jackson.957@yahoo.com,(226) 706-4677,Detroit,MI,Midwest,1960,Female,2023-03-25,Consumer,Bronze,Regular,No
958,Andrew,Anderson,andrew.anderson.958@icloud.com,(624) 769-4149,Dallas,TX,South,1999,Nonbinary,2023-02-12,Consumer,Bronze,Regular,Yes
959,Brian,Sanchez,brian.sanchez.959@icloud.com,(579) 573-4845,Minneapolis,MN,Midwest,1996,Male,2025-01-15,Small Business,Silver,Frequent,Yes
960,Nicole,Rodriguez,nicole.rodriguez.960@protonmail.com,(925) 687-9771,Dallas,TX,South,2003,Female,2023-07-17,Small Business,Bronze,Frequent,Yes
961,George,Anderson,george.anderson.961@icloud.com,(805) 646-2059,Cleveland,OH,Midwest,1974,Male,2023-04-19,Consumer,Bronze,Regular,No
962,Amanda,Lewis,amanda.lewis.962@gmail.com,(936) 482-5128,Chicago,IL,Midwest,1949,Female,2023-10-30,Small Business,Bronze,Regular,No
963,Edward,Hill,edward.hill.963@yahoo.com,(538) 438-9322,Nashville,TN,South,1964,Male,2025-07-14,Enterprise,Bronze,Regular,No
964,Amanda,Nguyen,amanda.nguyen.964@gmail.com,(828) 265-9679,Atlanta,GA,South,1982,Female,2025-01-03,Enterprise,Bronze,Occasional,Yes
965,Susan,Thomas,susan.thomas.965@gmail.com,(296) 613-7347,San Francisco,CA,West,1991,Female,2025-10-10,Small Business,Bronze,Occasional,Yes
966,Emily,Rodriguez,emily.rodriguez.966@gmail.com,(388) 466-7576,San Francisco,CA,West,2001,Female,2025-05-31,Consumer,Bronze,Occasional,Yes
967,Lauren,Garcia,lauren.garcia.967@gmail.com,(899) 582-2564,Charlotte,NC,South,1948,Female,2026-05-26,Consumer,Bronze,VIP,Yes
968,Joshua,Smith,joshua.smith.968@gmail.com,(376) 393-9162,Hartford,CT,Northeast,1981,Male,2026-03-09,Consumer,Silver,Regular,Yes
969,Nancy,Miller,nancy.miller.969@outlook.com,(719) 352-8292,San Francisco,CA,West,1990,Female,2025-06-21,Consumer,Bronze,Frequent,Yes
970,Amanda,Davis,amanda.davis.970@gmail.com,(709) 397-3543,Portland,OR,West,1982,Female,2024-01-05,Small Business,Bronze,Regular,No
971,Donald,Scott,donald.scott.971@outlook.com,(445) 702-4085,Las Vegas,NV,West,1966,Male,2023-05-15,Enterprise,Silver,Occasional,Yes
972,Patricia,Walker,patricia.walker.972@protonmail.com,(919) 744-9547,San Diego,CA,West,2003,Female,2024-10-18,Small Business,Bronze,Regular,Yes
973,Richard,Jackson,richard.jackson.973@icloud.com,(284) 702-1390,Richmond,VA,South,1972,Male,2026-07-06,Small Business,Bronze,Regular,Yes
974,Emily,Flores,emily.flores.974@outlook.com,(291) 514-9893,Richmond,VA,South,1978,Female,2023-04-23,Enterprise,Silver,Frequent,Yes
975,Patricia,Wright,patricia.wright.975@icloud.com,(956) 720-9584,Pittsburgh,PA,Northeast,1948,Female,2026-01-06,Consumer,Bronze,Frequent,Yes
976,Steven,Williams,steven.williams.976@outlook.com,(707) 411-1255,San Diego,CA,West,1990,Male,2024-03-29,Consumer,Bronze,Occasional,Yes
977,Sophia,Davis,sophia.davis.977@outlook.com,(580) 611-1733,Los Angeles,CA,West,1956,Female,2024-11-08,Small Business,Silver,VIP,Yes
978,George,Taylor,george.taylor.978@yahoo.com,(619) 906-1167,Phoenix,AZ,West,1964,Male,2026-07-06,Consumer,Silver,Occasional,Yes
979,Sarah,Gonzalez,sarah.gonzalez.979@icloud.com,(331) 878-4653,Las Vegas,NV,West,1947,Female,2025-03-20,Consumer,Bronze,Regular,Yes
980,Barbara,Young,barbara.young.980@yahoo.com,(783) 467-2777,Providence,RI,Northeast,1963,Female,2025-03-26,Consumer,Silver,Regular,Yes
981,Sophia,Gonzalez,sophia.gonzalez.981@gmail.com,(434) 238-7358,Las Vegas,NV,West,1975,Female,2023-03-15,Consumer,Bronze,Regular,Yes
982,Ryan,Jones,ryan.jones.982@protonmail.com,(985) 393-4447,Miami,FL,South,1994,Male,2026-05-07,Consumer,Bronze,Occasional,Yes
983,Mary,Martinez,mary.martinez.983@icloud.com,(589) 356-5780,Houston,TX,South,2002,Female,2024-02-15,Small Business,Bronze,Regular,Yes
984,Lauren,Gonzalez,lauren.gonzalez.984@protonmail.com,(364) 346-9964,Richmond,VA,South,1983,Female,2024-05-18,Consumer,Bronze,Regular,No
985,Rachel,Jones,rachel.jones.985@gmail.com,(900) 439-1096,Atlanta,GA,South,1968,Female,2024-10-20,Consumer,Bronze,Occasional,Yes
986,Jacob,Harris,jacob.harris.986@gmail.com,(864) 687-7325,San Diego,CA,West,1981,Male,2023-03-14,Small Business,Silver,Regular,Yes
987,Donald,Thomas,donald.thomas.987@outlook.com,(665) 749-6900,Indianapolis,IN,Midwest,1975,Male,2025-07-20,Consumer,Platinum,Frequent,Yes
988,Megan,Lopez,megan.lopez.988@yahoo.com,(347) 243-8535,Phoenix,AZ,West,1992,Female,2025-01-23,Enterprise,Gold,Occasional,Yes
989,Justin,Anderson,justin.anderson.989@icloud.com,(951) 663-8272,San Francisco,CA,West,1971,Male,2025-04-11,Small Business,Bronze,Frequent,No
990,Lisa,Lee,lisa.lee.990@outlook.com,(946) 875-6954,Columbus,OH,Midwest,1990,Female,2024-03-20,Small Business,Bronze,Occasional,No
991,Jason,Clark,jason.clark.991@yahoo.com,(993) 838-7752,Houston,TX,South,1979,Male,2023-08-11,Consumer,Bronze,Regular,Yes
992,Amanda,Hernandez,amanda.hernandez.992@outlook.com,(479) 963-3553,Minneapolis,MN,Midwest,1969,Female,2024-02-27,Consumer,Bronze,Regular,Yes
993,Ryan,Gonzalez,ryan.gonzalez.993@yahoo.com,(825) 981-9693,Providence,RI,Northeast,1993,Male,2023-09-25,Consumer,Gold,Frequent,Yes
994,Steven,Miller,steven.miller.994@yahoo.com,(565) 407-3467,San Diego,CA,West,1966,Male,2023-04-19,Consumer,Gold,Frequent,No
995,Jennifer,White,jennifer.white.995@yahoo.com,(510) 303-3618,Milwaukee,WI,Midwest,1966,Female,2025-08-30,Consumer,Silver,Regular,Yes
996,Margaret,Davis,margaret.davis.996@outlook.com,(316) 879-3402,Orlando,FL,South,1989,Female,2025-08-19,Consumer,Bronze,VIP,Yes
997,Patricia,Rodriguez,patricia.rodriguez.997@yahoo.com,(651) 798-3979,Las Vegas,NV,West,1982,Female,2023-02-10,Consumer,Bronze,Regular,Yes
998,Emily,Torres,emily.torres.998@yahoo.com,(893) 603-3449,Miami,FL,South,1956,Female,2023-05-22,Enterprise,Gold,Occasional,Yes
999,Steven,Gonzalez,steven.gonzalez.999@icloud.com,(216) 836-7844,Denver,CO,West,1967,Male,2023-06-20,Consumer,Silver,Regular,No
1000,Sarah,Gonzalez,sarah.gonzalez.1000@yahoo.com,(469) 659-8093,Atlanta,GA,South,1986,Female,2023-04-17,Consumer,Gold,Occasional,Yes
1001,Rebecca,Robinson,rebecca.robinson.1001@gmail.com,(509) 589-4270,Milwaukee,WI,Midwest,1945,Female,2026-07-02,Consumer,Bronze,Regular,Yes
1002,Patricia,Moore,patricia.moore.1002@outlook.com,(554) 936-5285,Milwaukee,WI,Midwest,1971,Female,2025-05-19,Consumer,Bronze,Regular,Yes
1003,Sarah,Garcia,sarah.garcia.1003@outlook.com,(980) 309-4980,San Diego,CA,West,2002,Female,2025-11-08,Small Business,Gold,Occasional,Yes
1004,Elizabeth,Torres,elizabeth.torres.1004@protonmail.com,(272) 359-8549,San Diego,CA,West,1992,Female,2023-01-28,Small Business,Bronze,Frequent,Yes
1005,Rachel,Miller,rachel.miller.1005@gmail.com,(203) 643-4818,Chicago,IL,Midwest,1956,Female,2023-06-16,Consumer,Bronze,Occasional,Yes
1006,Anthony,Lee,anthony.lee.1006@icloud.com,(494) 949-2003,Cleveland,OH,Midwest,1983,Male,2025-10-11,Consumer,Bronze,Regular,Yes
1007,John,Lopez,john.lopez.1007@gmail.com,(392) 391-6265,Portland,OR,West,1989,Male,2024-01-23,Consumer,Bronze,Occasional,Yes
1008,Betty,Nguyen,betty.nguyen.1008@outlook.com,(743) 207-5123,Orlando,FL,South,1961,Female,2025-05-23,Consumer,Bronze,Frequent,Yes
1009,Patricia,Jones,patricia.jones.1009@icloud.com,(212) 962-2445,Atlanta,GA,South,1988,Female,2023-06-13,Consumer,Silver,Frequent,Yes
1010,Nathan,White,nathan.white.1010@icloud.com,(579) 711-5919,Detroit,MI,Midwest,1973,Male,2024-10-15,Consumer,Silver,Regular,Yes
1011,Megan,Gonzalez,megan.gonzalez.1011@icloud.com,(674) 675-8408,Nashville,TN,South,2001,Female,2025-08-10,Consumer,Bronze,Regular,Yes
1012,Anthony,Clark,anthony.clark.1012@gmail.com,(644) 877-3830,San Francisco,CA,West,1954,Male,2026-07-18,Small Business,Bronze,Regular,Yes
1013,Richard,Miller,richard.miller.1013@yahoo.com,(762) 484-4731,Newark,NJ,Northeast,1976,Male,2023-02-14,Consumer,Bronze,Regular,Yes
1014,Andrew,Ramirez,andrew.ramirez.1014@yahoo.com,(922) 688-5740,Nashville,TN,South,1951,Male,2024-12-24,Consumer,Silver,Occasional,Yes
1015,Andrew,Wilson,andrew.wilson.1015@protonmail.com,(639) 826-2996,Atlanta,GA,South,1985,Male,2024-11-24,Enterprise,Silver,Occasional,Yes
1016,Daniel,White,daniel.white.1016@icloud.com,(452) 414-6344,San Francisco,CA,West,1946,Male,2023-05-10,Consumer,Platinum,Regular,Yes
1017,Brandon,Lee,brandon.lee.1017@outlook.com,(330) 529-4750,St. Louis,MO,Midwest,1995,Male,2026-03-28,Small Business,Bronze,Occasional,Yes
1018,Jacob,Thomas,jacob.thomas.1018@protonmail.com,(529) 283-9670,Richmond,VA,South,1969,Male,2023-07-15,Small Business,Bronze,Frequent,Yes
1019,Brandon,Moore,brandon.moore.1019@gmail.com,(685) 452-4659,Hartford,CT,Northeast,1990,Male,2024-07-19,Small Business,Silver,Occasional,Yes
1020,Olivia,Flores,olivia.flores.1020@protonmail.com,(404) 861-4083,Nashville,TN,South,1965,Female,2025-09-19,Small Business,Gold,Regular,No
1021,Michael,Jackson,michael.jackson.1021@gmail.com,(505) 467-4346,Cleveland,OH,Midwest,1995,Male,2024-05-23,Consumer,Bronze,Regular,Yes
1022,Lauren,Clark,lauren.clark.1022@outlook.com,(808) 654-6146,Newark,NJ,Northeast,1985,Female,2025-07-03,Small Business,Platinum,Regular,Yes
1023,Sarah,Gonzalez,sarah.gonzalez.1023@yahoo.com,(765) 688-7042,St. Louis,MO,Midwest,1946,Female,2024-10-23,Consumer,Bronze,Occasional,Yes
1024,Anthony,Scott,anthony.scott.1024@gmail.com,(859) 489-6308,Hartford,CT,Northeast,1984,Male,2024-10-30,Consumer,Bronze,Frequent,Yes
1025,Brandon,Allen,brandon.allen.1025@outlook.com,(930) 440-2505,Philadelphia,PA,Northeast,1954,Male,2023-10-14,Consumer,Gold,Occasional,Yes
1026,Steven,Garcia,steven.garcia.1026@icloud.com,(911) 358-9980,Charlotte,NC,South,1971,Nonbinary,2025-12-10,Consumer,Bronze,Regular,Yes
1027,Donald,Hernandez,donald.hernandez.1027@outlook.com,(690) 243-1691,Pittsburgh,PA,Northeast,1946,Male,2026-02-16,Consumer,Bronze,Occasional,Yes
1028,Elizabeth,Rodriguez,elizabeth.rodriguez.1028@yahoo.com,(704) 224-7798,Miami,FL,South,1946,Female,2025-03-21,Consumer,Silver,Regular,Yes
1029,Melissa,Williams,melissa.williams.1029@outlook.com,(606) 417-3494,Richmond,VA,South,2001,Female,2026-04-06,Consumer,Silver,Regular,Yes
1030,Paul,Flores,paul.flores.1030@yahoo.com,(400) 534-5265,Miami,FL,South,1993,Male,2024-02-17,Consumer,Bronze,Regular,Yes
1031,Donald,Johnson,donald.johnson.1031@outlook.com,(404) 977-5892,Orlando,FL,South,1996,Male,2025-03-04,Consumer,Bronze,Occasional,Yes
1032,Brandon,Nguyen,brandon.nguyen.1032@yahoo.com,(422) 723-1390,Denver,CO,West,1981,Male,2024-04-15,Consumer,Silver,Frequent,Yes
1033,Barbara,Perez,barbara.perez.1033@icloud.com,(691) 774-5675,Orlando,FL,South,1983,Female,2025-03-11,Consumer,Bronze,Frequent,Yes
1034,Joseph,Jones,joseph.jones.1034@gmail.com,(510) 655-7249,Chicago,IL,Midwest,2005,Male,2023-01-23,Small Business,Silver,Occasional,Yes
1035,Michael,Brown,michael.brown.1035@gmail.com,(504) 988-1573,Dallas,TX,South,1949,Male,2025-02-02,Enterprise,Silver,Occasional,No
1036,Sarah,Robinson,sarah.robinson.1036@icloud.com,(378) 214-2844,Seattle,WA,West,2001,Female,2023-03-04,Consumer,Silver,Frequent,Yes
1037,Emma,Nguyen,emma.nguyen.1037@outlook.com,(420) 266-7513,Indianapolis,IN,Midwest,1949,Female,2025-09-09,Consumer,Silver,Regular,Yes
1038,Emily,Ramirez,emily.ramirez.1038@yahoo.com,(926) 488-8850,Phoenix,AZ,West,1987,Female,2023-04-01,Consumer,Bronze,Occasional,Yes
1039,Rachel,Moore,rachel.moore.1039@protonmail.com,(645) 772-9004,Seattle,WA,West,1986,Female,2023-01-04,Consumer,Bronze,Occasional,Yes
1040,Paul,Brown,paul.brown.1040@yahoo.com,(943) 764-9859,Charlotte,NC,South,1979,Male,2025-08-25,Consumer,Bronze,Occasional,Yes
1041,Matthew,Clark,matthew.clark.1041@icloud.com,(891) 755-7681,Hartford,CT,Northeast,1954,Male,2024-08-21,Consumer,Platinum,Frequent,Yes
1042,Stephanie,Taylor,stephanie.taylor.1042@outlook.com,(243) 551-9296,Denver,CO,West,1993,Female,2025-07-12,Small Business,Silver,Regular,No
1043,Christopher,Hill,christopher.hill.1043@gmail.com,(629) 314-9214,Nashville,TN,South,1997,Nonbinary,2024-02-26,Small Business,Bronze,Regular,Yes
1044,Brian,Smith,brian.smith.1044@yahoo.com,(761) 604-9570,Nashville,TN,South,1976,Male,2024-11-16,Small Business,Silver,Occasional,Yes
1045,Melissa,Thompson,melissa.thompson.1045@outlook.com,(933) 200-9265,Detroit,MI,Midwest,1998,Female,2023-11-15,Consumer,Silver,Regular,Yes
1046,Nathan,Jones,nathan.jones.1046@outlook.com,(224) 216-1509,Indianapolis,IN,Midwest,1979,Male,2024-03-04,Consumer,Bronze,Regular,Yes
1047,Olivia,Jones,olivia.jones.1047@protonmail.com,(507) 551-7352,Newark,NJ,Northeast,1987,Female,2025-01-02,Enterprise,Bronze,Regular,Yes
1048,Stephanie,Nguyen,stephanie.nguyen.1048@yahoo.com,(917) 684-7287,Los Angeles,CA,West,1965,Female,2025-10-20,Consumer,Platinum,Regular,Yes
1049,Mark,Nguyen,mark.nguyen.1049@icloud.com,(977) 288-8780,Milwaukee,WI,Midwest,1969,Male,2023-02-25,Enterprise,Silver,Occasional,Yes
1050,Jessica,Miller,jessica.miller.1050@icloud.com,(421) 828-7727,Miami,FL,South,1965,Female,2023-03-12,Consumer,Platinum,Occasional,Yes
1051,Brian,Johnson,brian.johnson.1051@protonmail.com,(869) 941-1798,Las Vegas,NV,West,1989,Male,2024-07-16,Consumer,Bronze,Regular,Yes
1052,Ashley,Young,ashley.young.1052@gmail.com,(903) 358-2258,Newark,NJ,Northeast,1983,Female,2024-08-17,Consumer,Bronze,Occasional,Yes
1053,Mary,Harris,mary.harris.1053@protonmail.com,(705) 434-8285,San Francisco,CA,West,1959,Female,2024-01-10,Small Business,Bronze,Occasional,Yes
1054,Michael,Miller,michael.miller.1054@yahoo.com,(915) 640-1336,Philadelphia,PA,Northeast,1946,Male,2026-02-26,Small Business,Gold,Regular,Yes
1055,Matthew,Wright,matthew.wright.1055@yahoo.com,(880) 566-8776,Newark,NJ,Northeast,1949,Male,2025-05-14,Consumer,Bronze,Occasional,Yes
1056,Nathan,Rodriguez,nathan.rodriguez.1056@protonmail.com,(582) 770-5309,Philadelphia,PA,Northeast,1973,Male,2024-02-07,Consumer,Bronze,Regular,Yes
1057,Betty,Lopez,betty.lopez.1057@icloud.com,(211) 580-1982,Detroit,MI,Midwest,1964,Nonbinary,2023-10-29,Consumer,Bronze,Occasional,Yes
1058,Ashley,Moore,ashley.moore.1058@icloud.com,(418) 393-8778,Chicago,IL,Midwest,2003,Female,2024-10-16,Consumer,Silver,Occasional,Yes
1059,Barbara,Harris,barbara.harris.1059@gmail.com,(689) 725-2189,Detroit,MI,Midwest,1954,Female,2025-11-10,Consumer,Bronze,Frequent,Yes
1060,Rebecca,Clark,rebecca.clark.1060@gmail.com,(528) 999-7465,Denver,CO,West,1948,Female,2025-04-12,Small Business,Silver,Frequent,Yes
1061,Nathan,White,nathan.white.1061@icloud.com,(861) 973-3576,Dallas,TX,South,2005,Male,2026-06-13,Small Business,Bronze,Frequent,Yes
1062,Andrew,Jones,andrew.jones.1062@yahoo.com,(484) 602-5601,Atlanta,GA,South,1994,Male,2023-10-26,Consumer,Bronze,Regular,Yes
1063,Nathan,Perez,nathan.perez.1063@protonmail.com,(911) 773-3248,Miami,FL,South,1977,Male,2025-08-20,Small Business,Gold,Regular,Yes
1064,Emily,Perez,emily.perez.1064@protonmail.com,(433) 520-6311,Charlotte,NC,South,2000,Female,2024-07-09,Consumer,Bronze,Occasional,No
1065,Matthew,Martin,matthew.martin.1065@outlook.com,(986) 827-3281,Miami,FL,South,1983,Male,2024-06-24,Consumer,Bronze,Regular,Yes
1066,Richard,White,richard.white.1066@yahoo.com,(853) 452-4370,Milwaukee,WI,Midwest,1956,Male,2025-12-01,Consumer,Bronze,Occasional,Yes
1067,Daniel,Lopez,daniel.lopez.1067@protonmail.com,(549) 349-5173,Las Vegas,NV,West,2004,Male,2024-07-08,Consumer,Bronze,Regular,Yes
1068,Betty,Scott,betty.scott.1068@protonmail.com,(797) 483-9374,Los Angeles,CA,West,2004,Female,2024-06-05,Consumer,Silver,Regular,Yes
1069,Patricia,Ramirez,patricia.ramirez.1069@outlook.com,(325) 570-1892,St. Louis,MO,Midwest,1965,Female,2025-03-03,Consumer,Bronze,Occasional,Yes
1070,Linda,Scott,linda.scott.1070@protonmail.com,(261) 210-2825,Nashville,TN,South,1958,Female,2025-05-16,Small Business,Gold,Occasional,Yes
1071,Thomas,Jackson,thomas.jackson.1071@outlook.com,(355) 223-6189,Dallas,TX,South,2004,Male,2024-06-30,Consumer,Silver,Regular,Yes
1072,Olivia,Harris,olivia.harris.1072@gmail.com,(297) 452-7658,Atlanta,GA,South,1962,Female,2026-06-11,Enterprise,Bronze,Frequent,Yes
1073,Barbara,Lopez,barbara.lopez.1073@protonmail.com,(595) 656-4496,Portland,OR,West,1972,Female,2024-09-23,Consumer,Bronze,Regular,Yes
1074,Mark,Lewis,mark.lewis.1074@outlook.com,(889) 703-8154,Orlando,FL,South,1979,Male,2023-02-17,Small Business,Silver,Frequent,Yes
1075,Daniel,Johnson,daniel.johnson.1075@protonmail.com,(915) 899-7187,Orlando,FL,South,1954,Male,2025-02-02,Small Business,Silver,Regular,Yes
1076,Susan,Lee,susan.lee.1076@icloud.com,(224) 902-4998,Houston,TX,South,1969,Female,2024-04-17,Consumer,Bronze,Regular,Yes
1077,Nicole,Johnson,nicole.johnson.1077@icloud.com,(291) 647-5176,Miami,FL,South,1991,Female,2025-06-12,Consumer,Bronze,Regular,Yes
1078,Abigail,Taylor,abigail.taylor.1078@outlook.com,(237) 590-6973,Nashville,TN,South,1983,Female,2025-11-25,Consumer,Bronze,Regular,Yes
1079,Nicole,Hernandez,nicole.hernandez.1079@outlook.com,(646) 485-4047,Boston,MA,Northeast,1973,Female,2024-06-06,Consumer,Bronze,Occasional,Yes
1080,Ashley,Jones,ashley.jones.1080@icloud.com,(371) 441-1281,Charlotte,NC,South,1963,Female,2023-12-27,Consumer,Bronze,Regular,Yes
1081,Nicole,Jones,nicole.jones.1081@protonmail.com,(979) 577-3931,New York,NY,Northeast,1952,Female,2025-12-29,Consumer,Silver,Frequent,Yes
1082,Joseph,Smith,joseph.smith.1082@gmail.com,(603) 338-3736,Nashville,TN,South,1977,Male,2023-02-12,Small Business,Bronze,Regular,Yes
1083,Elizabeth,Thomas,elizabeth.thomas.1083@gmail.com,(930) 454-3655,Denver,CO,West,1974,Female,2024-05-18,Consumer,Bronze,Occasional,Yes
1084,John,Harris,john.harris.1084@icloud.com,(737) 677-9514,Pittsburgh,PA,Northeast,1980,Male,2025-03-19,Consumer,Silver,Regular,Yes
1085,Edward,Sanchez,edward.sanchez.1085@gmail.com,(814) 576-5889,Minneapolis,MN,Midwest,1996,Male,2023-09-16,Consumer,Gold,Occasional,Yes
1086,Anthony,Harris,anthony.harris.1086@outlook.com,(660) 804-3291,Atlanta,GA,South,1958,Male,2023-02-02,Consumer,Bronze,Regular,Yes
1087,Jessica,Martinez,jessica.martinez.1087@yahoo.com,(409) 674-3136,Buffalo,NY,Northeast,1974,Female,2025-03-28,Small Business,Bronze,Regular,Yes
1088,Elizabeth,Miller,elizabeth.miller.1088@yahoo.com,(724) 764-8816,Atlanta,GA,South,1949,Female,2025-06-06,Consumer,Gold,Regular,Yes
1089,Rebecca,Walker,rebecca.walker.1089@outlook.com,(962) 928-5417,Providence,RI,Northeast,1945,Nonbinary,2023-12-06,Consumer,Gold,VIP,Yes
1090,Charles,King,charles.king.1090@yahoo.com,(576) 252-9470,Richmond,VA,South,1967,Male,2025-07-31,Consumer,Silver,Regular,Yes
1091,Jason,Young,jason.young.1091@outlook.com,(586) 538-8206,Atlanta,GA,South,1977,Male,2026-03-05,Consumer,Bronze,Occasional,Yes
1092,David,Martinez,david.martinez.1092@yahoo.com,(212) 336-4186,Seattle,WA,West,1959,Male,2025-03-18,Consumer,Bronze,Occasional,Yes
1093,Christina,Martinez,christina.martinez.1093@yahoo.com,(944) 694-2082,Houston,TX,South,1955,Female,2023-05-16,Enterprise,Bronze,Frequent,Yes
1094,William,Young,william.young.1094@yahoo.com,(790) 771-9977,Newark,NJ,Northeast,1999,Male,2025-02-01,Small Business,Bronze,Regular,Yes
1095,Daniel,Lee,daniel.lee.1095@icloud.com,(694) 478-6376,Houston,TX,South,1959,Male,2024-05-17,Small Business,Silver,Frequent,No
1096,Megan,Sanchez,megan.sanchez.1096@outlook.com,(454) 675-3510,Pittsburgh,PA,Northeast,1980,Female,2023-10-31,Small Business,Bronze,Occasional,No
1097,Joshua,White,joshua.white.1097@icloud.com,(878) 267-6143,Orlando,FL,South,1960,Male,2023-06-16,Consumer,Bronze,Occasional,No
1098,Betty,Ramirez,betty.ramirez.1098@icloud.com,(703) 605-4506,Newark,NJ,Northeast,1952,Female,2025-01-28,Enterprise,Bronze,Occasional,Yes
1099,Christopher,Thomas,christopher.thomas.1099@gmail.com,(284) 284-1139,Columbus,OH,Midwest,1969,Male,2026-04-30,Consumer,Bronze,Frequent,Yes
1100,Sophia,Garcia,sophia.garcia.1100@yahoo.com,(895) 902-6853,San Francisco,CA,West,1947,Female,2023-12-30,Enterprise,Bronze,Occasional,Yes
1101,Barbara,Martin,barbara.martin.1101@outlook.com,(374) 600-9034,Atlanta,GA,South,1984,Female,2023-03-22,Enterprise,Bronze,Occasional,Yes
1102,George,King,george.king.1102@protonmail.com,(298) 708-4666,Pittsburgh,PA,Northeast,1955,Male,2024-06-16,Consumer,Bronze,Regular,Yes
1103,Emma,Perez,emma.perez.1103@icloud.com,(628) 440-6067,St. Louis,MO,Midwest,1964,Female,2025-11-08,Small Business,Bronze,Occasional,Yes
1104,Sandra,Martinez,sandra.martinez.1104@icloud.com,(329) 352-2203,Chicago,IL,Midwest,1954,Female,2023-08-30,Consumer,Bronze,Occasional,Yes
1105,Lisa,Nguyen,lisa.nguyen.1105@outlook.com,(684) 871-1554,Richmond,VA,South,1991,Female,2026-02-04,Consumer,Bronze,Regular,Yes
1106,Nancy,Jones,nancy.jones.1106@yahoo.com,(660) 336-6356,Pittsburgh,PA,Northeast,1987,Female,2025-08-07,Consumer,Silver,VIP,Yes
1107,Steven,Lee,steven.lee.1107@yahoo.com,(351) 243-3299,San Francisco,CA,West,1971,Male,2024-05-28,Consumer,Silver,Occasional,Yes
1108,Thomas,Gonzalez,thomas.gonzalez.1108@protonmail.com,(581) 545-1044,Minneapolis,MN,Midwest,1990,Male,2025-01-08,Consumer,Bronze,Occasional,Yes
1109,Joshua,Gonzalez,joshua.gonzalez.1109@protonmail.com,(804) 827-4222,Miami,FL,South,1962,Male,2025-10-31,Consumer,Gold,Regular,Yes
1110,Ryan,Williams,ryan.williams.1110@icloud.com,(803) 842-2028,Houston,TX,South,1963,Male,2023-04-02,Consumer,Silver,Occasional,Yes
1111,Nathan,Robinson,nathan.robinson.1111@gmail.com,(434) 884-5163,Seattle,WA,West,1973,Male,2024-04-01,Small Business,Silver,Occasional,Yes
1112,Jessica,Williams,jessica.williams.1112@yahoo.com,(748) 759-7828,Richmond,VA,South,1949,Female,2023-04-08,Consumer,Bronze,Frequent,Yes
1113,Paul,Martin,paul.martin.1113@gmail.com,(440) 598-6383,Los Angeles,CA,West,1987,Male,2025-12-29,Consumer,Bronze,Regular,Yes
1114,James,Ramirez,james.ramirez.1114@yahoo.com,(373) 873-5789,Buffalo,NY,Northeast,2004,Male,2023-09-23,Enterprise,Bronze,Regular,Yes
1115,Sophia,Ramirez,sophia.ramirez.1115@protonmail.com,(854) 270-2248,Nashville,TN,South,1964,Female,2024-08-14,Consumer,Silver,VIP,No
1116,Justin,Smith,justin.smith.1116@icloud.com,(545) 324-9199,San Diego,CA,West,1956,Male,2024-07-07,Small Business,Silver,Occasional,Yes
1117,Donald,Allen,donald.allen.1117@outlook.com,(758) 456-1298,Pittsburgh,PA,Northeast,1967,Male,2023-07-08,Small Business,Bronze,Occasional,No
1118,Ryan,Garcia,ryan.garcia.1118@yahoo.com,(230) 548-7377,San Francisco,CA,West,1957,Male,2025-12-31,Consumer,Bronze,Regular,Yes
1119,Christina,Allen,christina.allen.1119@gmail.com,(962) 432-9099,Phoenix,AZ,West,1975,Female,2026-07-29,Consumer,Bronze,Frequent,Yes
1120,Lisa,White,lisa.white.1120@yahoo.com,(864) 546-7808,Atlanta,GA,South,1967,Female,2026-03-15,Consumer,Bronze,Occasional,Yes
1121,Lisa,Robinson,lisa.robinson.1121@icloud.com,(766) 764-6582,New York,NY,Northeast,1982,Female,2023-08-27,Consumer,Bronze,Occasional,Yes
1122,Ryan,Lee,ryan.lee.1122@outlook.com,(912) 464-7219,Orlando,FL,South,2005,Male,2023-04-23,Consumer,Gold,Occasional,No
1123,Emma,Clark,emma.clark.1123@yahoo.com,(535) 389-2524,Denver,CO,West,1971,Female,2024-09-06,Consumer,Bronze,Occasional,Yes
1124,George,Hill,george.hill.1124@outlook.com,(790) 417-2291,Denver,CO,West,1965,Male,2024-11-14,Consumer,Platinum,Frequent,Yes
1125,Olivia,Scott,olivia.scott.1125@yahoo.com,(765) 873-5874,Detroit,MI,Midwest,2000,Female,2026-03-28,Small Business,Bronze,Regular,Yes
1126,Abigail,Williams,abigail.williams.1126@protonmail.com,(204) 309-8814,Orlando,FL,South,1953,Female,2023-04-17,Consumer,Bronze,Occasional,Yes
1127,Anthony,Wright,anthony.wright.1127@outlook.com,(864) 782-2701,Philadelphia,PA,Northeast,1950,Male,2024-05-22,Consumer,Bronze,Occasional,Yes
1128,Susan,Rodriguez,susan.rodriguez.1128@outlook.com,(704) 760-4897,Buffalo,NY,Northeast,2001,Female,2025-12-07,Enterprise,Bronze,Occasional,Yes
1129,Rachel,Harris,rachel.harris.1129@yahoo.com,(475) 455-3042,Houston,TX,South,1971,Female,2026-04-24,Consumer,Bronze,Frequent,Yes
1130,Stephanie,Young,stephanie.young.1130@outlook.com,(856) 794-2965,New York,NY,Northeast,1989,Female,2024-06-02,Consumer,Bronze,Occasional,No
1131,Nicole,Williams,nicole.williams.1131@yahoo.com,(315) 788-1046,Dallas,TX,South,1953,Female,2025-03-19,Small Business,Silver,VIP,Yes
1132,Jacob,Smith,jacob.smith.1132@icloud.com,(587) 875-9501,Miami,FL,South,2000,Male,2023-09-10,Consumer,Bronze,Regular,Yes
1133,Susan,Martinez,susan.martinez.1133@yahoo.com,(647) 250-5130,Miami,FL,South,1976,Female,2024-05-12,Consumer,Silver,Regular,Yes
1134,Patricia,Brown,patricia.brown.1134@outlook.com,(636) 987-1225,Indianapolis,IN,Midwest,1954,Female,2024-08-11,Consumer,Bronze,Occasional,Yes
1135,John,Nguyen,john.nguyen.1135@icloud.com,(476) 364-8870,Houston,TX,South,1998,Male,2024-07-18,Consumer,Bronze,Regular,Yes
1136,James,Thomas,james.thomas.1136@gmail.com,(474) 938-7075,Minneapolis,MN,Midwest,1986,Male,2025-11-09,Consumer,Gold,Frequent,Yes
1137,Thomas,King,thomas.king.1137@yahoo.com,(450) 975-9682,Phoenix,AZ,West,1960,Male,2023-08-08,Consumer,Bronze,Frequent,No
1138,Joshua,Smith,joshua.smith.1138@gmail.com,(692) 398-4069,Boston,MA,Northeast,1971,Male,2026-02-08,Consumer,Silver,Regular,Yes
1139,Rebecca,Ramirez,rebecca.ramirez.1139@gmail.com,(589) 683-4215,Houston,TX,South,1981,Female,2026-05-17,Consumer,Silver,Regular,Yes
1140,Emma,Perez,emma.perez.1140@gmail.com,(305) 778-3244,Dallas,TX,South,1980,Female,2025-06-01,Consumer,Bronze,Occasional,Yes
1141,Richard,Robinson,richard.robinson.1141@outlook.com,(955) 419-4579,Charlotte,NC,South,1973,Male,2026-01-28,Consumer,Platinum,Regular,Yes
1142,Mary,Nguyen,mary.nguyen.1142@outlook.com,(826) 321-2532,Houston,TX,South,1950,Female,2024-03-04,Consumer,Gold,Occasional,Yes
1143,Kevin,Thomas,kevin.thomas.1143@outlook.com,(621) 538-2639,Pittsburgh,PA,Northeast,2004,Male,2023-01-14,Consumer,Silver,Frequent,Yes
1144,Nathan,Torres,nathan.torres.1144@gmail.com,(956) 299-1349,Orlando,FL,South,1980,Male,2025-07-15,Consumer,Gold,Regular,Yes
1145,Olivia,Hernandez,olivia.hernandez.1145@icloud.com,(262) 877-8364,Atlanta,GA,South,1957,Female,2024-03-04,Small Business,Bronze,Occasional,Yes
1146,Linda,Wilson,linda.wilson.1146@icloud.com,(587) 207-3807,Houston,TX,South,1998,Female,2023-05-10,Small Business,Bronze,Frequent,Yes
1147,Steven,Clark,steven.clark.1147@outlook.com,(472) 930-9523,Philadelphia,PA,Northeast,1972,Male,2023-08-11,Consumer,Bronze,Occasional,Yes
1148,Joshua,Nguyen,joshua.nguyen.1148@outlook.com,(659) 635-3820,Denver,CO,West,1979,Male,2026-05-02,Small Business,Bronze,Regular,Yes
1149,Thomas,Lee,thomas.lee.1149@icloud.com,(991) 748-8616,Dallas,TX,South,1957,Male,2023-02-11,Small Business,Silver,Regular,No
1150,Michael,Rodriguez,michael.rodriguez.1150@protonmail.com,(929) 955-3215,Seattle,WA,West,1980,Male,2023-08-20,Small Business,Bronze,Regular,Yes
1151,Sophia,Anderson,sophia.anderson.1151@outlook.com,(751) 765-2369,Seattle,WA,West,1979,Female,2026-05-27,Small Business,Bronze,Frequent,Yes
1152,Thomas,Taylor,thomas.taylor.1152@outlook.com,(425) 915-2464,Nashville,TN,South,1999,Male,2025-10-01,Small Business,Bronze,Frequent,Yes
1153,John,Ramirez,john.ramirez.1153@yahoo.com,(230) 233-1188,Detroit,MI,Midwest,1988,Male,2023-12-04,Small Business,Bronze,Occasional,Yes
1154,Edward,Johnson,edward.johnson.1154@outlook.com,(692) 300-8192,Los Angeles,CA,West,1982,Male,2026-07-28,Consumer,Bronze,Occasional,Yes
1155,Matthew,Brown,matthew.brown.1155@protonmail.com,(861) 496-5786,Los Angeles,CA,West,1969,Male,2024-10-02,Consumer,Platinum,Regular,Yes
1156,Olivia,Martinez,olivia.martinez.1156@yahoo.com,(713) 836-1695,St. Louis,MO,Midwest,1954,Female,2023-06-06,Consumer,Bronze,Occasional,Yes
1157,Ashley,Ramirez,ashley.ramirez.1157@yahoo.com,(851) 549-2453,Atlanta,GA,South,2001,Female,2024-06-19,Consumer,Bronze,Occasional,Yes
1158,Joshua,Martinez,joshua.martinez.1158@yahoo.com,(578) 877-1802,Charlotte,NC,South,1977,Male,2024-07-05,Consumer,Bronze,Occasional,Yes
1159,Ryan,Torres,ryan.torres.1159@outlook.com,(620) 816-8537,Atlanta,GA,South,1948,Male,2025-08-20,Consumer,Bronze,Regular,Yes
1160,James,Flores,james.flores.1160@icloud.com,(458) 741-3035,San Francisco,CA,West,2004,Male,2023-04-07,Consumer,Bronze,Occasional,No
1161,Paul,Smith,paul.smith.1161@outlook.com,(728) 398-7194,Houston,TX,South,2005,Male,2026-01-26,Enterprise,Silver,Regular,Yes
1162,Lauren,Jones,lauren.jones.1162@outlook.com,(734) 785-6038,Dallas,TX,South,1984,Female,2025-03-30,Consumer,Bronze,Regular,Yes
1163,Jessica,Clark,jessica.clark.1163@yahoo.com,(996) 457-2346,Columbus,OH,Midwest,1972,Female,2025-12-18,Consumer,Silver,Occasional,Yes
1164,Betty,Jackson,betty.jackson.1164@gmail.com,(391) 612-4753,Phoenix,AZ,West,1993,Female,2025-02-04,Consumer,Gold,Occasional,Yes
1165,Amanda,Lopez,amanda.lopez.1165@yahoo.com,(725) 789-9689,Atlanta,GA,South,1971,Female,2024-09-22,Consumer,Bronze,Frequent,Yes
1166,Jason,Anderson,jason.anderson.1166@yahoo.com,(539) 942-3199,Milwaukee,WI,Midwest,1956,Male,2025-11-28,Consumer,Silver,Frequent,Yes
1167,Robert,Perez,robert.perez.1167@yahoo.com,(398) 738-5222,Boston,MA,Northeast,2003,Male,2024-02-24,Enterprise,Bronze,Occasional,Yes
1168,Michael,Sanchez,michael.sanchez.1168@gmail.com,(757) 249-4254,Columbus,OH,Midwest,1974,Male,2026-05-13,Small Business,Bronze,Regular,Yes
1169,Rachel,Gonzalez,rachel.gonzalez.1169@gmail.com,(940) 278-2374,Nashville,TN,South,1947,Female,2024-04-07,Consumer,Bronze,Frequent,No
1170,Joshua,Young,joshua.young.1170@protonmail.com,(937) 737-1137,Milwaukee,WI,Midwest,1999,Male,2025-10-22,Enterprise,Bronze,Regular,Yes
1171,Olivia,Johnson,olivia.johnson.1171@protonmail.com,(736) 213-5004,Los Angeles,CA,West,1952,Female,2025-04-29,Consumer,Bronze,Regular,Yes
1172,Lauren,Young,lauren.young.1172@protonmail.com,(896) 418-7418,Houston,TX,South,2003,Female,2025-04-30,Small Business,Bronze,Occasional,Yes
1173,David,Brown,david.brown.1173@gmail.com,(752) 499-4700,New York,NY,Northeast,1994,Male,2026-08-02,Small Business,Gold,Regular,Yes
1174,Daniel,Johnson,daniel.johnson.1174@protonmail.com,(717) 351-2204,Minneapolis,MN,Midwest,2005,Male,2023-11-19,Consumer,Silver,Occasional,Yes
1175,Lisa,Clark,lisa.clark.1175@icloud.com,(965) 243-7010,Pittsburgh,PA,Northeast,1953,Female,2024-08-25,Small Business,Silver,Regular,Yes
1176,Daniel,Thomas,daniel.thomas.1176@gmail.com,(964) 331-7988,Orlando,FL,South,1978,Male,2023-04-05,Consumer,Gold,Regular,Yes
1177,Patricia,Gonzalez,patricia.gonzalez.1177@gmail.com,(981) 227-7328,Los Angeles,CA,West,1970,Female,2025-03-10,Consumer,Bronze,Frequent,Yes
1178,Lisa,Wilson,lisa.wilson.1178@icloud.com,(721) 763-4004,Philadelphia,PA,Northeast,1967,Female,2024-11-28,Small Business,Bronze,Occasional,Yes
1179,Lauren,Young,lauren.young.1179@gmail.com,(318) 447-5980,Nashville,TN,South,1963,Female,2024-06-24,Consumer,Platinum,Regular,No
1180,Ashley,Lewis,ashley.lewis.1180@outlook.com,(617) 247-4472,Denver,CO,West,1992,Female,2026-01-31,Consumer,Bronze,Frequent,Yes
1181,Megan,Davis,megan.davis.1181@yahoo.com,(778) 794-2062,Providence,RI,Northeast,1997,Female,2026-05-25,Consumer,Silver,Occasional,Yes
1182,Barbara,Johnson,barbara.johnson.1182@protonmail.com,(838) 840-7893,St. Louis,MO,Midwest,1970,Female,2023-12-06,Enterprise,Bronze,Frequent,Yes
1183,Anthony,Jackson,anthony.jackson.1183@protonmail.com,(593) 852-5066,Las Vegas,NV,West,1979,Male,2023-10-25,Consumer,Bronze,Frequent,Yes
1184,Christopher,Johnson,christopher.johnson.1184@gmail.com,(389) 999-4654,Portland,OR,West,1956,Male,2024-02-03,Consumer,Silver,Frequent,Yes
1185,Margaret,Sanchez,margaret.sanchez.1185@gmail.com,(668) 982-7843,Chicago,IL,Midwest,1975,Female,2026-02-16,Consumer,Silver,Occasional,No
1186,Sandra,Lopez,sandra.lopez.1186@yahoo.com,(886) 878-6927,Indianapolis,IN,Midwest,1978,Female,2024-04-12,Consumer,Platinum,Regular,Yes
1187,Joshua,Rodriguez,joshua.rodriguez.1187@icloud.com,(879) 320-3334,Chicago,IL,Midwest,2002,Male,2023-01-07,Small Business,Platinum,Occasional,No
1188,Mark,Perez,mark.perez.1188@yahoo.com,(295) 763-7265,Philadelphia,PA,Northeast,1988,Male,2026-01-20,Consumer,Silver,Occasional,Yes
1189,Lauren,Jones,lauren.jones.1189@outlook.com,(984) 394-9659,Seattle,WA,West,1951,Female,2025-05-22,Consumer,Bronze,Regular,Yes
1190,Abigail,Davis,abigail.davis.1190@yahoo.com,(721) 478-1664,Dallas,TX,South,1960,Female,2023-11-02,Small Business,Bronze,Regular,No
1191,William,Walker,william.walker.1191@icloud.com,(264) 256-2913,Chicago,IL,Midwest,1983,Male,2025-06-08,Consumer,Gold,Regular,Yes
1192,Joshua,Gonzalez,joshua.gonzalez.1192@icloud.com,(740) 257-5575,Buffalo,NY,Northeast,1948,Male,2023-02-22,Small Business,Bronze,Frequent,Yes
1193,John,Lee,john.lee.1193@icloud.com,(857) 621-3353,Hartford,CT,Northeast,1957,Male,2025-12-04,Small Business,Gold,Frequent,Yes
1194,Lauren,Moore,lauren.moore.1194@icloud.com,(343) 943-7606,Richmond,VA,South,1955,Female,2025-03-11,Consumer,Bronze,Occasional,Yes
1195,Elizabeth,Hill,elizabeth.hill.1195@icloud.com,(593) 248-3637,Boston,MA,Northeast,1991,Female,2025-10-04,Consumer,Bronze,Regular,Yes
1196,John,Taylor,john.taylor.1196@outlook.com,(521) 566-3805,Pittsburgh,PA,Northeast,1974,Male,2024-02-20,Consumer,Bronze,Occasional,Yes
1197,Anthony,Miller,anthony.miller.1197@protonmail.com,(367) 200-7223,Charlotte,NC,South,1988,Male,2023-12-03,Consumer,Bronze,Occasional,Yes
1198,Joseph,Allen,joseph.allen.1198@outlook.com,(423) 658-2217,Denver,CO,West,1967,Male,2026-03-20,Consumer,Bronze,Regular,Yes
1199,Christopher,Taylor,christopher.taylor.1199@protonmail.com,(244) 296-8064,Columbus,OH,Midwest,2000,Male,2023-10-16,Small Business,Bronze,Regular,Yes
1200,Andrew,Lewis,andrew.lewis.1200@icloud.com,(958) 711-9411,Houston,TX,South,1951,Prefer not to say,2025-12-30,Small Business,Bronze,Frequent,Yes
1201,Mary,Hernandez,mary.hernandez.1201@yahoo.com,(731) 629-3811,St. Louis,MO,Midwest,1951,Female,2024-01-09,Small Business,Bronze,Regular,Yes
1202,Olivia,Young,olivia.young.1202@outlook.com,(317) 727-3903,Las Vegas,NV,West,2000,Female,2024-04-19,Consumer,Bronze,Frequent,Yes
1203,Jacob,Johnson,jacob.johnson.1203@icloud.com,(612) 897-2949,Richmond,VA,South,1979,Prefer not to say,2026-04-20,Enterprise,Bronze,Regular,Yes
1204,Anthony,Young,anthony.young.1204@icloud.com,(753) 347-2382,Orlando,FL,South,1968,Male,2023-02-01,Consumer,Silver,Frequent,Yes
1205,Jessica,Thompson,jessica.thompson.1205@protonmail.com,(658) 307-5340,Nashville,TN,South,1945,Female,2025-01-19,Consumer,Bronze,Frequent,Yes
1206,Jennifer,King,jennifer.king.1206@icloud.com,(973) 808-1646,Columbus,OH,Midwest,1981,Female,2024-11-01,Consumer,Bronze,Regular,Yes
1207,Steven,Moore,steven.moore.1207@gmail.com,(538) 234-4765,Houston,TX,South,1953,Male,2023-11-21,Small Business,Gold,Frequent,Yes
1208,Paul,Hill,paul.hill.1208@yahoo.com,(953) 824-9391,Indianapolis,IN,Midwest,1964,Male,2023-09-24,Consumer,Bronze,Frequent,Yes
1209,Jennifer,Jackson,jennifer.jackson.1209@gmail.com,(565) 383-4854,Richmond,VA,South,1989,Female,2023-03-15,Enterprise,Silver,Regular,No
1210,Betty,Walker,betty.walker.1210@protonmail.com,(265) 936-8559,Nashville,TN,South,1969,Female,2024-07-16,Consumer,Silver,Frequent,Yes
1211,Anthony,Wright,anthony.wright.1211@yahoo.com,(728) 790-4213,Hartford,CT,Northeast,1998,Male,2023-11-12,Consumer,Silver,Frequent,Yes
1212,Ryan,Wright,ryan.wright.1212@gmail.com,(912) 475-1489,Atlanta,GA,South,1995,Male,2026-07-04,Consumer,Bronze,Occasional,Yes
1213,Jason,Harris,jason.harris.1213@yahoo.com,(754) 380-6613,Miami,FL,South,1988,Male,2023-03-04,Consumer,Bronze,Occasional,No
1214,Barbara,King,barbara.king.1214@outlook.com,(849) 336-9727,Orlando,FL,South,1963,Female,2026-06-06,Consumer,Bronze,Occasional,Yes
1215,Ryan,Sanchez,ryan.sanchez.1215@icloud.com,(368) 466-2304,Seattle,WA,West,2004,Male,2026-03-18,Small Business,Bronze,Occasional,Yes
1216,William,Wright,william.wright.1216@outlook.com,(613) 803-4631,Las Vegas,NV,West,1955,Male,2025-03-07,Consumer,Gold,VIP,Yes
1217,Ashley,Hill,ashley.hill.1217@icloud.com,(578) 574-1420,Denver,CO,West,1951,Female,2025-10-30,Consumer,Gold,Regular,No
1218,Sarah,Harris,sarah.harris.1218@yahoo.com,(429) 207-4181,Denver,CO,West,1994,Female,2025-09-25,Consumer,Bronze,Regular,Yes
1219,Brandon,Allen,brandon.allen.1219@gmail.com,(403) 734-6465,San Diego,CA,West,1983,Male,2025-09-12,Small Business,Bronze,Regular,Yes
1220,Patricia,Garcia,patricia.garcia.1220@yahoo.com,(407) 309-4548,Seattle,WA,West,1974,Female,2024-08-24,Consumer,Bronze,Occasional,Yes
1221,Sophia,Wilson,sophia.wilson.1221@icloud.com,(524) 246-1263,Las Vegas,NV,West,1960,Female,2023-07-19,Small Business,Gold,Frequent,No
1222,Emma,Martinez,emma.martinez.1222@outlook.com,(667) 592-9670,Detroit,MI,Midwest,1947,Female,2023-06-28,Consumer,Silver,Frequent,No
1223,Melissa,King,melissa.king.1223@outlook.com,(440) 726-9630,Atlanta,GA,South,1945,Female,2025-09-05,Consumer,Silver,Occasional,Yes
1224,Anthony,Hernandez,anthony.hernandez.1224@yahoo.com,(991) 797-9297,Denver,CO,West,1971,Male,2025-05-26,Consumer,Gold,Occasional,Yes
1225,Kevin,Lewis,kevin.lewis.1225@yahoo.com,(754) 847-6562,Nashville,TN,South,1966,Male,2025-11-10,Consumer,Silver,VIP,Yes
1226,Nancy,Lee,nancy.lee.1226@gmail.com,(909) 638-6444,Portland,OR,West,2003,Female,2026-06-12,Consumer,Bronze,Occasional,Yes
1227,James,Williams,james.williams.1227@outlook.com,(858) 318-6340,Pittsburgh,PA,Northeast,1949,Male,2024-04-20,Consumer,Bronze,VIP,No
1228,Mary,Lee,mary.lee.1228@gmail.com,(490) 510-5659,Atlanta,GA,South,1980,Female,2025-05-21,Consumer,Silver,Regular,Yes
1229,Anthony,Harris,anthony.harris.1229@icloud.com,(936) 499-7771,St. Louis,MO,Midwest,1972,Male,2024-03-30,Consumer,Gold,Regular,Yes
1230,Nancy,Allen,nancy.allen.1230@outlook.com,(924) 756-2734,San Francisco,CA,West,1978,Female,2023-05-23,Small Business,Bronze,Occasional,Yes
1231,Jennifer,Rodriguez,jennifer.rodriguez.1231@gmail.com,(586) 956-1132,Nashville,TN,South,1964,Female,2026-07-07,Small Business,Silver,Regular,Yes
1232,Mark,Taylor,mark.taylor.1232@icloud.com,(613) 731-2426,Dallas,TX,South,1979,Male,2023-02-19,Consumer,Bronze,Occasional,Yes
1233,Barbara,Thompson,barbara.thompson.1233@outlook.com,(588) 358-1535,Miami,FL,South,1985,Female,2026-02-25,Consumer,Platinum,Occasional,Yes
1234,Joshua,Robinson,joshua.robinson.1234@icloud.com,(323) 860-8680,Dallas,TX,South,2000,Male,2026-01-30,Small Business,Bronze,Occasional,Yes
1235,Susan,Gonzalez,susan.gonzalez.1235@yahoo.com,(386) 376-3542,Dallas,TX,South,1998,Female,2024-01-17,Small Business,Silver,Frequent,Yes
1236,George,Wilson,george.wilson.1236@gmail.com,(855) 510-4871,Columbus,OH,Midwest,1987,Male,2024-10-31,Enterprise,Silver,Frequent,Yes
1237,Sophia,Hernandez,sophia.hernandez.1237@outlook.com,(527) 769-6047,Miami,FL,South,1999,Female,2026-03-28,Consumer,Bronze,Frequent,Yes
1238,Megan,Robinson,megan.robinson.1238@protonmail.com,(540) 467-5159,St. Louis,MO,Midwest,1960,Female,2024-08-16,Consumer,Silver,Frequent,Yes
1239,Andrew,Flores,andrew.flores.1239@protonmail.com,(378) 650-2144,Detroit,MI,Midwest,1973,Male,2026-04-07,Consumer,Bronze,Occasional,Yes
1240,Rachel,Hill,rachel.hill.1240@protonmail.com,(731) 448-3140,Richmond,VA,South,1953,Female,2024-10-31,Consumer,Bronze,Regular,Yes
1241,Jason,Miller,jason.miller.1241@gmail.com,(245) 471-9010,Providence,RI,Northeast,1980,Male,2023-04-22,Consumer,Silver,Occasional,Yes
1242,Brandon,Robinson,brandon.robinson.1242@outlook.com,(442) 852-9765,Richmond,VA,South,1987,Male,2025-02-01,Consumer,Bronze,Regular,Yes
1243,Olivia,Williams,olivia.williams.1243@protonmail.com,(787) 528-2793,Houston,TX,South,1986,Female,2025-03-05,Enterprise,Bronze,Occasional,Yes
1244,Emma,Hernandez,emma.hernandez.1244@protonmail.com,(967) 556-1393,San Diego,CA,West,1955,Female,2026-03-28,Consumer,Bronze,Frequent,Yes
1245,Sarah,Allen,sarah.allen.1245@protonmail.com,(711) 295-2886,Dallas,TX,South,1950,Female,2025-08-20,Small Business,Bronze,Occasional,Yes
1246,Elizabeth,Martinez,elizabeth.martinez.1246@outlook.com,(254) 317-2462,Philadelphia,PA,Northeast,1971,Female,2025-07-31,Consumer,Silver,Regular,Yes
1247,Linda,Rodriguez,linda.rodriguez.1247@protonmail.com,(978) 648-5074,Los Angeles,CA,West,1953,Female,2025-07-03,Consumer,Silver,Regular,Yes
1248,Paul,Wilson,paul.wilson.1248@icloud.com,(866) 881-5939,Buffalo,NY,Northeast,1945,Male,2026-01-03,Consumer,Bronze,Regular,Yes
1249,Rebecca,Jackson,rebecca.jackson.1249@yahoo.com,(208) 790-6351,New York,NY,Northeast,1985,Female,2025-03-19,Consumer,Silver,Regular,No
1250,Karen,Harris,karen.harris.1250@gmail.com,(959) 953-1020,Buffalo,NY,Northeast,1991,Female,2024-12-17,Consumer,Bronze,Regular,Yes
1251,Rachel,Torres,rachel.torres.1251@icloud.com,(321) 345-5513,Columbus,OH,Midwest,1994,Female,2023-02-04,Small Business,Bronze,Occasional,Yes
1252,Kevin,Lee,kevin.lee.1252@gmail.com,(960) 997-3558,Orlando,FL,South,1999,Male,2024-03-10,Consumer,Gold,Occasional,Yes
1253,Abigail,Brown,abigail.brown.1253@outlook.com,(813) 834-2007,Miami,FL,South,1976,Prefer not to say,2026-02-15,Consumer,Bronze,Occasional,Yes
1254,John,Ramirez,john.ramirez.1254@gmail.com,(550) 527-5277,Atlanta,GA,South,1978,Male,2024-07-30,Consumer,Bronze,Regular,No
1255,Sophia,Smith,sophia.smith.1255@icloud.com,(708) 777-8396,Houston,TX,South,1984,Female,2023-02-04,Consumer,Bronze,Regular,Yes
1256,Christopher,Flores,christopher.flores.1256@outlook.com,(452) 457-8857,Newark,NJ,Northeast,1968,Male,2024-12-13,Consumer,Silver,Occasional,Yes
1257,Christina,Taylor,christina.taylor.1257@gmail.com,(239) 412-1436,Atlanta,GA,South,1996,Female,2023-08-31,Consumer,Bronze,Frequent,Yes
1258,Mark,Scott,mark.scott.1258@protonmail.com,(243) 757-1215,Richmond,VA,South,1976,Male,2023-07-04,Consumer,Silver,Occasional,Yes
1259,Steven,White,steven.white.1259@icloud.com,(286) 400-9329,Nashville,TN,South,1966,Male,2023-08-10,Consumer,Gold,Regular,Yes
1260,Jessica,Brown,jessica.brown.1260@yahoo.com,(703) 507-4268,Dallas,TX,South,1968,Female,2024-08-12,Consumer,Gold,VIP,Yes
1261,Nicole,Gonzalez,nicole.gonzalez.1261@icloud.com,(920) 639-5157,Hartford,CT,Northeast,1988,Female,2025-12-17,Consumer,Bronze,Regular,Yes
1262,Amanda,Smith,amanda.smith.1262@icloud.com,(603) 647-3439,Dallas,TX,South,2004,Female,2025-06-19,Consumer,Bronze,Occasional,Yes
1263,Joshua,Thomas,joshua.thomas.1263@gmail.com,(518) 538-1408,Las Vegas,NV,West,1970,Male,2024-06-28,Consumer,Bronze,Regular,Yes
1264,Robert,Lewis,robert.lewis.1264@protonmail.com,(441) 756-2113,St. Louis,MO,Midwest,1992,Male,2023-02-10,Consumer,Bronze,Regular,Yes
1265,Edward,Moore,edward.moore.1265@gmail.com,(461) 825-9222,Milwaukee,WI,Midwest,1965,Male,2023-05-15,Consumer,Platinum,Frequent,Yes
1266,Charles,Hill,charles.hill.1266@gmail.com,(403) 674-8192,Phoenix,AZ,West,1985,Male,2025-10-06,Small Business,Bronze,Occasional,Yes
1267,Anthony,Hill,anthony.hill.1267@yahoo.com,(250) 696-8862,Indianapolis,IN,Midwest,1954,Male,2023-07-23,Consumer,Gold,Occasional,Yes
1268,Olivia,Lopez,olivia.lopez.1268@yahoo.com,(796) 782-2866,Phoenix,AZ,West,1987,Female,2025-11-21,Consumer,Silver,Regular,No
1269,Mary,Jones,mary.jones.1269@gmail.com,(727) 671-9856,Indianapolis,IN,Midwest,1946,Female,2023-10-13,Consumer,Bronze,Occasional,Yes
1270,Margaret,Brown,margaret.brown.1270@protonmail.com,(285) 440-7051,Los Angeles,CA,West,1951,Female,2024-06-15,Consumer,Silver,Frequent,Yes
1271,Brian,Allen,brian.allen.1271@protonmail.com,(715) 840-5747,St. Louis,MO,Midwest,1973,Male,2023-06-21,Small Business,Gold,VIP,No
1272,Jacob,Jones,jacob.jones.1272@icloud.com,(564) 734-9407,Phoenix,AZ,West,1955,Male,2023-10-11,Small Business,Bronze,Frequent,Yes
1273,Sandra,Allen,sandra.allen.1273@icloud.com,(685) 527-8754,Atlanta,GA,South,1961,Female,2023-02-22,Consumer,Bronze,Regular,Yes
1274,William,Gonzalez,william.gonzalez.1274@icloud.com,(890) 804-5430,Charlotte,NC,South,2004,Male,2023-06-22,Consumer,Bronze,Occasional,Yes
1275,Mark,Scott,mark.scott.1275@icloud.com,(880) 850-1819,San Francisco,CA,West,2005,Male,2026-03-30,Consumer,Silver,VIP,Yes
1276,Joseph,Davis,joseph.davis.1276@protonmail.com,(857) 454-3900,Charlotte,NC,South,1972,Male,2024-12-27,Small Business,Bronze,Occasional,Yes
1277,Ryan,Scott,ryan.scott.1277@icloud.com,(386) 499-1740,Milwaukee,WI,Midwest,1982,Male,2025-07-31,Small Business,Bronze,Frequent,Yes
1278,Edward,Jackson,edward.jackson.1278@gmail.com,(472) 663-9383,Phoenix,AZ,West,2004,Male,2024-06-26,Consumer,Bronze,Regular,Yes
1279,Mary,Martinez,mary.martinez.1279@icloud.com,(481) 755-9957,Detroit,MI,Midwest,1982,Female,2024-12-29,Consumer,Bronze,Frequent,Yes
1280,Brian,Anderson,brian.anderson.1280@outlook.com,(464) 604-8856,Orlando,FL,South,1947,Male,2026-06-11,Consumer,Bronze,Frequent,Yes
1281,Linda,Lewis,linda.lewis.1281@outlook.com,(315) 800-5067,Detroit,MI,Midwest,1950,Nonbinary,2023-05-10,Consumer,Silver,Occasional,Yes
1282,George,Hernandez,george.hernandez.1282@gmail.com,(549) 391-5073,Seattle,WA,West,1975,Male,2024-03-12,Consumer,Bronze,Regular,Yes
1283,Amanda,Allen,amanda.allen.1283@yahoo.com,(968) 509-9119,Providence,RI,Northeast,1968,Female,2023-12-06,Small Business,Silver,Frequent,Yes
1284,Linda,Ramirez,linda.ramirez.1284@icloud.com,(611) 264-8701,Atlanta,GA,South,1946,Female,2024-07-14,Small Business,Silver,Frequent,Yes
1285,Abigail,Jones,abigail.jones.1285@gmail.com,(759) 754-1046,San Francisco,CA,West,1993,Female,2026-03-19,Consumer,Bronze,Regular,Yes
1286,Amanda,Martinez,amanda.martinez.1286@yahoo.com,(837) 389-7463,New York,NY,Northeast,1995,Female,2023-08-03,Consumer,Bronze,Occasional,Yes
1287,Kevin,Ramirez,kevin.ramirez.1287@protonmail.com,(590) 780-6117,Cleveland,OH,Midwest,1980,Male,2026-06-20,Consumer,Bronze,Regular,Yes
1288,Daniel,Perez,daniel.perez.1288@protonmail.com,(895) 384-1959,Milwaukee,WI,Midwest,1984,Male,2023-09-12,Small Business,Bronze,Occasional,No
1289,Matthew,Thomas,matthew.thomas.1289@icloud.com,(899) 945-2013,Minneapolis,MN,Midwest,1949,Male,2023-08-21,Small Business,Bronze,Regular,Yes
1290,Jason,Scott,jason.scott.1290@yahoo.com,(535) 581-1914,Seattle,WA,West,1951,Male,2023-09-15,Consumer,Bronze,Regular,Yes
1291,Mary,Hill,mary.hill.1291@yahoo.com,(585) 584-5488,Indianapolis,IN,Midwest,1961,Female,2026-04-03,Small Business,Bronze,Occasional,Yes
1292,Kevin,Flores,kevin.flores.1292@yahoo.com,(522) 633-6966,Richmond,VA,South,1961,Male,2025-06-11,Consumer,Bronze,Occasional,Yes
1293,Amanda,Johnson,amanda.johnson.1293@protonmail.com,(229) 635-3143,Indianapolis,IN,Midwest,1995,Female,2024-01-29,Small Business,Gold,Regular,Yes
1294,Thomas,Sanchez,thomas.sanchez.1294@gmail.com,(311) 606-6472,San Francisco,CA,West,1966,Male,2025-05-07,Small Business,Bronze,Regular,Yes
1295,Abigail,Brown,abigail.brown.1295@icloud.com,(638) 689-8765,Hartford,CT,Northeast,1954,Female,2023-12-25,Consumer,Bronze,Occasional,Yes
1296,Lisa,Flores,lisa.flores.1296@protonmail.com,(457) 746-9471,Boston,MA,Northeast,1950,Female,2023-07-24,Consumer,Bronze,Regular,Yes
1297,James,Wright,james.wright.1297@protonmail.com,(330) 400-2296,Newark,NJ,Northeast,1990,Prefer not to say,2025-09-12,Consumer,Platinum,Regular,Yes
1298,Matthew,Lewis,matthew.lewis.1298@yahoo.com,(368) 853-7963,Los Angeles,CA,West,1990,Male,2023-10-04,Small Business,Bronze,Regular,Yes
1299,Nathan,Hernandez,nathan.hernandez.1299@yahoo.com,(913) 802-7322,Pittsburgh,PA,Northeast,1966,Male,2025-09-07,Consumer,Silver,Occasional,Yes
1300,Donald,Scott,donald.scott.1300@gmail.com,(887) 770-4810,Nashville,TN,South,1956,Male,2025-11-18,Consumer,Bronze,Occasional,Yes
1301,Matthew,Moore,matthew.moore.1301@outlook.com,(401) 278-2825,Hartford,CT,Northeast,1986,Male,2024-08-07,Consumer,Silver,Regular,Yes
1302,Abigail,Lewis,abigail.lewis.1302@icloud.com,(982) 411-4979,Richmond,VA,South,1973,Female,2023-06-23,Consumer,Silver,Regular,Yes
1303,Steven,Hernandez,steven.hernandez.1303@gmail.com,(686) 562-1206,Atlanta,GA,South,1969,Male,2026-01-08,Consumer,Silver,Regular,Yes
1304,Emma,Jones,emma.jones.1304@outlook.com,(233) 595-4760,Minneapolis,MN,Midwest,1966,Female,2024-06-06,Enterprise,Silver,Regular,Yes
1305,Jacob,Martinez,jacob.martinez.1305@gmail.com,(727) 270-7493,Dallas,TX,South,1945,Male,2024-09-17,Consumer,Bronze,Occasional,Yes
1306,Joshua,Jones,joshua.jones.1306@yahoo.com,(467) 468-8004,Denver,CO,West,2003,Male,2024-06-04,Enterprise,Bronze,Regular,Yes
1307,Jacob,Wright,jacob.wright.1307@gmail.com,(215) 857-6251,San Diego,CA,West,1990,Male,2025-07-11,Consumer,Silver,Frequent,Yes
1308,David,Wright,david.wright.1308@protonmail.com,(740) 726-3539,Houston,TX,South,1981,Male,2026-06-28,Small Business,Silver,Regular,Yes
1309,George,Brown,george.brown.1309@icloud.com,(897) 340-5158,Miami,FL,South,1951,Male,2025-09-08,Consumer,Silver,Occasional,Yes
1310,Jennifer,Hill,jennifer.hill.1310@protonmail.com,(864) 431-8365,Orlando,FL,South,2002,Female,2023-09-28,Consumer,Bronze,Occasional,Yes
1311,Melissa,Miller,melissa.miller.1311@outlook.com,(780) 415-3824,New York,NY,Northeast,1946,Female,2025-10-20,Enterprise,Silver,Regular,Yes
1312,Robert,Torres,robert.torres.1312@outlook.com,(202) 216-2032,Cleveland,OH,Midwest,1945,Male,2023-08-28,Consumer,Bronze,Occasional,Yes
1313,Margaret,Harris,margaret.harris.1313@icloud.com,(932) 595-2993,Boston,MA,Northeast,2003,Female,2026-02-17,Consumer,Silver,Frequent,Yes
1314,Karen,Gonzalez,karen.gonzalez.1314@yahoo.com,(865) 449-2393,Charlotte,NC,South,2002,Female,2024-04-26,Consumer,Gold,Regular,Yes
1315,Ryan,Walker,ryan.walker.1315@gmail.com,(235) 203-4253,Nashville,TN,South,1965,Male,2026-04-20,Consumer,Bronze,Frequent,Yes
1316,Nathan,Sanchez,nathan.sanchez.1316@icloud.com,(648) 276-6429,Los Angeles,CA,West,2005,Prefer not to say,2024-11-05,Consumer,Silver,Regular,Yes
1317,Mark,Ramirez,mark.ramirez.1317@yahoo.com,(506) 288-2479,Phoenix,AZ,West,2002,Male,2023-01-27,Consumer,Bronze,Regular,Yes
1318,Joseph,Jackson,joseph.jackson.1318@protonmail.com,(475) 990-8691,Newark,NJ,Northeast,1997,Male,2026-06-11,Consumer,Bronze,Frequent,Yes
1319,Matthew,Scott,matthew.scott.1319@protonmail.com,(778) 836-7639,Phoenix,AZ,West,1954,Male,2026-02-08,Consumer,Bronze,Regular,Yes
1320,Ryan,Smith,ryan.smith.1320@protonmail.com,(898) 876-8951,Orlando,FL,South,1981,Male,2026-07-25,Consumer,Bronze,Occasional,Yes
1321,Mary,White,mary.white.1321@icloud.com,(223) 909-4878,Phoenix,AZ,West,1981,Female,2023-06-08,Consumer,Bronze,Regular,Yes
1322,David,Ramirez,david.ramirez.1322@outlook.com,(589) 215-5959,Denver,CO,West,1981,Male,2025-12-05,Consumer,Gold,Regular,No
1323,James,Torres,james.torres.1323@gmail.com,(671) 698-8486,Nashville,TN,South,1966,Male,2025-01-09,Enterprise,Silver,Regular,Yes
1324,Megan,Rodriguez,megan.rodriguez.1324@protonmail.com,(348) 487-2505,Orlando,FL,South,1979,Female,2023-07-17,Consumer,Silver,Regular,Yes
1325,David,Ramirez,david.ramirez.1325@icloud.com,(254) 924-5330,Nashville,TN,South,1977,Male,2024-11-15,Consumer,Gold,Regular,Yes
1326,Abigail,Rodriguez,abigail.rodriguez.1326@protonmail.com,(329) 202-3318,Providence,RI,Northeast,1965,Female,2023-04-03,Consumer,Bronze,Regular,Yes
1327,Andrew,Smith,andrew.smith.1327@yahoo.com,(619) 481-1865,Chicago,IL,Midwest,1970,Male,2026-07-18,Small Business,Bronze,Occasional,Yes
1328,Elizabeth,Moore,elizabeth.moore.1328@yahoo.com,(205) 259-2457,Las Vegas,NV,West,1984,Female,2026-02-20,Enterprise,Bronze,Occasional,Yes
1329,Nathan,King,nathan.king.1329@protonmail.com,(990) 582-1102,Houston,TX,South,1971,Male,2023-10-07,Consumer,Bronze,Occasional,Yes
1330,Nancy,Scott,nancy.scott.1330@icloud.com,(311) 872-2411,Chicago,IL,Midwest,1984,Female,2023-01-03,Consumer,Bronze,Occasional,Yes
1331,Megan,Williams,megan.williams.1331@outlook.com,(404) 244-1537,Cleveland,OH,Midwest,1948,Female,2025-06-21,Enterprise,Gold,Frequent,Yes
1332,Brian,Lee,brian.lee.1332@yahoo.com,(775) 928-6361,Chicago,IL,Midwest,2001,Male,2023-06-27,Enterprise,Bronze,Regular,Yes
1333,Lauren,Martinez,lauren.martinez.1333@yahoo.com,(334) 809-5212,Las Vegas,NV,West,2000,Female,2024-03-12,Consumer,Bronze,Frequent,Yes
1334,Linda,Clark,linda.clark.1334@icloud.com,(407) 518-9821,San Diego,CA,West,2004,Female,2025-11-20,Enterprise,Silver,Occasional,Yes
1335,Paul,Jones,paul.jones.1335@outlook.com,(901) 387-2125,Providence,RI,Northeast,1987,Male,2026-02-23,Consumer,Bronze,Regular,Yes
1336,Sophia,White,sophia.white.1336@yahoo.com,(758) 645-1637,Dallas,TX,South,1978,Female,2025-05-11,Consumer,Gold,Occasional,Yes
1337,Melissa,Scott,melissa.scott.1337@outlook.com,(525) 433-7268,Houston,TX,South,1957,Female,2025-10-27,Small Business,Gold,Regular,Yes
1338,Charles,Martin,charles.martin.1338@yahoo.com,(921) 251-7446,Nashville,TN,South,1973,Male,2023-04-19,Consumer,Bronze,Frequent,Yes
1339,Matthew,Garcia,matthew.garcia.1339@yahoo.com,(984) 532-2755,Orlando,FL,South,1983,Male,2023-01-20,Consumer,Bronze,Occasional,Yes
1340,Christopher,Johnson,christopher.johnson.1340@protonmail.com,(597) 297-1312,Detroit,MI,Midwest,1951,Male,2023-06-20,Small Business,Bronze,Regular,Yes
1341,Edward,Lewis,edward.lewis.1341@protonmail.com,(579) 439-6163,Chicago,IL,Midwest,1946,Male,2026-07-22,Consumer,Bronze,Regular,Yes
1342,Edward,Garcia,edward.garcia.1342@protonmail.com,(565) 260-1173,Chicago,IL,Midwest,1973,Male,2024-01-09,Small Business,Silver,Frequent,Yes
1343,Christina,Brown,christina.brown.1343@protonmail.com,(465) 650-6567,New York,NY,Northeast,2003,Female,2024-01-10,Consumer,Gold,Frequent,Yes
1344,Olivia,Young,olivia.young.1344@yahoo.com,(925) 960-6999,Newark,NJ,Northeast,1983,Female,2025-08-07,Consumer,Silver,Regular,Yes
1345,Steven,Jones,steven.jones.1345@gmail.com,(408) 906-2941,Hartford,CT,Northeast,1964,Male,2024-03-18,Consumer,Silver,Frequent,Yes
1346,Patricia,Wilson,patricia.wilson.1346@outlook.com,(869) 544-3855,Houston,TX,South,1984,Female,2026-07-07,Consumer,Bronze,Frequent,No
1347,Rebecca,Thomas,rebecca.thomas.1347@icloud.com,(783) 791-1213,Denver,CO,West,1947,Female,2023-05-25,Consumer,Bronze,Occasional,Yes
1348,Margaret,Scott,margaret.scott.1348@outlook.com,(690) 712-5375,Hartford,CT,Northeast,1994,Female,2023-04-01,Consumer,Bronze,Regular,Yes
1349,Sophia,Wilson,sophia.wilson.1349@gmail.com,(602) 702-8511,Indianapolis,IN,Midwest,2000,Female,2025-02-06,Consumer,Silver,Occasional,Yes
1350,William,Perez,william.perez.1350@icloud.com,(520) 461-3130,Dallas,TX,South,1949,Male,2023-01-23,Consumer,Bronze,Regular,No
1351,Linda,Robinson,linda.robinson.1351@outlook.com,(426) 515-6423,Nashville,TN,South,1989,Female,2026-03-18,Consumer,Silver,Frequent,Yes
1352,Megan,Williams,megan.williams.1352@protonmail.com,(769) 623-9362,Minneapolis,MN,Midwest,1945,Female,2024-05-15,Small Business,Bronze,Regular,Yes
1353,Sophia,Davis,sophia.davis.1353@yahoo.com,(667) 542-9897,Hartford,CT,Northeast,2004,Female,2026-06-16,Consumer,Silver,Occasional,Yes
1354,Justin,Lopez,justin.lopez.1354@outlook.com,(208) 910-3317,Hartford,CT,Northeast,1998,Male,2024-04-17,Consumer,Bronze,Occasional,Yes
1355,Barbara,Jones,barbara.jones.1355@gmail.com,(293) 552-3655,Richmond,VA,South,1945,Female,2023-09-16,Small Business,Silver,Frequent,Yes
1356,James,Lopez,james.lopez.1356@protonmail.com,(327) 734-9009,Nashville,TN,South,1949,Male,2023-12-17,Consumer,Silver,Regular,Yes
1357,Brian,Miller,brian.miller.1357@gmail.com,(947) 802-6127,Charlotte,NC,South,1966,Male,2025-01-30,Consumer,Bronze,Regular,Yes
1358,Emily,Hernandez,emily.hernandez.1358@yahoo.com,(442) 690-9765,Detroit,MI,Midwest,1993,Female,2023-04-14,Consumer,Bronze,VIP,Yes
1359,Justin,Wilson,justin.wilson.1359@protonmail.com,(482) 539-6095,Hartford,CT,Northeast,1975,Male,2026-04-06,Consumer,Bronze,Frequent,Yes
1360,Joshua,Rodriguez,joshua.rodriguez.1360@protonmail.com,(330) 840-4746,Newark,NJ,Northeast,1958,Male,2026-02-02,Consumer,Bronze,Regular,Yes
1361,Robert,Taylor,robert.taylor.1361@protonmail.com,(965) 312-2081,Pittsburgh,PA,Northeast,1991,Male,2024-03-08,Consumer,Bronze,Occasional,Yes
1362,Matthew,Torres,matthew.torres.1362@gmail.com,(849) 412-1830,Cleveland,OH,Midwest,1992,Male,2026-07-08,Consumer,Silver,Occasional,Yes
1363,David,Anderson,david.anderson.1363@outlook.com,(581) 935-4177,San Francisco,CA,West,1989,Male,2023-09-18,Consumer,Bronze,Frequent,Yes
1364,David,Allen,david.allen.1364@gmail.com,(552) 932-4781,Providence,RI,Northeast,1957,Male,2025-03-21,Small Business,Bronze,Occasional,No
1365,Sandra,Thompson,sandra.thompson.1365@outlook.com,(812) 291-7811,Charlotte,NC,South,1988,Female,2023-05-26,Consumer,Bronze,Occasional,Yes
1366,Paul,Jones,paul.jones.1366@protonmail.com,(423) 322-1477,Orlando,FL,South,1982,Male,2023-11-22,Small Business,Bronze,Regular,Yes
1367,Paul,Wright,paul.wright.1367@outlook.com,(321) 629-8976,San Diego,CA,West,1981,Male,2023-11-05,Consumer,Bronze,Occasional,Yes
1368,Betty,Scott,betty.scott.1368@gmail.com,(592) 439-7455,Phoenix,AZ,West,1993,Female,2025-08-01,Small Business,Gold,Frequent,No
1369,Ashley,Sanchez,ashley.sanchez.1369@icloud.com,(641) 600-4216,Atlanta,GA,South,1964,Female,2024-06-05,Consumer,Bronze,Regular,Yes
1370,Richard,Anderson,richard.anderson.1370@outlook.com,(372) 594-3206,Milwaukee,WI,Midwest,1955,Male,2025-02-10,Consumer,Silver,Regular,Yes
1371,John,Jackson,john.jackson.1371@yahoo.com,(870) 768-6252,Portland,OR,West,2003,Male,2023-10-09,Consumer,Bronze,Frequent,Yes
1372,Rachel,Allen,rachel.allen.1372@gmail.com,(957) 837-7677,Los Angeles,CA,West,2005,Female,2026-05-01,Consumer,Bronze,Regular,Yes
1373,Karen,Garcia,karen.garcia.1373@outlook.com,(937) 488-8551,Minneapolis,MN,Midwest,1996,Female,2024-11-24,Consumer,Bronze,Occasional,No
1374,Nancy,Brown,nancy.brown.1374@outlook.com,(279) 280-6993,Dallas,TX,South,2005,Female,2024-02-19,Consumer,Bronze,Frequent,Yes
1375,Anthony,Johnson,anthony.johnson.1375@yahoo.com,(711) 538-8430,Houston,TX,South,2003,Male,2025-03-10,Consumer,Bronze,Regular,Yes
1376,Paul,Moore,paul.moore.1376@icloud.com,(477) 602-7335,Milwaukee,WI,Midwest,1972,Male,2024-05-06,Enterprise,Bronze,Regular,No
1377,Joshua,Harris,joshua.harris.1377@yahoo.com,(578) 222-9773,San Diego,CA,West,1950,Male,2023-09-17,Consumer,Gold,Occasional,Yes
1378,Lisa,Flores,lisa.flores.1378@outlook.com,(530) 580-7247,Portland,OR,West,1993,Female,2024-01-15,Consumer,Silver,Regular,Yes
1379,William,Davis,william.davis.1379@protonmail.com,(321) 472-3975,Seattle,WA,West,1953,Male,2024-07-19,Consumer,Gold,Occasional,Yes
1380,Christopher,Brown,christopher.brown.1380@icloud.com,(319) 508-6189,Portland,OR,West,1995,Male,2024-05-22,Consumer,Bronze,Frequent,No
1381,Christina,Brown,christina.brown.1381@gmail.com,(230) 746-2998,Orlando,FL,South,1951,Female,2024-04-07,Consumer,Silver,VIP,Yes
1382,Matthew,Hernandez,matthew.hernandez.1382@protonmail.com,(487) 525-3562,New York,NY,Northeast,1950,Male,2025-07-03,Consumer,Silver,Frequent,Yes
1383,Steven,Moore,steven.moore.1383@icloud.com,(249) 315-9146,Columbus,OH,Midwest,1961,Male,2025-08-01,Consumer,Gold,Occasional,Yes
1384,Justin,Johnson,justin.johnson.1384@icloud.com,(663) 335-8044,Minneapolis,MN,Midwest,1959,Male,2023-10-30,Small Business,Gold,Frequent,Yes
1385,Susan,Gonzalez,susan.gonzalez.1385@yahoo.com,(356) 649-9798,Charlotte,NC,South,2004,Female,2023-04-06,Consumer,Bronze,Frequent,Yes
1386,Matthew,Lee,matthew.lee.1386@outlook.com,(267) 516-4052,Chicago,IL,Midwest,1999,Male,2025-09-17,Consumer,Gold,Regular,Yes
1387,Richard,Davis,richard.davis.1387@icloud.com,(741) 842-2422,Houston,TX,South,1994,Male,2023-09-10,Consumer,Bronze,Frequent,Yes
1388,Patricia,Gonzalez,patricia.gonzalez.1388@outlook.com,(938) 227-4055,Hartford,CT,Northeast,1978,Female,2023-11-12,Consumer,Bronze,Frequent,Yes
1389,Andrew,Thomas,andrew.thomas.1389@outlook.com,(354) 855-8253,Miami,FL,South,2003,Male,2024-03-12,Enterprise,Bronze,Occasional,Yes
1390,Brandon,King,brandon.king.1390@outlook.com,(562) 430-3116,Columbus,OH,Midwest,1989,Male,2025-08-28,Consumer,Bronze,Regular,Yes
1391,Ashley,Thompson,ashley.thompson.1391@outlook.com,(598) 821-9156,Las Vegas,NV,West,1974,Female,2026-02-02,Consumer,Gold,Occasional,Yes
1392,Ashley,Hernandez,ashley.hernandez.1392@gmail.com,(562) 860-4641,Seattle,WA,West,1952,Female,2025-10-03,Consumer,Bronze,Occasional,Yes
1393,Kevin,Lopez,kevin.lopez.1393@yahoo.com,(746) 464-7595,St. Louis,MO,Midwest,2004,Male,2025-06-09,Consumer,Silver,Regular,Yes
1394,Rebecca,Taylor,rebecca.taylor.1394@protonmail.com,(217) 849-2738,Buffalo,NY,Northeast,1954,Female,2023-11-09,Enterprise,Gold,VIP,Yes
1395,Elizabeth,Thompson,elizabeth.thompson.1395@yahoo.com,(614) 258-7177,Columbus,OH,Midwest,2000,Female,2026-07-16,Consumer,Silver,Occasional,Yes
1396,Daniel,Wilson,daniel.wilson.1396@outlook.com,(268) 863-2879,Atlanta,GA,South,1995,Male,2026-07-25,Small Business,Bronze,Regular,Yes
1397,Rachel,Young,rachel.young.1397@yahoo.com,(990) 324-6307,Dallas,TX,South,1999,Female,2024-04-14,Consumer,Silver,Regular,Yes
1398,John,Anderson,john.anderson.1398@protonmail.com,(937) 684-6986,San Francisco,CA,West,1987,Male,2024-08-10,Consumer,Bronze,Regular,Yes
1399,Sarah,Walker,sarah.walker.1399@gmail.com,(577) 288-8014,Providence,RI,Northeast,2004,Female,2023-12-23,Consumer,Bronze,Regular,No
1400,Jennifer,Torres,jennifer.torres.1400@protonmail.com,(938) 584-4465,Denver,CO,West,2004,Female,2026-03-12,Consumer,Bronze,Regular,Yes
1401,Emily,Thompson,emily.thompson.1401@icloud.com,(362) 882-1244,Los Angeles,CA,West,1946,Female,2023-10-08,Consumer,Bronze,Occasional,Yes
1402,Andrew,Miller,andrew.miller.1402@icloud.com,(835) 613-8581,New York,NY,Northeast,1981,Male,2024-02-18,Consumer,Bronze,Occasional,Yes
1403,Anthony,Williams,anthony.williams.1403@gmail.com,(816) 988-4037,St. Louis,MO,Midwest,2002,Male,2025-10-01,Consumer,Bronze,Regular,Yes
1404,Steven,Johnson,steven.johnson.1404@protonmail.com,(630) 560-4886,Miami,FL,South,1984,Male,2025-12-31,Consumer,Gold,Regular,Yes
1405,Charles,Torres,charles.torres.1405@yahoo.com,(392) 231-9396,Portland,OR,West,1994,Male,2026-07-14,Consumer,Silver,Regular,Yes
1406,Charles,Perez,charles.perez.1406@gmail.com,(993) 557-8967,Charlotte,NC,South,1949,Male,2026-04-15,Consumer,Bronze,Regular,Yes
1407,Karen,Torres,karen.torres.1407@protonmail.com,(675) 605-6016,Indianapolis,IN,Midwest,1953,Female,2023-01-03,Consumer,Silver,Regular,Yes
1408,Mark,Young,mark.young.1408@icloud.com,(555) 636-1553,Richmond,VA,South,1971,Male,2023-07-02,Consumer,Gold,Frequent,Yes
1409,Mary,Clark,mary.clark.1409@yahoo.com,(778) 636-4055,Miami,FL,South,1982,Female,2023-03-19,Consumer,Bronze,Regular,No
1410,Linda,Torres,linda.torres.1410@yahoo.com,(807) 677-1130,Columbus,OH,Midwest,1958,Female,2024-10-19,Consumer,Bronze,Occasional,Yes
1411,Barbara,King,barbara.king.1411@protonmail.com,(496) 737-6495,Hartford,CT,Northeast,1950,Female,2024-04-25,Consumer,Bronze,Frequent,Yes
1412,Karen,Clark,karen.clark.1412@yahoo.com,(963) 426-6036,Cleveland,OH,Midwest,2000,Female,2024-06-20,Consumer,Bronze,Frequent,Yes
1413,Ryan,Martin,ryan.martin.1413@yahoo.com,(482) 792-8387,Minneapolis,MN,Midwest,1993,Male,2024-05-15,Consumer,Silver,Regular,Yes
1414,Thomas,Clark,thomas.clark.1414@protonmail.com,(940) 688-4580,Nashville,TN,South,1977,Male,2024-11-03,Consumer,Bronze,Regular,No
1415,Kevin,King,kevin.king.1415@icloud.com,(332) 262-3839,Indianapolis,IN,Midwest,2002,Male,2023-01-17,Consumer,Bronze,Frequent,Yes
1416,Patricia,Walker,patricia.walker.1416@protonmail.com,(335) 996-3058,Miami,FL,South,1968,Female,2025-04-25,Consumer,Silver,Occasional,Yes
1417,Karen,Moore,karen.moore.1417@gmail.com,(344) 954-6828,Indianapolis,IN,Midwest,1959,Female,2026-06-05,Consumer,Bronze,Regular,Yes
1418,Richard,Robinson,richard.robinson.1418@protonmail.com,(545) 843-8722,Orlando,FL,South,1970,Male,2026-05-03,Small Business,Bronze,Occasional,No
1419,Mark,Garcia,mark.garcia.1419@yahoo.com,(912) 535-7497,Seattle,WA,West,1980,Male,2025-01-08,Enterprise,Bronze,Occasional,Yes
1420,Jessica,Wright,jessica.wright.1420@outlook.com,(886) 958-3223,Chicago,IL,Midwest,1957,Female,2024-01-11,Small Business,Bronze,Frequent,Yes
1421,Karen,Robinson,karen.robinson.1421@icloud.com,(931) 793-7810,Houston,TX,South,1964,Female,2023-02-08,Consumer,Silver,Occasional,Yes
1422,Ryan,Sanchez,ryan.sanchez.1422@outlook.com,(782) 487-7249,Los Angeles,CA,West,1990,Male,2024-10-04,Consumer,Silver,Regular,Yes
1423,David,Garcia,david.garcia.1423@gmail.com,(509) 412-6218,St. Louis,MO,Midwest,1961,Male,2025-08-11,Consumer,Bronze,Occasional,Yes
1424,Christina,White,christina.white.1424@outlook.com,(659) 969-6517,San Francisco,CA,West,1972,Female,2024-07-28,Consumer,Bronze,Regular,Yes
1425,Jason,Hernandez,jason.hernandez.1425@outlook.com,(538) 610-2766,Nashville,TN,South,1945,Male,2024-04-23,Consumer,Bronze,Occasional,Yes
1426,Joseph,Johnson,joseph.johnson.1426@icloud.com,(573) 210-8168,Houston,TX,South,1987,Male,2023-09-09,Consumer,Bronze,Frequent,No
1427,Emily,Flores,emily.flores.1427@outlook.com,(257) 280-3835,Milwaukee,WI,Midwest,1962,Female,2023-12-22,Consumer,Silver,Regular,No
1428,Kevin,Taylor,kevin.taylor.1428@yahoo.com,(669) 269-1268,San Francisco,CA,West,1947,Male,2023-09-27,Consumer,Bronze,Occasional,Yes
1429,William,Rodriguez,william.rodriguez.1429@protonmail.com,(673) 947-2664,Miami,FL,South,2003,Male,2025-04-27,Consumer,Silver,Frequent,Yes
1430,Lauren,Young,lauren.young.1430@yahoo.com,(251) 595-6894,Houston,TX,South,2004,Female,2026-05-15,Consumer,Silver,Frequent,Yes
1431,Emma,Lewis,emma.lewis.1431@protonmail.com,(241) 798-6623,Newark,NJ,Northeast,1956,Female,2023-05-12,Consumer,Bronze,Occasional,Yes
1432,Christopher,Taylor,christopher.taylor.1432@gmail.com,(390) 302-3129,San Francisco,CA,West,1957,Male,2026-07-08,Enterprise,Bronze,Regular,Yes
1433,Joseph,King,joseph.king.1433@protonmail.com,(251) 885-2211,Atlanta,GA,South,1971,Nonbinary,2026-02-06,Consumer,Bronze,Frequent,Yes
1434,Olivia,Young,olivia.young.1434@protonmail.com,(834) 832-5125,Atlanta,GA,South,1954,Female,2026-05-10,Small Business,Gold,Regular,Yes
1435,Lisa,Davis,lisa.davis.1435@outlook.com,(770) 665-3978,Nashville,TN,South,1992,Female,2025-03-05,Consumer,Gold,Occasional,Yes
1436,Karen,Martinez,karen.martinez.1436@icloud.com,(396) 399-1024,Hartford,CT,Northeast,1982,Female,2024-06-17,Consumer,Silver,Frequent,Yes
1437,Richard,Jackson,richard.jackson.1437@icloud.com,(720) 813-6416,Richmond,VA,South,1977,Male,2024-09-16,Small Business,Silver,Frequent,Yes
1438,Christina,Hernandez,christina.hernandez.1438@protonmail.com,(984) 520-4104,Providence,RI,Northeast,1988,Female,2025-11-05,Consumer,Bronze,Occasional,Yes
1439,Sarah,Flores,sarah.flores.1439@protonmail.com,(958) 524-7784,Columbus,OH,Midwest,1955,Female,2024-03-04,Consumer,Silver,Frequent,Yes
1440,Abigail,Young,abigail.young.1440@icloud.com,(557) 755-2371,Nashville,TN,South,1946,Female,2023-11-11,Consumer,Bronze,Regular,Yes
1441,James,White,james.white.1441@icloud.com,(423) 243-3484,Columbus,OH,Midwest,1965,Male,2023-05-27,Consumer,Bronze,Frequent,Yes
1442,Rachel,Nguyen,rachel.nguyen.1442@protonmail.com,(940) 503-3947,Orlando,FL,South,1986,Female,2023-11-12,Consumer,Silver,Regular,Yes
1443,Lisa,Taylor,lisa.taylor.1443@gmail.com,(428) 870-9819,Chicago,IL,Midwest,1957,Female,2023-07-18,Consumer,Bronze,Occasional,Yes
1444,Sarah,Torres,sarah.torres.1444@gmail.com,(377) 278-7096,Dallas,TX,South,1956,Female,2023-06-21,Consumer,Bronze,Frequent,Yes
1445,Nathan,Davis,nathan.davis.1445@yahoo.com,(208) 306-2797,Columbus,OH,Midwest,1976,Male,2026-01-02,Small Business,Bronze,VIP,Yes
1446,Amanda,Brown,amanda.brown.1446@outlook.com,(783) 714-9156,Houston,TX,South,1947,Female,2023-01-02,Small Business,Silver,Frequent,Yes
1447,Joseph,Lee,joseph.lee.1447@gmail.com,(810) 645-3118,Orlando,FL,South,1992,Male,2025-03-28,Consumer,Bronze,Occasional,Yes
1448,Michael,Flores,michael.flores.1448@gmail.com,(246) 491-3672,Hartford,CT,Northeast,1956,Male,2024-01-31,Small Business,Bronze,Occasional,Yes
1449,Ryan,Davis,ryan.davis.1449@gmail.com,(292) 682-8315,Richmond,VA,South,1994,Male,2026-03-09,Small Business,Gold,Frequent,Yes
1450,Brian,Flores,brian.flores.1450@gmail.com,(953) 762-1326,Indianapolis,IN,Midwest,1977,Male,2023-11-26,Consumer,Bronze,Regular,Yes
1451,Mark,Clark,mark.clark.1451@outlook.com,(752) 544-4168,Philadelphia,PA,Northeast,2004,Male,2024-12-13,Consumer,Bronze,Occasional,Yes
1452,Linda,Smith,linda.smith.1452@outlook.com,(763) 926-1031,Atlanta,GA,South,2001,Female,2024-05-15,Consumer,Bronze,Regular,No
1453,William,Clark,william.clark.1453@icloud.com,(746) 914-8081,San Francisco,CA,West,1948,Male,2026-06-06,Consumer,Bronze,Occasional,Yes
1454,Margaret,Thomas,margaret.thomas.1454@protonmail.com,(594) 889-4339,San Francisco,CA,West,2001,Female,2024-02-28,Small Business,Platinum,Frequent,Yes
1455,Sophia,Garcia,sophia.garcia.1455@gmail.com,(453) 644-5992,Charlotte,NC,South,1956,Female,2025-04-04,Small Business,Gold,Regular,No
1456,Jennifer,Gonzalez,jennifer.gonzalez.1456@protonmail.com,(720) 948-4666,Philadelphia,PA,Northeast,1954,Female,2026-05-31,Consumer,Bronze,Occasional,Yes
1457,Megan,Hill,megan.hill.1457@icloud.com,(704) 594-2556,Detroit,MI,Midwest,1970,Female,2023-02-10,Consumer,Bronze,VIP,Yes
1458,Lauren,White,lauren.white.1458@yahoo.com,(453) 988-2229,San Francisco,CA,West,1978,Female,2026-01-07,Consumer,Gold,Occasional,Yes
1459,Sandra,Clark,sandra.clark.1459@outlook.com,(754) 909-5897,New York,NY,Northeast,1999,Female,2026-04-01,Consumer,Bronze,Regular,Yes
1460,Paul,Johnson,paul.johnson.1460@outlook.com,(826) 562-2543,San Francisco,CA,West,1979,Male,2025-03-28,Consumer,Bronze,Regular,Yes
1461,Karen,Flores,karen.flores.1461@gmail.com,(982) 655-5880,Nashville,TN,South,1987,Female,2024-07-12,Consumer,Bronze,Regular,No
1462,George,Johnson,george.johnson.1462@yahoo.com,(264) 982-8174,Richmond,VA,South,1982,Male,2025-05-16,Consumer,Silver,VIP,Yes
1463,Mary,Scott,mary.scott.1463@protonmail.com,(784) 491-7645,Newark,NJ,Northeast,1980,Female,2024-06-06,Consumer,Silver,Regular,Yes
1464,Richard,Hill,richard.hill.1464@yahoo.com,(411) 608-9788,Portland,OR,West,1998,Male,2024-08-14,Consumer,Bronze,Regular,Yes
1465,Betty,Jackson,betty.jackson.1465@protonmail.com,(603) 210-6352,Los Angeles,CA,West,1955,Female,2026-05-23,Consumer,Bronze,Regular,No
1466,Sophia,Williams,sophia.williams.1466@gmail.com,(218) 757-3935,Philadelphia,PA,Northeast,1963,Female,2025-03-30,Enterprise,Bronze,Regular,Yes
1467,Matthew,King,matthew.king.1467@gmail.com,(537) 694-5999,Buffalo,NY,Northeast,1980,Male,2026-03-19,Consumer,Gold,Occasional,Yes
1468,Joseph,Flores,joseph.flores.1468@outlook.com,(214) 352-8324,St. Louis,MO,Midwest,1980,Male,2023-08-06,Consumer,Gold,Occasional,Yes
1469,Robert,Smith,robert.smith.1469@protonmail.com,(564) 860-4330,Miami,FL,South,1951,Male,2025-04-05,Small Business,Silver,Regular,Yes
1470,Matthew,Harris,matthew.harris.1470@yahoo.com,(642) 659-1848,Houston,TX,South,1979,Male,2025-06-16,Small Business,Bronze,Regular,Yes
1471,Megan,Johnson,megan.johnson.1471@outlook.com,(637) 581-3013,St. Louis,MO,Midwest,1946,Female,2023-03-13,Consumer,Gold,Occasional,Yes
1472,Karen,Martin,karen.martin.1472@yahoo.com,(632) 772-7567,Portland,OR,West,1970,Female,2023-03-30,Consumer,Bronze,Regular,Yes
1473,Karen,Williams,karen.williams.1473@icloud.com,(340) 522-7970,Nashville,TN,South,1983,Female,2026-06-05,Consumer,Gold,Regular,Yes
1474,Emma,Lopez,emma.lopez.1474@icloud.com,(230) 464-9174,Boston,MA,Northeast,1986,Female,2026-07-24,Consumer,Bronze,Regular,Yes
1475,Christopher,Wright,christopher.wright.1475@outlook.com,(747) 430-6120,Miami,FL,South,1965,Male,2025-06-14,Consumer,Bronze,Occasional,Yes
1476,David,Jackson,david.jackson.1476@outlook.com,(603) 330-4028,Miami,FL,South,1948,Male,2026-05-05,Consumer,Bronze,Occasional,No
1477,John,Walker,john.walker.1477@protonmail.com,(857) 758-5036,Nashville,TN,South,1972,Male,2023-11-18,Consumer,Bronze,Frequent,Yes
1478,Edward,Lee,edward.lee.1478@outlook.com,(929) 520-2661,Columbus,OH,Midwest,1988,Male,2023-12-15,Consumer,Silver,Frequent,Yes
1479,Charles,Young,charles.young.1479@gmail.com,(571) 515-2519,Charlotte,NC,South,1978,Nonbinary,2023-04-17,Consumer,Bronze,Frequent,Yes
1480,Sarah,Walker,sarah.walker.1480@protonmail.com,(949) 961-5846,Miami,FL,South,1964,Female,2023-10-17,Consumer,Bronze,Regular,Yes
1481,Donald,Davis,donald.davis.1481@protonmail.com,(408) 237-6461,Houston,TX,South,1957,Male,2025-07-29,Consumer,Platinum,Occasional,Yes
1482,James,Anderson,james.anderson.1482@protonmail.com,(815) 386-7997,Dallas,TX,South,1989,Male,2023-05-21,Consumer,Gold,Occasional,No
1483,Joshua,Wright,joshua.wright.1483@yahoo.com,(768) 645-4013,San Diego,CA,West,1975,Male,2026-01-17,Consumer,Bronze,Occasional,Yes
1484,Barbara,Davis,barbara.davis.1484@outlook.com,(694) 724-1819,Houston,TX,South,2004,Female,2024-03-11,Consumer,Silver,Occasional,Yes
1485,Michael,Thompson,michael.thompson.1485@icloud.com,(653) 960-7207,Richmond,VA,South,1976,Male,2025-02-20,Consumer,Bronze,Occasional,No
1486,Anthony,Nguyen,anthony.nguyen.1486@yahoo.com,(585) 844-8045,Portland,OR,West,1982,Male,2023-10-07,Consumer,Silver,Regular,Yes
1487,Robert,Flores,robert.flores.1487@icloud.com,(433) 791-1277,Chicago,IL,Midwest,1983,Male,2025-12-26,Consumer,Bronze,Regular,Yes
1488,Abigail,Perez,abigail.perez.1488@outlook.com,(866) 501-7387,New York,NY,Northeast,1963,Female,2025-12-05,Consumer,Bronze,Frequent,Yes
1489,Jason,King,jason.king.1489@icloud.com,(536) 850-6710,Richmond,VA,South,2003,Male,2026-02-23,Consumer,Bronze,Frequent,Yes
1490,Ashley,Davis,ashley.davis.1490@protonmail.com,(876) 878-2212,Los Angeles,CA,West,1974,Female,2026-04-10,Consumer,Bronze,Regular,Yes
1491,Amanda,Gonzalez,amanda.gonzalez.1491@yahoo.com,(468) 536-2620,St. Louis,MO,Midwest,1993,Female,2024-11-03,Small Business,Bronze,Regular,Yes
1492,Richard,Ramirez,richard.ramirez.1492@outlook.com,(853) 230-4439,Nashville,TN,South,1951,Male,2025-12-07,Consumer,Bronze,Occasional,Yes
1493,Margaret,Wright,margaret.wright.1493@yahoo.com,(544) 790-1186,New York,NY,Northeast,1998,Female,2025-10-03,Consumer,Silver,Regular,Yes
1494,Christina,Flores,christina.flores.1494@outlook.com,(773) 635-7929,Columbus,OH,Midwest,1948,Female,2026-03-27,Small Business,Bronze,Regular,Yes
1495,Christina,White,christina.white.1495@gmail.com,(987) 884-6216,Providence,RI,Northeast,1993,Female,2023-02-12,Small Business,Bronze,Regular,Yes
1496,James,Davis,james.davis.1496@protonmail.com,(685) 514-3202,Buffalo,NY,Northeast,1999,Male,2024-05-24,Small Business,Bronze,Regular,Yes
1497,Linda,Thomas,linda.thomas.1497@gmail.com,(714) 934-3015,Chicago,IL,Midwest,1997,Female,2024-11-02,Consumer,Silver,Regular,Yes
1498,Sophia,Rodriguez,sophia.rodriguez.1498@protonmail.com,(708) 410-7211,Richmond,VA,South,2004,Female,2024-12-03,Consumer,Bronze,Regular,Yes
1499,Sandra,Garcia,sandra.garcia.1499@outlook.com,(833) 261-1116,Miami,FL,South,1960,Female,2026-03-09,Consumer,Bronze,Occasional,Yes
1500,Justin,Ramirez,justin.ramirez.1500@icloud.com,(445) 798-8984,Pittsburgh,PA,Northeast,2000,Male,2024-11-15,Consumer,Bronze,Regular,Yes
1501,Christina,Davis,christina.davis.1501@protonmail.com,(445) 682-8965,Pittsburgh,PA,Northeast,1947,Female,2026-06-10,Consumer,Gold,Regular,Yes
1502,Barbara,Wright,barbara.wright.1502@gmail.com,(586) 461-5201,Minneapolis,MN,Midwest,1963,Female,2024-05-25,Consumer,Bronze,Occasional,Yes
1503,Mark,Jones,mark.jones.1503@yahoo.com,(748) 850-5908,New York,NY,Northeast,1985,Male,2024-10-24,Consumer,Silver,Frequent,Yes
1504,Nancy,Davis,nancy.davis.1504@icloud.com,(413) 632-3200,Boston,MA,Northeast,1961,Female,2023-01-17,Consumer,Platinum,Occasional,No
1505,Michael,Taylor,michael.taylor.1505@outlook.com,(222) 789-7746,Indianapolis,IN,Midwest,1959,Male,2026-03-31,Consumer,Bronze,Regular,Yes
1506,Emily,Sanchez,emily.sanchez.1506@protonmail.com,(721) 665-5417,Atlanta,GA,South,1993,Female,2026-01-03,Consumer,Bronze,Frequent,Yes
1507,Matthew,Davis,matthew.davis.1507@outlook.com,(702) 326-8430,Seattle,WA,West,1992,Male,2026-01-06,Small Business,Silver,Frequent,Yes
1508,Lauren,Ramirez,lauren.ramirez.1508@gmail.com,(407) 512-4412,San Diego,CA,West,1994,Female,2024-07-08,Small Business,Silver,Regular,Yes
1509,Brandon,Jones,brandon.jones.1509@outlook.com,(419) 614-5652,Dallas,TX,South,1977,Male,2025-01-05,Consumer,Bronze,Occasional,Yes
1510,Olivia,Taylor,olivia.taylor.1510@outlook.com,(724) 852-7867,Boston,MA,Northeast,2005,Female,2023-08-19,Consumer,Silver,VIP,No
1511,Elizabeth,Sanchez,elizabeth.sanchez.1511@outlook.com,(438) 287-1570,Pittsburgh,PA,Northeast,1949,Female,2024-06-20,Small Business,Gold,Regular,Yes
1512,Sandra,Rodriguez,sandra.rodriguez.1512@yahoo.com,(302) 778-4524,Pittsburgh,PA,Northeast,1989,Female,2025-10-10,Consumer,Bronze,Regular,Yes
1513,Rebecca,Thomas,rebecca.thomas.1513@outlook.com,(347) 968-5539,San Diego,CA,West,1964,Female,2026-06-15,Consumer,Bronze,Occasional,Yes
1514,Melissa,Scott,melissa.scott.1514@outlook.com,(582) 280-9126,Orlando,FL,South,1971,Female,2026-03-22,Enterprise,Gold,Occasional,Yes
1515,William,Jackson,william.jackson.1515@gmail.com,(397) 512-7268,Buffalo,NY,Northeast,1998,Male,2025-12-28,Consumer,Bronze,Regular,Yes
1516,Betty,Wilson,betty.wilson.1516@outlook.com,(997) 235-1520,Boston,MA,Northeast,1948,Female,2023-12-14,Consumer,Bronze,Frequent,Yes
1517,Joseph,Sanchez,joseph.sanchez.1517@protonmail.com,(797) 231-1163,Phoenix,AZ,West,1957,Male,2025-01-08,Small Business,Bronze,Regular,Yes
1518,Lisa,Johnson,lisa.johnson.1518@icloud.com,(421) 830-8560,Newark,NJ,Northeast,1945,Female,2026-02-27,Consumer,Bronze,Occasional,Yes
1519,Robert,Lewis,robert.lewis.1519@protonmail.com,(683) 277-7387,New York,NY,Northeast,1981,Male,2025-02-18,Consumer,Bronze,Occasional,Yes
1520,Mary,Taylor,mary.taylor.1520@protonmail.com,(270) 685-1103,Houston,TX,South,1952,Female,2025-10-12,Small Business,Silver,Regular,Yes
1521,Margaret,Brown,margaret.brown.1521@outlook.com,(388) 569-3362,San Francisco,CA,West,1999,Female,2024-08-23,Small Business,Silver,Frequent,Yes
1522,Elizabeth,Perez,elizabeth.perez.1522@icloud.com,(685) 384-7157,Houston,TX,South,1982,Female,2023-02-04,Small Business,Bronze,Occasional,Yes
1523,Barbara,Clark,barbara.clark.1523@icloud.com,(817) 507-1394,Milwaukee,WI,Midwest,1975,Female,2023-09-25,Consumer,Bronze,Regular,No
1524,Thomas,Thompson,thomas.thompson.1524@gmail.com,(788) 883-2809,Denver,CO,West,1947,Male,2025-02-21,Consumer,Bronze,Occasional,Yes
1525,Brian,Garcia,brian.garcia.1525@protonmail.com,(623) 461-8847,Hartford,CT,Northeast,1991,Male,2024-08-07,Consumer,Bronze,Regular,Yes
1526,Nathan,Allen,nathan.allen.1526@protonmail.com,(475) 519-8474,Columbus,OH,Midwest,2003,Male,2023-05-01,Consumer,Bronze,Occasional,Yes
1527,Joseph,Lewis,joseph.lewis.1527@protonmail.com,(333) 287-8162,San Diego,CA,West,1976,Male,2023-03-08,Enterprise,Bronze,Occasional,Yes
1528,Melissa,King,melissa.king.1528@yahoo.com,(435) 485-9852,Seattle,WA,West,1953,Female,2026-07-04,Consumer,Gold,Frequent,Yes
1529,Sandra,Williams,sandra.williams.1529@outlook.com,(351) 931-1159,Charlotte,NC,South,1965,Female,2025-04-20,Consumer,Gold,Occasional,Yes
1530,Anthony,Young,anthony.young.1530@outlook.com,(202) 262-1337,Columbus,OH,Midwest,1945,Prefer not to say,2024-11-04,Small Business,Bronze,Frequent,Yes
1531,Joseph,Jackson,joseph.jackson.1531@protonmail.com,(785) 986-2474,Minneapolis,MN,Midwest,1945,Male,2026-06-07,Consumer,Bronze,Occasional,Yes
1532,Christina,Smith,christina.smith.1532@outlook.com,(901) 706-4302,New York,NY,Northeast,1954,Female,2026-07-09,Consumer,Silver,Frequent,Yes
1533,Brian,Wright,brian.wright.1533@yahoo.com,(507) 756-2346,Las Vegas,NV,West,1945,Male,2025-03-06,Small Business,Silver,Regular,No
1534,Kevin,Ramirez,kevin.ramirez.1534@protonmail.com,(727) 483-4590,Houston,TX,South,2003,Male,2023-02-17,Consumer,Bronze,Regular,Yes
1535,Linda,Thomas,linda.thomas.1535@protonmail.com,(768) 861-7051,San Diego,CA,West,1965,Female,2023-06-24,Small Business,Bronze,Occasional,Yes
1536,Elizabeth,Torres,elizabeth.torres.1536@gmail.com,(270) 571-4333,Portland,OR,West,1961,Female,2026-07-26,Consumer,Bronze,Frequent,Yes
1537,Margaret,Clark,margaret.clark.1537@yahoo.com,(614) 642-8235,Providence,RI,Northeast,1961,Female,2026-05-08,Consumer,Bronze,Occasional,Yes
1538,Patricia,Scott,patricia.scott.1538@protonmail.com,(355) 341-4645,Boston,MA,Northeast,2003,Female,2026-01-09,Small Business,Silver,Occasional,Yes
1539,Jason,Jackson,jason.jackson.1539@gmail.com,(708) 468-6320,San Francisco,CA,West,1978,Male,2023-03-10,Enterprise,Bronze,Occasional,No
1540,Christina,Thompson,christina.thompson.1540@gmail.com,(208) 501-2428,Cleveland,OH,Midwest,1967,Female,2024-03-31,Consumer,Bronze,VIP,Yes
1541,Rebecca,Scott,rebecca.scott.1541@outlook.com,(846) 535-6668,Denver,CO,West,2005,Female,2025-05-07,Consumer,Bronze,Occasional,Yes
1542,Emma,Sanchez,emma.sanchez.1542@icloud.com,(224) 255-2396,Boston,MA,Northeast,1948,Female,2024-03-24,Consumer,Silver,Occasional,Yes
1543,Elizabeth,Robinson,elizabeth.robinson.1543@outlook.com,(781) 952-7999,New York,NY,Northeast,1957,Female,2023-12-26,Small Business,Silver,VIP,Yes
1544,Mary,Taylor,mary.taylor.1544@yahoo.com,(519) 590-1753,Denver,CO,West,1993,Female,2025-06-10,Consumer,Silver,Occasional,No
1545,Barbara,Martinez,barbara.martinez.1545@gmail.com,(309) 836-2443,Phoenix,AZ,West,1969,Female,2024-09-06,Enterprise,Gold,Frequent,Yes
1546,Emily,Wilson,emily.wilson.1546@icloud.com,(285) 702-7714,Portland,OR,West,1967,Female,2024-04-26,Consumer,Bronze,Regular,Yes
1547,Lisa,Miller,lisa.miller.1547@gmail.com,(721) 601-7853,Columbus,OH,Midwest,1970,Female,2024-01-11,Small Business,Silver,Regular,Yes
1548,Nancy,Sanchez,nancy.sanchez.1548@icloud.com,(758) 652-9366,San Francisco,CA,West,2001,Female,2026-06-26,Consumer,Bronze,Regular,Yes
1549,Stephanie,Jackson,stephanie.jackson.1549@gmail.com,(622) 311-9360,Charlotte,NC,South,1958,Female,2026-08-01,Consumer,Bronze,Regular,Yes
1550,Christopher,Martinez,christopher.martinez.1550@icloud.com,(956) 971-7199,Providence,RI,Northeast,1948,Male,2024-09-21,Small Business,Silver,Occasional,Yes
1551,David,Garcia,david.garcia.1551@protonmail.com,(376) 217-7548,Orlando,FL,South,1955,Male,2024-12-30,Small Business,Silver,Regular,Yes
1552,Karen,Garcia,karen.garcia.1552@protonmail.com,(350) 674-5080,San Diego,CA,West,1979,Female,2024-02-05,Consumer,Silver,Regular,Yes
1553,Joseph,Martin,joseph.martin.1553@protonmail.com,(483) 800-7877,Houston,TX,South,1991,Male,2024-01-02,Consumer,Gold,Occasional,Yes
1554,Ryan,Taylor,ryan.taylor.1554@outlook.com,(579) 518-4212,Los Angeles,CA,West,1947,Prefer not to say,2023-07-26,Consumer,Bronze,Occasional,Yes
1555,Christina,Lopez,christina.lopez.1555@protonmail.com,(634) 204-4927,Atlanta,GA,South,1984,Female,2024-09-28,Consumer,Bronze,Regular,Yes
1556,Megan,Allen,megan.allen.1556@protonmail.com,(806) 837-1810,Atlanta,GA,South,1951,Female,2024-02-17,Consumer,Bronze,Regular,Yes
1557,Robert,Smith,robert.smith.1557@icloud.com,(980) 867-7798,Richmond,VA,South,1992,Male,2025-10-13,Small Business,Bronze,Occasional,Yes
1558,Brandon,Harris,brandon.harris.1558@protonmail.com,(464) 300-5667,San Francisco,CA,West,1993,Male,2026-06-17,Small Business,Gold,VIP,Yes
1559,Jacob,King,jacob.king.1559@yahoo.com,(428) 545-9685,Miami,FL,South,1958,Male,2023-06-07,Small Business,Silver,VIP,Yes
1560,Emily,Hernandez,emily.hernandez.1560@gmail.com,(932) 432-8666,St. Louis,MO,Midwest,1994,Female,2023-10-09,Consumer,Bronze,Regular,Yes
1561,Margaret,Johnson,margaret.johnson.1561@protonmail.com,(976) 802-7294,Detroit,MI,Midwest,1953,Female,2023-11-13,Small Business,Bronze,Frequent,Yes
1562,Michael,Wright,michael.wright.1562@gmail.com,(386) 493-9962,Miami,FL,South,1980,Male,2025-05-08,Small Business,Bronze,Frequent,Yes
1563,Kevin,White,kevin.white.1563@yahoo.com,(398) 986-3211,Las Vegas,NV,West,1955,Male,2023-01-31,Small Business,Bronze,Regular,Yes
1564,Barbara,Hernandez,barbara.hernandez.1564@icloud.com,(764) 560-8469,San Diego,CA,West,1983,Female,2025-02-26,Consumer,Bronze,Regular,Yes
1565,James,Harris,james.harris.1565@yahoo.com,(913) 966-3327,Denver,CO,West,1960,Male,2023-08-31,Consumer,Silver,Regular,Yes
1566,Linda,Clark,linda.clark.1566@gmail.com,(864) 735-5227,San Francisco,CA,West,1958,Female,2023-01-20,Consumer,Bronze,Occasional,No
1567,Emma,Wilson,emma.wilson.1567@yahoo.com,(715) 267-4610,Detroit,MI,Midwest,1953,Female,2026-03-29,Consumer,Gold,Occasional,Yes
1568,Linda,Ramirez,linda.ramirez.1568@yahoo.com,(272) 586-8803,Detroit,MI,Midwest,1947,Female,2024-04-13,Small Business,Bronze,Occasional,Yes
1569,Edward,Scott,edward.scott.1569@protonmail.com,(537) 438-6076,Portland,OR,West,1987,Male,2024-04-18,Consumer,Silver,Frequent,Yes
1570,Lisa,Johnson,lisa.johnson.1570@protonmail.com,(634) 325-6243,Portland,OR,West,1976,Female,2023-11-15,Small Business,Bronze,Regular,Yes
1571,Daniel,Davis,daniel.davis.1571@outlook.com,(806) 581-9155,New York,NY,Northeast,1996,Male,2024-11-05,Small Business,Gold,Occasional,Yes
1572,Sarah,Martinez,sarah.martinez.1572@icloud.com,(219) 357-5843,Atlanta,GA,South,1955,Female,2025-08-03,Small Business,Silver,Occasional,Yes
1573,Megan,White,megan.white.1573@gmail.com,(227) 671-4335,Phoenix,AZ,West,1967,Female,2023-03-17,Small Business,Bronze,Occasional,Yes
1574,Michael,White,michael.white.1574@gmail.com,(421) 300-8973,Houston,TX,South,1993,Male,2026-08-06,Small Business,Bronze,Occasional,Yes
1575,Linda,Johnson,linda.johnson.1575@icloud.com,(887) 385-7280,Las Vegas,NV,West,1977,Nonbinary,2024-09-09,Consumer,Bronze,Frequent,Yes
1576,Daniel,Taylor,daniel.taylor.1576@protonmail.com,(728) 507-1748,Phoenix,AZ,West,2002,Male,2023-10-30,Consumer,Bronze,Regular,Yes
1577,Elizabeth,Smith,elizabeth.smith.1577@outlook.com,(546) 413-9986,Orlando,FL,South,2000,Female,2023-05-19,Consumer,Bronze,Frequent,No
1578,Margaret,Rodriguez,margaret.rodriguez.1578@gmail.com,(616) 887-1494,Nashville,TN,South,1998,Female,2025-10-29,Consumer,Bronze,Regular,Yes
1579,Nathan,King,nathan.king.1579@gmail.com,(555) 226-9598,Seattle,WA,West,1994,Male,2025-01-28,Consumer,Silver,Occasional,No
1580,David,Walker,david.walker.1580@icloud.com,(463) 995-1144,Orlando,FL,South,1983,Male,2024-11-01,Small Business,Gold,Frequent,Yes
1581,Paul,Lee,paul.lee.1581@yahoo.com,(460) 362-8148,Atlanta,GA,South,1976,Male,2025-08-06,Small Business,Bronze,Regular,Yes
1582,Justin,Johnson,justin.johnson.1582@outlook.com,(666) 946-4379,Houston,TX,South,2000,Male,2024-03-06,Consumer,Bronze,Regular,Yes
1583,William,Martinez,william.martinez.1583@icloud.com,(821) 323-9057,Charlotte,NC,South,1986,Male,2025-01-29,Small Business,Silver,Frequent,Yes
1584,Rebecca,Jackson,rebecca.jackson.1584@outlook.com,(233) 583-3879,Providence,RI,Northeast,1970,Female,2026-02-05,Consumer,Bronze,Regular,No
1585,Brian,Smith,brian.smith.1585@gmail.com,(297) 472-4020,Nashville,TN,South,1981,Male,2025-04-26,Consumer,Gold,Frequent,Yes
1586,Olivia,Jones,olivia.jones.1586@gmail.com,(609) 398-8301,Boston,MA,Northeast,2003,Female,2023-02-09,Small Business,Bronze,Occasional,No
1587,Lisa,Smith,lisa.smith.1587@yahoo.com,(486) 585-4667,Portland,OR,West,1998,Female,2025-04-26,Consumer,Bronze,Regular,Yes
1588,Donald,Hernandez,donald.hernandez.1588@protonmail.com,(233) 959-7515,St. Louis,MO,Midwest,1945,Male,2026-02-11,Consumer,Bronze,Regular,Yes
1589,Patricia,Hernandez,patricia.hernandez.1589@outlook.com,(976) 705-3952,Denver,CO,West,1959,Female,2026-05-23,Consumer,Silver,Occasional,Yes
1590,Sophia,Torres,sophia.torres.1590@icloud.com,(260) 328-8052,Hartford,CT,Northeast,1994,Female,2024-09-03,Consumer,Silver,Regular,Yes
1591,Lauren,Perez,lauren.perez.1591@protonmail.com,(700) 471-7121,Las Vegas,NV,West,1967,Female,2024-09-14,Small Business,Bronze,VIP,Yes
1592,Joshua,Wright,joshua.wright.1592@gmail.com,(373) 245-9939,Atlanta,GA,South,1993,Male,2025-01-14,Consumer,Bronze,Regular,Yes
1593,Michael,Torres,michael.torres.1593@yahoo.com,(443) 834-1533,San Francisco,CA,West,2002,Male,2023-06-09,Consumer,Bronze,Regular,Yes
1594,Nathan,Williams,nathan.williams.1594@gmail.com,(371) 450-6857,Columbus,OH,Midwest,1960,Male,2024-01-30,Small Business,Bronze,Occasional,Yes
1595,Nancy,Perez,nancy.perez.1595@gmail.com,(431) 614-9262,Atlanta,GA,South,1966,Female,2024-04-08,Consumer,Gold,Occasional,Yes
1596,Christopher,Wilson,christopher.wilson.1596@protonmail.com,(636) 335-1118,Cleveland,OH,Midwest,1970,Male,2024-05-19,Consumer,Bronze,Frequent,Yes
1597,Melissa,Wright,melissa.wright.1597@outlook.com,(793) 258-8279,Seattle,WA,West,1993,Female,2024-07-05,Consumer,Silver,Occasional,Yes
1598,Anthony,Lee,anthony.lee.1598@gmail.com,(692) 670-6062,San Francisco,CA,West,1976,Male,2024-05-12,Enterprise,Bronze,Regular,Yes
1599,Jennifer,Smith,jennifer.smith.1599@gmail.com,(800) 335-3962,Houston,TX,South,1966,Female,2025-07-06,Consumer,Bronze,Regular,Yes
1600,Jessica,Miller,jessica.miller.1600@icloud.com,(526) 354-9334,Dallas,TX,South,1999,Female,2025-05-17,Small Business,Bronze,VIP,Yes
1601,Betty,Miller,betty.miller.1601@outlook.com,(227) 204-3594,San Francisco,CA,West,1952,Female,2025-05-21,Consumer,Gold,Regular,Yes
1602,Brandon,Moore,brandon.moore.1602@outlook.com,(539) 563-1162,Nashville,TN,South,1949,Male,2023-08-05,Consumer,Bronze,Regular,Yes
1603,Megan,Rodriguez,megan.rodriguez.1603@icloud.com,(805) 672-3288,New York,NY,Northeast,1978,Female,2023-04-12,Consumer,Silver,Frequent,Yes
1604,David,White,david.white.1604@yahoo.com,(843) 891-6264,Indianapolis,IN,Midwest,1977,Male,2023-07-11,Small Business,Bronze,Regular,Yes
1605,Michael,Nguyen,michael.nguyen.1605@icloud.com,(788) 403-4423,Atlanta,GA,South,1947,Male,2025-10-05,Consumer,Bronze,Regular,Yes
1606,Brian,Nguyen,brian.nguyen.1606@yahoo.com,(678) 933-9894,Phoenix,AZ,West,2005,Male,2026-06-18,Consumer,Bronze,Occasional,Yes
1607,Thomas,Brown,thomas.brown.1607@outlook.com,(956) 754-3814,Denver,CO,West,1992,Male,2025-01-05,Consumer,Silver,Regular,No
1608,Margaret,Walker,margaret.walker.1608@protonmail.com,(997) 372-6937,Philadelphia,PA,Northeast,1975,Female,2025-03-25,Consumer,Bronze,Occasional,Yes
1609,Rebecca,Lee,rebecca.lee.1609@yahoo.com,(208) 973-2741,Detroit,MI,Midwest,1955,Female,2026-02-11,Small Business,Bronze,Occasional,Yes
1610,Christina,Sanchez,christina.sanchez.1610@outlook.com,(861) 213-2485,Pittsburgh,PA,Northeast,1982,Female,2024-01-22,Consumer,Bronze,Frequent,Yes
1611,Barbara,Thomas,barbara.thomas.1611@protonmail.com,(919) 870-7840,San Diego,CA,West,1945,Female,2026-05-01,Consumer,Bronze,Frequent,Yes
1612,Donald,Williams,donald.williams.1612@protonmail.com,(569) 640-4181,Hartford,CT,Northeast,1997,Male,2024-12-02,Consumer,Gold,Frequent,Yes
1613,Karen,Williams,karen.williams.1613@yahoo.com,(981) 405-9826,Buffalo,NY,Northeast,1981,Female,2023-06-22,Consumer,Bronze,Occasional,Yes
1614,Karen,Robinson,karen.robinson.1614@protonmail.com,(347) 672-8960,Buffalo,NY,Northeast,1971,Female,2023-04-06,Consumer,Bronze,VIP,Yes
1615,Sarah,Sanchez,sarah.sanchez.1615@yahoo.com,(423) 925-9613,Hartford,CT,Northeast,2000,Female,2025-06-11,Small Business,Bronze,Occasional,Yes
1616,Mary,Torres,mary.torres.1616@outlook.com,(428) 889-2823,Richmond,VA,South,1973,Female,2023-07-04,Consumer,Bronze,Frequent,Yes
1617,Richard,Clark,richard.clark.1617@outlook.com,(932) 301-7374,Pittsburgh,PA,Northeast,1964,Male,2025-06-10,Consumer,Bronze,Occasional,Yes
1618,Christopher,Davis,christopher.davis.1618@icloud.com,(970) 232-7913,Seattle,WA,West,1978,Male,2025-03-06,Consumer,Bronze,Regular,Yes
1619,Sarah,Hill,sarah.hill.1619@yahoo.com,(302) 723-8231,Atlanta,GA,South,1975,Female,2023-05-23,Small Business,Gold,Occasional,Yes
1620,Emma,Young,emma.young.1620@protonmail.com,(424) 655-6040,Cleveland,OH,Midwest,2001,Female,2023-03-26,Consumer,Silver,Occasional,Yes
1621,Rebecca,Young,rebecca.young.1621@protonmail.com,(461) 659-1176,Pittsburgh,PA,Northeast,1977,Female,2024-02-07,Consumer,Silver,Frequent,Yes
1622,Jason,Wright,jason.wright.1622@yahoo.com,(904) 678-3833,Dallas,TX,South,1980,Male,2025-05-06,Consumer,Silver,Regular,Yes
1623,Nicole,Moore,nicole.moore.1623@yahoo.com,(840) 520-8892,Boston,MA,Northeast,1959,Female,2024-11-25,Enterprise,Bronze,Regular,Yes
1624,Jennifer,Sanchez,jennifer.sanchez.1624@protonmail.com,(999) 425-8814,Cleveland,OH,Midwest,1998,Female,2023-02-02,Consumer,Bronze,Frequent,Yes
1625,Margaret,Brown,margaret.brown.1625@protonmail.com,(468) 482-4477,Orlando,FL,South,1977,Female,2025-07-22,Small Business,Bronze,VIP,Yes
1626,Betty,Garcia,betty.garcia.1626@icloud.com,(678) 334-7352,Richmond,VA,South,2001,Female,2024-12-20,Small Business,Gold,Regular,Yes
1627,Abigail,Jones,abigail.jones.1627@protonmail.com,(784) 234-1979,Houston,TX,South,1997,Female,2025-02-02,Small Business,Bronze,Regular,Yes
1628,Nicole,Hernandez,nicole.hernandez.1628@protonmail.com,(594) 220-5752,Detroit,MI,Midwest,1947,Female,2024-11-16,Consumer,Bronze,Regular,No
1629,Rebecca,Ramirez,rebecca.ramirez.1629@protonmail.com,(451) 416-1443,Boston,MA,Northeast,2003,Female,2024-06-30,Consumer,Bronze,Regular,Yes
1630,Steven,Wilson,steven.wilson.1630@outlook.com,(952) 387-7891,Hartford,CT,Northeast,1980,Male,2023-09-04,Consumer,Silver,Frequent,Yes
1631,Nathan,Torres,nathan.torres.1631@icloud.com,(536) 423-9231,Detroit,MI,Midwest,1977,Male,2025-07-14,Consumer,Silver,Regular,Yes
1632,Ryan,Williams,ryan.williams.1632@protonmail.com,(715) 974-8890,Dallas,TX,South,1989,Male,2023-12-13,Consumer,Bronze,Regular,No
1633,Emma,Lee,emma.lee.1633@outlook.com,(320) 911-8461,Denver,CO,West,1964,Female,2026-07-28,Small Business,Silver,Regular,Yes
1634,Kevin,Ramirez,kevin.ramirez.1634@outlook.com,(391) 262-2142,San Diego,CA,West,1946,Male,2025-06-25,Consumer,Bronze,Regular,Yes
1635,Abigail,Smith,abigail.smith.1635@protonmail.com,(749) 363-9036,Nashville,TN,South,1950,Female,2026-06-14,Small Business,Bronze,Regular,Yes
1636,Nicole,Lee,nicole.lee.1636@gmail.com,(746) 633-6045,Seattle,WA,West,1974,Female,2023-07-05,Small Business,Bronze,Regular,Yes
1637,Melissa,Jackson,melissa.jackson.1637@outlook.com,(534) 509-1315,Buffalo,NY,Northeast,2001,Female,2024-04-25,Consumer,Bronze,Occasional,Yes
1638,Melissa,Flores,melissa.flores.1638@protonmail.com,(649) 394-1032,Las Vegas,NV,West,1949,Female,2024-01-03,Consumer,Bronze,Regular,Yes
1639,Linda,Hernandez,linda.hernandez.1639@gmail.com,(914) 350-2234,Portland,OR,West,1987,Prefer not to say,2024-07-23,Consumer,Gold,Frequent,Yes
1640,Mark,Walker,mark.walker.1640@gmail.com,(551) 860-9645,Atlanta,GA,South,1962,Male,2026-08-05,Consumer,Bronze,Regular,Yes
1641,Brandon,Brown,brandon.brown.1641@protonmail.com,(295) 536-1024,Pittsburgh,PA,Northeast,2002,Male,2023-10-18,Small Business,Bronze,Frequent,Yes
1642,Patricia,Davis,patricia.davis.1642@gmail.com,(725) 844-9837,Nashville,TN,South,2001,Female,2025-07-02,Consumer,Bronze,Occasional,Yes
1643,Justin,Jones,justin.jones.1643@yahoo.com,(506) 739-6345,Orlando,FL,South,1980,Male,2025-04-29,Consumer,Bronze,Occasional,Yes
1644,Emma,Johnson,emma.johnson.1644@gmail.com,(629) 752-1035,Miami,FL,South,1985,Female,2025-08-14,Enterprise,Bronze,Occasional,Yes
1645,Michael,Hill,michael.hill.1645@gmail.com,(770) 233-9689,Phoenix,AZ,West,1970,Male,2025-08-25,Small Business,Bronze,Regular,Yes
1646,Stephanie,Davis,stephanie.davis.1646@yahoo.com,(809) 590-4012,Nashville,TN,South,1962,Female,2024-06-25,Enterprise,Bronze,Occasional,Yes
1647,Ashley,Young,ashley.young.1647@outlook.com,(505) 366-7126,San Diego,CA,West,1996,Female,2024-08-27,Consumer,Silver,Regular,Yes
1648,Brian,Garcia,brian.garcia.1648@yahoo.com,(783) 662-7636,San Francisco,CA,West,1945,Male,2024-05-24,Enterprise,Bronze,Occasional,Yes
1649,Robert,Thomas,robert.thomas.1649@outlook.com,(983) 906-6051,St. Louis,MO,Midwest,1960,Male,2024-08-24,Consumer,Gold,Regular,Yes
1650,Nicole,Ramirez,nicole.ramirez.1650@gmail.com,(448) 609-5456,Charlotte,NC,South,1994,Female,2025-01-22,Consumer,Silver,Frequent,Yes
1651,Kevin,Martinez,kevin.martinez.1651@icloud.com,(620) 355-4237,Newark,NJ,Northeast,1962,Male,2025-01-26,Enterprise,Bronze,Frequent,No
1652,Patricia,Harris,patricia.harris.1652@gmail.com,(332) 581-6085,Richmond,VA,South,1971,Female,2025-12-19,Consumer,Silver,Occasional,Yes
1653,Abigail,Lopez,abigail.lopez.1653@icloud.com,(777) 834-3110,Boston,MA,Northeast,1969,Female,2025-12-10,Enterprise,Bronze,Occasional,Yes
1654,Jennifer,Robinson,jennifer.robinson.1654@protonmail.com,(873) 358-9981,Phoenix,AZ,West,1984,Female,2025-02-11,Consumer,Gold,VIP,Yes
1655,Amanda,Walker,amanda.walker.1655@yahoo.com,(999) 644-1202,Phoenix,AZ,West,1973,Female,2025-10-11,Consumer,Bronze,Regular,Yes
1656,Ashley,Lopez,ashley.lopez.1656@protonmail.com,(963) 394-2386,Pittsburgh,PA,Northeast,1965,Female,2023-07-15,Small Business,Silver,Occasional,Yes
1657,Mary,Johnson,mary.johnson.1657@protonmail.com,(941) 964-2103,New York,NY,Northeast,2004,Female,2025-08-13,Consumer,Bronze,Regular,No
1658,Lauren,Anderson,lauren.anderson.1658@outlook.com,(728) 788-9121,Portland,OR,West,1964,Female,2024-03-21,Small Business,Bronze,Occasional,Yes
1659,Jacob,Wright,jacob.wright.1659@yahoo.com,(363) 960-3218,Atlanta,GA,South,1998,Male,2024-11-01,Consumer,Bronze,Regular,Yes
1660,Stephanie,Martinez,stephanie.martinez.1660@icloud.com,(638) 823-2676,Philadelphia,PA,Northeast,1981,Female,2023-03-05,Consumer,Silver,Frequent,Yes
1661,Sophia,Flores,sophia.flores.1661@gmail.com,(287) 685-6971,Atlanta,GA,South,1979,Female,2025-04-03,Consumer,Gold,Occasional,Yes
1662,Donald,Flores,donald.flores.1662@yahoo.com,(206) 517-5061,Charlotte,NC,South,1975,Male,2024-11-13,Small Business,Bronze,Occasional,Yes
1663,Sarah,Davis,sarah.davis.1663@yahoo.com,(614) 299-1208,Milwaukee,WI,Midwest,1975,Female,2024-02-02,Consumer,Bronze,Regular,Yes
1664,Richard,Hernandez,richard.hernandez.1664@gmail.com,(350) 911-6464,Providence,RI,Northeast,1993,Male,2026-03-24,Consumer,Bronze,Regular,Yes
1665,Brian,Hill,brian.hill.1665@outlook.com,(500) 517-5506,Cleveland,OH,Midwest,1947,Male,2025-07-30,Consumer,Bronze,Occasional,Yes
1666,Stephanie,Smith,stephanie.smith.1666@outlook.com,(522) 267-1084,Las Vegas,NV,West,1971,Female,2025-12-30,Consumer,Bronze,Frequent,Yes
1667,Lisa,Jones,lisa.jones.1667@yahoo.com,(291) 694-4914,San Diego,CA,West,1999,Female,2026-02-15,Small Business,Silver,Frequent,No
1668,Amanda,Nguyen,amanda.nguyen.1668@gmail.com,(771) 562-9337,Houston,TX,South,1947,Female,2024-06-07,Consumer,Bronze,Regular,Yes
1669,Megan,Garcia,megan.garcia.1669@protonmail.com,(601) 885-6992,Detroit,MI,Midwest,1962,Female,2024-06-17,Consumer,Silver,Regular,Yes
1670,Nathan,Sanchez,nathan.sanchez.1670@gmail.com,(934) 518-6225,Newark,NJ,Northeast,1945,Male,2024-08-06,Small Business,Bronze,Regular,No
1671,Sarah,Johnson,sarah.johnson.1671@protonmail.com,(224) 897-4424,Seattle,WA,West,1954,Female,2026-01-23,Consumer,Silver,Occasional,Yes
1672,Barbara,Williams,barbara.williams.1672@gmail.com,(875) 655-9751,Miami,FL,South,1988,Female,2025-03-28,Small Business,Bronze,Frequent,Yes
1673,Lisa,Hernandez,lisa.hernandez.1673@protonmail.com,(411) 408-4878,Milwaukee,WI,Midwest,1989,Female,2024-08-01,Consumer,Gold,Regular,Yes
1674,Susan,Brown,susan.brown.1674@gmail.com,(980) 987-8077,Las Vegas,NV,West,2003,Female,2025-10-27,Consumer,Gold,Regular,Yes
1675,George,Scott,george.scott.1675@gmail.com,(753) 940-5622,Atlanta,GA,South,1983,Male,2023-08-29,Consumer,Bronze,Regular,No
1676,Susan,Martinez,susan.martinez.1676@gmail.com,(551) 366-7542,Phoenix,AZ,West,1980,Female,2024-07-18,Consumer,Bronze,Occasional,Yes
1677,Michael,Hill,michael.hill.1677@outlook.com,(815) 681-1114,Chicago,IL,Midwest,1954,Male,2023-11-22,Consumer,Bronze,Occasional,Yes
1678,Matthew,Moore,matthew.moore.1678@outlook.com,(281) 654-2040,Atlanta,GA,South,2003,Male,2023-10-09,Small Business,Silver,Regular,Yes
1679,Jacob,Flores,jacob.flores.1679@icloud.com,(335) 617-3945,Cleveland,OH,Midwest,1996,Male,2025-09-22,Consumer,Bronze,Regular,Yes
1680,Brian,Harris,brian.harris.1680@yahoo.com,(216) 332-7127,Denver,CO,West,1949,Male,2025-02-26,Consumer,Bronze,Regular,Yes
1681,Donald,Smith,donald.smith.1681@icloud.com,(605) 444-8110,Orlando,FL,South,1970,Male,2023-04-17,Consumer,Bronze,Occasional,Yes
1682,Elizabeth,King,elizabeth.king.1682@gmail.com,(211) 421-1717,San Diego,CA,West,1984,Female,2023-01-17,Consumer,Bronze,Regular,Yes
1683,Michael,Thomas,michael.thomas.1683@outlook.com,(985) 671-7078,Columbus,OH,Midwest,1966,Nonbinary,2024-06-21,Consumer,Bronze,Occasional,Yes
1684,Matthew,Anderson,matthew.anderson.1684@gmail.com,(336) 674-6715,San Francisco,CA,West,1990,Male,2026-06-30,Enterprise,Bronze,Regular,Yes
1685,Nathan,Jackson,nathan.jackson.1685@yahoo.com,(492) 965-5612,Indianapolis,IN,Midwest,2005,Male,2026-04-24,Small Business,Platinum,Occasional,Yes
1686,Joseph,Allen,joseph.allen.1686@yahoo.com,(742) 416-5643,Boston,MA,Northeast,1983,Male,2026-01-27,Consumer,Bronze,Regular,Yes
1687,Jason,Perez,jason.perez.1687@protonmail.com,(706) 253-6159,Orlando,FL,South,1954,Male,2025-01-29,Consumer,Bronze,Occasional,Yes
1688,Jessica,Clark,jessica.clark.1688@yahoo.com,(659) 855-3527,Hartford,CT,Northeast,1946,Female,2025-05-16,Small Business,Bronze,Regular,Yes
1689,Anthony,Johnson,anthony.johnson.1689@yahoo.com,(403) 897-1071,Providence,RI,Northeast,1968,Male,2025-10-29,Small Business,Bronze,Occasional,Yes
1690,Megan,Garcia,megan.garcia.1690@yahoo.com,(332) 383-5188,Charlotte,NC,South,1973,Female,2025-12-14,Consumer,Bronze,Regular,Yes
1691,Melissa,Lee,melissa.lee.1691@outlook.com,(299) 896-6240,Houston,TX,South,1991,Female,2024-06-25,Consumer,Bronze,Regular,Yes
1692,Nathan,Nguyen,nathan.nguyen.1692@protonmail.com,(852) 789-9708,Newark,NJ,Northeast,1993,Nonbinary,2023-06-13,Consumer,Gold,Regular,Yes
1693,Nathan,Martin,nathan.martin.1693@outlook.com,(399) 530-9108,Phoenix,AZ,West,2001,Male,2025-03-06,Consumer,Bronze,Occasional,Yes
1694,Donald,Sanchez,donald.sanchez.1694@icloud.com,(685) 948-2453,Atlanta,GA,South,1960,Male,2024-01-16,Consumer,Bronze,VIP,Yes
1695,Mary,Miller,mary.miller.1695@outlook.com,(906) 923-8848,Columbus,OH,Midwest,1960,Female,2025-09-28,Consumer,Bronze,Occasional,Yes
1696,Richard,Torres,richard.torres.1696@outlook.com,(981) 367-7468,Phoenix,AZ,West,2003,Male,2026-02-22,Consumer,Bronze,Occasional,No
1697,Donald,Harris,donald.harris.1697@outlook.com,(429) 938-9764,Columbus,OH,Midwest,1984,Male,2024-04-29,Consumer,Bronze,Frequent,No
1698,Robert,Rodriguez,robert.rodriguez.1698@outlook.com,(433) 979-3870,Nashville,TN,South,1949,Male,2023-01-01,Consumer,Bronze,Regular,Yes
1699,Susan,Martin,susan.martin.1699@icloud.com,(539) 528-2377,Charlotte,NC,South,1945,Female,2026-05-30,Consumer,Bronze,Frequent,Yes
1700,Lisa,Rodriguez,lisa.rodriguez.1700@protonmail.com,(271) 406-4623,Los Angeles,CA,West,1981,Female,2025-06-12,Small Business,Bronze,Regular,Yes
1701,Olivia,Sanchez,olivia.sanchez.1701@outlook.com,(331) 704-8362,Seattle,WA,West,1985,Female,2025-06-04,Consumer,Bronze,Regular,Yes
1702,Jennifer,Clark,jennifer.clark.1702@icloud.com,(203) 412-6922,Los Angeles,CA,West,1991,Female,2024-09-03,Enterprise,Bronze,Regular,Yes
1703,Patricia,Perez,patricia.perez.1703@gmail.com,(855) 684-5874,Columbus,OH,Midwest,1985,Female,2023-10-05,Consumer,Silver,Occasional,Yes
1704,Emily,Moore,emily.moore.1704@icloud.com,(341) 580-1039,Hartford,CT,Northeast,1955,Female,2025-11-02,Consumer,Silver,Regular,Yes
1705,Barbara,Smith,barbara.smith.1705@icloud.com,(468) 621-2162,Seattle,WA,West,1987,Female,2025-11-07,Consumer,Bronze,VIP,Yes
1706,Lisa,Hill,lisa.hill.1706@icloud.com,(966) 788-9874,Dallas,TX,South,1989,Female,2026-04-17,Consumer,Gold,Frequent,Yes
1707,George,Jones,george.jones.1707@yahoo.com,(811) 919-4400,Orlando,FL,South,1997,Male,2024-10-07,Consumer,Silver,Occasional,Yes
1708,Emma,Ramirez,emma.ramirez.1708@gmail.com,(333) 303-3571,Nashville,TN,South,1961,Female,2026-04-24,Consumer,Bronze,Frequent,Yes
1709,Nathan,Wright,nathan.wright.1709@yahoo.com,(433) 457-1266,San Diego,CA,West,1984,Male,2024-11-05,Consumer,Gold,Occasional,Yes
1710,Rachel,Lewis,rachel.lewis.1710@yahoo.com,(709) 507-3828,Nashville,TN,South,1978,Female,2026-04-26,Consumer,Bronze,Regular,Yes
1711,William,Perez,william.perez.1711@protonmail.com,(738) 344-3109,Richmond,VA,South,1999,Male,2023-05-12,Small Business,Silver,Regular,Yes
1712,Kevin,Walker,kevin.walker.1712@outlook.com,(914) 940-5184,Pittsburgh,PA,Northeast,1989,Male,2025-02-26,Consumer,Bronze,Occasional,Yes
1713,Karen,Robinson,karen.robinson.1713@icloud.com,(838) 475-7337,Indianapolis,IN,Midwest,1977,Female,2024-10-26,Consumer,Silver,Regular,Yes
1714,Joseph,Smith,joseph.smith.1714@gmail.com,(787) 344-7835,Las Vegas,NV,West,1948,Male,2023-09-02,Consumer,Bronze,Frequent,Yes
1715,Mary,Miller,mary.miller.1715@yahoo.com,(711) 881-9564,Miami,FL,South,1971,Female,2025-11-03,Small Business,Silver,VIP,No
1716,Rebecca,Thompson,rebecca.thompson.1716@gmail.com,(207) 253-7331,Denver,CO,West,1975,Female,2024-06-05,Consumer,Gold,Regular,Yes
1717,Christina,Clark,christina.clark.1717@yahoo.com,(532) 309-3521,San Francisco,CA,West,1971,Female,2023-05-27,Consumer,Bronze,Regular,Yes
1718,Karen,Taylor,karen.taylor.1718@protonmail.com,(636) 217-9397,Newark,NJ,Northeast,1957,Female,2024-02-18,Small Business,Bronze,Regular,Yes
1719,Jacob,Walker,jacob.walker.1719@protonmail.com,(505) 474-3521,San Diego,CA,West,1957,Male,2025-04-16,Consumer,Gold,Occasional,No
1720,Mark,Brown,mark.brown.1720@protonmail.com,(995) 484-2133,Providence,RI,Northeast,1959,Male,2025-12-31,Small Business,Bronze,Occasional,Yes
1721,James,Nguyen,james.nguyen.1721@protonmail.com,(698) 338-5468,San Diego,CA,West,2000,Male,2025-09-19,Small Business,Bronze,Frequent,Yes
1722,Sarah,Davis,sarah.davis.1722@icloud.com,(409) 562-7187,Orlando,FL,South,1965,Female,2024-09-03,Consumer,Bronze,Frequent,Yes
1723,Joshua,Smith,joshua.smith.1723@yahoo.com,(798) 843-9986,St. Louis,MO,Midwest,1961,Male,2026-03-19,Consumer,Gold,Regular,Yes
1724,Mark,Smith,mark.smith.1724@gmail.com,(562) 743-3292,Pittsburgh,PA,Northeast,1996,Male,2023-04-01,Consumer,Silver,Occasional,Yes
1725,Olivia,Johnson,olivia.johnson.1725@icloud.com,(682) 492-9725,Houston,TX,South,1992,Female,2026-02-28,Consumer,Bronze,Regular,Yes
1726,Nancy,Davis,nancy.davis.1726@outlook.com,(406) 203-9206,Detroit,MI,Midwest,2003,Female,2024-07-01,Consumer,Bronze,Regular,Yes
1727,Jacob,Hill,jacob.hill.1727@outlook.com,(450) 862-4600,Orlando,FL,South,1951,Male,2024-07-20,Consumer,Silver,Regular,Yes
1728,James,White,james.white.1728@icloud.com,(499) 728-4437,Minneapolis,MN,Midwest,1974,Male,2023-12-06,Consumer,Silver,Regular,Yes
1729,Anthony,Smith,anthony.smith.1729@protonmail.com,(982) 292-8679,Nashville,TN,South,1968,Nonbinary,2023-06-27,Small Business,Bronze,Occasional,Yes
1730,Rebecca,Martinez,rebecca.martinez.1730@gmail.com,(630) 356-4859,Denver,CO,West,1984,Female,2025-04-28,Small Business,Bronze,Regular,Yes
1731,Joseph,Walker,joseph.walker.1731@protonmail.com,(257) 236-8019,Boston,MA,Northeast,1975,Male,2024-04-11,Enterprise,Gold,Regular,Yes
1732,Christina,Wright,christina.wright.1732@icloud.com,(794) 530-5251,St. Louis,MO,Midwest,1996,Female,2024-07-28,Consumer,Gold,Regular,Yes
1733,Mark,Young,mark.young.1733@gmail.com,(663) 966-4442,Dallas,TX,South,1979,Male,2026-01-20,Consumer,Bronze,Regular,Yes
1734,Melissa,Jones,melissa.jones.1734@icloud.com,(371) 614-4442,Atlanta,GA,South,1983,Female,2025-11-10,Consumer,Bronze,Frequent,Yes
1735,Donald,Clark,donald.clark.1735@outlook.com,(807) 608-2782,Atlanta,GA,South,1970,Male,2025-09-07,Small Business,Gold,Occasional,Yes
1736,Ryan,Hill,ryan.hill.1736@protonmail.com,(862) 752-9568,Providence,RI,Northeast,1951,Male,2026-01-24,Small Business,Bronze,Occasional,Yes
1737,Ryan,Miller,ryan.miller.1737@icloud.com,(932) 978-1600,Nashville,TN,South,1945,Male,2025-09-27,Small Business,Bronze,Frequent,Yes
1738,Melissa,Rodriguez,melissa.rodriguez.1738@outlook.com,(481) 923-9378,Nashville,TN,South,1983,Female,2026-02-07,Consumer,Bronze,Frequent,Yes
1739,Steven,Martin,steven.martin.1739@yahoo.com,(671) 723-7779,St. Louis,MO,Midwest,1947,Male,2024-10-09,Small Business,Bronze,Regular,Yes
1740,Justin,Anderson,justin.anderson.1740@outlook.com,(957) 303-3798,Seattle,WA,West,1996,Male,2023-01-28,Consumer,Silver,Regular,No
1741,Brandon,Wilson,brandon.wilson.1741@gmail.com,(566) 330-2533,Providence,RI,Northeast,1973,Male,2024-10-13,Consumer,Bronze,Regular,Yes
1742,Steven,Anderson,steven.anderson.1742@gmail.com,(518) 265-6055,Houston,TX,South,1979,Male,2025-11-08,Consumer,Bronze,Occasional,Yes
1743,Charles,Miller,charles.miller.1743@icloud.com,(316) 532-7447,Cleveland,OH,Midwest,1957,Male,2023-04-11,Enterprise,Silver,Regular,Yes
1744,George,Jones,george.jones.1744@outlook.com,(437) 854-5957,St. Louis,MO,Midwest,1979,Male,2025-07-03,Small Business,Bronze,Occasional,Yes
1745,Matthew,Ramirez,matthew.ramirez.1745@outlook.com,(990) 633-8000,Houston,TX,South,1946,Male,2024-08-23,Consumer,Bronze,Frequent,No
1746,John,Ramirez,john.ramirez.1746@gmail.com,(563) 796-9162,Nashville,TN,South,1977,Male,2025-10-18,Consumer,Bronze,Regular,Yes
1747,William,Hill,william.hill.1747@outlook.com,(927) 238-3239,San Francisco,CA,West,1970,Male,2025-11-08,Consumer,Bronze,VIP,Yes
1748,Amanda,White,amanda.white.1748@gmail.com,(584) 954-7108,Portland,OR,West,1959,Female,2024-04-09,Consumer,Platinum,Occasional,Yes
1749,Megan,Taylor,megan.taylor.1749@yahoo.com,(593) 682-5171,Orlando,FL,South,2003,Female,2025-08-13,Small Business,Bronze,Occasional,Yes
1750,Matthew,Torres,matthew.torres.1750@protonmail.com,(317) 634-2042,Houston,TX,South,1962,Male,2025-09-24,Consumer,Gold,Regular,Yes
1751,Barbara,Hernandez,barbara.hernandez.1751@outlook.com,(981) 507-5480,New York,NY,Northeast,2002,Female,2024-08-10,Consumer,Bronze,VIP,Yes
1752,Sophia,Brown,sophia.brown.1752@gmail.com,(953) 331-3054,Indianapolis,IN,Midwest,1996,Female,2025-09-24,Small Business,Bronze,Regular,Yes
1753,Lauren,Thomas,lauren.thomas.1753@gmail.com,(788) 943-7299,Los Angeles,CA,West,1967,Female,2026-07-23,Small Business,Bronze,VIP,Yes
1754,Amanda,Gonzalez,amanda.gonzalez.1754@gmail.com,(201) 342-6135,Richmond,VA,South,1971,Female,2025-02-12,Consumer,Bronze,Regular,Yes
1755,Thomas,Lopez,thomas.lopez.1755@outlook.com,(475) 828-9916,Los Angeles,CA,West,1953,Male,2023-09-20,Consumer,Silver,Regular,Yes
1756,Richard,Lewis,richard.lewis.1756@icloud.com,(663) 829-2182,Seattle,WA,West,1992,Male,2026-06-18,Small Business,Bronze,Occasional,Yes
1757,Thomas,Sanchez,thomas.sanchez.1757@gmail.com,(668) 511-7479,Pittsburgh,PA,Northeast,1994,Male,2024-05-17,Consumer,Bronze,Frequent,No
1758,Karen,Rodriguez,karen.rodriguez.1758@outlook.com,(588) 423-2089,Phoenix,AZ,West,1960,Female,2025-02-24,Small Business,Bronze,Regular,Yes
1759,Matthew,Harris,matthew.harris.1759@icloud.com,(584) 469-2518,Denver,CO,West,1956,Male,2026-08-02,Consumer,Silver,Regular,Yes
1760,Susan,Scott,susan.scott.1760@outlook.com,(477) 998-5727,Nashville,TN,South,1991,Female,2023-05-11,Small Business,Bronze,Regular,No
1761,Amanda,Sanchez,amanda.sanchez.1761@outlook.com,(439) 267-5140,Nashville,TN,South,1945,Female,2026-03-18,Consumer,Bronze,Occasional,Yes
1762,Megan,Garcia,megan.garcia.1762@yahoo.com,(913) 802-8503,Richmond,VA,South,1967,Female,2023-11-01,Consumer,Silver,Occasional,Yes
1763,Olivia,Lee,olivia.lee.1763@outlook.com,(651) 707-8134,Nashville,TN,South,1982,Female,2023-01-29,Small Business,Bronze,Occasional,Yes
1764,Robert,King,robert.king.1764@gmail.com,(519) 411-2381,Los Angeles,CA,West,1975,Male,2026-01-02,Consumer,Silver,VIP,Yes
1765,Thomas,Anderson,thomas.anderson.1765@gmail.com,(761) 667-2594,Orlando,FL,South,1976,Male,2023-01-31,Consumer,Bronze,Frequent,Yes
1766,Charles,King,charles.king.1766@gmail.com,(346) 638-4242,Houston,TX,South,1971,Male,2023-04-19,Consumer,Silver,Regular,Yes
1767,John,White,john.white.1767@outlook.com,(255) 389-9228,San Francisco,CA,West,1947,Male,2025-04-07,Consumer,Bronze,Occasional,Yes
1768,Lauren,Perez,lauren.perez.1768@gmail.com,(298) 496-3513,Los Angeles,CA,West,1955,Female,2023-10-10,Consumer,Gold,Occasional,Yes
1769,Patricia,Miller,patricia.miller.1769@icloud.com,(634) 455-4371,Houston,TX,South,1946,Female,2023-10-18,Consumer,Bronze,Occasional,No
1770,David,Rodriguez,david.rodriguez.1770@outlook.com,(388) 880-3885,Portland,OR,West,2000,Male,2024-04-20,Consumer,Platinum,VIP,Yes
1771,Lauren,Johnson,lauren.johnson.1771@outlook.com,(428) 789-2655,Boston,MA,Northeast,1961,Female,2024-03-01,Small Business,Bronze,Regular,Yes
1772,Matthew,Lopez,matthew.lopez.1772@icloud.com,(895) 490-6460,Charlotte,NC,South,1961,Male,2026-05-09,Small Business,Bronze,Occasional,Yes
1773,Ashley,Sanchez,ashley.sanchez.1773@protonmail.com,(640) 639-4167,Houston,TX,South,1956,Female,2023-01-11,Consumer,Bronze,Occasional,Yes
1774,Paul,Nguyen,paul.nguyen.1774@outlook.com,(483) 877-6906,Seattle,WA,West,1985,Male,2025-08-27,Consumer,Bronze,Frequent,Yes
1775,Jessica,Thompson,jessica.thompson.1775@yahoo.com,(776) 267-5382,Charlotte,NC,South,1970,Female,2025-02-24,Consumer,Bronze,Regular,Yes
1776,William,White,william.white.1776@yahoo.com,(424) 455-7624,Los Angeles,CA,West,1951,Male,2024-09-06,Consumer,Bronze,Occasional,Yes
1777,William,Jackson,william.jackson.1777@outlook.com,(774) 794-7680,Portland,OR,West,1987,Male,2024-10-12,Small Business,Bronze,Occasional,Yes
1778,Jason,Torres,jason.torres.1778@icloud.com,(705) 806-3469,Milwaukee,WI,Midwest,2001,Male,2024-02-19,Small Business,Bronze,Frequent,Yes
1779,Jennifer,Hernandez,jennifer.hernandez.1779@yahoo.com,(417) 875-5695,Minneapolis,MN,Midwest,2004,Female,2026-01-25,Enterprise,Silver,Occasional,Yes
1780,Megan,Ramirez,megan.ramirez.1780@icloud.com,(804) 854-4872,Atlanta,GA,South,1954,Female,2026-01-07,Consumer,Bronze,Occasional,Yes
1781,Jason,Wright,jason.wright.1781@gmail.com,(303) 603-9442,San Diego,CA,West,1988,Male,2024-04-04,Consumer,Bronze,Frequent,Yes
1782,John,Johnson,john.johnson.1782@outlook.com,(993) 991-1066,Richmond,VA,South,1948,Male,2025-02-16,Small Business,Bronze,Regular,No
1783,Stephanie,Ramirez,stephanie.ramirez.1783@outlook.com,(325) 492-7524,Los Angeles,CA,West,1981,Female,2024-07-17,Consumer,Bronze,Occasional,Yes
1784,Christopher,Lewis,christopher.lewis.1784@icloud.com,(919) 503-6643,Miami,FL,South,1998,Male,2026-03-30,Consumer,Silver,Regular,Yes
1785,Olivia,Gonzalez,olivia.gonzalez.1785@gmail.com,(420) 604-5296,St. Louis,MO,Midwest,1985,Female,2026-04-20,Consumer,Gold,Frequent,Yes
1786,Steven,Davis,steven.davis.1786@protonmail.com,(619) 662-1419,Orlando,FL,South,1981,Male,2024-08-21,Consumer,Bronze,Regular,Yes
1787,Joseph,Wilson,joseph.wilson.1787@protonmail.com,(228) 316-7575,Charlotte,NC,South,1955,Male,2023-08-09,Consumer,Gold,Occasional,Yes
1788,Stephanie,Moore,stephanie.moore.1788@yahoo.com,(420) 687-7869,Chicago,IL,Midwest,1959,Female,2024-04-08,Small Business,Bronze,Occasional,Yes
1789,Richard,Moore,richard.moore.1789@gmail.com,(945) 263-2165,Charlotte,NC,South,1996,Male,2026-01-22,Consumer,Silver,Regular,Yes
1790,Richard,Williams,richard.williams.1790@protonmail.com,(870) 927-2360,Pittsburgh,PA,Northeast,1945,Male,2025-03-31,Small Business,Bronze,VIP,Yes
1791,Karen,Hernandez,karen.hernandez.1791@gmail.com,(613) 757-1540,Los Angeles,CA,West,1999,Female,2025-05-04,Consumer,Bronze,Regular,Yes
1792,Stephanie,Hill,stephanie.hill.1792@yahoo.com,(509) 766-5278,Pittsburgh,PA,Northeast,1961,Female,2024-02-15,Consumer,Gold,Regular,No
1793,Mark,Lee,mark.lee.1793@protonmail.com,(302) 410-9905,Orlando,FL,South,1976,Prefer not to say,2023-07-16,Consumer,Bronze,Frequent,Yes
1794,Christina,Walker,christina.walker.1794@protonmail.com,(898) 516-1265,New York,NY,Northeast,1995,Female,2023-10-04,Small Business,Bronze,Regular,No
1795,Sandra,Smith,sandra.smith.1795@yahoo.com,(524) 339-8939,New York,NY,Northeast,1974,Female,2025-12-28,Consumer,Bronze,Frequent,No
1796,Abigail,Hill,abigail.hill.1796@icloud.com,(392) 819-2175,Orlando,FL,South,1969,Female,2025-10-02,Consumer,Bronze,Occasional,Yes
1797,John,Williams,john.williams.1797@yahoo.com,(373) 455-3486,Las Vegas,NV,West,1952,Male,2025-02-15,Consumer,Platinum,Frequent,Yes
1798,Patricia,Jones,patricia.jones.1798@icloud.com,(877) 389-7365,Detroit,MI,Midwest,1971,Female,2023-04-16,Small Business,Bronze,Regular,Yes
1799,Jacob,Thompson,jacob.thompson.1799@outlook.com,(848) 572-5636,Miami,FL,South,2002,Male,2024-09-30,Consumer,Silver,Occasional,Yes
1800,Nathan,Robinson,nathan.robinson.1800@yahoo.com,(718) 783-4619,Indianapolis,IN,Midwest,1972,Male,2025-01-05,Consumer,Gold,Regular,No
1801,Linda,Nguyen,linda.nguyen.1801@protonmail.com,(503) 349-4018,Denver,CO,West,1958,Female,2025-04-03,Consumer,Bronze,Regular,Yes
1802,Donald,Martinez,donald.martinez.1802@gmail.com,(687) 223-1701,Nashville,TN,South,1946,Male,2025-01-21,Small Business,Bronze,Occasional,Yes
1803,Charles,Moore,charles.moore.1803@icloud.com,(384) 466-1663,Buffalo,NY,Northeast,1986,Male,2025-11-08,Consumer,Silver,VIP,Yes
1804,Jason,Miller,jason.miller.1804@gmail.com,(888) 478-2643,Los Angeles,CA,West,1971,Male,2025-04-23,Enterprise,Platinum,Regular,Yes
1805,James,Walker,james.walker.1805@outlook.com,(343) 434-3340,Dallas,TX,South,2000,Male,2024-12-20,Consumer,Bronze,Frequent,Yes
1806,Amanda,Martinez,amanda.martinez.1806@protonmail.com,(805) 809-5868,Houston,TX,South,1957,Female,2025-12-13,Consumer,Gold,Regular,Yes
1807,Patricia,Scott,patricia.scott.1807@outlook.com,(555) 883-1486,Charlotte,NC,South,1990,Female,2023-07-28,Consumer,Gold,Occasional,Yes
1808,Daniel,Gonzalez,daniel.gonzalez.1808@gmail.com,(647) 496-2927,Richmond,VA,South,1982,Male,2025-12-22,Small Business,Bronze,Occasional,Yes
1809,Matthew,Young,matthew.young.1809@protonmail.com,(217) 274-1388,Chicago,IL,Midwest,1946,Male,2024-05-07,Consumer,Bronze,Occasional,No
1810,Karen,Perez,karen.perez.1810@gmail.com,(871) 468-5717,Charlotte,NC,South,1995,Female,2023-09-16,Consumer,Gold,Frequent,Yes
1811,Sandra,Jackson,sandra.jackson.1811@protonmail.com,(428) 223-7316,Columbus,OH,Midwest,1977,Female,2026-08-06,Consumer,Bronze,Regular,Yes
1812,Abigail,Scott,abigail.scott.1812@outlook.com,(299) 427-8284,Chicago,IL,Midwest,1982,Female,2026-02-17,Consumer,Bronze,Frequent,Yes
1813,Joseph,Sanchez,joseph.sanchez.1813@yahoo.com,(806) 785-6014,Chicago,IL,Midwest,1967,Male,2024-10-23,Consumer,Bronze,Frequent,Yes
1814,Rebecca,Moore,rebecca.moore.1814@yahoo.com,(567) 356-9516,Atlanta,GA,South,1981,Female,2025-05-30,Small Business,Silver,Regular,Yes
1815,James,Harris,james.harris.1815@yahoo.com,(580) 654-1708,Boston,MA,Northeast,1959,Male,2024-05-07,Consumer,Bronze,Regular,Yes
1816,Sandra,Clark,sandra.clark.1816@gmail.com,(343) 566-4603,Buffalo,NY,Northeast,1982,Female,2024-09-04,Consumer,Bronze,Frequent,Yes
1817,Richard,Walker,richard.walker.1817@icloud.com,(384) 530-1149,Columbus,OH,Midwest,1962,Male,2024-08-28,Consumer,Silver,Occasional,Yes
1818,Joseph,Martinez,joseph.martinez.1818@outlook.com,(515) 313-6423,San Francisco,CA,West,1962,Male,2023-03-07,Consumer,Bronze,Occasional,Yes
1819,Anthony,Hill,anthony.hill.1819@outlook.com,(710) 776-7206,Providence,RI,Northeast,2004,Male,2026-04-12,Consumer,Bronze,Occasional,Yes
1820,Nancy,Lewis,nancy.lewis.1820@yahoo.com,(385) 427-2352,Buffalo,NY,Northeast,1988,Female,2024-11-23,Consumer,Bronze,Regular,Yes
1821,Ryan,Rodriguez,ryan.rodriguez.1821@outlook.com,(906) 832-2485,Dallas,TX,South,1983,Male,2023-10-14,Consumer,Bronze,Regular,Yes
1822,Karen,Hernandez,karen.hernandez.1822@outlook.com,(322) 567-4944,Columbus,OH,Midwest,1979,Female,2025-08-08,Consumer,Bronze,Frequent,Yes
1823,Anthony,Hill,anthony.hill.1823@outlook.com,(324) 436-3570,Atlanta,GA,South,1993,Male,2024-12-27,Consumer,Platinum,Occasional,Yes
1824,Rebecca,Thompson,rebecca.thompson.1824@outlook.com,(858) 449-4467,Philadelphia,PA,Northeast,1948,Female,2026-04-13,Consumer,Bronze,Occasional,Yes
1825,Stephanie,Young,stephanie.young.1825@yahoo.com,(640) 301-7173,Boston,MA,Northeast,1990,Female,2024-01-12,Consumer,Silver,Regular,Yes
1826,Anthony,Moore,anthony.moore.1826@icloud.com,(793) 836-3336,Detroit,MI,Midwest,1964,Male,2026-05-13,Consumer,Bronze,Occasional,Yes
1827,Rebecca,Thompson,rebecca.thompson.1827@icloud.com,(747) 986-2236,Cleveland,OH,Midwest,1986,Female,2025-02-27,Consumer,Bronze,Regular,Yes
1828,Sandra,Jackson,sandra.jackson.1828@yahoo.com,(400) 893-2710,Las Vegas,NV,West,1963,Female,2026-06-13,Consumer,Silver,Frequent,Yes
1829,Andrew,Ramirez,andrew.ramirez.1829@icloud.com,(268) 328-1434,Phoenix,AZ,West,1986,Male,2025-08-22,Consumer,Bronze,Frequent,Yes
1830,Jennifer,Lee,jennifer.lee.1830@outlook.com,(270) 891-2865,Atlanta,GA,South,1948,Female,2026-07-03,Consumer,Bronze,Occasional,Yes
1831,Steven,Lewis,steven.lewis.1831@icloud.com,(326) 752-6828,Newark,NJ,Northeast,1953,Male,2024-05-18,Consumer,Bronze,Occasional,Yes
1832,Elizabeth,Harris,elizabeth.harris.1832@gmail.com,(492) 355-6104,Portland,OR,West,2003,Female,2024-03-27,Consumer,Bronze,Regular,Yes
1833,Megan,Thomas,megan.thomas.1833@outlook.com,(449) 919-2198,Miami,FL,South,1981,Female,2026-01-06,Small Business,Bronze,Frequent,Yes
1834,Nancy,Hill,nancy.hill.1834@yahoo.com,(305) 702-4304,Minneapolis,MN,Midwest,1993,Female,2025-09-07,Consumer,Bronze,VIP,Yes
1835,Daniel,Torres,daniel.torres.1835@yahoo.com,(883) 231-7354,Providence,RI,Northeast,1947,Male,2023-10-13,Small Business,Gold,Occasional,Yes
1836,Margaret,Sanchez,margaret.sanchez.1836@gmail.com,(347) 699-3999,Orlando,FL,South,2000,Female,2024-03-27,Consumer,Silver,Frequent,No
1837,Nancy,Anderson,nancy.anderson.1837@icloud.com,(828) 680-7729,Seattle,WA,West,1965,Female,2025-03-14,Consumer,Silver,Frequent,Yes
1838,Karen,Nguyen,karen.nguyen.1838@gmail.com,(222) 514-7664,Nashville,TN,South,1990,Female,2024-08-12,Consumer,Silver,Regular,Yes
1839,Margaret,Nguyen,margaret.nguyen.1839@gmail.com,(631) 984-3070,Hartford,CT,Northeast,1999,Female,2024-11-14,Consumer,Bronze,Occasional,Yes
1840,Edward,Young,edward.young.1840@outlook.com,(463) 901-5412,Buffalo,NY,Northeast,1973,Male,2026-06-11,Small Business,Silver,Regular,Yes
1841,Melissa,Davis,melissa.davis.1841@icloud.com,(763) 906-1102,Miami,FL,South,1963,Female,2024-02-06,Small Business,Bronze,Frequent,Yes
1842,Emily,Torres,emily.torres.1842@icloud.com,(224) 408-4771,Nashville,TN,South,1989,Female,2024-08-19,Consumer,Gold,Regular,Yes
1843,John,Jackson,john.jackson.1843@protonmail.com,(915) 920-5419,Nashville,TN,South,1989,Male,2023-11-16,Small Business,Bronze,Occasional,Yes
1844,Anthony,Young,anthony.young.1844@protonmail.com,(636) 405-1071,Richmond,VA,South,1959,Male,2026-07-14,Consumer,Bronze,Regular,Yes
1845,Olivia,Martinez,olivia.martinez.1845@yahoo.com,(329) 597-5147,Boston,MA,Northeast,1963,Nonbinary,2025-11-26,Small Business,Silver,Regular,Yes
1846,Richard,Wilson,richard.wilson.1846@protonmail.com,(370) 907-9851,Seattle,WA,West,1969,Male,2026-03-26,Consumer,Bronze,Occasional,Yes
1847,Paul,Garcia,paul.garcia.1847@icloud.com,(813) 336-1393,Minneapolis,MN,Midwest,1983,Male,2024-06-02,Consumer,Bronze,Frequent,Yes
1848,Margaret,Moore,margaret.moore.1848@gmail.com,(777) 420-7130,Chicago,IL,Midwest,1984,Female,2024-06-19,Consumer,Bronze,Regular,Yes
1849,Brandon,Smith,brandon.smith.1849@gmail.com,(753) 249-4551,Providence,RI,Northeast,1995,Male,2024-12-07,Consumer,Bronze,Frequent,No
1850,Brian,Williams,brian.williams.1850@icloud.com,(721) 548-2242,Charlotte,NC,South,1949,Male,2024-05-10,Consumer,Bronze,Occasional,Yes
1851,Richard,King,richard.king.1851@yahoo.com,(717) 251-4229,Detroit,MI,Midwest,1964,Male,2025-09-04,Consumer,Silver,Regular,Yes
1852,Michael,Sanchez,michael.sanchez.1852@protonmail.com,(468) 236-2494,Miami,FL,South,1998,Male,2025-09-24,Consumer,Bronze,Frequent,No
1853,David,Robinson,david.robinson.1853@icloud.com,(918) 305-8142,San Diego,CA,West,1986,Male,2026-02-18,Consumer,Silver,Regular,Yes
1854,Abigail,Harris,abigail.harris.1854@icloud.com,(564) 793-9541,Orlando,FL,South,1997,Female,2025-08-20,Consumer,Bronze,Frequent,Yes
1855,Margaret,Jones,margaret.jones.1855@outlook.com,(461) 565-9832,Atlanta,GA,South,1979,Female,2024-11-12,Consumer,Gold,Occasional,Yes
1856,Lisa,Lewis,lisa.lewis.1856@protonmail.com,(367) 489-3608,Milwaukee,WI,Midwest,1982,Female,2024-05-21,Consumer,Gold,Regular,Yes
1857,Michael,Robinson,michael.robinson.1857@icloud.com,(638) 761-8944,Las Vegas,NV,West,1979,Male,2024-11-07,Consumer,Bronze,Frequent,Yes
1858,Olivia,Gonzalez,olivia.gonzalez.1858@icloud.com,(640) 806-4636,Providence,RI,Northeast,1956,Female,2025-08-04,Consumer,Gold,Regular,Yes
1859,Nancy,Brown,nancy.brown.1859@outlook.com,(204) 757-8653,Philadelphia,PA,Northeast,1972,Female,2024-09-06,Small Business,Bronze,Occasional,Yes
1860,James,Wright,james.wright.1860@outlook.com,(768) 932-3734,Las Vegas,NV,West,1985,Male,2023-01-17,Consumer,Silver,Regular,No
1861,Andrew,Robinson,andrew.robinson.1861@icloud.com,(868) 716-7388,San Diego,CA,West,1953,Male,2024-08-22,Consumer,Silver,Occasional,Yes
1862,Robert,Smith,robert.smith.1862@outlook.com,(398) 502-5755,Charlotte,NC,South,1990,Male,2023-10-17,Consumer,Bronze,Frequent,Yes
1863,Robert,Thompson,robert.thompson.1863@protonmail.com,(928) 637-2971,St. Louis,MO,Midwest,1975,Male,2025-07-04,Small Business,Silver,Occasional,Yes
1864,Andrew,Miller,andrew.miller.1864@protonmail.com,(824) 940-7187,Orlando,FL,South,1971,Male,2025-07-21,Consumer,Bronze,Occasional,Yes
1865,Karen,Moore,karen.moore.1865@icloud.com,(898) 929-6972,Providence,RI,Northeast,2005,Female,2024-07-30,Consumer,Gold,Occasional,Yes
1866,Susan,Lopez,susan.lopez.1866@icloud.com,(221) 570-5661,New York,NY,Northeast,1984,Female,2024-05-14,Consumer,Silver,Regular,Yes
1867,Patricia,Davis,patricia.davis.1867@gmail.com,(270) 606-3480,Charlotte,NC,South,1992,Female,2023-03-18,Consumer,Gold,Regular,Yes
1868,Patricia,Rodriguez,patricia.rodriguez.1868@protonmail.com,(408) 425-6220,Dallas,TX,South,1983,Female,2024-11-19,Consumer,Silver,Regular,Yes
1869,Richard,Thompson,richard.thompson.1869@gmail.com,(458) 593-4972,Charlotte,NC,South,1970,Male,2026-03-14,Consumer,Bronze,Regular,No
1870,Nathan,Clark,nathan.clark.1870@outlook.com,(293) 706-3272,Phoenix,AZ,West,1996,Male,2024-05-06,Small Business,Silver,Occasional,Yes
1871,Nancy,Martinez,nancy.martinez.1871@outlook.com,(937) 710-3105,San Francisco,CA,West,1999,Female,2024-06-24,Consumer,Bronze,Frequent,Yes
1872,Patricia,Martinez,patricia.martinez.1872@gmail.com,(803) 224-6536,Hartford,CT,Northeast,1995,Female,2025-02-11,Consumer,Bronze,Occasional,Yes
1873,Andrew,Davis,andrew.davis.1873@icloud.com,(871) 422-7248,Dallas,TX,South,1960,Male,2024-02-10,Small Business,Gold,Occasional,Yes
1874,Brandon,Gonzalez,brandon.gonzalez.1874@protonmail.com,(802) 440-2080,San Diego,CA,West,1982,Male,2023-03-19,Small Business,Bronze,Occasional,Yes
1875,Paul,Smith,paul.smith.1875@outlook.com,(543) 915-5565,Portland,OR,West,1956,Male,2023-04-02,Small Business,Bronze,Regular,Yes
1876,George,Lopez,george.lopez.1876@icloud.com,(627) 634-2450,Chicago,IL,Midwest,1990,Male,2024-06-21,Consumer,Bronze,Occasional,Yes
1877,Barbara,Wright,barbara.wright.1877@icloud.com,(732) 268-6714,Los Angeles,CA,West,1953,Female,2023-10-15,Consumer,Silver,Regular,No
1878,Brian,Martin,brian.martin.1878@gmail.com,(290) 237-6715,Portland,OR,West,2003,Male,2024-12-12,Small Business,Silver,Regular,Yes
1879,Steven,Thomas,steven.thomas.1879@outlook.com,(296) 771-3044,Hartford,CT,Northeast,1984,Male,2025-07-06,Consumer,Bronze,Regular,Yes
1880,Margaret,Hill,margaret.hill.1880@icloud.com,(697) 637-8846,Orlando,FL,South,1993,Female,2023-02-28,Small Business,Bronze,Regular,Yes
1881,Emily,Walker,emily.walker.1881@icloud.com,(757) 738-6857,Nashville,TN,South,1971,Female,2024-03-19,Consumer,Bronze,Frequent,Yes
1882,Anthony,Hernandez,anthony.hernandez.1882@protonmail.com,(907) 727-1183,Orlando,FL,South,1972,Male,2025-05-20,Consumer,Bronze,Regular,Yes
1883,Donald,Sanchez,donald.sanchez.1883@protonmail.com,(892) 931-9810,Hartford,CT,Northeast,1980,Male,2024-01-19,Enterprise,Bronze,Frequent,No
1884,Karen,Nguyen,karen.nguyen.1884@icloud.com,(676) 355-8107,Milwaukee,WI,Midwest,1966,Female,2024-10-24,Consumer,Bronze,Regular,Yes
1885,Andrew,Harris,andrew.harris.1885@gmail.com,(927) 497-3044,Dallas,TX,South,1946,Male,2025-12-25,Small Business,Bronze,Occasional,Yes
1886,Rebecca,Harris,rebecca.harris.1886@yahoo.com,(605) 559-2520,Dallas,TX,South,1982,Female,2023-10-12,Consumer,Gold,VIP,Yes
1887,Lauren,Davis,lauren.davis.1887@protonmail.com,(388) 468-5419,Portland,OR,West,1994,Female,2025-01-09,Consumer,Bronze,Occasional,Yes
1888,Joshua,Lewis,joshua.lewis.1888@gmail.com,(992) 344-4214,St. Louis,MO,Midwest,1985,Male,2023-04-12,Consumer,Bronze,Occasional,Yes
1889,Sophia,Martinez,sophia.martinez.1889@outlook.com,(785) 972-1376,Atlanta,GA,South,1947,Female,2026-07-05,Consumer,Bronze,Regular,Yes
1890,Matthew,Martinez,matthew.martinez.1890@protonmail.com,(216) 593-3754,San Francisco,CA,West,1958,Male,2026-05-23,Consumer,Bronze,Frequent,Yes
1891,Emily,Gonzalez,emily.gonzalez.1891@outlook.com,(465) 918-8392,Philadelphia,PA,Northeast,1986,Female,2025-02-27,Small Business,Silver,Regular,Yes
1892,Christina,Jackson,christina.jackson.1892@yahoo.com,(512) 600-7020,Denver,CO,West,1996,Female,2023-07-08,Consumer,Silver,Regular,No
1893,Nathan,Young,nathan.young.1893@yahoo.com,(581) 424-5167,Orlando,FL,South,1968,Male,2024-03-02,Consumer,Bronze,Regular,Yes
1894,Betty,Ramirez,betty.ramirez.1894@yahoo.com,(718) 403-5860,Phoenix,AZ,West,1987,Female,2024-02-11,Consumer,Gold,Regular,Yes
1895,Steven,Thompson,steven.thompson.1895@icloud.com,(506) 730-6131,Minneapolis,MN,Midwest,1958,Male,2025-10-09,Consumer,Gold,Regular,Yes
1896,Rachel,Robinson,rachel.robinson.1896@icloud.com,(989) 824-4578,Richmond,VA,South,1963,Female,2026-06-01,Consumer,Bronze,Occasional,Yes
1897,Christopher,Thomas,christopher.thomas.1897@yahoo.com,(526) 261-6917,Phoenix,AZ,West,1947,Male,2026-01-01,Enterprise,Silver,Regular,No
1898,Barbara,Wright,barbara.wright.1898@outlook.com,(976) 817-4213,Richmond,VA,South,1974,Female,2023-04-15,Consumer,Silver,Occasional,Yes
1899,Donald,Anderson,donald.anderson.1899@yahoo.com,(882) 843-1078,Las Vegas,NV,West,1965,Male,2026-04-23,Small Business,Silver,Occasional,Yes
1900,John,Clark,john.clark.1900@gmail.com,(507) 551-1379,Providence,RI,Northeast,1989,Male,2023-09-29,Consumer,Bronze,Regular,Yes
1901,Michael,Martin,michael.martin.1901@outlook.com,(429) 968-9052,Dallas,TX,South,1983,Male,2025-08-08,Small Business,Bronze,Occasional,Yes
1902,Daniel,Gonzalez,daniel.gonzalez.1902@outlook.com,(610) 566-4025,New York,NY,Northeast,1981,Male,2024-12-23,Consumer,Bronze,Occasional,Yes
1903,David,Scott,david.scott.1903@protonmail.com,(572) 707-4660,Orlando,FL,South,1952,Male,2024-12-05,Small Business,Silver,Regular,Yes
1904,Steven,Thompson,steven.thompson.1904@gmail.com,(798) 437-6311,Miami,FL,South,1947,Male,2025-06-02,Enterprise,Bronze,Frequent,Yes
1905,Sophia,Martin,sophia.martin.1905@icloud.com,(338) 685-4055,Miami,FL,South,1989,Female,2025-07-18,Consumer,Silver,Occasional,Yes
1906,Sandra,Gonzalez,sandra.gonzalez.1906@yahoo.com,(687) 583-7933,Houston,TX,South,1999,Female,2023-10-15,Consumer,Platinum,Occasional,Yes
1907,Paul,Hernandez,paul.hernandez.1907@protonmail.com,(321) 723-8242,Portland,OR,West,1946,Male,2025-05-18,Small Business,Bronze,Regular,Yes
1908,Stephanie,Brown,stephanie.brown.1908@outlook.com,(833) 812-6505,Dallas,TX,South,1946,Female,2024-05-07,Consumer,Silver,Frequent,No
1909,Emily,Brown,emily.brown.1909@outlook.com,(893) 920-7861,Atlanta,GA,South,1979,Female,2026-04-23,Consumer,Silver,Occasional,Yes
1910,Michael,Lopez,michael.lopez.1910@gmail.com,(515) 714-6638,Seattle,WA,West,2003,Male,2025-12-23,Consumer,Bronze,Regular,Yes
1911,Karen,Martinez,karen.martinez.1911@outlook.com,(766) 379-4891,Providence,RI,Northeast,1968,Female,2024-09-01,Consumer,Bronze,Occasional,Yes
1912,Emily,White,emily.white.1912@yahoo.com,(499) 804-1397,Las Vegas,NV,West,1949,Female,2026-06-02,Consumer,Bronze,Occasional,Yes
1913,Richard,Garcia,richard.garcia.1913@gmail.com,(239) 902-3568,Dallas,TX,South,1968,Male,2026-06-13,Consumer,Bronze,Occasional,Yes
1914,Andrew,Davis,andrew.davis.1914@icloud.com,(819) 329-7386,Detroit,MI,Midwest,1952,Male,2026-04-12,Consumer,Bronze,Frequent,Yes
1915,Ryan,Jones,ryan.jones.1915@gmail.com,(961) 254-9248,Seattle,WA,West,1954,Male,2025-05-25,Small Business,Bronze,Regular,Yes
1916,David,Hernandez,david.hernandez.1916@icloud.com,(645) 996-8930,Buffalo,NY,Northeast,1973,Male,2024-10-21,Consumer,Gold,Occasional,Yes
1917,Elizabeth,Torres,elizabeth.torres.1917@protonmail.com,(946) 282-7113,Richmond,VA,South,1967,Female,2024-08-21,Consumer,Bronze,Frequent,Yes
1918,Sarah,Lee,sarah.lee.1918@outlook.com,(773) 706-1560,Philadelphia,PA,Northeast,1992,Female,2025-02-11,Consumer,Silver,Frequent,Yes
1919,Christopher,Thompson,christopher.thompson.1919@outlook.com,(864) 997-1778,San Francisco,CA,West,1993,Male,2025-07-15,Consumer,Bronze,Regular,Yes
1920,Paul,Wilson,paul.wilson.1920@outlook.com,(445) 634-9875,Richmond,VA,South,1979,Male,2023-05-21,Consumer,Bronze,Regular,Yes
1921,Sophia,Thomas,sophia.thomas.1921@yahoo.com,(584) 261-2647,San Francisco,CA,West,1951,Female,2024-10-04,Consumer,Bronze,Occasional,Yes
1922,Mary,Miller,mary.miller.1922@outlook.com,(901) 948-2258,Nashville,TN,South,1994,Female,2023-03-06,Consumer,Bronze,Regular,No
1923,Joshua,Davis,joshua.davis.1923@gmail.com,(864) 918-8846,Minneapolis,MN,Midwest,1979,Male,2024-05-01,Consumer,Silver,Regular,No
1924,George,Smith,george.smith.1924@yahoo.com,(332) 282-5210,Houston,TX,South,1947,Male,2024-01-13,Consumer,Bronze,Occasional,Yes
1925,Patricia,Walker,patricia.walker.1925@gmail.com,(869) 887-9734,Las Vegas,NV,West,1968,Female,2026-02-22,Consumer,Bronze,Frequent,Yes
1926,Barbara,Wilson,barbara.wilson.1926@yahoo.com,(858) 511-6927,Miami,FL,South,1993,Female,2026-04-11,Consumer,Bronze,Occasional,Yes
1927,Stephanie,Walker,stephanie.walker.1927@icloud.com,(710) 280-4871,Hartford,CT,Northeast,1983,Female,2023-08-24,Consumer,Bronze,Occasional,Yes
1928,Ryan,Davis,ryan.davis.1928@gmail.com,(337) 959-7581,Minneapolis,MN,Midwest,1982,Male,2024-05-07,Small Business,Silver,Regular,Yes
1929,Rebecca,Lewis,rebecca.lewis.1929@protonmail.com,(689) 965-5693,Atlanta,GA,South,1951,Female,2025-07-28,Consumer,Bronze,Occasional,Yes
1930,Megan,Rodriguez,megan.rodriguez.1930@icloud.com,(380) 706-7951,Houston,TX,South,1964,Female,2024-09-10,Consumer,Gold,Frequent,Yes
1931,Karen,Davis,karen.davis.1931@gmail.com,(583) 390-5841,Newark,NJ,Northeast,1956,Female,2024-09-02,Consumer,Bronze,Regular,Yes
1932,Betty,Wright,betty.wright.1932@icloud.com,(520) 586-9825,Cleveland,OH,Midwest,1946,Female,2025-09-08,Small Business,Bronze,Frequent,No
1933,Ashley,Walker,ashley.walker.1933@protonmail.com,(425) 698-4732,Seattle,WA,West,1945,Female,2024-04-18,Consumer,Bronze,Occasional,Yes
1934,Olivia,Garcia,olivia.garcia.1934@outlook.com,(694) 259-7280,San Francisco,CA,West,1952,Female,2026-05-01,Small Business,Bronze,Regular,Yes
1935,Jennifer,Williams,jennifer.williams.1935@protonmail.com,(662) 374-3101,Los Angeles,CA,West,1982,Female,2023-10-25,Consumer,Gold,Occasional,Yes
1936,Linda,King,linda.king.1936@icloud.com,(867) 254-8871,Charlotte,NC,South,1994,Female,2026-04-09,Consumer,Bronze,VIP,Yes
1937,Stephanie,King,stephanie.king.1937@yahoo.com,(365) 338-2744,St. Louis,MO,Midwest,1984,Female,2025-07-08,Small Business,Bronze,Regular,Yes
1938,Amanda,Clark,amanda.clark.1938@gmail.com,(209) 643-2261,Phoenix,AZ,West,1984,Female,2026-02-06,Consumer,Silver,Regular,Yes
1939,Steven,Lee,steven.lee.1939@yahoo.com,(560) 659-3916,Dallas,TX,South,1955,Male,2023-07-12,Consumer,Bronze,Regular,Yes
1940,Michael,Clark,michael.clark.1940@outlook.com,(738) 906-1877,Minneapolis,MN,Midwest,1949,Male,2025-11-04,Consumer,Gold,Occasional,Yes
1941,Daniel,Brown,daniel.brown.1941@yahoo.com,(393) 899-3813,Buffalo,NY,Northeast,1972,Nonbinary,2023-06-07,Consumer,Bronze,VIP,Yes
1942,Nicole,Gonzalez,nicole.gonzalez.1942@yahoo.com,(474) 792-1600,Charlotte,NC,South,1984,Female,2025-08-20,Small Business,Bronze,Frequent,Yes
1943,Nicole,Hill,nicole.hill.1943@protonmail.com,(995) 540-9249,Seattle,WA,West,1992,Female,2025-01-01,Consumer,Bronze,Occasional,Yes
1944,Brandon,Thomas,brandon.thomas.1944@outlook.com,(529) 995-6603,Detroit,MI,Midwest,1983,Male,2024-03-22,Consumer,Gold,Regular,Yes
1945,John,Hill,john.hill.1945@yahoo.com,(705) 631-3940,Columbus,OH,Midwest,1985,Male,2023-05-17,Consumer,Gold,Regular,No
1946,Nicole,Lopez,nicole.lopez.1946@protonmail.com,(467) 566-5230,Minneapolis,MN,Midwest,1970,Female,2026-01-15,Small Business,Bronze,Occasional,Yes
1947,Rebecca,Scott,rebecca.scott.1947@icloud.com,(812) 609-9541,Dallas,TX,South,1983,Female,2023-04-18,Consumer,Bronze,Occasional,Yes
1948,Stephanie,Williams,stephanie.williams.1948@yahoo.com,(946) 232-3880,Minneapolis,MN,Midwest,1979,Female,2026-04-01,Consumer,Bronze,Regular,Yes
1949,Lauren,Gonzalez,lauren.gonzalez.1949@protonmail.com,(681) 396-8025,Charlotte,NC,South,2001,Female,2023-05-17,Consumer,Bronze,Occasional,Yes
1950,Elizabeth,Davis,elizabeth.davis.1950@outlook.com,(861) 374-5429,Dallas,TX,South,1964,Female,2024-01-05,Consumer,Platinum,Occasional,Yes
1951,Brandon,Anderson,brandon.anderson.1951@yahoo.com,(515) 214-2542,Los Angeles,CA,West,1991,Male,2024-01-14,Consumer,Gold,Occasional,No
1952,Christina,Martin,christina.martin.1952@gmail.com,(361) 909-5579,Nashville,TN,South,1954,Female,2024-07-08,Consumer,Platinum,Regular,Yes
1953,Matthew,Smith,matthew.smith.1953@protonmail.com,(636) 873-2067,Indianapolis,IN,Midwest,1952,Male,2023-07-06,Consumer,Bronze,Regular,No
1954,Sarah,Smith,sarah.smith.1954@gmail.com,(397) 678-1637,Indianapolis,IN,Midwest,1984,Female,2024-01-30,Consumer,Bronze,Regular,Yes
1955,David,Martin,david.martin.1955@icloud.com,(277) 883-2156,San Diego,CA,West,2003,Male,2025-11-07,Consumer,Silver,Frequent,Yes
1956,Betty,Lee,betty.lee.1956@outlook.com,(447) 691-7262,Columbus,OH,Midwest,1947,Female,2023-12-26,Small Business,Bronze,Regular,Yes
1957,Rachel,Ramirez,rachel.ramirez.1957@yahoo.com,(295) 266-9876,Columbus,OH,Midwest,1969,Female,2026-01-05,Consumer,Bronze,Occasional,Yes
1958,Rachel,Johnson,rachel.johnson.1958@outlook.com,(501) 202-7202,Seattle,WA,West,1986,Female,2024-07-28,Small Business,Bronze,Regular,Yes
1959,Megan,Gonzalez,megan.gonzalez.1959@outlook.com,(463) 413-8743,Dallas,TX,South,1979,Female,2025-11-25,Consumer,Bronze,Regular,Yes
1960,Paul,King,paul.king.1960@yahoo.com,(455) 944-3893,Houston,TX,South,1996,Male,2025-01-11,Small Business,Bronze,Occasional,Yes
1961,David,Scott,david.scott.1961@outlook.com,(977) 772-9569,Atlanta,GA,South,1981,Male,2023-02-14,Consumer,Bronze,Frequent,Yes
1962,Sarah,Moore,sarah.moore.1962@protonmail.com,(632) 490-6353,Las Vegas,NV,West,1981,Nonbinary,2024-05-24,Small Business,Gold,Regular,Yes
1963,Jacob,Walker,jacob.walker.1963@gmail.com,(980) 806-6574,Atlanta,GA,South,1978,Male,2026-01-30,Consumer,Bronze,Occasional,Yes
1964,Donald,Wilson,donald.wilson.1964@icloud.com,(640) 660-9829,Portland,OR,West,1987,Male,2025-04-03,Small Business,Silver,Regular,Yes
1965,Mary,Clark,mary.clark.1965@icloud.com,(798) 252-2392,St. Louis,MO,Midwest,2000,Female,2023-02-15,Consumer,Gold,Frequent,No
1966,Nathan,Garcia,nathan.garcia.1966@icloud.com,(567) 628-8080,Buffalo,NY,Northeast,1951,Male,2025-07-06,Small Business,Bronze,Occasional,Yes
1967,Lisa,Jones,lisa.jones.1967@yahoo.com,(776) 940-3960,Orlando,FL,South,1976,Female,2025-02-26,Enterprise,Silver,Regular,Yes
1968,Matthew,Flores,matthew.flores.1968@gmail.com,(861) 543-7700,Phoenix,AZ,West,1965,Male,2024-07-23,Consumer,Bronze,Frequent,Yes
1969,Ryan,Anderson,ryan.anderson.1969@protonmail.com,(645) 273-8727,Houston,TX,South,2002,Male,2024-06-25,Consumer,Silver,Occasional,Yes
1970,William,Perez,william.perez.1970@outlook.com,(751) 531-9036,San Diego,CA,West,1966,Male,2023-09-24,Consumer,Bronze,Occasional,Yes
1971,Betty,Martin,betty.martin.1971@protonmail.com,(450) 976-7671,Charlotte,NC,South,1978,Female,2024-05-25,Consumer,Silver,Regular,Yes
1972,Steven,Harris,steven.harris.1972@outlook.com,(649) 762-7182,Miami,FL,South,1946,Male,2023-06-23,Consumer,Silver,Frequent,Yes
1973,Christina,Flores,christina.flores.1973@icloud.com,(670) 558-9588,Chicago,IL,Midwest,2000,Female,2025-10-28,Small Business,Silver,Regular,Yes
1974,Sophia,Wilson,sophia.wilson.1974@yahoo.com,(416) 843-5229,Orlando,FL,South,1958,Female,2025-05-15,Consumer,Gold,Occasional,Yes
1975,Anthony,Thomas,anthony.thomas.1975@icloud.com,(290) 688-1783,Charlotte,NC,South,1968,Male,2024-03-31,Consumer,Bronze,Regular,Yes
1976,Linda,Lewis,linda.lewis.1976@outlook.com,(597) 450-7429,Miami,FL,South,1988,Female,2023-12-21,Consumer,Gold,Regular,Yes
1977,Patricia,Allen,patricia.allen.1977@protonmail.com,(479) 900-5699,St. Louis,MO,Midwest,1994,Female,2025-10-12,Small Business,Bronze,Frequent,Yes
1978,Jacob,Allen,jacob.allen.1978@yahoo.com,(228) 971-4932,Columbus,OH,Midwest,1992,Male,2025-07-02,Consumer,Silver,Regular,Yes
1979,Amanda,Walker,amanda.walker.1979@gmail.com,(515) 811-8293,Houston,TX,South,1971,Female,2025-09-10,Small Business,Bronze,Regular,Yes
1980,Jennifer,Lee,jennifer.lee.1980@gmail.com,(858) 934-1762,Cleveland,OH,Midwest,1982,Female,2026-06-27,Consumer,Bronze,Occasional,Yes
1981,Patricia,Clark,patricia.clark.1981@outlook.com,(737) 541-7924,Miami,FL,South,1991,Female,2024-08-17,Small Business,Bronze,Occasional,Yes
1982,Barbara,Gonzalez,barbara.gonzalez.1982@gmail.com,(237) 466-8641,San Francisco,CA,West,1985,Female,2023-03-07,Enterprise,Bronze,Regular,Yes
1983,Amanda,Garcia,amanda.garcia.1983@gmail.com,(814) 905-9222,Buffalo,NY,Northeast,1997,Prefer not to say,2025-01-10,Small Business,Bronze,Regular,Yes
1984,Jacob,Lee,jacob.lee.1984@icloud.com,(483) 611-7985,San Diego,CA,West,1977,Male,2024-10-13,Consumer,Silver,Occasional,Yes
1985,Andrew,Lewis,andrew.lewis.1985@gmail.com,(487) 937-8562,Charlotte,NC,South,1977,Male,2025-04-16,Consumer,Silver,Regular,Yes
1986,Rachel,Harris,rachel.harris.1986@icloud.com,(551) 814-7142,Nashville,TN,South,1990,Female,2025-02-02,Consumer,Bronze,Occasional,Yes
1987,John,Moore,john.moore.1987@icloud.com,(632) 492-1284,Cleveland,OH,Midwest,1981,Male,2024-01-05,Consumer,Bronze,Regular,Yes
1988,Steven,Thomas,steven.thomas.1988@outlook.com,(290) 744-7365,Minneapolis,MN,Midwest,1948,Male,2024-06-02,Consumer,Bronze,Regular,Yes
1989,Karen,Lewis,karen.lewis.1989@protonmail.com,(547) 371-5278,Seattle,WA,West,1974,Female,2024-06-02,Consumer,Silver,Regular,Yes
1990,Jacob,Rodriguez,jacob.rodriguez.1990@outlook.com,(939) 431-9266,Providence,RI,Northeast,2004,Male,2023-02-04,Consumer,Bronze,Frequent,Yes
1991,Nancy,Garcia,nancy.garcia.1991@outlook.com,(292) 408-7004,Orlando,FL,South,1975,Female,2025-10-14,Consumer,Gold,Occasional,Yes
1992,James,Martinez,james.martinez.1992@gmail.com,(557) 415-9638,Miami,FL,South,1994,Male,2025-05-06,Consumer,Gold,Occasional,Yes
1993,Barbara,Davis,barbara.davis.1993@protonmail.com,(510) 922-2244,Miami,FL,South,1948,Female,2026-06-23,Consumer,Silver,Frequent,Yes
1994,Barbara,Harris,barbara.harris.1994@outlook.com,(299) 801-4610,Charlotte,NC,South,1956,Nonbinary,2026-06-25,Consumer,Bronze,Occasional,Yes
1995,Brian,Garcia,brian.garcia.1995@icloud.com,(393) 465-3082,Atlanta,GA,South,1949,Male,2025-12-27,Small Business,Platinum,Frequent,Yes
1996,Matthew,Martin,matthew.martin.1996@outlook.com,(981) 253-2664,San Diego,CA,West,1974,Nonbinary,2026-03-22,Consumer,Gold,Regular,Yes
1997,David,Walker,david.walker.1997@gmail.com,(540) 856-6838,Portland,OR,West,1950,Male,2025-04-02,Consumer,Bronze,Occasional,Yes
1998,John,Lee,john.lee.1998@gmail.com,(887) 929-2635,Dallas,TX,South,1973,Male,2023-01-22,Consumer,Bronze,Regular,No
1999,Brandon,Clark,brandon.clark.1999@icloud.com,(443) 967-6004,Houston,TX,South,1971,Male,2025-07-24,Consumer,Bronze,Regular,Yes
2000,Michael,Scott,michael.scott.2000@protonmail.com,(473) 549-3501,Columbus,OH,Midwest,2005,Male,2025-04-12,Consumer,Bronze,Regular,Yes
2001,Jennifer,Flores,jennifer.flores.2001@protonmail.com,(295) 217-1964,San Diego,CA,West,1986,Female,2025-02-22,Consumer,Platinum,Regular,Yes
2002,Justin,King,justin.king.2002@icloud.com,(715) 328-3489,Columbus,OH,Midwest,1970,Male,2023-09-10,Consumer,Bronze,Regular,Yes
2003,Andrew,Thompson,andrew.thompson.2003@outlook.com,(231) 741-4171,Phoenix,AZ,West,1981,Male,2026-06-20,Consumer,Silver,Frequent,Yes
2004,Ryan,Garcia,ryan.garcia.2004@yahoo.com,(704) 332-3173,Chicago,IL,Midwest,1985,Male,2026-07-22,Consumer,Bronze,Frequent,Yes
2005,Nicole,Gonzalez,nicole.gonzalez.2005@protonmail.com,(547) 830-9082,Boston,MA,Northeast,2003,Female,2025-08-06,Consumer,Silver,Frequent,Yes
2006,Susan,Scott,susan.scott.2006@gmail.com,(539) 893-9384,Charlotte,NC,South,1966,Female,2024-08-27,Consumer,Bronze,Occasional,No
2007,James,Martinez,james.martinez.2007@outlook.com,(468) 213-7856,Phoenix,AZ,West,1980,Male,2024-08-12,Consumer,Bronze,Occasional,Yes
2008,Brandon,Walker,brandon.walker.2008@gmail.com,(463) 285-9235,Orlando,FL,South,1947,Male,2024-11-29,Consumer,Silver,Regular,No
2009,Daniel,Ramirez,daniel.ramirez.2009@yahoo.com,(641) 337-4613,Houston,TX,South,1966,Male,2025-03-07,Consumer,Bronze,Regular,Yes
2010,Joshua,Allen,joshua.allen.2010@gmail.com,(410) 598-1859,Orlando,FL,South,1984,Male,2026-06-10,Consumer,Silver,Frequent,Yes
2011,Abigail,Rodriguez,abigail.rodriguez.2011@yahoo.com,(693) 803-5539,Los Angeles,CA,West,1980,Female,2024-02-01,Small Business,Platinum,Regular,Yes
2012,Sophia,Garcia,sophia.garcia.2012@yahoo.com,(733) 800-6286,Chicago,IL,Midwest,1952,Female,2024-11-05,Consumer,Bronze,Frequent,Yes
2013,Edward,Torres,edward.torres.2013@gmail.com,(570) 438-6040,Charlotte,NC,South,1974,Male,2024-06-15,Consumer,Silver,Frequent,Yes
2014,Brian,Thompson,brian.thompson.2014@outlook.com,(873) 947-7452,Phoenix,AZ,West,1966,Male,2026-03-01,Consumer,Silver,Regular,Yes
2015,Thomas,Allen,thomas.allen.2015@icloud.com,(905) 876-3445,Minneapolis,MN,Midwest,1998,Male,2025-04-27,Small Business,Bronze,Frequent,Yes
2016,Rebecca,Wright,rebecca.wright.2016@gmail.com,(739) 423-3527,Columbus,OH,Midwest,2002,Female,2026-01-03,Consumer,Bronze,Occasional,Yes
2017,Margaret,Allen,margaret.allen.2017@icloud.com,(714) 218-7540,Orlando,FL,South,1976,Female,2025-05-15,Consumer,Bronze,Frequent,Yes
2018,Joseph,Walker,joseph.walker.2018@outlook.com,(565) 851-4287,Portland,OR,West,1966,Male,2025-08-30,Consumer,Silver,Occasional,Yes
2019,Sophia,Thompson,sophia.thompson.2019@yahoo.com,(750) 925-8493,Milwaukee,WI,Midwest,1989,Female,2025-10-27,Consumer,Bronze,Regular,No
2020,Rachel,Jones,rachel.jones.2020@gmail.com,(966) 867-2930,Indianapolis,IN,Midwest,1972,Female,2023-11-17,Enterprise,Bronze,Regular,Yes
2021,Mark,Taylor,mark.taylor.2021@icloud.com,(518) 314-7607,Houston,TX,South,1949,Male,2024-10-13,Consumer,Bronze,Frequent,Yes
2022,Joseph,Smith,joseph.smith.2022@gmail.com,(605) 396-1616,Los Angeles,CA,West,1997,Male,2025-10-29,Consumer,Bronze,Occasional,Yes
2023,Brian,Walker,brian.walker.2023@protonmail.com,(962) 420-6002,Columbus,OH,Midwest,1978,Male,2023-09-16,Consumer,Bronze,Occasional,Yes
2024,Andrew,Harris,andrew.harris.2024@gmail.com,(284) 848-9292,Atlanta,GA,South,1972,Male,2024-06-04,Consumer,Bronze,Regular,No
2025,Christina,Wilson,christina.wilson.2025@outlook.com,(583) 739-7539,Houston,TX,South,2000,Female,2024-11-14,Consumer,Bronze,Occasional,Yes
2026,Michael,Thompson,michael.thompson.2026@icloud.com,(241) 829-8166,Houston,TX,South,1982,Male,2024-05-16,Consumer,Bronze,Occasional,Yes
2027,Megan,Sanchez,megan.sanchez.2027@yahoo.com,(839) 787-2031,Columbus,OH,Midwest,1992,Female,2024-11-12,Consumer,Bronze,Occasional,Yes
2028,Edward,King,edward.king.2028@gmail.com,(374) 287-6855,Denver,CO,West,1996,Male,2023-11-11,Consumer,Silver,Regular,No
2029,Justin,Wilson,justin.wilson.2029@outlook.com,(595) 386-7828,Chicago,IL,Midwest,1980,Male,2024-10-17,Consumer,Bronze,Occasional,Yes
2030,Matthew,Sanchez,matthew.sanchez.2030@gmail.com,(692) 551-2346,Houston,TX,South,1980,Male,2025-07-02,Consumer,Bronze,Regular,Yes
2031,Edward,Torres,edward.torres.2031@yahoo.com,(506) 298-6026,San Diego,CA,West,1954,Male,2023-05-21,Consumer,Bronze,Regular,Yes
2032,Susan,Miller,susan.miller.2032@yahoo.com,(878) 784-8796,Houston,TX,South,1978,Female,2024-05-15,Consumer,Bronze,Frequent,Yes
2033,Nancy,Harris,nancy.harris.2033@outlook.com,(853) 513-4647,Los Angeles,CA,West,1991,Female,2024-09-12,Consumer,Bronze,Regular,No
2034,Emily,Young,emily.young.2034@protonmail.com,(472) 986-1880,Hartford,CT,Northeast,1991,Female,2023-10-16,Small Business,Bronze,Occasional,Yes
2035,Edward,Thomas,edward.thomas.2035@gmail.com,(879) 248-2798,Charlotte,NC,South,1974,Male,2025-08-07,Consumer,Bronze,Occasional,Yes
2036,Sarah,Robinson,sarah.robinson.2036@yahoo.com,(910) 749-8925,Dallas,TX,South,1960,Female,2024-06-22,Small Business,Silver,Regular,Yes
2037,Nancy,Robinson,nancy.robinson.2037@icloud.com,(516) 297-7447,Denver,CO,West,1962,Female,2024-12-02,Consumer,Bronze,Regular,Yes
2038,Matthew,Robinson,matthew.robinson.2038@yahoo.com,(765) 218-6636,Miami,FL,South,1968,Male,2026-01-03,Consumer,Gold,VIP,Yes
2039,Jacob,Young,jacob.young.2039@protonmail.com,(991) 468-2926,Charlotte,NC,South,1995,Male,2023-11-15,Consumer,Bronze,Frequent,Yes
2040,Jessica,Wilson,jessica.wilson.2040@protonmail.com,(655) 848-2573,Indianapolis,IN,Midwest,1951,Female,2025-08-10,Consumer,Bronze,Occasional,Yes
2041,Betty,Nguyen,betty.nguyen.2041@yahoo.com,(242) 730-4551,Dallas,TX,South,1990,Nonbinary,2024-12-16,Enterprise,Bronze,Occasional,Yes
2042,Nicole,Sanchez,nicole.sanchez.2042@icloud.com,(556) 830-1511,Newark,NJ,Northeast,1951,Female,2025-03-06,Consumer,Silver,Occasional,Yes
2043,Linda,Lewis,linda.lewis.2043@protonmail.com,(642) 917-3917,Minneapolis,MN,Midwest,1981,Female,2024-07-06,Consumer,Silver,Occasional,No
2044,Rachel,Miller,rachel.miller.2044@protonmail.com,(989) 799-7950,Nashville,TN,South,1996,Female,2026-03-30,Consumer,Silver,Frequent,Yes
2045,Matthew,Gonzalez,matthew.gonzalez.2045@icloud.com,(246) 700-1946,Las Vegas,NV,West,1990,Male,2024-12-30,Enterprise,Bronze,Regular,Yes
2046,Amanda,Wilson,amanda.wilson.2046@outlook.com,(826) 207-2219,Charlotte,NC,South,1997,Female,2024-12-08,Enterprise,Bronze,Occasional,Yes
2047,Sandra,Martin,sandra.martin.2047@outlook.com,(521) 691-7783,Pittsburgh,PA,Northeast,1999,Female,2025-04-09,Enterprise,Bronze,Regular,Yes
2048,John,Moore,john.moore.2048@icloud.com,(889) 938-4740,Atlanta,GA,South,1987,Male,2023-01-23,Consumer,Silver,Occasional,Yes
2049,Mark,White,mark.white.2049@icloud.com,(442) 946-8714,Columbus,OH,Midwest,1999,Male,2023-12-23,Consumer,Bronze,Occasional,Yes
2050,Edward,Jones,edward.jones.2050@outlook.com,(400) 370-2237,Hartford,CT,Northeast,1996,Male,2023-07-01,Consumer,Bronze,Occasional,Yes
2051,Daniel,Hernandez,daniel.hernandez.2051@outlook.com,(541) 833-6015,San Diego,CA,West,1981,Male,2026-01-24,Small Business,Bronze,Frequent,Yes
2052,Daniel,Lewis,daniel.lewis.2052@yahoo.com,(486) 493-2251,Portland,OR,West,1956,Male,2024-03-15,Consumer,Bronze,Regular,Yes
2053,Rebecca,Wright,rebecca.wright.2053@gmail.com,(903) 546-3365,Milwaukee,WI,Midwest,1957,Female,2025-07-10,Consumer,Bronze,Regular,Yes
2054,Charles,Wright,charles.wright.2054@gmail.com,(749) 997-5578,Buffalo,NY,Northeast,1977,Male,2025-05-28,Consumer,Gold,Occasional,Yes
2055,Thomas,Harris,thomas.harris.2055@yahoo.com,(473) 261-2596,Columbus,OH,Midwest,1960,Male,2025-12-05,Consumer,Bronze,Occasional,Yes
2056,Amanda,Wilson,amanda.wilson.2056@icloud.com,(247) 949-1173,Los Angeles,CA,West,2003,Female,2025-03-19,Consumer,Bronze,Occasional,No
2057,Andrew,Ramirez,andrew.ramirez.2057@icloud.com,(869) 694-2076,Buffalo,NY,Northeast,1968,Male,2026-05-21,Small Business,Bronze,Occasional,Yes
2058,Linda,Young,linda.young.2058@yahoo.com,(305) 713-7388,Pittsburgh,PA,Northeast,1980,Female,2025-03-19,Consumer,Silver,Occasional,Yes
2059,Jessica,Hernandez,jessica.hernandez.2059@yahoo.com,(311) 802-2365,Houston,TX,South,1984,Female,2024-06-09,Consumer,Silver,Regular,Yes
2060,Sophia,Anderson,sophia.anderson.2060@icloud.com,(860) 215-4759,Chicago,IL,Midwest,1947,Female,2026-03-11,Consumer,Gold,VIP,Yes
2061,Rachel,Davis,rachel.davis.2061@protonmail.com,(787) 302-4077,St. Louis,MO,Midwest,1992,Female,2023-05-22,Consumer,Bronze,Frequent,Yes
2062,Brian,Sanchez,brian.sanchez.2062@protonmail.com,(454) 852-7520,Atlanta,GA,South,2004,Male,2024-11-11,Consumer,Bronze,Occasional,Yes
2063,Daniel,Hernandez,daniel.hernandez.2063@gmail.com,(763) 924-9356,Atlanta,GA,South,1992,Male,2026-03-16,Consumer,Bronze,Frequent,Yes
2064,Joshua,Smith,joshua.smith.2064@yahoo.com,(396) 898-2354,Buffalo,NY,Northeast,1959,Male,2026-01-21,Consumer,Platinum,Frequent,Yes
2065,Jessica,Lee,jessica.lee.2065@yahoo.com,(325) 226-3669,Las Vegas,NV,West,1981,Female,2025-02-11,Consumer,Gold,Occasional,Yes
2066,Abigail,Garcia,abigail.garcia.2066@protonmail.com,(923) 693-1195,Buffalo,NY,Northeast,1977,Female,2025-01-22,Consumer,Bronze,VIP,No
2067,Rebecca,Hill,rebecca.hill.2067@gmail.com,(553) 620-9197,Richmond,VA,South,1989,Female,2025-09-22,Small Business,Bronze,Occasional,Yes
2068,Melissa,Martin,melissa.martin.2068@icloud.com,(459) 753-4798,Pittsburgh,PA,Northeast,1966,Female,2023-01-10,Small Business,Silver,Occasional,Yes
2069,Brian,Lee,brian.lee.2069@icloud.com,(668) 675-8136,Richmond,VA,South,1974,Male,2026-02-15,Consumer,Bronze,Frequent,Yes
2070,Sarah,Anderson,sarah.anderson.2070@icloud.com,(978) 442-1730,Richmond,VA,South,1998,Female,2024-04-22,Consumer,Silver,Occasional,Yes
2071,Melissa,Clark,melissa.clark.2071@yahoo.com,(319) 998-1005,St. Louis,MO,Midwest,2002,Female,2025-10-20,Consumer,Silver,VIP,Yes
2072,Amanda,Williams,amanda.williams.2072@yahoo.com,(596) 220-6585,St. Louis,MO,Midwest,1979,Female,2023-08-28,Small Business,Bronze,Occasional,No
2073,Patricia,Robinson,patricia.robinson.2073@gmail.com,(307) 310-1839,Milwaukee,WI,Midwest,1996,Female,2024-09-04,Small Business,Silver,Regular,Yes
2074,Mary,Sanchez,mary.sanchez.2074@outlook.com,(724) 778-8469,Richmond,VA,South,1971,Prefer not to say,2024-12-20,Consumer,Silver,Occasional,Yes
2075,Melissa,Wilson,melissa.wilson.2075@gmail.com,(823) 719-5224,Miami,FL,South,1993,Female,2023-02-20,Consumer,Platinum,Occasional,No
2076,Emma,Thompson,emma.thompson.2076@icloud.com,(269) 423-9509,Chicago,IL,Midwest,1991,Female,2026-04-23,Small Business,Bronze,Regular,Yes
2077,Amanda,Walker,amanda.walker.2077@gmail.com,(975) 869-4360,Newark,NJ,Northeast,1983,Female,2025-06-18,Small Business,Gold,Regular,Yes
2078,Mark,Martinez,mark.martinez.2078@gmail.com,(256) 648-4905,Richmond,VA,South,1949,Male,2025-06-28,Consumer,Bronze,Regular,No
2079,Amanda,Hill,amanda.hill.2079@outlook.com,(494) 406-3686,Nashville,TN,South,2002,Female,2026-01-10,Consumer,Bronze,Regular,Yes
2080,Jason,Thomas,jason.thomas.2080@gmail.com,(610) 925-1451,Philadelphia,PA,Northeast,1961,Male,2024-04-15,Consumer,Bronze,Occasional,Yes
2081,Anthony,Torres,anthony.torres.2081@outlook.com,(395) 549-8170,Portland,OR,West,1970,Male,2023-01-05,Consumer,Silver,Regular,Yes
2082,Rebecca,Rodriguez,rebecca.rodriguez.2082@gmail.com,(591) 471-5158,Detroit,MI,Midwest,1990,Female,2025-09-14,Consumer,Bronze,Frequent,Yes
2083,Daniel,Jackson,daniel.jackson.2083@protonmail.com,(210) 462-3731,Miami,FL,South,1985,Male,2026-03-31,Consumer,Bronze,Frequent,Yes
2084,Brandon,Martinez,brandon.martinez.2084@outlook.com,(573) 541-1489,Atlanta,GA,South,1993,Male,2025-04-20,Consumer,Platinum,VIP,Yes
2085,Mark,Scott,mark.scott.2085@protonmail.com,(333) 372-3004,Richmond,VA,South,1947,Male,2024-01-05,Consumer,Bronze,Occasional,Yes
2086,Emily,Williams,emily.williams.2086@icloud.com,(413) 806-3158,San Diego,CA,West,1980,Female,2024-10-29,Consumer,Silver,Regular,Yes
2087,Ashley,Walker,ashley.walker.2087@yahoo.com,(781) 570-7696,Newark,NJ,Northeast,1961,Female,2023-06-06,Consumer,Silver,Frequent,Yes
2088,Andrew,Torres,andrew.torres.2088@protonmail.com,(718) 206-8716,Houston,TX,South,1993,Male,2024-02-03,Consumer,Bronze,Occasional,Yes
2089,Nicole,Williams,nicole.williams.2089@outlook.com,(948) 920-1059,Newark,NJ,Northeast,2005,Female,2023-11-04,Consumer,Silver,Occasional,Yes
2090,Matthew,Martin,matthew.martin.2090@gmail.com,(256) 475-7648,Houston,TX,South,1984,Male,2025-10-17,Consumer,Bronze,Occasional,Yes
2091,Daniel,Johnson,daniel.johnson.2091@outlook.com,(252) 435-7524,Denver,CO,West,1973,Male,2026-03-15,Consumer,Silver,Occasional,Yes
2092,Jason,Perez,jason.perez.2092@outlook.com,(443) 905-4541,Dallas,TX,South,1977,Male,2025-02-01,Consumer,Bronze,VIP,Yes
2093,James,Ramirez,james.ramirez.2093@icloud.com,(697) 277-5389,New York,NY,Northeast,1954,Male,2026-05-02,Small Business,Bronze,Occasional,Yes
2094,Joshua,Miller,joshua.miller.2094@protonmail.com,(694) 885-3166,St. Louis,MO,Midwest,1981,Male,2023-08-07,Consumer,Bronze,Regular,Yes
2095,Jennifer,Torres,jennifer.torres.2095@outlook.com,(778) 660-1061,New York,NY,Northeast,1953,Female,2024-12-23,Small Business,Bronze,Occasional,Yes
2096,Justin,Gonzalez,justin.gonzalez.2096@yahoo.com,(530) 327-2266,Milwaukee,WI,Midwest,1966,Male,2023-07-31,Consumer,Bronze,Regular,Yes
2097,Stephanie,Lewis,stephanie.lewis.2097@icloud.com,(509) 912-2813,Philadelphia,PA,Northeast,1966,Female,2025-08-13,Enterprise,Gold,Frequent,No
2098,Nathan,Lopez,nathan.lopez.2098@protonmail.com,(281) 729-9936,Richmond,VA,South,1969,Male,2023-11-21,Small Business,Bronze,Occasional,Yes
2099,Karen,Torres,karen.torres.2099@icloud.com,(375) 969-5225,Las Vegas,NV,West,1990,Female,2025-06-08,Small Business,Bronze,Frequent,Yes
2100,Richard,Perez,richard.perez.2100@yahoo.com,(615) 970-6036,Las Vegas,NV,West,1968,Male,2025-02-09,Consumer,Bronze,Regular,Yes
2101,Steven,Williams,steven.williams.2101@yahoo.com,(328) 500-8715,Los Angeles,CA,West,1986,Male,2025-12-29,Small Business,Bronze,Occasional,Yes
2102,Patricia,Johnson,patricia.johnson.2102@icloud.com,(330) 494-3749,Indianapolis,IN,Midwest,1975,Female,2024-12-26,Consumer,Bronze,Occasional,Yes
2103,Edward,Rodriguez,edward.rodriguez.2103@outlook.com,(254) 809-2384,Pittsburgh,PA,Northeast,1971,Male,2024-03-28,Consumer,Gold,Frequent,Yes
2104,Olivia,Brown,olivia.brown.2104@outlook.com,(605) 518-2078,Denver,CO,West,1993,Female,2023-08-21,Consumer,Bronze,Regular,Yes
2105,Daniel,Clark,daniel.clark.2105@protonmail.com,(428) 422-6406,Chicago,IL,Midwest,1962,Male,2025-12-04,Small Business,Silver,Occasional,Yes
2106,Kevin,Lewis,kevin.lewis.2106@yahoo.com,(831) 627-7806,San Francisco,CA,West,1998,Nonbinary,2024-05-11,Consumer,Bronze,Frequent,No
2107,Emily,Garcia,emily.garcia.2107@outlook.com,(959) 508-8618,Seattle,WA,West,1955,Female,2023-12-12,Small Business,Bronze,Regular,Yes
2108,Lisa,Smith,lisa.smith.2108@gmail.com,(642) 507-8426,Buffalo,NY,Northeast,1947,Female,2026-03-22,Consumer,Bronze,Regular,Yes
2109,Charles,Martin,charles.martin.2109@gmail.com,(931) 490-3884,Richmond,VA,South,1965,Male,2024-10-27,Consumer,Bronze,Occasional,Yes
2110,Stephanie,Young,stephanie.young.2110@protonmail.com,(430) 836-4218,Chicago,IL,Midwest,1996,Female,2025-01-14,Small Business,Bronze,Frequent,Yes
2111,Melissa,Sanchez,melissa.sanchez.2111@yahoo.com,(378) 725-8680,Indianapolis,IN,Midwest,2000,Female,2026-04-23,Consumer,Bronze,Occasional,Yes
2112,Sandra,Gonzalez,sandra.gonzalez.2112@outlook.com,(844) 895-4411,Charlotte,NC,South,1959,Female,2025-09-12,Small Business,Bronze,Occasional,Yes
2113,Justin,Martin,justin.martin.2113@protonmail.com,(583) 395-8514,Philadelphia,PA,Northeast,1946,Nonbinary,2024-06-03,Consumer,Silver,Regular,Yes
2114,Nancy,Williams,nancy.williams.2114@gmail.com,(699) 925-2470,Charlotte,NC,South,1965,Female,2023-09-28,Consumer,Bronze,Occasional,Yes
2115,Amanda,Young,amanda.young.2115@yahoo.com,(549) 602-6006,Pittsburgh,PA,Northeast,1954,Female,2024-07-13,Consumer,Silver,Occasional,Yes
2116,William,White,william.white.2116@protonmail.com,(277) 800-2493,San Diego,CA,West,2005,Male,2023-03-14,Consumer,Bronze,Regular,No
2117,Paul,Thompson,paul.thompson.2117@gmail.com,(831) 930-8707,Denver,CO,West,1984,Male,2024-09-27,Consumer,Bronze,VIP,Yes
2118,Justin,Lee,justin.lee.2118@outlook.com,(484) 619-5030,Charlotte,NC,South,1956,Male,2024-04-17,Small Business,Bronze,VIP,Yes
2119,Michael,Clark,michael.clark.2119@icloud.com,(443) 523-3153,New York,NY,Northeast,2002,Male,2025-01-16,Consumer,Gold,Frequent,Yes
2120,Donald,Ramirez,donald.ramirez.2120@icloud.com,(712) 567-7881,Denver,CO,West,1983,Male,2024-10-05,Consumer,Bronze,Regular,Yes
2121,Jennifer,Martin,jennifer.martin.2121@protonmail.com,(238) 311-1723,Dallas,TX,South,1947,Female,2025-10-31,Consumer,Bronze,Regular,Yes
2122,Rebecca,Clark,rebecca.clark.2122@protonmail.com,(770) 300-9813,Chicago,IL,Midwest,1998,Female,2025-09-21,Small Business,Bronze,Regular,Yes
2123,Christina,Sanchez,christina.sanchez.2123@icloud.com,(924) 748-6772,Minneapolis,MN,Midwest,1971,Female,2023-08-22,Small Business,Bronze,VIP,Yes
2124,Matthew,Clark,matthew.clark.2124@icloud.com,(976) 770-9786,Los Angeles,CA,West,1969,Male,2026-04-25,Enterprise,Silver,Occasional,Yes
2125,Barbara,King,barbara.king.2125@protonmail.com,(314) 889-5757,Newark,NJ,Northeast,1997,Female,2023-11-17,Enterprise,Silver,Occasional,Yes
2126,Donald,Wilson,donald.wilson.2126@icloud.com,(818) 654-9526,Houston,TX,South,1979,Male,2023-02-28,Consumer,Bronze,Occasional,Yes
2127,Brian,White,brian.white.2127@gmail.com,(466) 596-8877,Pittsburgh,PA,Northeast,1958,Male,2026-01-28,Consumer,Bronze,Regular,Yes
2128,Margaret,Harris,margaret.harris.2128@gmail.com,(286) 635-5986,Orlando,FL,South,1966,Female,2026-02-23,Consumer,Bronze,Frequent,Yes
2129,Rachel,Hill,rachel.hill.2129@icloud.com,(414) 802-3401,Phoenix,AZ,West,1977,Female,2023-07-03,Consumer,Bronze,Occasional,Yes
2130,Nancy,King,nancy.king.2130@icloud.com,(693) 447-1301,Denver,CO,West,1960,Female,2024-03-14,Consumer,Silver,Frequent,Yes
2131,Emily,Scott,emily.scott.2131@outlook.com,(212) 305-3352,Nashville,TN,South,1980,Female,2024-08-02,Small Business,Bronze,Regular,Yes
2132,Nancy,Jackson,nancy.jackson.2132@protonmail.com,(962) 937-1597,Atlanta,GA,South,1982,Female,2024-08-28,Consumer,Platinum,VIP,Yes
2133,Kevin,Wilson,kevin.wilson.2133@yahoo.com,(586) 299-7418,St. Louis,MO,Midwest,1977,Male,2025-12-01,Consumer,Bronze,Regular,Yes
2134,Christina,Jackson,christina.jackson.2134@outlook.com,(520) 361-6033,Dallas,TX,South,1982,Female,2023-03-03,Small Business,Bronze,Occasional,Yes
2135,Mary,Young,mary.young.2135@yahoo.com,(623) 972-7348,Indianapolis,IN,Midwest,1986,Female,2026-03-05,Consumer,Platinum,Regular,Yes
2136,Edward,Gonzalez,edward.gonzalez.2136@icloud.com,(257) 204-3718,Orlando,FL,South,1994,Male,2025-07-15,Consumer,Bronze,Occasional,Yes
2137,Jessica,Jackson,jessica.jackson.2137@yahoo.com,(731) 777-1712,Hartford,CT,Northeast,1956,Female,2023-07-29,Small Business,Bronze,Regular,Yes
2138,Ashley,Hernandez,ashley.hernandez.2138@gmail.com,(384) 422-3082,Los Angeles,CA,West,1947,Female,2025-06-02,Consumer,Bronze,Regular,Yes
2139,Jason,Moore,jason.moore.2139@outlook.com,(685) 600-6291,Atlanta,GA,South,1971,Male,2024-02-01,Consumer,Bronze,Occasional,Yes
2140,Justin,Jackson,justin.jackson.2140@yahoo.com,(749) 757-7437,Nashville,TN,South,1989,Male,2024-06-15,Consumer,Bronze,Regular,Yes
2141,Emma,Robinson,emma.robinson.2141@gmail.com,(745) 232-3498,Charlotte,NC,South,1998,Female,2023-05-31,Consumer,Bronze,Frequent,Yes
2142,Melissa,Davis,melissa.davis.2142@gmail.com,(225) 470-8441,San Diego,CA,West,1971,Female,2026-03-21,Consumer,Bronze,Occasional,Yes
2143,Justin,Allen,justin.allen.2143@icloud.com,(873) 892-3343,Detroit,MI,Midwest,1953,Male,2026-06-14,Small Business,Silver,Regular,Yes
2144,Mark,Scott,mark.scott.2144@gmail.com,(402) 973-2142,Cleveland,OH,Midwest,1961,Male,2024-03-27,Consumer,Gold,Occasional,Yes
2145,Emma,Scott,emma.scott.2145@outlook.com,(522) 851-2897,Indianapolis,IN,Midwest,1989,Female,2023-06-25,Consumer,Platinum,Regular,Yes
2146,James,Martin,james.martin.2146@gmail.com,(595) 664-2639,Atlanta,GA,South,1992,Male,2026-03-18,Consumer,Bronze,Occasional,Yes
2147,Donald,King,donald.king.2147@yahoo.com,(522) 685-3050,Atlanta,GA,South,1993,Male,2024-12-25,Consumer,Bronze,Frequent,No
2148,Lisa,Walker,lisa.walker.2148@icloud.com,(471) 464-9605,Chicago,IL,Midwest,1958,Female,2024-03-31,Consumer,Bronze,Frequent,Yes
2149,Joseph,Thomas,joseph.thomas.2149@icloud.com,(507) 272-1070,Cleveland,OH,Midwest,1963,Male,2026-06-13,Consumer,Gold,Occasional,Yes
2150,Barbara,Ramirez,barbara.ramirez.2150@icloud.com,(447) 289-1593,St. Louis,MO,Midwest,1947,Female,2026-02-13,Consumer,Gold,Occasional,Yes
2151,Sarah,Sanchez,sarah.sanchez.2151@icloud.com,(495) 221-2006,Indianapolis,IN,Midwest,1959,Prefer not to say,2024-10-21,Consumer,Bronze,Regular,Yes
2152,Ashley,Sanchez,ashley.sanchez.2152@protonmail.com,(805) 478-9335,Houston,TX,South,1985,Female,2026-07-25,Small Business,Bronze,Regular,Yes
2153,Mary,Thomas,mary.thomas.2153@gmail.com,(655) 697-4635,Charlotte,NC,South,1996,Female,2025-07-22,Consumer,Bronze,Regular,Yes
2154,Abigail,Martin,abigail.martin.2154@gmail.com,(652) 309-7932,Cleveland,OH,Midwest,1978,Female,2025-06-28,Small Business,Gold,Occasional,Yes
2155,Kevin,Flores,kevin.flores.2155@icloud.com,(658) 486-4726,New York,NY,Northeast,1966,Prefer not to say,2024-12-31,Consumer,Bronze,Frequent,Yes
2156,Joshua,Martin,joshua.martin.2156@protonmail.com,(311) 691-1434,Minneapolis,MN,Midwest,2005,Male,2025-02-05,Enterprise,Gold,Occasional,Yes
2157,Matthew,Thomas,matthew.thomas.2157@icloud.com,(556) 419-7322,Los Angeles,CA,West,1982,Male,2026-04-14,Consumer,Silver,Occasional,Yes
2158,George,Walker,george.walker.2158@icloud.com,(911) 358-5473,St. Louis,MO,Midwest,1981,Male,2024-03-19,Consumer,Platinum,Frequent,Yes
2159,David,Gonzalez,david.gonzalez.2159@protonmail.com,(357) 690-7357,Denver,CO,West,1987,Male,2024-11-05,Small Business,Bronze,Occasional,Yes
2160,Thomas,Garcia,thomas.garcia.2160@protonmail.com,(599) 650-1546,Seattle,WA,West,2002,Male,2023-09-12,Consumer,Bronze,Frequent,Yes
2161,Amanda,Miller,amanda.miller.2161@gmail.com,(597) 339-6554,Dallas,TX,South,1952,Female,2023-09-14,Small Business,Bronze,Frequent,Yes
2162,Brian,Scott,brian.scott.2162@protonmail.com,(910) 810-8337,Milwaukee,WI,Midwest,1958,Male,2025-03-31,Small Business,Bronze,Frequent,Yes
2163,Steven,Lee,steven.lee.2163@icloud.com,(912) 301-9863,Atlanta,GA,South,1961,Male,2024-05-01,Small Business,Bronze,Regular,No
2164,Megan,Nguyen,megan.nguyen.2164@outlook.com,(598) 254-1116,Denver,CO,West,1966,Female,2023-04-23,Consumer,Silver,Occasional,Yes
2165,Christina,Davis,christina.davis.2165@protonmail.com,(670) 397-5225,Chicago,IL,Midwest,1971,Female,2023-06-01,Consumer,Bronze,Occasional,Yes
2166,Paul,Flores,paul.flores.2166@protonmail.com,(724) 343-4165,Detroit,MI,Midwest,1945,Male,2024-04-18,Consumer,Bronze,Occasional,Yes
2167,Betty,Torres,betty.torres.2167@yahoo.com,(741) 327-9090,Minneapolis,MN,Midwest,1949,Female,2024-03-22,Consumer,Bronze,Occasional,Yes
2168,Donald,Thomas,donald.thomas.2168@protonmail.com,(341) 329-2176,Minneapolis,MN,Midwest,1991,Male,2024-10-11,Small Business,Gold,Regular,Yes
2169,David,Rodriguez,david.rodriguez.2169@icloud.com,(593) 264-4659,Buffalo,NY,Northeast,1997,Male,2025-03-25,Small Business,Bronze,Occasional,Yes
2170,Margaret,Taylor,margaret.taylor.2170@protonmail.com,(805) 267-7780,Phoenix,AZ,West,1965,Female,2024-01-23,Consumer,Bronze,Frequent,Yes
2171,Mary,Thomas,mary.thomas.2171@protonmail.com,(352) 850-7591,New York,NY,Northeast,1966,Female,2024-01-03,Consumer,Silver,Occasional,Yes
2172,William,Harris,william.harris.2172@outlook.com,(390) 520-4031,Seattle,WA,West,1981,Male,2026-07-03,Consumer,Bronze,Occasional,Yes
2173,Sarah,Taylor,sarah.taylor.2173@protonmail.com,(645) 719-2850,Houston,TX,South,1972,Female,2026-07-13,Small Business,Bronze,Frequent,Yes
2174,John,Martin,john.martin.2174@gmail.com,(528) 775-9186,Seattle,WA,West,1983,Male,2023-02-19,Consumer,Bronze,Regular,Yes
2175,Daniel,Thompson,daniel.thompson.2175@icloud.com,(824) 253-3813,Chicago,IL,Midwest,1994,Male,2023-12-08,Small Business,Gold,Regular,No
2176,Edward,Martinez,edward.martinez.2176@outlook.com,(941) 606-7476,Pittsburgh,PA,Northeast,1955,Male,2025-08-16,Enterprise,Gold,Occasional,Yes
2177,Susan,Lee,susan.lee.2177@protonmail.com,(803) 781-9023,Charlotte,NC,South,1965,Female,2026-06-28,Consumer,Bronze,Occasional,Yes
2178,Sandra,Torres,sandra.torres.2178@protonmail.com,(858) 349-5175,Miami,FL,South,1993,Female,2024-10-08,Enterprise,Gold,Occasional,Yes
2179,Jennifer,Jones,jennifer.jones.2179@protonmail.com,(635) 351-6818,Buffalo,NY,Northeast,1945,Female,2025-07-22,Enterprise,Gold,Occasional,Yes
2180,Justin,Ramirez,justin.ramirez.2180@gmail.com,(756) 243-6922,Philadelphia,PA,Northeast,1958,Male,2023-11-25,Consumer,Bronze,Occasional,Yes
2181,Megan,Allen,megan.allen.2181@outlook.com,(375) 313-1644,Columbus,OH,Midwest,1953,Female,2026-02-18,Consumer,Platinum,Regular,Yes
2182,Joshua,King,joshua.king.2182@yahoo.com,(757) 557-3446,Nashville,TN,South,1967,Male,2025-05-24,Consumer,Bronze,Frequent,Yes
2183,Mary,Jones,mary.jones.2183@gmail.com,(647) 898-3624,Chicago,IL,Midwest,1961,Female,2025-08-20,Consumer,Bronze,Frequent,Yes
2184,Jason,Wilson,jason.wilson.2184@gmail.com,(218) 572-2323,Milwaukee,WI,Midwest,1967,Male,2024-11-01,Consumer,Silver,Occasional,Yes
2185,Karen,Wright,karen.wright.2185@outlook.com,(628) 210-8402,San Francisco,CA,West,1989,Female,2024-03-01,Consumer,Gold,Occasional,Yes
2186,Patricia,Martinez,patricia.martinez.2186@yahoo.com,(402) 667-6421,Cleveland,OH,Midwest,1988,Female,2024-07-10,Consumer,Gold,Occasional,Yes
2187,Mark,Torres,mark.torres.2187@gmail.com,(632) 636-7316,Boston,MA,Northeast,1990,Male,2025-05-01,Small Business,Bronze,Regular,Yes
2188,Rachel,Martin,rachel.martin.2188@gmail.com,(598) 301-8141,Buffalo,NY,Northeast,2003,Female,2024-07-24,Small Business,Bronze,Occasional,Yes
2189,James,Johnson,james.johnson.2189@gmail.com,(701) 616-5904,Indianapolis,IN,Midwest,1946,Male,2026-02-05,Consumer,Silver,Occasional,Yes
2190,Jacob,Hernandez,jacob.hernandez.2190@protonmail.com,(617) 830-7810,Nashville,TN,South,1965,Male,2023-01-13,Consumer,Bronze,Frequent,Yes
2191,Richard,Davis,richard.davis.2191@protonmail.com,(249) 532-9244,Nashville,TN,South,1989,Male,2024-05-15,Consumer,Bronze,Occasional,Yes
2192,Sandra,Lewis,sandra.lewis.2192@yahoo.com,(708) 614-3856,Cleveland,OH,Midwest,1989,Female,2023-04-28,Consumer,Bronze,Frequent,No
2193,Steven,Gonzalez,steven.gonzalez.2193@yahoo.com,(527) 718-8133,Chicago,IL,Midwest,1994,Male,2024-11-06,Small Business,Bronze,Occasional,Yes
2194,Nicole,Wright,nicole.wright.2194@gmail.com,(443) 220-5173,Columbus,OH,Midwest,1962,Female,2025-06-30,Consumer,Bronze,Regular,Yes
2195,Sophia,Wright,sophia.wright.2195@gmail.com,(516) 334-3917,Los Angeles,CA,West,1998,Female,2023-08-30,Consumer,Bronze,Regular,Yes
2196,Matthew,Perez,matthew.perez.2196@yahoo.com,(777) 616-8257,Portland,OR,West,1947,Male,2024-01-06,Consumer,Bronze,Occasional,Yes
2197,George,Garcia,george.garcia.2197@yahoo.com,(976) 539-8663,Buffalo,NY,Northeast,1959,Male,2026-01-27,Small Business,Platinum,Occasional,Yes
2198,Emma,Taylor,emma.taylor.2198@yahoo.com,(743) 784-8614,Charlotte,NC,South,1981,Female,2026-01-30,Consumer,Bronze,VIP,Yes
2199,Rebecca,Miller,rebecca.miller.2199@protonmail.com,(995) 584-1995,San Francisco,CA,West,1969,Female,2024-02-17,Consumer,Silver,Regular,Yes
2200,Thomas,Robinson,thomas.robinson.2200@protonmail.com,(938) 432-1115,Charlotte,NC,South,2001,Male,2026-03-29,Consumer,Bronze,Regular,Yes
2201,Thomas,Harris,thomas.harris.2201@icloud.com,(791) 808-3074,San Diego,CA,West,1983,Male,2026-03-17,Small Business,Silver,Frequent,Yes
2202,Nathan,Perez,nathan.perez.2202@icloud.com,(966) 753-9504,Chicago,IL,Midwest,1958,Male,2024-03-27,Small Business,Gold,Regular,Yes
2203,David,Allen,david.allen.2203@protonmail.com,(678) 605-4976,Orlando,FL,South,1994,Male,2024-06-12,Consumer,Bronze,Occasional,Yes
2204,Brian,Smith,brian.smith.2204@yahoo.com,(483) 520-8578,St. Louis,MO,Midwest,1982,Male,2026-06-14,Consumer,Bronze,VIP,Yes
2205,Thomas,Martin,thomas.martin.2205@icloud.com,(855) 989-6625,Atlanta,GA,South,1992,Male,2023-12-15,Consumer,Bronze,Regular,Yes
2206,Rebecca,Lewis,rebecca.lewis.2206@protonmail.com,(414) 825-9449,San Diego,CA,West,1960,Female,2024-06-14,Consumer,Bronze,Occasional,Yes
2207,Edward,Torres,edward.torres.2207@yahoo.com,(661) 719-4653,St. Louis,MO,Midwest,1972,Male,2026-03-18,Small Business,Silver,Regular,Yes
2208,Mark,Scott,mark.scott.2208@icloud.com,(910) 415-1930,Newark,NJ,Northeast,1964,Male,2024-03-22,Consumer,Platinum,Regular,No
2209,Michael,Robinson,michael.robinson.2209@gmail.com,(857) 841-1042,Orlando,FL,South,2000,Male,2026-07-28,Consumer,Gold,Occasional,Yes
2210,Anthony,Nguyen,anthony.nguyen.2210@outlook.com,(618) 795-6571,Buffalo,NY,Northeast,1963,Male,2024-10-20,Consumer,Silver,Occasional,Yes
2211,Steven,Williams,steven.williams.2211@icloud.com,(522) 400-3598,Cleveland,OH,Midwest,2004,Male,2023-10-11,Consumer,Platinum,Frequent,Yes
2212,Rachel,Perez,rachel.perez.2212@outlook.com,(331) 451-5388,Portland,OR,West,1989,Female,2026-05-01,Consumer,Bronze,Occasional,Yes
2213,Margaret,Flores,margaret.flores.2213@icloud.com,(242) 352-1602,Atlanta,GA,South,1968,Female,2024-10-04,Consumer,Silver,Occasional,Yes
2214,Sarah,Jones,sarah.jones.2214@icloud.com,(601) 313-3623,Houston,TX,South,1981,Female,2025-01-08,Consumer,Gold,Occasional,Yes
2215,Nathan,Hill,nathan.hill.2215@gmail.com,(648) 952-7639,Philadelphia,PA,Northeast,1998,Male,2023-01-30,Consumer,Silver,Regular,Yes
2216,Emma,Martinez,emma.martinez.2216@icloud.com,(770) 911-6778,Seattle,WA,West,1969,Female,2025-01-16,Consumer,Silver,Occasional,Yes
2217,Sarah,White,sarah.white.2217@icloud.com,(206) 711-9166,Miami,FL,South,1958,Female,2025-04-15,Consumer,Bronze,Regular,Yes
2218,Ryan,Martin,ryan.martin.2218@protonmail.com,(940) 815-2011,Seattle,WA,West,1999,Male,2025-04-19,Consumer,Bronze,VIP,Yes
2219,Robert,Johnson,robert.johnson.2219@protonmail.com,(217) 388-4010,Dallas,TX,South,2005,Male,2023-10-19,Consumer,Bronze,VIP,Yes
2220,Matthew,Perez,matthew.perez.2220@icloud.com,(224) 938-2099,Minneapolis,MN,Midwest,1972,Male,2023-03-18,Consumer,Silver,Regular,No
2221,William,Williams,william.williams.2221@outlook.com,(317) 591-3987,Buffalo,NY,Northeast,1972,Male,2025-07-25,Consumer,Silver,Regular,Yes
2222,Richard,Thomas,richard.thomas.2222@protonmail.com,(586) 864-3403,Cleveland,OH,Midwest,1992,Male,2023-05-29,Consumer,Silver,Regular,Yes
2223,Joseph,Johnson,joseph.johnson.2223@outlook.com,(723) 438-8590,Nashville,TN,South,2002,Male,2023-04-24,Consumer,Bronze,Regular,Yes
2224,Sandra,Brown,sandra.brown.2224@protonmail.com,(348) 263-7557,Miami,FL,South,1995,Female,2025-06-30,Consumer,Bronze,Occasional,Yes
2225,Rachel,King,rachel.king.2225@protonmail.com,(254) 498-5238,Los Angeles,CA,West,1971,Female,2023-12-09,Enterprise,Platinum,VIP,Yes
2226,Ashley,Nguyen,ashley.nguyen.2226@gmail.com,(862) 636-5346,Houston,TX,South,1971,Female,2026-03-08,Consumer,Bronze,Frequent,Yes
2227,Thomas,Perez,thomas.perez.2227@protonmail.com,(467) 214-8233,Newark,NJ,Northeast,1975,Male,2024-05-28,Consumer,Bronze,Regular,Yes
2228,George,Moore,george.moore.2228@protonmail.com,(726) 712-8434,Richmond,VA,South,1972,Male,2023-04-19,Consumer,Silver,Occasional,No
2229,Karen,Martinez,karen.martinez.2229@gmail.com,(924) 859-7187,Atlanta,GA,South,2002,Female,2023-10-28,Small Business,Bronze,Regular,Yes
2230,Mary,Perez,mary.perez.2230@icloud.com,(755) 727-1173,Richmond,VA,South,1947,Female,2025-05-18,Consumer,Bronze,Occasional,Yes
2231,Olivia,Sanchez,olivia.sanchez.2231@icloud.com,(796) 736-4127,Richmond,VA,South,1985,Female,2025-01-23,Enterprise,Bronze,Occasional,No
2232,Jason,Taylor,jason.taylor.2232@gmail.com,(286) 790-2402,Providence,RI,Northeast,1950,Male,2024-07-07,Consumer,Bronze,Frequent,No
2233,Thomas,Scott,thomas.scott.2233@icloud.com,(697) 305-7013,Newark,NJ,Northeast,1945,Male,2025-08-23,Consumer,Silver,Regular,Yes
2234,Lauren,Miller,lauren.miller.2234@protonmail.com,(792) 581-8252,Chicago,IL,Midwest,1959,Female,2024-08-06,Consumer,Bronze,Occasional,Yes
2235,Elizabeth,Jackson,elizabeth.jackson.2235@gmail.com,(252) 892-8683,Atlanta,GA,South,2004,Female,2023-03-13,Consumer,Bronze,Frequent,Yes
2236,Amanda,White,amanda.white.2236@icloud.com,(367) 902-4762,Philadelphia,PA,Northeast,1987,Female,2024-12-13,Consumer,Bronze,Occasional,Yes
2237,Robert,Garcia,robert.garcia.2237@protonmail.com,(684) 475-8548,Philadelphia,PA,Northeast,2002,Male,2025-01-16,Consumer,Gold,Regular,Yes
2238,Justin,Perez,justin.perez.2238@outlook.com,(554) 354-7284,Minneapolis,MN,Midwest,1992,Male,2025-07-13,Consumer,Gold,Occasional,Yes
2239,Jason,Taylor,jason.taylor.2239@outlook.com,(651) 498-1644,Columbus,OH,Midwest,1952,Male,2024-08-05,Consumer,Bronze,Occasional,No
2240,Justin,White,justin.white.2240@icloud.com,(633) 969-7479,Buffalo,NY,Northeast,1994,Male,2026-06-08,Consumer,Gold,Occasional,Yes
2241,Steven,Hill,steven.hill.2241@yahoo.com,(708) 985-2448,Charlotte,NC,South,1998,Male,2023-01-10,Small Business,Gold,Regular,Yes
2242,Stephanie,Williams,stephanie.williams.2242@protonmail.com,(826) 235-9446,Portland,OR,West,1950,Female,2025-11-08,Consumer,Bronze,Occasional,Yes
2243,Ryan,Perez,ryan.perez.2243@yahoo.com,(227) 778-8155,Nashville,TN,South,1973,Male,2024-12-29,Consumer,Bronze,Occasional,Yes
2244,Rebecca,Thomas,rebecca.thomas.2244@gmail.com,(917) 730-7093,Richmond,VA,South,1950,Female,2023-08-27,Small Business,Bronze,Regular,Yes
2245,Kevin,Taylor,kevin.taylor.2245@outlook.com,(278) 448-6848,Orlando,FL,South,1983,Male,2024-10-20,Small Business,Silver,Occasional,Yes
2246,Ashley,Wilson,ashley.wilson.2246@protonmail.com,(208) 977-1653,Newark,NJ,Northeast,1989,Female,2024-07-17,Small Business,Bronze,Frequent,No
2247,Emma,Clark,emma.clark.2247@yahoo.com,(503) 759-3686,Miami,FL,South,1945,Female,2023-10-02,Consumer,Gold,Occasional,Yes
2248,Brandon,Walker,brandon.walker.2248@yahoo.com,(681) 899-5184,San Diego,CA,West,1999,Male,2023-05-12,Consumer,Bronze,Frequent,Yes
2249,Donald,Martin,donald.martin.2249@protonmail.com,(458) 898-8773,Houston,TX,South,1951,Male,2025-07-22,Consumer,Bronze,Regular,No
2250,John,Taylor,john.taylor.2250@outlook.com,(836) 385-7943,Richmond,VA,South,1996,Male,2023-04-08,Consumer,Bronze,Occasional,Yes
2251,Mark,Flores,mark.flores.2251@yahoo.com,(485) 537-9400,Las Vegas,NV,West,2005,Male,2025-08-02,Consumer,Bronze,Regular,Yes
2252,Karen,Jones,karen.jones.2252@outlook.com,(625) 203-6378,Atlanta,GA,South,1991,Female,2023-10-06,Consumer,Silver,Frequent,No
2253,Nicole,Robinson,nicole.robinson.2253@protonmail.com,(817) 227-2816,Charlotte,NC,South,1969,Female,2024-05-29,Enterprise,Bronze,Frequent,Yes
2254,Ashley,Jackson,ashley.jackson.2254@gmail.com,(568) 619-7587,Las Vegas,NV,West,1971,Female,2024-12-16,Consumer,Bronze,Occasional,Yes
2255,Abigail,Thomas,abigail.thomas.2255@protonmail.com,(458) 730-1495,Los Angeles,CA,West,1987,Female,2023-02-27,Enterprise,Silver,Regular,No
2256,Michael,Harris,michael.harris.2256@icloud.com,(891) 380-9061,Philadelphia,PA,Northeast,1960,Male,2024-05-09,Consumer,Gold,Occasional,Yes
2257,Lauren,Hernandez,lauren.hernandez.2257@gmail.com,(333) 840-2253,Richmond,VA,South,2000,Female,2024-01-21,Small Business,Bronze,Occasional,Yes
2258,Andrew,Wright,andrew.wright.2258@yahoo.com,(555) 837-9366,Las Vegas,NV,West,1971,Male,2025-03-20,Consumer,Silver,Occasional,Yes
2259,Jessica,Thompson,jessica.thompson.2259@protonmail.com,(380) 546-3285,Houston,TX,South,1985,Female,2023-12-05,Consumer,Gold,Frequent,Yes
2260,Rachel,King,rachel.king.2260@yahoo.com,(599) 803-9617,Minneapolis,MN,Midwest,1998,Female,2024-10-09,Consumer,Bronze,VIP,Yes
2261,Ashley,Hernandez,ashley.hernandez.2261@outlook.com,(890) 371-9853,Portland,OR,West,1947,Female,2023-11-12,Consumer,Bronze,Occasional,Yes
2262,John,Hernandez,john.hernandez.2262@icloud.com,(500) 329-8250,Nashville,TN,South,2005,Male,2025-06-04,Small Business,Bronze,Regular,No
2263,Kevin,Harris,kevin.harris.2263@gmail.com,(939) 449-3450,Providence,RI,Northeast,1992,Male,2025-08-05,Consumer,Bronze,Regular,Yes
2264,Mary,Lewis,mary.lewis.2264@protonmail.com,(433) 427-5357,Indianapolis,IN,Midwest,1971,Prefer not to say,2023-01-15,Consumer,Bronze,Occasional,Yes
2265,Emma,White,emma.white.2265@icloud.com,(711) 859-1598,Miami,FL,South,1999,Female,2023-09-22,Small Business,Bronze,Frequent,Yes
2266,Lisa,King,lisa.king.2266@outlook.com,(374) 763-6642,Richmond,VA,South,1959,Female,2025-08-04,Consumer,Gold,Regular,Yes
2267,Nathan,Johnson,nathan.johnson.2267@yahoo.com,(620) 733-4652,Nashville,TN,South,1966,Male,2023-11-09,Small Business,Bronze,Occasional,No
2268,Brandon,Robinson,brandon.robinson.2268@gmail.com,(568) 797-7903,Indianapolis,IN,Midwest,1979,Male,2026-02-16,Consumer,Bronze,Frequent,Yes
2269,Anthony,Robinson,anthony.robinson.2269@yahoo.com,(485) 727-5334,Orlando,FL,South,1969,Male,2024-12-04,Small Business,Platinum,Regular,Yes
2270,Megan,Anderson,megan.anderson.2270@yahoo.com,(560) 747-8622,Nashville,TN,South,1963,Female,2023-11-30,Consumer,Bronze,Regular,No
2271,Mary,Ramirez,mary.ramirez.2271@yahoo.com,(363) 631-5498,Seattle,WA,West,1982,Female,2024-10-02,Consumer,Bronze,Frequent,Yes
2272,Lauren,Scott,lauren.scott.2272@outlook.com,(789) 723-1474,Cleveland,OH,Midwest,1959,Female,2023-04-07,Consumer,Bronze,Frequent,Yes
2273,Ashley,Young,ashley.young.2273@gmail.com,(528) 761-2240,Hartford,CT,Northeast,1972,Female,2024-12-29,Consumer,Bronze,Regular,Yes
2274,Michael,White,michael.white.2274@gmail.com,(332) 851-8370,Seattle,WA,West,1965,Male,2024-02-09,Consumer,Silver,Regular,Yes
2275,Donald,Jones,donald.jones.2275@protonmail.com,(883) 502-6790,Phoenix,AZ,West,1968,Male,2026-06-25,Consumer,Bronze,Regular,No
2276,Lisa,Flores,lisa.flores.2276@outlook.com,(776) 927-2359,Milwaukee,WI,Midwest,1989,Female,2024-05-06,Consumer,Bronze,Regular,Yes
2277,Nancy,Jackson,nancy.jackson.2277@yahoo.com,(346) 263-8424,Seattle,WA,West,1953,Female,2024-10-02,Consumer,Gold,Regular,No
2278,Charles,Allen,charles.allen.2278@outlook.com,(294) 506-7131,New York,NY,Northeast,1984,Male,2023-05-18,Consumer,Bronze,Regular,Yes
2279,Daniel,Martinez,daniel.martinez.2279@protonmail.com,(468) 674-4317,Buffalo,NY,Northeast,1975,Male,2023-10-05,Consumer,Silver,Regular,Yes
2280,Kevin,Martinez,kevin.martinez.2280@gmail.com,(372) 955-5661,Atlanta,GA,South,1956,Male,2024-05-10,Consumer,Silver,Regular,No
2281,Megan,Lopez,megan.lopez.2281@outlook.com,(933) 290-1635,Minneapolis,MN,Midwest,1981,Female,2023-02-15,Consumer,Silver,Occasional,Yes
2282,William,Thompson,william.thompson.2282@icloud.com,(822) 458-2450,Miami,FL,South,1963,Male,2023-02-25,Consumer,Bronze,Frequent,Yes
2283,Joseph,Martinez,joseph.martinez.2283@gmail.com,(408) 509-4821,Orlando,FL,South,1950,Male,2026-05-02,Consumer,Bronze,VIP,Yes
2284,Matthew,Walker,matthew.walker.2284@icloud.com,(637) 759-7815,Buffalo,NY,Northeast,1989,Male,2025-06-04,Consumer,Silver,Occasional,Yes
2285,Christopher,Rodriguez,christopher.rodriguez.2285@outlook.com,(714) 285-4666,New York,NY,Northeast,1950,Male,2026-06-22,Consumer,Silver,Frequent,Yes
2286,Emma,Martin,emma.martin.2286@protonmail.com,(928) 271-7223,Columbus,OH,Midwest,1980,Female,2023-04-14,Consumer,Gold,Regular,Yes
2287,Nancy,Hernandez,nancy.hernandez.2287@outlook.com,(396) 528-7431,Charlotte,NC,South,1977,Female,2023-03-15,Consumer,Gold,Occasional,No
2288,Edward,Wilson,edward.wilson.2288@yahoo.com,(928) 912-2133,Philadelphia,PA,Northeast,1970,Male,2026-07-06,Consumer,Bronze,Regular,Yes
2289,Emma,Wilson,emma.wilson.2289@gmail.com,(314) 444-4374,Detroit,MI,Midwest,1963,Female,2025-09-08,Consumer,Gold,Occasional,Yes
2290,Sophia,Thomas,sophia.thomas.2290@protonmail.com,(686) 988-7403,Houston,TX,South,1949,Female,2025-10-06,Consumer,Bronze,Occasional,Yes
2291,Andrew,Robinson,andrew.robinson.2291@icloud.com,(974) 964-4423,Nashville,TN,South,1954,Male,2025-07-29,Consumer,Gold,Occasional,Yes
2292,Susan,Young,susan.young.2292@icloud.com,(231) 392-7211,San Diego,CA,West,1965,Female,2023-04-23,Consumer,Platinum,Frequent,No
2293,Margaret,Sanchez,margaret.sanchez.2293@icloud.com,(606) 902-5023,Los Angeles,CA,West,1970,Female,2024-07-29,Consumer,Bronze,Frequent,Yes
2294,Rebecca,Thomas,rebecca.thomas.2294@gmail.com,(793) 707-2076,Richmond,VA,South,1978,Female,2024-10-13,Consumer,Bronze,Frequent,Yes
2295,Margaret,Gonzalez,margaret.gonzalez.2295@icloud.com,(500) 492-9875,Dallas,TX,South,1966,Female,2025-04-11,Consumer,Silver,Frequent,Yes
2296,George,Hernandez,george.hernandez.2296@protonmail.com,(532) 754-3316,Miami,FL,South,1976,Male,2026-03-29,Consumer,Bronze,Occasional,Yes
2297,Daniel,Moore,daniel.moore.2297@outlook.com,(518) 731-3704,Charlotte,NC,South,1971,Male,2026-03-25,Consumer,Silver,Frequent,Yes
2298,Emily,Wright,emily.wright.2298@outlook.com,(348) 446-9714,Cleveland,OH,Midwest,2001,Female,2025-03-22,Consumer,Bronze,Regular,Yes
2299,Jessica,Clark,jessica.clark.2299@icloud.com,(928) 472-2609,Miami,FL,South,1978,Female,2024-07-14,Consumer,Bronze,Regular,Yes
2300,John,Rodriguez,john.rodriguez.2300@icloud.com,(238) 324-5262,Buffalo,NY,Northeast,1981,Male,2023-12-12,Consumer,Bronze,Regular,Yes
2301,Ashley,Miller,ashley.miller.2301@yahoo.com,(928) 419-7213,Pittsburgh,PA,Northeast,1956,Female,2025-06-18,Consumer,Bronze,Regular,Yes
2302,Amanda,Harris,amanda.harris.2302@gmail.com,(728) 822-3726,Pittsburgh,PA,Northeast,2001,Female,2024-02-11,Consumer,Bronze,Regular,Yes
2303,Ryan,Perez,ryan.perez.2303@protonmail.com,(452) 588-9299,Houston,TX,South,1956,Male,2024-06-12,Consumer,Bronze,Regular,Yes
2304,Jason,Anderson,jason.anderson.2304@yahoo.com,(847) 902-6157,Charlotte,NC,South,1963,Male,2024-02-11,Enterprise,Silver,Frequent,Yes
2305,Melissa,Thompson,melissa.thompson.2305@protonmail.com,(623) 858-3255,Minneapolis,MN,Midwest,1999,Female,2023-01-15,Consumer,Bronze,Occasional,Yes
2306,Joseph,King,joseph.king.2306@icloud.com,(961) 412-7399,Richmond,VA,South,1986,Male,2023-07-22,Small Business,Silver,Frequent,Yes
2307,Nancy,Brown,nancy.brown.2307@yahoo.com,(230) 999-2393,Denver,CO,West,1995,Female,2023-02-13,Small Business,Silver,Regular,Yes
2308,Matthew,Williams,matthew.williams.2308@gmail.com,(446) 481-9645,Charlotte,NC,South,1999,Male,2024-06-15,Consumer,Silver,Frequent,Yes
2309,Richard,Walker,richard.walker.2309@protonmail.com,(543) 926-3033,Los Angeles,CA,West,2004,Male,2025-09-24,Consumer,Bronze,Regular,Yes
2310,Nancy,Taylor,nancy.taylor.2310@icloud.com,(912) 914-6795,Orlando,FL,South,1998,Female,2023-10-11,Consumer,Bronze,Occasional,Yes
2311,Lisa,Hernandez,lisa.hernandez.2311@outlook.com,(477) 513-8552,Atlanta,GA,South,1986,Female,2023-05-17,Consumer,Gold,VIP,Yes
2312,Edward,Lee,edward.lee.2312@outlook.com,(366) 632-5562,Cleveland,OH,Midwest,1990,Male,2025-04-18,Consumer,Bronze,Occasional,No
2313,Andrew,Garcia,andrew.garcia.2313@gmail.com,(328) 899-5650,Chicago,IL,Midwest,1980,Male,2025-08-10,Consumer,Bronze,VIP,Yes
2314,Betty,Jones,betty.jones.2314@gmail.com,(915) 495-3846,Cleveland,OH,Midwest,1964,Female,2026-03-05,Consumer,Bronze,Regular,Yes
2315,Justin,Thomas,justin.thomas.2315@icloud.com,(373) 890-9763,Miami,FL,South,1957,Male,2026-01-14,Small Business,Silver,Regular,Yes
2316,Justin,Sanchez,justin.sanchez.2316@icloud.com,(480) 852-8476,Detroit,MI,Midwest,1971,Male,2023-10-11,Consumer,Bronze,Frequent,No
2317,Olivia,Garcia,olivia.garcia.2317@icloud.com,(238) 891-9548,Nashville,TN,South,1998,Female,2023-05-13,Small Business,Silver,Regular,Yes
2318,Abigail,Smith,abigail.smith.2318@yahoo.com,(460) 590-2338,Charlotte,NC,South,1964,Female,2023-06-05,Consumer,Bronze,Frequent,No
2319,Rebecca,Allen,rebecca.allen.2319@outlook.com,(949) 988-9457,Richmond,VA,South,2000,Prefer not to say,2024-09-10,Consumer,Bronze,Frequent,No
2320,Jason,Perez,jason.perez.2320@icloud.com,(669) 204-1925,San Francisco,CA,West,1963,Male,2025-09-15,Consumer,Platinum,Regular,Yes
2321,Michael,Martinez,michael.martinez.2321@protonmail.com,(231) 763-3677,Nashville,TN,South,1993,Male,2023-06-27,Consumer,Bronze,Regular,Yes
2322,Melissa,Nguyen,melissa.nguyen.2322@yahoo.com,(936) 408-9999,Hartford,CT,Northeast,1954,Female,2023-02-09,Consumer,Bronze,Regular,No
2323,Charles,White,charles.white.2323@gmail.com,(214) 393-8739,Orlando,FL,South,1953,Male,2025-12-20,Consumer,Silver,VIP,Yes
2324,Brian,Johnson,brian.johnson.2324@icloud.com,(930) 921-8121,Dallas,TX,South,1985,Male,2025-12-16,Consumer,Silver,Regular,Yes
2325,Joseph,Hernandez,joseph.hernandez.2325@yahoo.com,(808) 358-8130,Boston,MA,Northeast,1960,Male,2025-11-20,Consumer,Gold,Occasional,Yes
2326,Sandra,Clark,sandra.clark.2326@yahoo.com,(548) 604-6188,San Francisco,CA,West,1996,Female,2025-08-30,Consumer,Bronze,Occasional,Yes
2327,Betty,White,betty.white.2327@protonmail.com,(477) 710-8809,Detroit,MI,Midwest,1951,Female,2025-10-25,Small Business,Bronze,Regular,Yes
2328,Abigail,Williams,abigail.williams.2328@outlook.com,(606) 826-4698,Miami,FL,South,1956,Female,2023-05-05,Small Business,Silver,Regular,Yes
2329,Megan,Harris,megan.harris.2329@outlook.com,(210) 826-1540,Indianapolis,IN,Midwest,2005,Female,2025-01-30,Consumer,Gold,Regular,No
2330,Rebecca,Taylor,rebecca.taylor.2330@outlook.com,(862) 352-5452,Los Angeles,CA,West,1972,Female,2023-06-27,Small Business,Bronze,Regular,Yes
2331,Matthew,Davis,matthew.davis.2331@yahoo.com,(414) 609-7687,Buffalo,NY,Northeast,1946,Male,2026-04-30,Consumer,Silver,Occasional,Yes
2332,Elizabeth,Young,elizabeth.young.2332@icloud.com,(363) 991-9513,Dallas,TX,South,2005,Female,2025-12-27,Enterprise,Bronze,Regular,Yes
2333,Christina,Anderson,christina.anderson.2333@outlook.com,(934) 682-1871,Nashville,TN,South,1951,Female,2024-03-01,Consumer,Silver,Occasional,Yes
2334,Christopher,Martinez,christopher.martinez.2334@outlook.com,(438) 979-4221,Indianapolis,IN,Midwest,1945,Male,2025-07-01,Small Business,Bronze,Occasional,Yes
2335,Kevin,Allen,kevin.allen.2335@icloud.com,(760) 840-1207,Houston,TX,South,1953,Male,2023-06-18,Consumer,Silver,Regular,Yes
2336,Linda,Nguyen,linda.nguyen.2336@protonmail.com,(874) 594-9853,Miami,FL,South,1975,Female,2023-08-21,Small Business,Silver,Frequent,Yes
2337,Lisa,Harris,lisa.harris.2337@protonmail.com,(427) 674-3577,Miami,FL,South,1951,Nonbinary,2023-10-23,Consumer,Silver,Regular,Yes
2338,Susan,Martinez,susan.martinez.2338@yahoo.com,(831) 409-5310,St. Louis,MO,Midwest,1972,Female,2026-05-18,Consumer,Gold,Regular,Yes
2339,Amanda,Wilson,amanda.wilson.2339@protonmail.com,(422) 893-4460,Chicago,IL,Midwest,1974,Female,2026-05-28,Consumer,Bronze,Frequent,Yes
2340,Jessica,Hernandez,jessica.hernandez.2340@gmail.com,(897) 901-1489,Providence,RI,Northeast,1967,Female,2025-05-11,Small Business,Silver,Frequent,Yes
2341,Margaret,Ramirez,margaret.ramirez.2341@yahoo.com,(706) 627-8717,Phoenix,AZ,West,1986,Female,2025-04-05,Consumer,Silver,Regular,Yes
2342,Melissa,Torres,melissa.torres.2342@gmail.com,(436) 740-6487,Minneapolis,MN,Midwest,1991,Female,2025-01-03,Consumer,Bronze,Regular,Yes
2343,Emily,Harris,emily.harris.2343@icloud.com,(502) 410-7793,New York,NY,Northeast,1960,Female,2025-03-31,Consumer,Bronze,Frequent,Yes
2344,George,Perez,george.perez.2344@yahoo.com,(624) 570-8134,Portland,OR,West,1965,Male,2024-12-13,Consumer,Bronze,Frequent,Yes
2345,Richard,Jones,richard.jones.2345@icloud.com,(408) 589-7161,Richmond,VA,South,1946,Male,2023-07-06,Consumer,Bronze,Regular,Yes
2346,William,Thompson,william.thompson.2346@outlook.com,(491) 717-8405,St. Louis,MO,Midwest,1955,Male,2024-01-16,Consumer,Silver,Frequent,Yes
2347,Jennifer,Ramirez,jennifer.ramirez.2347@protonmail.com,(731) 641-7493,Chicago,IL,Midwest,1983,Female,2023-03-10,Small Business,Bronze,Occasional,Yes
2348,Paul,Lewis,paul.lewis.2348@protonmail.com,(843) 907-4239,Nashville,TN,South,1994,Male,2025-07-05,Consumer,Bronze,Frequent,Yes
2349,George,White,george.white.2349@gmail.com,(813) 402-9120,Indianapolis,IN,Midwest,1995,Male,2023-04-30,Consumer,Platinum,Frequent,Yes
2350,Abigail,White,abigail.white.2350@yahoo.com,(628) 645-5917,Detroit,MI,Midwest,1997,Female,2025-10-02,Consumer,Bronze,Occasional,Yes
2351,Richard,Anderson,richard.anderson.2351@protonmail.com,(230) 875-6435,Atlanta,GA,South,1953,Male,2024-10-28,Small Business,Silver,Regular,Yes
2352,Jennifer,Scott,jennifer.scott.2352@protonmail.com,(714) 442-8291,Houston,TX,South,1978,Female,2026-04-30,Small Business,Bronze,Frequent,Yes
2353,Matthew,Williams,matthew.williams.2353@yahoo.com,(259) 353-4927,Minneapolis,MN,Midwest,1947,Male,2025-10-27,Consumer,Silver,Regular,Yes
2354,Charles,Nguyen,charles.nguyen.2354@outlook.com,(505) 993-4804,Phoenix,AZ,West,1955,Male,2026-08-03,Consumer,Silver,Occasional,Yes
2355,George,Perez,george.perez.2355@outlook.com,(716) 662-2040,New York,NY,Northeast,1969,Male,2024-12-29,Consumer,Bronze,Occasional,Yes
2356,Richard,Perez,richard.perez.2356@gmail.com,(417) 688-7592,Phoenix,AZ,West,2002,Male,2023-01-02,Consumer,Bronze,Occasional,Yes
2357,Margaret,Nguyen,margaret.nguyen.2357@outlook.com,(944) 788-7636,New York,NY,Northeast,1996,Female,2023-08-26,Consumer,Bronze,Occasional,Yes
2358,Barbara,Clark,barbara.clark.2358@yahoo.com,(325) 521-9538,Detroit,MI,Midwest,1947,Nonbinary,2023-04-01,Consumer,Gold,Frequent,Yes
2359,Nancy,Rodriguez,nancy.rodriguez.2359@protonmail.com,(521) 523-1005,Phoenix,AZ,West,1951,Female,2023-01-03,Consumer,Silver,Frequent,Yes
2360,Melissa,Perez,melissa.perez.2360@gmail.com,(388) 501-6796,Las Vegas,NV,West,2001,Female,2023-08-05,Consumer,Bronze,Frequent,No
2361,Amanda,Garcia,amanda.garcia.2361@protonmail.com,(989) 792-2899,Los Angeles,CA,West,1983,Female,2023-07-05,Consumer,Gold,Occasional,Yes
2362,Christina,White,christina.white.2362@protonmail.com,(621) 745-8176,Providence,RI,Northeast,1959,Female,2026-04-29,Consumer,Bronze,Frequent,Yes
2363,Rachel,Young,rachel.young.2363@outlook.com,(924) 366-6990,Boston,MA,Northeast,2005,Female,2026-06-03,Consumer,Silver,Occasional,Yes
2364,Edward,Miller,edward.miller.2364@outlook.com,(486) 790-6783,Detroit,MI,Midwest,1997,Male,2024-03-01,Consumer,Bronze,Occasional,Yes
2365,Melissa,Taylor,melissa.taylor.2365@icloud.com,(707) 571-9554,Boston,MA,Northeast,2000,Female,2025-09-05,Enterprise,Silver,Regular,Yes
2366,Nicole,Lewis,nicole.lewis.2366@outlook.com,(938) 233-4760,Atlanta,GA,South,2002,Female,2024-01-07,Consumer,Bronze,Regular,No
2367,Jessica,White,jessica.white.2367@icloud.com,(249) 858-2039,Phoenix,AZ,West,1952,Prefer not to say,2023-12-11,Consumer,Silver,Occasional,Yes
2368,Steven,Rodriguez,steven.rodriguez.2368@gmail.com,(386) 532-6851,Seattle,WA,West,2004,Male,2026-05-31,Small Business,Silver,Occasional,Yes
2369,Jason,Young,jason.young.2369@yahoo.com,(814) 640-9272,Columbus,OH,Midwest,1952,Male,2024-03-28,Consumer,Silver,Frequent,Yes
2370,Nicole,Miller,nicole.miller.2370@yahoo.com,(567) 231-6632,Phoenix,AZ,West,2000,Prefer not to say,2025-04-08,Consumer,Bronze,Regular,Yes
2371,Rebecca,Brown,rebecca.brown.2371@protonmail.com,(987) 213-5147,Phoenix,AZ,West,1994,Female,2024-07-15,Consumer,Bronze,Occasional,Yes
2372,Mark,Williams,mark.williams.2372@protonmail.com,(441) 479-7960,San Diego,CA,West,1961,Male,2023-07-29,Consumer,Bronze,Occasional,Yes
2373,Melissa,Thompson,melissa.thompson.2373@protonmail.com,(235) 623-3157,Hartford,CT,Northeast,1998,Female,2024-11-11,Consumer,Silver,Frequent,Yes
2374,Lisa,Sanchez,lisa.sanchez.2374@icloud.com,(464) 345-5492,Dallas,TX,South,1981,Female,2024-12-14,Consumer,Silver,Regular,Yes
2375,Stephanie,Johnson,stephanie.johnson.2375@yahoo.com,(395) 890-9743,Miami,FL,South,2003,Female,2025-06-26,Consumer,Gold,Regular,Yes
2376,Betty,Hill,betty.hill.2376@icloud.com,(326) 680-5808,Providence,RI,Northeast,1976,Female,2024-08-08,Consumer,Bronze,Occasional,Yes
2377,Ashley,Lee,ashley.lee.2377@icloud.com,(597) 286-2981,Chicago,IL,Midwest,1953,Female,2025-03-04,Consumer,Silver,Regular,Yes
2378,Rebecca,Wright,rebecca.wright.2378@icloud.com,(761) 808-7767,Atlanta,GA,South,1953,Female,2025-12-05,Small Business,Bronze,Occasional,Yes
2379,Betty,White,betty.white.2379@yahoo.com,(709) 335-4379,Richmond,VA,South,1947,Female,2024-08-27,Small Business,Silver,Occasional,Yes
2380,Daniel,Martinez,daniel.martinez.2380@protonmail.com,(528) 963-9560,Dallas,TX,South,1998,Male,2025-03-10,Consumer,Bronze,Occasional,Yes
2381,Betty,Jones,betty.jones.2381@yahoo.com,(949) 433-6414,Charlotte,NC,South,1994,Female,2024-11-26,Consumer,Silver,Occasional,Yes
2382,Megan,Davis,megan.davis.2382@yahoo.com,(879) 352-4968,Miami,FL,South,1998,Female,2026-06-08,Small Business,Bronze,Regular,Yes
2383,Edward,Davis,edward.davis.2383@outlook.com,(942) 311-5541,New York,NY,Northeast,1962,Male,2026-03-31,Small Business,Gold,Frequent,Yes
2384,John,Moore,john.moore.2384@icloud.com,(693) 805-9912,Las Vegas,NV,West,1988,Male,2024-02-08,Consumer,Bronze,Frequent,Yes
2385,Robert,Martinez,robert.martinez.2385@protonmail.com,(779) 897-9471,New York,NY,Northeast,1950,Male,2024-04-12,Consumer,Bronze,Occasional,Yes
2386,Mary,Williams,mary.williams.2386@protonmail.com,(990) 831-8130,Phoenix,AZ,West,1967,Female,2025-04-16,Consumer,Bronze,VIP,Yes
2387,Matthew,Allen,matthew.allen.2387@yahoo.com,(714) 735-9735,Houston,TX,South,1971,Male,2023-09-19,Small Business,Gold,Occasional,Yes
2388,Andrew,Martinez,andrew.martinez.2388@gmail.com,(677) 739-4056,Houston,TX,South,1957,Male,2024-10-21,Small Business,Bronze,Occasional,Yes
2389,Jessica,Taylor,jessica.taylor.2389@yahoo.com,(651) 606-8746,Dallas,TX,South,1975,Female,2025-11-12,Consumer,Bronze,Occasional,Yes
2390,Edward,Williams,edward.williams.2390@outlook.com,(256) 840-8743,Richmond,VA,South,1973,Male,2025-10-22,Consumer,Silver,Occasional,Yes
2391,Olivia,Wilson,olivia.wilson.2391@outlook.com,(605) 331-2561,Minneapolis,MN,Midwest,1968,Female,2023-07-30,Consumer,Silver,Frequent,Yes
2392,Olivia,Jackson,olivia.jackson.2392@gmail.com,(215) 596-2337,Detroit,MI,Midwest,1945,Female,2024-03-26,Consumer,Gold,Regular,Yes
2393,Elizabeth,Nguyen,elizabeth.nguyen.2393@outlook.com,(418) 270-8845,Phoenix,AZ,West,1964,Female,2025-08-02,Small Business,Bronze,Occasional,Yes
2394,Emma,White,emma.white.2394@protonmail.com,(678) 229-2511,Dallas,TX,South,1955,Female,2025-07-12,Small Business,Silver,Regular,Yes
2395,Susan,Martin,susan.martin.2395@protonmail.com,(934) 623-2127,Houston,TX,South,1989,Female,2026-01-16,Consumer,Bronze,Regular,Yes
2396,John,Walker,john.walker.2396@protonmail.com,(357) 711-5180,Atlanta,GA,South,1952,Male,2023-09-25,Enterprise,Platinum,Regular,Yes
2397,Abigail,Anderson,abigail.anderson.2397@outlook.com,(320) 364-3742,Richmond,VA,South,2005,Female,2023-04-03,Small Business,Bronze,Frequent,Yes
2398,Daniel,Taylor,daniel.taylor.2398@protonmail.com,(423) 605-8591,St. Louis,MO,Midwest,1964,Male,2023-08-29,Consumer,Bronze,Regular,Yes
2399,Emma,Young,emma.young.2399@yahoo.com,(611) 212-1061,Richmond,VA,South,2000,Female,2025-04-21,Consumer,Bronze,VIP,Yes
2400,Nicole,Rodriguez,nicole.rodriguez.2400@outlook.com,(715) 625-9801,Philadelphia,PA,Northeast,1953,Female,2026-01-08,Consumer,Gold,Occasional,Yes
2401,Thomas,Lewis,thomas.lewis.2401@yahoo.com,(939) 997-6900,Pittsburgh,PA,Northeast,1957,Male,2024-02-26,Consumer,Bronze,Frequent,Yes
2402,Justin,Torres,justin.torres.2402@protonmail.com,(560) 437-2548,Boston,MA,Northeast,1947,Prefer not to say,2025-03-24,Small Business,Bronze,Frequent,Yes
2403,Abigail,Taylor,abigail.taylor.2403@gmail.com,(315) 733-6067,Miami,FL,South,2001,Female,2026-03-30,Consumer,Silver,VIP,No
2404,Matthew,Miller,matthew.miller.2404@protonmail.com,(898) 290-8763,Pittsburgh,PA,Northeast,1992,Male,2025-03-07,Consumer,Bronze,Occasional,Yes
2405,Amanda,Anderson,amanda.anderson.2405@yahoo.com,(793) 558-6921,Portland,OR,West,1989,Female,2023-06-20,Consumer,Bronze,Regular,Yes
2406,Ryan,White,ryan.white.2406@gmail.com,(413) 981-7719,Indianapolis,IN,Midwest,1981,Male,2025-10-20,Consumer,Silver,Frequent,Yes
2407,Daniel,Torres,daniel.torres.2407@protonmail.com,(414) 569-7965,Richmond,VA,South,1975,Male,2025-10-05,Consumer,Bronze,Regular,Yes
2408,Christopher,Garcia,christopher.garcia.2408@protonmail.com,(504) 383-8083,Charlotte,NC,South,1946,Male,2026-02-11,Consumer,Bronze,VIP,Yes
2409,Richard,Gonzalez,richard.gonzalez.2409@gmail.com,(233) 296-2228,Chicago,IL,Midwest,1952,Male,2025-04-11,Consumer,Bronze,Regular,Yes
2410,Daniel,Martin,daniel.martin.2410@icloud.com,(833) 360-2222,Atlanta,GA,South,1971,Male,2024-02-12,Consumer,Bronze,VIP,Yes
2411,James,Garcia,james.garcia.2411@protonmail.com,(218) 519-2467,Hartford,CT,Northeast,1997,Male,2024-05-27,Consumer,Gold,Regular,Yes
2412,Joseph,King,joseph.king.2412@outlook.com,(596) 662-3973,Chicago,IL,Midwest,1969,Male,2026-03-18,Consumer,Silver,Regular,No
2413,Anthony,Davis,anthony.davis.2413@outlook.com,(258) 572-9338,Philadelphia,PA,Northeast,1964,Male,2025-06-04,Small Business,Bronze,Occasional,Yes
2414,Donald,Hernandez,donald.hernandez.2414@icloud.com,(832) 400-3571,Denver,CO,West,1968,Male,2025-01-15,Consumer,Bronze,Frequent,Yes
2415,Mary,Davis,mary.davis.2415@outlook.com,(947) 623-1075,Providence,RI,Northeast,1988,Female,2025-08-13,Consumer,Silver,Regular,Yes
2416,Joshua,Perez,joshua.perez.2416@icloud.com,(405) 555-9207,Orlando,FL,South,1966,Male,2025-12-08,Small Business,Bronze,Regular,Yes
2417,Justin,Nguyen,justin.nguyen.2417@icloud.com,(252) 372-7269,Dallas,TX,South,1962,Male,2025-04-21,Enterprise,Gold,Occasional,Yes
2418,Jacob,Young,jacob.young.2418@icloud.com,(871) 959-7344,Milwaukee,WI,Midwest,1992,Male,2024-06-24,Consumer,Silver,Occasional,Yes
2419,Melissa,Taylor,melissa.taylor.2419@yahoo.com,(527) 863-1591,San Diego,CA,West,1962,Female,2024-05-03,Consumer,Silver,Frequent,Yes
2420,Mary,White,mary.white.2420@protonmail.com,(825) 607-6158,Richmond,VA,South,1991,Female,2026-02-19,Consumer,Silver,Occasional,Yes
2421,Thomas,Perez,thomas.perez.2421@gmail.com,(991) 693-9601,Seattle,WA,West,1980,Male,2024-07-26,Consumer,Silver,Frequent,Yes
2422,Susan,Gonzalez,susan.gonzalez.2422@outlook.com,(616) 815-7222,Milwaukee,WI,Midwest,1991,Female,2024-01-18,Small Business,Bronze,Regular,Yes
2423,Robert,Moore,robert.moore.2423@gmail.com,(560) 201-7329,Los Angeles,CA,West,1996,Male,2023-04-24,Consumer,Bronze,Frequent,Yes
2424,Edward,Taylor,edward.taylor.2424@outlook.com,(745) 662-8075,Denver,CO,West,1971,Male,2023-10-17,Consumer,Silver,Regular,Yes
2425,Nathan,Sanchez,nathan.sanchez.2425@gmail.com,(453) 423-3236,Orlando,FL,South,2000,Male,2025-03-18,Consumer,Platinum,Regular,No
2426,Christina,Torres,christina.torres.2426@protonmail.com,(490) 271-1874,Indianapolis,IN,Midwest,1990,Female,2023-04-20,Consumer,Bronze,VIP,No
2427,Lauren,Young,lauren.young.2427@yahoo.com,(730) 468-8560,Richmond,VA,South,1965,Female,2026-05-06,Small Business,Bronze,Occasional,Yes
2428,Richard,King,richard.king.2428@yahoo.com,(657) 871-7081,Dallas,TX,South,1961,Male,2023-06-28,Small Business,Bronze,Occasional,Yes
2429,Joshua,Nguyen,joshua.nguyen.2429@outlook.com,(619) 232-4042,Miami,FL,South,1987,Male,2024-12-05,Consumer,Silver,Frequent,Yes
2430,Betty,King,betty.king.2430@protonmail.com,(896) 322-3620,Orlando,FL,South,1985,Female,2023-06-24,Small Business,Bronze,Frequent,Yes
2431,Megan,Sanchez,megan.sanchez.2431@protonmail.com,(860) 802-9534,Seattle,WA,West,1974,Female,2025-10-04,Consumer,Bronze,Occasional,No
2432,Michael,Wilson,michael.wilson.2432@protonmail.com,(997) 211-9016,Seattle,WA,West,1945,Male,2025-07-02,Consumer,Gold,Occasional,Yes
2433,Charles,Sanchez,charles.sanchez.2433@gmail.com,(665) 740-4358,Denver,CO,West,1962,Male,2025-05-25,Consumer,Bronze,Occasional,Yes
2434,Christopher,Lewis,christopher.lewis.2434@yahoo.com,(673) 418-8091,Houston,TX,South,1959,Male,2023-01-22,Consumer,Bronze,Occasional,No
2435,Karen,Smith,karen.smith.2435@outlook.com,(320) 662-9291,Portland,OR,West,1948,Female,2025-11-18,Consumer,Bronze,Regular,Yes
2436,Anthony,Taylor,anthony.taylor.2436@yahoo.com,(467) 473-1682,Charlotte,NC,South,1992,Male,2024-10-28,Consumer,Silver,Regular,Yes
2437,Brandon,Lee,brandon.lee.2437@yahoo.com,(646) 205-6607,Seattle,WA,West,1947,Male,2026-07-05,Consumer,Platinum,Regular,Yes
2438,Jason,Brown,jason.brown.2438@protonmail.com,(874) 837-7589,Providence,RI,Northeast,2002,Male,2023-03-19,Consumer,Silver,Occasional,Yes
2439,Stephanie,Hernandez,stephanie.hernandez.2439@gmail.com,(650) 811-2922,Denver,CO,West,1945,Female,2024-06-26,Small Business,Bronze,VIP,Yes
2440,Christina,Brown,christina.brown.2440@protonmail.com,(565) 420-2530,Las Vegas,NV,West,1954,Female,2023-08-29,Consumer,Bronze,Frequent,Yes
2441,James,Johnson,james.johnson.2441@icloud.com,(729) 329-1908,Dallas,TX,South,1989,Male,2023-10-14,Consumer,Gold,Occasional,Yes
2442,Ryan,Williams,ryan.williams.2442@outlook.com,(728) 567-8265,Chicago,IL,Midwest,1963,Male,2025-12-22,Small Business,Bronze,Regular,Yes
2443,Sandra,Wilson,sandra.wilson.2443@protonmail.com,(307) 583-2386,Columbus,OH,Midwest,1988,Female,2026-07-30,Consumer,Silver,Occasional,Yes
2444,Emma,Gonzalez,emma.gonzalez.2444@gmail.com,(716) 551-4025,San Francisco,CA,West,1982,Female,2023-09-27,Consumer,Bronze,Regular,No
2445,Sandra,Clark,sandra.clark.2445@protonmail.com,(326) 788-7934,San Diego,CA,West,1960,Female,2023-03-26,Consumer,Bronze,Occasional,Yes
2446,George,Perez,george.perez.2446@gmail.com,(925) 980-5819,Portland,OR,West,1988,Male,2023-07-31,Small Business,Bronze,Frequent,Yes
2447,Megan,Davis,megan.davis.2447@icloud.com,(928) 497-1672,Denver,CO,West,1986,Female,2023-10-06,Small Business,Bronze,Occasional,Yes
2448,Sandra,Clark,sandra.clark.2448@protonmail.com,(723) 279-2015,Milwaukee,WI,Midwest,1968,Female,2024-03-06,Consumer,Bronze,Frequent,Yes
2449,Steven,Martinez,steven.martinez.2449@icloud.com,(478) 581-3947,Miami,FL,South,1985,Male,2025-07-14,Consumer,Silver,Regular,Yes
2450,Michael,Rodriguez,michael.rodriguez.2450@icloud.com,(810) 681-1631,Richmond,VA,South,1996,Male,2026-04-16,Consumer,Bronze,Frequent,Yes
2451,Karen,Perez,karen.perez.2451@gmail.com,(646) 636-3172,Portland,OR,West,1974,Female,2025-05-02,Consumer,Bronze,Frequent,Yes
2452,Ryan,Clark,ryan.clark.2452@gmail.com,(372) 995-8379,St. Louis,MO,Midwest,1959,Male,2026-04-15,Consumer,Bronze,Occasional,Yes
2453,Megan,Johnson,megan.johnson.2453@icloud.com,(606) 569-4233,Charlotte,NC,South,1976,Female,2023-11-10,Small Business,Gold,Occasional,Yes
2454,Jacob,White,jacob.white.2454@yahoo.com,(489) 573-6511,Seattle,WA,West,1997,Male,2026-07-28,Consumer,Bronze,Occasional,Yes
2455,Matthew,Thompson,matthew.thompson.2455@gmail.com,(634) 771-4517,Milwaukee,WI,Midwest,1996,Male,2025-06-10,Small Business,Bronze,Occasional,Yes
2456,Nathan,Walker,nathan.walker.2456@yahoo.com,(961) 794-2501,Minneapolis,MN,Midwest,1967,Male,2026-06-08,Consumer,Bronze,Frequent,Yes
2457,Nicole,Brown,nicole.brown.2457@yahoo.com,(984) 362-2531,Charlotte,NC,South,1988,Female,2024-11-06,Consumer,Bronze,Regular,Yes
2458,Brian,Anderson,brian.anderson.2458@gmail.com,(884) 896-7885,Orlando,FL,South,1988,Male,2026-06-15,Small Business,Silver,VIP,Yes
2459,Brandon,King,brandon.king.2459@protonmail.com,(401) 811-2282,Denver,CO,West,1947,Male,2023-06-30,Consumer,Bronze,Regular,Yes
2460,Susan,Lopez,susan.lopez.2460@outlook.com,(924) 422-8101,Hartford,CT,Northeast,1988,Female,2024-01-24,Consumer,Bronze,Regular,Yes
2461,William,Smith,william.smith.2461@gmail.com,(773) 745-4461,Cleveland,OH,Midwest,1955,Male,2025-11-28,Consumer,Silver,Frequent,Yes
2462,Sandra,King,sandra.king.2462@outlook.com,(956) 208-9907,Hartford,CT,Northeast,1992,Female,2024-05-23,Small Business,Bronze,Frequent,Yes
2463,John,Lopez,john.lopez.2463@yahoo.com,(481) 230-5221,Orlando,FL,South,1991,Male,2023-11-01,Consumer,Bronze,Frequent,Yes
2464,Jason,Hernandez,jason.hernandez.2464@protonmail.com,(685) 654-5953,Phoenix,AZ,West,1978,Male,2024-11-01,Consumer,Bronze,Occasional,Yes
2465,Christopher,Harris,christopher.harris.2465@protonmail.com,(831) 920-6487,Charlotte,NC,South,1997,Male,2025-02-25,Consumer,Gold,Regular,Yes
2466,Daniel,Ramirez,daniel.ramirez.2466@protonmail.com,(977) 211-7144,Nashville,TN,South,1985,Male,2023-11-09,Consumer,Bronze,Regular,Yes
2467,Anthony,Harris,anthony.harris.2467@protonmail.com,(349) 448-3234,Charlotte,NC,South,1956,Male,2026-01-06,Enterprise,Bronze,Frequent,Yes
2468,David,Lopez,david.lopez.2468@icloud.com,(891) 929-2053,Seattle,WA,West,1994,Male,2026-02-16,Consumer,Bronze,Occasional,Yes
2469,Abigail,Martin,abigail.martin.2469@protonmail.com,(594) 902-6333,Milwaukee,WI,Midwest,1995,Female,2024-06-27,Consumer,Bronze,Occasional,Yes
2470,Betty,White,betty.white.2470@yahoo.com,(268) 952-3158,Las Vegas,NV,West,1948,Female,2023-01-05,Consumer,Bronze,Frequent,No
2471,Andrew,Ramirez,andrew.ramirez.2471@icloud.com,(237) 576-7735,Houston,TX,South,2003,Male,2025-04-28,Enterprise,Bronze,Occasional,Yes
2472,Matthew,Gonzalez,matthew.gonzalez.2472@protonmail.com,(641) 653-5096,Portland,OR,West,1950,Male,2023-11-06,Consumer,Bronze,VIP,Yes
2473,Nancy,Rodriguez,nancy.rodriguez.2473@gmail.com,(548) 618-7128,Providence,RI,Northeast,1978,Female,2026-03-16,Consumer,Bronze,Occasional,Yes
2474,Lisa,Scott,lisa.scott.2474@protonmail.com,(712) 687-7935,Charlotte,NC,South,1998,Female,2024-01-16,Consumer,Platinum,Occasional,Yes
2475,Matthew,Young,matthew.young.2475@icloud.com,(241) 961-9280,Chicago,IL,Midwest,1980,Prefer not to say,2024-02-23,Small Business,Bronze,Occasional,Yes
2476,Olivia,Young,olivia.young.2476@yahoo.com,(794) 985-7658,Providence,RI,Northeast,1962,Female,2025-12-18,Consumer,Silver,Occasional,Yes
2477,Daniel,Rodriguez,daniel.rodriguez.2477@outlook.com,(524) 715-4174,Nashville,TN,South,1952,Male,2023-07-15,Consumer,Silver,Frequent,Yes
2478,James,Walker,james.walker.2478@outlook.com,(343) 311-7577,Miami,FL,South,1945,Male,2023-06-07,Consumer,Bronze,Regular,Yes
2479,Lisa,Gonzalez,lisa.gonzalez.2479@gmail.com,(824) 329-8265,San Diego,CA,West,1947,Female,2023-11-14,Consumer,Bronze,Occasional,Yes
2480,William,Clark,william.clark.2480@icloud.com,(564) 547-9358,Miami,FL,South,1957,Male,2024-03-29,Consumer,Bronze,Regular,Yes
2481,Thomas,Robinson,thomas.robinson.2481@outlook.com,(614) 844-8750,Miami,FL,South,2002,Male,2023-10-12,Consumer,Bronze,Occasional,Yes
2482,Megan,Lee,megan.lee.2482@icloud.com,(792) 202-6229,Boston,MA,Northeast,1980,Female,2025-06-13,Small Business,Bronze,Regular,Yes
2483,Jennifer,Lopez,jennifer.lopez.2483@outlook.com,(573) 392-4762,New York,NY,Northeast,1957,Female,2026-05-11,Small Business,Bronze,Frequent,Yes
2484,James,White,james.white.2484@yahoo.com,(684) 257-8247,Houston,TX,South,2000,Male,2023-06-17,Small Business,Silver,Frequent,Yes
2485,Emma,Miller,emma.miller.2485@protonmail.com,(542) 843-6421,Cleveland,OH,Midwest,1988,Female,2025-03-21,Consumer,Bronze,Occasional,Yes
2486,David,Williams,david.williams.2486@gmail.com,(251) 821-4626,Charlotte,NC,South,1947,Male,2025-10-30,Consumer,Bronze,Frequent,Yes
2487,Nancy,Thomas,nancy.thomas.2487@yahoo.com,(916) 509-4170,Orlando,FL,South,1975,Female,2024-10-08,Consumer,Bronze,Regular,Yes
2488,James,Torres,james.torres.2488@icloud.com,(233) 855-3403,Portland,OR,West,1959,Male,2024-06-23,Consumer,Silver,Regular,Yes
2489,Olivia,Moore,olivia.moore.2489@outlook.com,(417) 842-8711,Charlotte,NC,South,1955,Female,2026-06-28,Small Business,Bronze,Regular,Yes
2490,Justin,Wright,justin.wright.2490@gmail.com,(705) 957-4878,Charlotte,NC,South,1947,Male,2025-02-06,Consumer,Silver,Regular,No
2491,Joseph,Johnson,joseph.johnson.2491@gmail.com,(993) 587-9981,San Diego,CA,West,2002,Male,2025-01-13,Enterprise,Silver,Frequent,Yes
2492,John,Young,john.young.2492@yahoo.com,(940) 507-1707,Minneapolis,MN,Midwest,1983,Male,2025-11-29,Consumer,Bronze,Regular,Yes
2493,Ryan,Jackson,ryan.jackson.2493@yahoo.com,(678) 221-9150,Denver,CO,West,1981,Male,2024-11-15,Small Business,Platinum,Occasional,Yes
2494,Christina,White,christina.white.2494@yahoo.com,(635) 350-3986,Pittsburgh,PA,Northeast,1979,Prefer not to say,2025-08-18,Consumer,Gold,Frequent,Yes
2495,Jacob,Hernandez,jacob.hernandez.2495@gmail.com,(324) 774-8145,Nashville,TN,South,1995,Male,2025-02-23,Enterprise,Silver,Regular,Yes
2496,Paul,Davis,paul.davis.2496@protonmail.com,(203) 769-2101,Buffalo,NY,Northeast,1982,Male,2023-05-20,Consumer,Bronze,Occasional,Yes
2497,Emma,Gonzalez,emma.gonzalez.2497@protonmail.com,(672) 676-9043,Las Vegas,NV,West,1946,Female,2025-12-16,Consumer,Silver,Occasional,Yes
2498,John,Moore,john.moore.2498@gmail.com,(776) 543-7992,St. Louis,MO,Midwest,2001,Male,2023-09-23,Consumer,Bronze,VIP,Yes
2499,George,Sanchez,george.sanchez.2499@yahoo.com,(599) 912-2836,Atlanta,GA,South,1965,Male,2026-07-25,Enterprise,Bronze,VIP,No
2500,David,Williams,david.williams.2500@protonmail.com,(956) 878-8529,Charlotte,NC,South,1999,Male,2024-05-06,Enterprise,Bronze,Frequent,Yes
2501,Ryan,Flores,ryan.flores.2501@protonmail.com,(626) 854-8747,Boston,MA,Northeast,1974,Male,2025-05-19,Consumer,Bronze,Regular,Yes
2502,Kevin,Rodriguez,kevin.rodriguez.2502@icloud.com,(661) 821-4911,St. Louis,MO,Midwest,2005,Male,2025-07-09,Small Business,Bronze,VIP,Yes
2503,Abigail,Flores,abigail.flores.2503@protonmail.com,(792) 804-8695,Milwaukee,WI,Midwest,1960,Nonbinary,2026-01-04,Consumer,Bronze,Regular,Yes
2504,Elizabeth,Williams,elizabeth.williams.2504@gmail.com,(352) 590-9042,Seattle,WA,West,1972,Female,2024-06-04,Consumer,Bronze,Regular,Yes
2505,Margaret,Nguyen,margaret.nguyen.2505@protonmail.com,(689) 770-4551,Cleveland,OH,Midwest,1985,Female,2024-03-11,Consumer,Silver,Occasional,Yes
2506,Joshua,Rodriguez,joshua.rodriguez.2506@outlook.com,(254) 339-5534,Richmond,VA,South,1956,Male,2024-11-09,Consumer,Bronze,Regular,Yes
2507,Thomas,Walker,thomas.walker.2507@outlook.com,(497) 963-7035,Charlotte,NC,South,1999,Male,2026-04-25,Consumer,Bronze,Regular,Yes
2508,Barbara,Rodriguez,barbara.rodriguez.2508@gmail.com,(450) 781-5536,Buffalo,NY,Northeast,1972,Female,2025-11-11,Consumer,Silver,Occasional,Yes
2509,Donald,White,donald.white.2509@protonmail.com,(280) 669-5925,Los Angeles,CA,West,1991,Male,2025-10-10,Consumer,Gold,Regular,Yes
2510,Steven,Martin,steven.martin.2510@icloud.com,(560) 232-3305,Miami,FL,South,1949,Male,2023-06-06,Consumer,Bronze,Regular,No
2511,Patricia,Flores,patricia.flores.2511@icloud.com,(859) 560-7843,Atlanta,GA,South,1989,Female,2026-04-26,Small Business,Bronze,Frequent,Yes
2512,Richard,Gonzalez,richard.gonzalez.2512@protonmail.com,(522) 532-1271,Minneapolis,MN,Midwest,1945,Male,2025-08-01,Consumer,Gold,Frequent,Yes
2513,Joseph,Nguyen,joseph.nguyen.2513@icloud.com,(998) 966-8765,Indianapolis,IN,Midwest,1946,Male,2023-05-19,Consumer,Bronze,Occasional,Yes
2514,Sarah,Nguyen,sarah.nguyen.2514@protonmail.com,(625) 825-2861,Boston,MA,Northeast,1977,Female,2023-05-26,Consumer,Bronze,Regular,Yes
2515,Emma,Nguyen,emma.nguyen.2515@gmail.com,(303) 291-6323,Richmond,VA,South,1964,Female,2025-12-18,Enterprise,Bronze,Frequent,Yes
2516,Susan,Martin,susan.martin.2516@outlook.com,(593) 391-5946,Orlando,FL,South,1963,Female,2025-04-23,Consumer,Bronze,Frequent,Yes
2517,Lisa,Jackson,lisa.jackson.2517@yahoo.com,(598) 837-3779,Nashville,TN,South,1998,Female,2023-09-10,Consumer,Bronze,Occasional,Yes
2518,Karen,Smith,karen.smith.2518@icloud.com,(263) 839-6579,Charlotte,NC,South,1959,Female,2024-08-27,Small Business,Bronze,Occasional,Yes
2519,Rachel,Brown,rachel.brown.2519@gmail.com,(252) 652-6856,Chicago,IL,Midwest,2004,Female,2024-05-26,Consumer,Silver,Regular,Yes
2520,Elizabeth,Jones,elizabeth.jones.2520@gmail.com,(699) 546-7543,Charlotte,NC,South,1955,Female,2023-12-16,Small Business,Bronze,Occasional,Yes
2521,Brandon,Hill,brandon.hill.2521@outlook.com,(890) 401-8122,Houston,TX,South,1962,Male,2024-11-18,Consumer,Bronze,Occasional,Yes
2522,James,Rodriguez,james.rodriguez.2522@protonmail.com,(301) 882-7114,Charlotte,NC,South,1980,Male,2024-10-16,Consumer,Bronze,Occasional,Yes
2523,Brian,Brown,brian.brown.2523@protonmail.com,(318) 858-2681,Columbus,OH,Midwest,1955,Male,2024-01-01,Small Business,Bronze,Occasional,Yes
2524,Melissa,Hill,melissa.hill.2524@yahoo.com,(910) 920-7500,Charlotte,NC,South,1958,Female,2023-06-22,Consumer,Bronze,Frequent,No
2525,Brian,Davis,brian.davis.2525@gmail.com,(310) 661-5947,Nashville,TN,South,1998,Male,2023-09-05,Consumer,Bronze,Occasional,No
2526,Stephanie,Allen,stephanie.allen.2526@yahoo.com,(839) 504-9908,Indianapolis,IN,Midwest,1978,Female,2025-11-17,Consumer,Platinum,Regular,Yes
2527,Donald,Lopez,donald.lopez.2527@gmail.com,(626) 519-5474,San Diego,CA,West,2005,Male,2024-10-31,Consumer,Bronze,Regular,Yes
2528,Nathan,Lee,nathan.lee.2528@outlook.com,(263) 729-6155,Nashville,TN,South,2002,Male,2023-02-22,Consumer,Bronze,Occasional,No
2529,Nancy,Sanchez,nancy.sanchez.2529@gmail.com,(944) 328-3417,San Francisco,CA,West,1979,Female,2024-01-10,Small Business,Bronze,Occasional,No
2530,Nathan,Taylor,nathan.taylor.2530@outlook.com,(520) 452-5147,Orlando,FL,South,1994,Male,2024-05-12,Consumer,Bronze,Occasional,Yes
2531,Donald,Williams,donald.williams.2531@outlook.com,(867) 849-9769,Las Vegas,NV,West,1984,Male,2023-10-03,Consumer,Bronze,Frequent,Yes
2532,Brandon,Ramirez,brandon.ramirez.2532@gmail.com,(240) 659-6538,St. Louis,MO,Midwest,1976,Male,2025-10-19,Consumer,Platinum,Frequent,Yes
2533,Nicole,Brown,nicole.brown.2533@protonmail.com,(931) 704-3369,Buffalo,NY,Northeast,1999,Female,2025-01-28,Consumer,Gold,Occasional,Yes
2534,Elizabeth,Thompson,elizabeth.thompson.2534@protonmail.com,(806) 887-4397,Orlando,FL,South,1992,Female,2025-06-13,Consumer,Gold,Frequent,Yes
2535,Emma,Ramirez,emma.ramirez.2535@gmail.com,(764) 373-9376,Cleveland,OH,Midwest,1959,Female,2024-01-15,Consumer,Bronze,Regular,Yes
2536,Charles,Gonzalez,charles.gonzalez.2536@gmail.com,(480) 384-4805,San Francisco,CA,West,1978,Male,2025-05-23,Small Business,Bronze,Occasional,Yes
2537,Jason,Anderson,jason.anderson.2537@protonmail.com,(807) 391-2325,Providence,RI,Northeast,1991,Male,2023-06-15,Consumer,Bronze,Regular,Yes
2538,Karen,Robinson,karen.robinson.2538@gmail.com,(940) 771-5874,Milwaukee,WI,Midwest,1976,Female,2023-01-07,Consumer,Bronze,Regular,Yes
2539,George,Flores,george.flores.2539@icloud.com,(328) 987-2158,Phoenix,AZ,West,1977,Male,2025-02-12,Consumer,Bronze,Regular,Yes
2540,Ryan,Lee,ryan.lee.2540@yahoo.com,(484) 966-3806,Denver,CO,West,1980,Male,2024-06-10,Consumer,Silver,Occasional,Yes
2541,Lisa,Perez,lisa.perez.2541@gmail.com,(795) 623-4410,Buffalo,NY,Northeast,1949,Female,2026-06-08,Consumer,Silver,Regular,Yes
2542,Abigail,Miller,abigail.miller.2542@icloud.com,(434) 611-6824,Hartford,CT,Northeast,2000,Female,2024-04-16,Consumer,Bronze,Frequent,Yes
2543,Emma,Perez,emma.perez.2543@outlook.com,(629) 918-8976,Indianapolis,IN,Midwest,1954,Female,2023-10-19,Consumer,Bronze,Occasional,Yes
2544,Donald,Williams,donald.williams.2544@protonmail.com,(314) 343-9453,Seattle,WA,West,1958,Male,2023-12-20,Small Business,Silver,Regular,Yes
2545,Christina,King,christina.king.2545@yahoo.com,(342) 322-2156,Seattle,WA,West,1992,Female,2025-06-26,Consumer,Gold,Regular,Yes
2546,Lisa,Nguyen,lisa.nguyen.2546@outlook.com,(444) 307-1264,Richmond,VA,South,1964,Female,2023-06-29,Small Business,Bronze,Regular,No
2547,William,Thomas,william.thomas.2547@gmail.com,(227) 440-9725,Hartford,CT,Northeast,2001,Male,2026-04-05,Small Business,Bronze,Occasional,Yes
2548,Joseph,Clark,joseph.clark.2548@outlook.com,(511) 277-5142,Miami,FL,South,1953,Male,2023-04-02,Consumer,Silver,Occasional,Yes
2549,Patricia,Rodriguez,patricia.rodriguez.2549@outlook.com,(388) 977-2052,Orlando,FL,South,1979,Female,2025-08-21,Consumer,Silver,Regular,Yes
2550,Andrew,Smith,andrew.smith.2550@outlook.com,(941) 409-6026,Nashville,TN,South,1987,Male,2024-09-29,Enterprise,Bronze,Regular,Yes
2551,Margaret,White,margaret.white.2551@yahoo.com,(313) 404-2998,Boston,MA,Northeast,1945,Female,2025-03-20,Small Business,Bronze,Occasional,Yes
2552,Megan,Robinson,megan.robinson.2552@outlook.com,(811) 565-7934,Columbus,OH,Midwest,1988,Female,2023-10-28,Consumer,Bronze,Regular,Yes
2553,Nathan,Rodriguez,nathan.rodriguez.2553@protonmail.com,(796) 767-9139,St. Louis,MO,Midwest,1996,Prefer not to say,2025-12-06,Consumer,Silver,Frequent,Yes
2554,Jacob,Robinson,jacob.robinson.2554@icloud.com,(872) 278-3110,Richmond,VA,South,1958,Male,2023-05-11,Small Business,Gold,Regular,Yes
2555,John,Wright,john.wright.2555@icloud.com,(430) 239-5504,Seattle,WA,West,1947,Male,2023-11-26,Consumer,Silver,Occasional,Yes
2556,Daniel,Perez,daniel.perez.2556@icloud.com,(941) 428-5596,Minneapolis,MN,Midwest,1986,Male,2023-06-23,Small Business,Silver,Regular,Yes
2557,Steven,Johnson,steven.johnson.2557@gmail.com,(556) 696-6226,Orlando,FL,South,1960,Male,2023-03-24,Small Business,Silver,Regular,Yes
2558,Nathan,Torres,nathan.torres.2558@yahoo.com,(513) 815-4132,Providence,RI,Northeast,1947,Male,2023-10-15,Consumer,Bronze,Regular,Yes
2559,Donald,Garcia,donald.garcia.2559@icloud.com,(667) 208-3298,Milwaukee,WI,Midwest,1978,Male,2024-04-11,Consumer,Gold,Occasional,No
2560,Charles,Jones,charles.jones.2560@yahoo.com,(567) 898-6705,Seattle,WA,West,1948,Male,2024-01-16,Consumer,Silver,Regular,Yes
2561,Steven,Lee,steven.lee.2561@icloud.com,(666) 679-9246,Atlanta,GA,South,1990,Male,2025-11-23,Consumer,Gold,Regular,Yes
2562,Ryan,Nguyen,ryan.nguyen.2562@gmail.com,(958) 239-8463,San Francisco,CA,West,1996,Male,2023-10-05,Consumer,Gold,Occasional,Yes
2563,James,Moore,james.moore.2563@icloud.com,(308) 904-8267,Pittsburgh,PA,Northeast,1995,Male,2023-09-13,Consumer,Gold,Occasional,Yes
2564,Edward,Smith,edward.smith.2564@icloud.com,(283) 734-7855,Portland,OR,West,1980,Male,2024-09-28,Consumer,Gold,Regular,Yes
2565,Margaret,Rodriguez,margaret.rodriguez.2565@protonmail.com,(624) 681-2346,Portland,OR,West,1989,Female,2023-05-02,Small Business,Gold,Occasional,Yes
2566,Linda,Allen,linda.allen.2566@yahoo.com,(875) 500-4672,Atlanta,GA,South,1994,Female,2025-08-06,Consumer,Bronze,Occasional,Yes
2567,Jessica,Rodriguez,jessica.rodriguez.2567@yahoo.com,(815) 895-1980,Orlando,FL,South,1984,Female,2026-03-05,Consumer,Silver,Frequent,Yes
2568,Robert,Taylor,robert.taylor.2568@protonmail.com,(804) 787-3338,Seattle,WA,West,1973,Male,2025-08-08,Consumer,Bronze,Regular,Yes
2569,William,Jackson,william.jackson.2569@icloud.com,(986) 495-5015,Houston,TX,South,1948,Male,2024-01-28,Small Business,Bronze,Occasional,Yes
2570,Sarah,Thompson,sarah.thompson.2570@gmail.com,(686) 258-1353,Milwaukee,WI,Midwest,1974,Female,2023-12-07,Consumer,Silver,Regular,Yes
2571,Rebecca,Robinson,rebecca.robinson.2571@yahoo.com,(415) 589-3262,Nashville,TN,South,1963,Female,2025-08-18,Consumer,Bronze,Occasional,Yes
2572,Steven,Martinez,steven.martinez.2572@gmail.com,(855) 340-1454,Charlotte,NC,South,1949,Male,2026-07-28,Small Business,Bronze,Occasional,Yes
2573,Jessica,Sanchez,jessica.sanchez.2573@yahoo.com,(471) 367-7944,Cleveland,OH,Midwest,1956,Female,2023-09-21,Consumer,Bronze,Occasional,Yes
2574,Jessica,White,jessica.white.2574@icloud.com,(311) 901-6122,Portland,OR,West,1952,Female,2025-05-19,Consumer,Bronze,Occasional,Yes
2575,Edward,Flores,edward.flores.2575@yahoo.com,(522) 414-8185,Nashville,TN,South,1962,Male,2025-12-29,Consumer,Silver,Frequent,Yes
2576,Charles,Wright,charles.wright.2576@gmail.com,(476) 826-6094,Phoenix,AZ,West,1968,Prefer not to say,2026-07-03,Consumer,Silver,Occasional,No
2577,Susan,Rodriguez,susan.rodriguez.2577@yahoo.com,(860) 375-9322,Miami,FL,South,1948,Female,2025-11-12,Consumer,Silver,Regular,Yes
2578,Abigail,Young,abigail.young.2578@icloud.com,(416) 569-5247,Richmond,VA,South,1988,Female,2026-04-14,Consumer,Bronze,Frequent,Yes
2579,Nathan,Rodriguez,nathan.rodriguez.2579@yahoo.com,(779) 599-5334,Houston,TX,South,1975,Male,2025-09-27,Consumer,Bronze,Occasional,Yes
2580,Karen,Ramirez,karen.ramirez.2580@outlook.com,(599) 504-9951,Atlanta,GA,South,1979,Female,2026-03-09,Consumer,Bronze,Frequent,Yes
2581,Steven,Robinson,steven.robinson.2581@protonmail.com,(560) 867-5755,Miami,FL,South,1959,Male,2026-04-30,Small Business,Bronze,Frequent,Yes
2582,Melissa,Miller,melissa.miller.2582@yahoo.com,(562) 948-4245,Boston,MA,Northeast,1955,Female,2025-08-16,Small Business,Bronze,Frequent,Yes
2583,Rebecca,Ramirez,rebecca.ramirez.2583@protonmail.com,(346) 606-3229,Buffalo,NY,Northeast,1974,Female,2024-06-01,Consumer,Silver,Occasional,Yes
2584,Ryan,Miller,ryan.miller.2584@gmail.com,(864) 436-5868,Indianapolis,IN,Midwest,1958,Male,2023-04-27,Consumer,Silver,Occasional,Yes
2585,Joshua,King,joshua.king.2585@outlook.com,(637) 292-9181,Houston,TX,South,1967,Male,2026-03-19,Small Business,Bronze,Occasional,Yes
2586,Margaret,Taylor,margaret.taylor.2586@icloud.com,(950) 719-2900,Houston,TX,South,1990,Female,2024-12-26,Consumer,Silver,Regular,Yes
2587,Paul,Miller,paul.miller.2587@protonmail.com,(434) 335-3376,Houston,TX,South,1973,Male,2023-10-22,Consumer,Gold,Regular,No
2588,Mary,Hernandez,mary.hernandez.2588@icloud.com,(618) 477-1498,Dallas,TX,South,1975,Female,2023-09-22,Consumer,Silver,Regular,Yes
2589,Patricia,Moore,patricia.moore.2589@outlook.com,(716) 281-3011,Minneapolis,MN,Midwest,1955,Female,2023-06-15,Consumer,Bronze,Regular,No
2590,Elizabeth,Rodriguez,elizabeth.rodriguez.2590@protonmail.com,(565) 373-9616,Nashville,TN,South,1988,Female,2024-08-20,Consumer,Silver,Regular,No
2591,Donald,Clark,donald.clark.2591@outlook.com,(854) 667-4170,Houston,TX,South,1989,Male,2024-10-13,Consumer,Silver,Occasional,Yes
2592,Sandra,King,sandra.king.2592@gmail.com,(242) 212-3260,Phoenix,AZ,West,1997,Female,2023-06-13,Small Business,Bronze,VIP,Yes
2593,Rebecca,Hernandez,rebecca.hernandez.2593@protonmail.com,(882) 591-6624,Buffalo,NY,Northeast,1969,Female,2025-12-04,Small Business,Silver,VIP,Yes
2594,Matthew,Thompson,matthew.thompson.2594@outlook.com,(267) 769-8424,Charlotte,NC,South,1980,Male,2023-01-09,Enterprise,Bronze,Regular,Yes
2595,Brian,White,brian.white.2595@protonmail.com,(687) 397-5508,Buffalo,NY,Northeast,1951,Male,2024-04-11,Small Business,Bronze,VIP,No
2596,Joshua,Perez,joshua.perez.2596@gmail.com,(738) 352-7749,Philadelphia,PA,Northeast,1983,Male,2025-02-03,Consumer,Bronze,Regular,Yes
2597,Stephanie,Brown,stephanie.brown.2597@gmail.com,(734) 798-5575,Nashville,TN,South,1950,Female,2025-09-05,Consumer,Silver,Frequent,Yes
2598,Lauren,Lee,lauren.lee.2598@protonmail.com,(728) 938-8611,Chicago,IL,Midwest,1996,Female,2024-11-02,Consumer,Bronze,Regular,No
2599,Nancy,Lewis,nancy.lewis.2599@icloud.com,(203) 819-5636,Los Angeles,CA,West,1978,Female,2026-02-02,Consumer,Bronze,Regular,No
2600,Mary,Hernandez,mary.hernandez.2600@protonmail.com,(633) 705-6727,Portland,OR,West,1948,Female,2023-02-19,Consumer,Bronze,Regular,Yes
2601,Daniel,Perez,daniel.perez.2601@yahoo.com,(543) 244-5860,Milwaukee,WI,Midwest,1981,Male,2024-11-24,Enterprise,Bronze,Frequent,Yes
2602,William,Thomas,william.thomas.2602@yahoo.com,(306) 753-3045,Houston,TX,South,1977,Male,2023-12-31,Consumer,Bronze,Regular,Yes
2603,Robert,Martin,robert.martin.2603@yahoo.com,(610) 349-2737,Seattle,WA,West,2003,Male,2024-10-25,Consumer,Bronze,Occasional,Yes
2604,Rachel,Gonzalez,rachel.gonzalez.2604@icloud.com,(659) 462-1549,Seattle,WA,West,1972,Female,2023-08-07,Small Business,Gold,Frequent,Yes
2605,Kevin,Clark,kevin.clark.2605@gmail.com,(255) 604-8155,Milwaukee,WI,Midwest,1949,Male,2026-06-24,Consumer,Bronze,VIP,Yes
2606,Margaret,Jackson,margaret.jackson.2606@yahoo.com,(421) 665-8744,Las Vegas,NV,West,1979,Female,2025-07-10,Consumer,Silver,Regular,Yes
2607,Thomas,Torres,thomas.torres.2607@yahoo.com,(452) 649-9955,Charlotte,NC,South,1978,Male,2026-05-08,Consumer,Bronze,VIP,Yes
2608,Karen,Williams,karen.williams.2608@icloud.com,(793) 382-8079,Dallas,TX,South,1998,Female,2025-11-08,Consumer,Bronze,Regular,Yes
2609,David,Brown,david.brown.2609@yahoo.com,(994) 708-2930,Seattle,WA,West,1975,Male,2023-11-22,Consumer,Gold,VIP,Yes
2610,Emily,Lopez,emily.lopez.2610@protonmail.com,(789) 557-2886,San Francisco,CA,West,1994,Female,2026-02-05,Small Business,Bronze,Occasional,Yes
2611,Karen,Lopez,karen.lopez.2611@gmail.com,(541) 702-9809,Orlando,FL,South,1995,Female,2026-01-10,Consumer,Bronze,Regular,Yes
2612,Robert,Wilson,robert.wilson.2612@yahoo.com,(869) 393-3048,Pittsburgh,PA,Northeast,1997,Male,2024-05-18,Consumer,Gold,Regular,Yes
2613,Megan,Wright,megan.wright.2613@gmail.com,(636) 245-1407,Richmond,VA,South,1992,Female,2023-02-26,Small Business,Silver,Regular,Yes
2614,Michael,Moore,michael.moore.2614@protonmail.com,(281) 947-8998,Seattle,WA,West,1995,Male,2023-04-15,Small Business,Bronze,Occasional,No
2615,Christopher,Gonzalez,christopher.gonzalez.2615@icloud.com,(647) 390-2299,Richmond,VA,South,1960,Male,2025-02-20,Consumer,Silver,Regular,No
2616,Edward,Young,edward.young.2616@icloud.com,(324) 736-3445,Los Angeles,CA,West,1998,Male,2025-02-06,Small Business,Bronze,Regular,Yes
2617,Andrew,Martin,andrew.martin.2617@gmail.com,(943) 951-9243,Philadelphia,PA,Northeast,1985,Male,2024-04-23,Consumer,Bronze,Occasional,Yes
2618,Susan,Taylor,susan.taylor.2618@protonmail.com,(736) 363-3009,Columbus,OH,Midwest,1990,Female,2024-02-24,Consumer,Bronze,Occasional,Yes
2619,James,Robinson,james.robinson.2619@protonmail.com,(464) 999-6752,Detroit,MI,Midwest,1963,Male,2023-01-14,Consumer,Gold,Regular,Yes
2620,Andrew,Jones,andrew.jones.2620@yahoo.com,(627) 761-4779,Houston,TX,South,1969,Male,2025-02-16,Consumer,Gold,Occasional,Yes
2621,Anthony,Martin,anthony.martin.2621@yahoo.com,(685) 936-8094,Orlando,FL,South,1993,Male,2025-07-10,Consumer,Silver,Frequent,Yes
2622,Andrew,Sanchez,andrew.sanchez.2622@protonmail.com,(646) 518-6399,Providence,RI,Northeast,1999,Male,2024-12-01,Consumer,Bronze,Regular,Yes
2623,John,Young,john.young.2623@protonmail.com,(713) 699-3352,Houston,TX,South,1978,Male,2025-10-10,Consumer,Bronze,Occasional,Yes
2624,Sarah,Martinez,sarah.martinez.2624@protonmail.com,(374) 809-9785,Hartford,CT,Northeast,1989,Female,2025-01-10,Consumer,Silver,Occasional,Yes
2625,Charles,King,charles.king.2625@icloud.com,(407) 798-1613,Houston,TX,South,1953,Male,2025-09-07,Consumer,Bronze,Occasional,Yes
2626,John,Taylor,john.taylor.2626@outlook.com,(220) 280-2777,Dallas,TX,South,1997,Male,2026-03-06,Consumer,Silver,Frequent,Yes
2627,Joshua,Taylor,joshua.taylor.2627@yahoo.com,(580) 336-5743,Minneapolis,MN,Midwest,1966,Male,2024-10-24,Consumer,Bronze,Regular,Yes
2628,Michael,Perez,michael.perez.2628@protonmail.com,(416) 524-2193,Buffalo,NY,Northeast,1967,Male,2024-06-02,Consumer,Bronze,Regular,No
2629,Brandon,Wright,brandon.wright.2629@icloud.com,(634) 832-8078,Richmond,VA,South,1966,Male,2024-05-09,Consumer,Bronze,Occasional,No
2630,Susan,Wright,susan.wright.2630@icloud.com,(869) 746-3307,Milwaukee,WI,Midwest,1987,Female,2025-06-14,Consumer,Silver,Occasional,Yes
2631,Brandon,Williams,brandon.williams.2631@icloud.com,(817) 513-8709,Detroit,MI,Midwest,1953,Male,2025-06-04,Small Business,Gold,Occasional,Yes
2632,Brian,Gonzalez,brian.gonzalez.2632@protonmail.com,(668) 395-8112,Houston,TX,South,1998,Male,2025-01-11,Consumer,Bronze,Occasional,Yes
2633,George,Brown,george.brown.2633@gmail.com,(895) 835-6125,Boston,MA,Northeast,1997,Male,2025-10-09,Consumer,Platinum,Occasional,Yes
2634,Justin,Rodriguez,justin.rodriguez.2634@gmail.com,(994) 574-2232,Seattle,WA,West,1951,Male,2023-11-22,Consumer,Silver,Frequent,Yes
2635,Brandon,Thompson,brandon.thompson.2635@outlook.com,(236) 296-7401,Minneapolis,MN,Midwest,1971,Male,2024-07-08,Consumer,Bronze,Regular,Yes
2636,Lauren,Thomas,lauren.thomas.2636@outlook.com,(530) 446-9822,Milwaukee,WI,Midwest,1991,Female,2024-01-22,Consumer,Bronze,Occasional,Yes
2637,Jessica,Brown,jessica.brown.2637@yahoo.com,(363) 262-3312,Milwaukee,WI,Midwest,1998,Female,2025-12-15,Consumer,Gold,Occasional,Yes
2638,Richard,Thompson,richard.thompson.2638@outlook.com,(388) 727-1886,Pittsburgh,PA,Northeast,1958,Male,2026-05-14,Consumer,Silver,Regular,Yes
2639,Brandon,Torres,brandon.torres.2639@outlook.com,(288) 224-1197,St. Louis,MO,Midwest,1964,Male,2023-01-09,Consumer,Bronze,Frequent,Yes
2640,Amanda,Lopez,amanda.lopez.2640@icloud.com,(844) 858-4614,Miami,FL,South,1993,Female,2023-09-22,Consumer,Bronze,Frequent,Yes
2641,Sarah,Lewis,sarah.lewis.2641@protonmail.com,(309) 495-8670,Richmond,VA,South,1966,Female,2024-04-06,Consumer,Bronze,Occasional,No
2642,Betty,Clark,betty.clark.2642@outlook.com,(821) 472-3936,Miami,FL,South,1996,Female,2024-03-20,Small Business,Bronze,Frequent,Yes
2643,Elizabeth,Jones,elizabeth.jones.2643@gmail.com,(647) 361-8742,Charlotte,NC,South,1985,Female,2024-03-31,Consumer,Bronze,Occasional,Yes
2644,George,Perez,george.perez.2644@protonmail.com,(271) 334-1711,Houston,TX,South,1990,Male,2024-03-16,Small Business,Bronze,Frequent,Yes
2645,Edward,Hill,edward.hill.2645@gmail.com,(494) 385-2380,Newark,NJ,Northeast,1965,Male,2025-01-12,Consumer,Bronze,Regular,Yes
2646,Rachel,Lopez,rachel.lopez.2646@gmail.com,(934) 482-5119,Los Angeles,CA,West,1983,Female,2024-10-28,Small Business,Silver,Occasional,Yes
2647,Susan,Sanchez,susan.sanchez.2647@protonmail.com,(295) 458-3414,Houston,TX,South,1996,Female,2026-02-27,Consumer,Bronze,Frequent,Yes
2648,Nathan,Smith,nathan.smith.2648@outlook.com,(526) 360-8566,St. Louis,MO,Midwest,1970,Male,2025-06-23,Consumer,Bronze,Regular,Yes
2649,Joshua,Lewis,joshua.lewis.2649@protonmail.com,(968) 581-4572,Denver,CO,West,2003,Male,2026-05-17,Consumer,Bronze,Occasional,Yes
2650,Patricia,Brown,patricia.brown.2650@icloud.com,(656) 538-5647,Cleveland,OH,Midwest,1991,Female,2025-11-19,Consumer,Bronze,Frequent,Yes
2651,Michael,Walker,michael.walker.2651@icloud.com,(853) 421-4608,Pittsburgh,PA,Northeast,1963,Male,2024-05-09,Enterprise,Silver,Occasional,Yes
2652,Betty,Thompson,betty.thompson.2652@icloud.com,(952) 405-6454,Minneapolis,MN,Midwest,1966,Female,2023-05-14,Small Business,Bronze,Occasional,Yes
2653,Susan,Lee,susan.lee.2653@icloud.com,(605) 782-7334,San Diego,CA,West,1995,Female,2023-08-10,Small Business,Bronze,Regular,Yes
2654,Matthew,Nguyen,matthew.nguyen.2654@outlook.com,(922) 424-8335,Orlando,FL,South,2003,Male,2026-08-04,Consumer,Silver,Frequent,Yes
2655,Melissa,Sanchez,melissa.sanchez.2655@outlook.com,(533) 294-5351,Indianapolis,IN,Midwest,1955,Female,2026-02-28,Consumer,Bronze,Occasional,Yes
2656,Melissa,White,melissa.white.2656@yahoo.com,(271) 491-3358,Seattle,WA,West,1970,Female,2025-09-19,Consumer,Bronze,Regular,No
2657,Patricia,Lopez,patricia.lopez.2657@protonmail.com,(346) 324-1264,St. Louis,MO,Midwest,1954,Female,2025-09-23,Consumer,Bronze,Occasional,Yes
2658,Lauren,Martinez,lauren.martinez.2658@yahoo.com,(781) 603-3180,Dallas,TX,South,1968,Female,2026-07-30,Consumer,Bronze,Occasional,Yes
2659,Christina,Ramirez,christina.ramirez.2659@outlook.com,(875) 872-5817,Milwaukee,WI,Midwest,1974,Female,2026-01-22,Consumer,Bronze,Regular,Yes
2660,Rachel,Flores,rachel.flores.2660@icloud.com,(822) 516-4636,Newark,NJ,Northeast,1972,Female,2025-03-28,Consumer,Bronze,VIP,Yes
2661,James,Torres,james.torres.2661@protonmail.com,(534) 543-3961,Cleveland,OH,Midwest,2002,Male,2024-12-30,Consumer,Bronze,Regular,Yes
2662,William,Torres,william.torres.2662@outlook.com,(535) 658-3602,Nashville,TN,South,1958,Male,2023-10-27,Consumer,Bronze,Frequent,Yes
2663,Christopher,Clark,christopher.clark.2663@outlook.com,(459) 853-5119,San Francisco,CA,West,1974,Male,2024-07-07,Consumer,Bronze,Occasional,No
2664,Jacob,Sanchez,jacob.sanchez.2664@gmail.com,(759) 249-7200,Providence,RI,Northeast,1991,Nonbinary,2026-05-12,Consumer,Gold,Regular,Yes
2665,Ashley,Scott,ashley.scott.2665@protonmail.com,(460) 219-5027,Richmond,VA,South,1962,Female,2023-12-13,Enterprise,Silver,VIP,Yes
2666,Charles,Flores,charles.flores.2666@yahoo.com,(248) 774-9851,Orlando,FL,South,1959,Male,2023-06-27,Consumer,Bronze,Regular,Yes
2667,Justin,Miller,justin.miller.2667@protonmail.com,(269) 338-4333,Atlanta,GA,South,1962,Male,2024-01-26,Consumer,Bronze,Regular,Yes
2668,Ryan,Thomas,ryan.thomas.2668@gmail.com,(278) 594-4523,Chicago,IL,Midwest,1955,Male,2023-11-20,Consumer,Silver,Frequent,Yes
2669,William,Johnson,william.johnson.2669@outlook.com,(448) 604-4552,Philadelphia,PA,Northeast,1958,Male,2023-11-08,Consumer,Bronze,Occasional,Yes
2670,Mary,Nguyen,mary.nguyen.2670@icloud.com,(695) 391-1572,Detroit,MI,Midwest,1952,Female,2024-05-15,Consumer,Bronze,Regular,Yes
2671,Nancy,Hill,nancy.hill.2671@protonmail.com,(914) 905-1225,Buffalo,NY,Northeast,1985,Female,2025-09-22,Consumer,Silver,Occasional,Yes
2672,Linda,Nguyen,linda.nguyen.2672@outlook.com,(975) 378-5817,Detroit,MI,Midwest,1998,Female,2024-12-02,Enterprise,Bronze,VIP,Yes
2673,Thomas,Wilson,thomas.wilson.2673@yahoo.com,(645) 833-2888,Las Vegas,NV,West,1963,Male,2024-10-02,Consumer,Gold,Regular,Yes
2674,Michael,Scott,michael.scott.2674@yahoo.com,(254) 247-4889,Nashville,TN,South,2002,Nonbinary,2024-01-17,Consumer,Bronze,Occasional,Yes
2675,Joshua,Smith,joshua.smith.2675@outlook.com,(371) 315-7233,Seattle,WA,West,1952,Male,2026-08-06,Consumer,Silver,Occasional,Yes
2676,Nancy,Hill,nancy.hill.2676@yahoo.com,(391) 928-8387,Seattle,WA,West,1959,Female,2026-01-23,Consumer,Silver,Occasional,Yes
2677,Lauren,Williams,lauren.williams.2677@yahoo.com,(369) 741-4524,San Diego,CA,West,1981,Female,2025-08-15,Consumer,Bronze,Occasional,Yes
2678,Rachel,Johnson,rachel.johnson.2678@icloud.com,(959) 749-7740,New York,NY,Northeast,1996,Female,2023-08-20,Consumer,Bronze,Regular,Yes
2679,James,Lopez,james.lopez.2679@icloud.com,(439) 998-1257,Miami,FL,South,1993,Male,2024-06-09,Consumer,Bronze,Occasional,Yes
2680,Melissa,Martin,melissa.martin.2680@yahoo.com,(402) 279-9550,Providence,RI,Northeast,2005,Female,2024-08-02,Consumer,Gold,Regular,Yes
2681,Rachel,Perez,rachel.perez.2681@protonmail.com,(498) 622-9018,Providence,RI,Northeast,1977,Female,2024-06-15,Small Business,Bronze,Occasional,Yes
2682,Emily,Allen,emily.allen.2682@outlook.com,(224) 866-8364,Richmond,VA,South,1980,Female,2023-01-15,Consumer,Bronze,Regular,Yes
2683,Jacob,Williams,jacob.williams.2683@outlook.com,(652) 371-8447,Dallas,TX,South,1950,Male,2023-01-16,Consumer,Silver,Regular,Yes
2684,Andrew,Rodriguez,andrew.rodriguez.2684@gmail.com,(292) 969-3582,Atlanta,GA,South,1953,Nonbinary,2024-04-28,Consumer,Silver,Occasional,Yes
2685,Mary,Ramirez,mary.ramirez.2685@gmail.com,(383) 510-1679,Phoenix,AZ,West,1983,Female,2026-06-19,Consumer,Bronze,Occasional,Yes
2686,Rachel,Walker,rachel.walker.2686@gmail.com,(884) 602-5448,Indianapolis,IN,Midwest,1991,Female,2023-06-09,Small Business,Bronze,Occasional,Yes
2687,Justin,Lewis,justin.lewis.2687@yahoo.com,(257) 658-1413,Minneapolis,MN,Midwest,1955,Male,2023-07-03,Enterprise,Silver,Frequent,Yes
2688,Rachel,Garcia,rachel.garcia.2688@yahoo.com,(543) 915-7666,San Diego,CA,West,1993,Female,2023-07-24,Consumer,Gold,Frequent,Yes
2689,Donald,Lewis,donald.lewis.2689@gmail.com,(298) 695-1639,Charlotte,NC,South,1981,Male,2024-07-02,Consumer,Bronze,Regular,Yes
2690,Donald,Ramirez,donald.ramirez.2690@outlook.com,(356) 881-4369,Charlotte,NC,South,1993,Male,2025-08-13,Small Business,Bronze,Frequent,Yes
2691,Nancy,Anderson,nancy.anderson.2691@outlook.com,(260) 832-6788,Nashville,TN,South,2000,Female,2024-10-22,Consumer,Silver,Occasional,Yes
2692,William,Wright,william.wright.2692@icloud.com,(375) 834-4115,Richmond,VA,South,1976,Male,2025-10-25,Small Business,Bronze,Occasional,Yes
2693,Edward,Walker,edward.walker.2693@outlook.com,(789) 715-7568,Los Angeles,CA,West,2002,Male,2023-03-03,Consumer,Gold,Frequent,Yes
2694,Stephanie,King,stephanie.king.2694@protonmail.com,(770) 438-6228,Orlando,FL,South,1988,Female,2023-10-05,Consumer,Bronze,Regular,Yes
2695,Rachel,Thompson,rachel.thompson.2695@icloud.com,(370) 359-8754,Buffalo,NY,Northeast,1971,Female,2026-02-06,Consumer,Bronze,Regular,Yes
2696,Christina,Anderson,christina.anderson.2696@gmail.com,(620) 634-4185,Portland,OR,West,1955,Nonbinary,2026-07-15,Small Business,Gold,Occasional,Yes
2697,Michael,Taylor,michael.taylor.2697@yahoo.com,(381) 625-4469,Columbus,OH,Midwest,1961,Male,2024-02-06,Consumer,Bronze,Frequent,Yes
2698,Joshua,Scott,joshua.scott.2698@yahoo.com,(933) 320-6021,Dallas,TX,South,1962,Male,2024-08-03,Consumer,Bronze,Occasional,Yes
2699,Nathan,Martinez,nathan.martinez.2699@protonmail.com,(540) 689-5732,New York,NY,Northeast,1961,Male,2026-03-25,Consumer,Bronze,Occasional,Yes
2700,Charles,Scott,charles.scott.2700@gmail.com,(575) 276-3644,Houston,TX,South,1969,Male,2024-09-06,Consumer,Silver,Occasional,Yes
2701,Abigail,Clark,abigail.clark.2701@outlook.com,(800) 810-9210,Richmond,VA,South,1987,Female,2024-05-30,Consumer,Bronze,Regular,No
2702,Sandra,Wilson,sandra.wilson.2702@gmail.com,(262) 675-6178,Richmond,VA,South,1968,Female,2023-08-31,Consumer,Silver,Occasional,Yes
2703,Lauren,Jones,lauren.jones.2703@outlook.com,(249) 547-8627,Seattle,WA,West,1956,Female,2026-03-10,Small Business,Bronze,Frequent,Yes
2704,Thomas,Lee,thomas.lee.2704@yahoo.com,(444) 960-8838,Detroit,MI,Midwest,1961,Male,2023-10-15,Consumer,Bronze,Regular,Yes
2705,Anthony,Hernandez,anthony.hernandez.2705@icloud.com,(630) 954-7377,Atlanta,GA,South,1985,Male,2024-07-04,Enterprise,Silver,Regular,Yes
2706,Christina,Hill,christina.hill.2706@outlook.com,(265) 731-9045,Cleveland,OH,Midwest,1951,Female,2026-05-28,Small Business,Gold,Frequent,Yes
2707,Robert,Harris,robert.harris.2707@gmail.com,(304) 310-3698,Orlando,FL,South,1950,Male,2025-06-15,Consumer,Silver,Occasional,Yes
2708,Susan,Garcia,susan.garcia.2708@outlook.com,(771) 835-9865,Atlanta,GA,South,2003,Female,2024-01-19,Small Business,Silver,VIP,Yes
2709,Christina,Allen,christina.allen.2709@yahoo.com,(965) 918-9978,San Francisco,CA,West,1970,Prefer not to say,2026-02-08,Consumer,Bronze,Frequent,Yes
2710,Emma,Robinson,emma.robinson.2710@outlook.com,(233) 263-2105,Minneapolis,MN,Midwest,1977,Female,2025-07-16,Consumer,Silver,Frequent,Yes
2711,Sarah,Rodriguez,sarah.rodriguez.2711@protonmail.com,(633) 269-6799,Atlanta,GA,South,1955,Female,2025-09-27,Consumer,Bronze,Occasional,Yes
2712,Nicole,Lee,nicole.lee.2712@icloud.com,(919) 983-9254,Indianapolis,IN,Midwest,1989,Female,2025-08-21,Consumer,Bronze,Regular,Yes
2713,Lisa,Lee,lisa.lee.2713@icloud.com,(654) 644-1259,Richmond,VA,South,1999,Female,2025-12-30,Consumer,Silver,Frequent,Yes
2714,Michael,Williams,michael.williams.2714@yahoo.com,(435) 783-1912,Dallas,TX,South,1951,Male,2026-01-01,Consumer,Silver,Occasional,No
2715,Christina,Ramirez,christina.ramirez.2715@icloud.com,(635) 933-1247,Columbus,OH,Midwest,1971,Female,2026-07-19,Consumer,Silver,Regular,Yes
2716,Nancy,Martin,nancy.martin.2716@gmail.com,(290) 712-5767,Minneapolis,MN,Midwest,1996,Female,2023-06-17,Consumer,Bronze,Occasional,Yes
2717,Elizabeth,Harris,elizabeth.harris.2717@protonmail.com,(500) 262-9220,Houston,TX,South,1999,Female,2023-09-25,Small Business,Bronze,Occasional,Yes
2718,Charles,Anderson,charles.anderson.2718@icloud.com,(982) 947-6420,Miami,FL,South,1986,Male,2024-07-20,Consumer,Bronze,Occasional,Yes
2719,Sophia,Clark,sophia.clark.2719@yahoo.com,(773) 967-6777,Denver,CO,West,1976,Female,2024-04-02,Small Business,Bronze,Frequent,Yes
2720,Daniel,Jones,daniel.jones.2720@protonmail.com,(855) 252-2348,Providence,RI,Northeast,1971,Male,2024-08-17,Small Business,Silver,Regular,Yes
2721,Jason,Hernandez,jason.hernandez.2721@icloud.com,(535) 365-4424,Las Vegas,NV,West,1984,Male,2023-12-25,Consumer,Silver,Occasional,Yes
2722,Sarah,Nguyen,sarah.nguyen.2722@icloud.com,(200) 260-5296,Los Angeles,CA,West,1966,Female,2025-11-24,Consumer,Silver,Occasional,Yes
2723,Nicole,Garcia,nicole.garcia.2723@outlook.com,(911) 756-6582,Portland,OR,West,1975,Female,2024-10-17,Consumer,Bronze,Frequent,Yes
2724,Margaret,Hill,margaret.hill.2724@yahoo.com,(333) 940-8116,Phoenix,AZ,West,1963,Prefer not to say,2026-06-13,Consumer,Bronze,Regular,Yes
2725,Patricia,Allen,patricia.allen.2725@gmail.com,(739) 813-9162,Atlanta,GA,South,2001,Female,2024-06-23,Consumer,Bronze,Regular,Yes
2726,Elizabeth,King,elizabeth.king.2726@protonmail.com,(242) 493-2677,Hartford,CT,Northeast,1987,Female,2024-01-22,Small Business,Platinum,Occasional,Yes
2727,Andrew,Garcia,andrew.garcia.2727@yahoo.com,(498) 488-2422,Phoenix,AZ,West,1948,Male,2024-04-18,Consumer,Bronze,Regular,Yes
2728,Margaret,Ramirez,margaret.ramirez.2728@protonmail.com,(753) 249-3594,Philadelphia,PA,Northeast,1950,Female,2024-02-12,Consumer,Silver,Occasional,Yes
2729,Melissa,Thomas,melissa.thomas.2729@icloud.com,(665) 445-7816,Las Vegas,NV,West,1976,Female,2025-04-26,Small Business,Silver,Frequent,Yes
2730,Anthony,Martin,anthony.martin.2730@protonmail.com,(313) 828-6420,Houston,TX,South,1961,Male,2024-03-02,Consumer,Gold,Frequent,Yes
2731,Richard,Thompson,richard.thompson.2731@yahoo.com,(580) 410-4850,San Diego,CA,West,1984,Male,2025-02-20,Consumer,Bronze,Occasional,Yes
2732,Paul,Rodriguez,paul.rodriguez.2732@gmail.com,(518) 870-9520,Dallas,TX,South,1958,Male,2023-06-18,Consumer,Gold,Regular,Yes
2733,James,Robinson,james.robinson.2733@yahoo.com,(934) 308-6240,Hartford,CT,Northeast,1945,Male,2025-05-15,Consumer,Bronze,Regular,Yes
2734,Olivia,Martin,olivia.martin.2734@outlook.com,(952) 461-3225,Richmond,VA,South,1963,Female,2025-05-10,Consumer,Bronze,Regular,Yes
2735,Brandon,Nguyen,brandon.nguyen.2735@icloud.com,(372) 553-3748,Atlanta,GA,South,1981,Male,2025-06-13,Consumer,Bronze,Occasional,Yes
2736,Megan,White,megan.white.2736@protonmail.com,(470) 743-2386,Dallas,TX,South,1968,Female,2023-11-26,Consumer,Silver,Regular,Yes
2737,Edward,Nguyen,edward.nguyen.2737@yahoo.com,(839) 796-2101,Portland,OR,West,1969,Male,2023-06-19,Small Business,Bronze,Regular,Yes
2738,Thomas,Lee,thomas.lee.2738@yahoo.com,(347) 443-1096,Phoenix,AZ,West,1972,Male,2024-09-03,Consumer,Bronze,Occasional,Yes
2739,Nancy,Hernandez,nancy.hernandez.2739@yahoo.com,(538) 461-9088,Nashville,TN,South,1969,Female,2025-12-13,Enterprise,Gold,Regular,Yes
2740,Joshua,Nguyen,joshua.nguyen.2740@yahoo.com,(584) 662-1712,Richmond,VA,South,1952,Male,2023-04-03,Consumer,Bronze,Frequent,Yes
2741,Jason,Anderson,jason.anderson.2741@protonmail.com,(914) 228-1938,Nashville,TN,South,1992,Male,2023-04-02,Small Business,Gold,Occasional,Yes
2742,Jennifer,Robinson,jennifer.robinson.2742@gmail.com,(889) 454-2734,Atlanta,GA,South,1989,Female,2024-07-06,Small Business,Bronze,Frequent,Yes
2743,Karen,Smith,karen.smith.2743@icloud.com,(531) 381-8992,Columbus,OH,Midwest,2001,Female,2025-02-28,Small Business,Silver,Occasional,Yes
2744,Edward,Allen,edward.allen.2744@protonmail.com,(546) 292-6817,Cleveland,OH,Midwest,1976,Male,2025-03-29,Small Business,Silver,Regular,Yes
2745,Sophia,Sanchez,sophia.sanchez.2745@icloud.com,(893) 626-2326,Charlotte,NC,South,1989,Female,2023-08-13,Consumer,Silver,Occasional,No
2746,Melissa,Martin,melissa.martin.2746@gmail.com,(549) 782-7070,Seattle,WA,West,1961,Female,2025-03-05,Consumer,Silver,Regular,Yes
2747,Michael,Jones,michael.jones.2747@gmail.com,(723) 352-7114,Miami,FL,South,1961,Male,2023-09-27,Consumer,Bronze,Frequent,Yes
2748,Melissa,Rodriguez,melissa.rodriguez.2748@yahoo.com,(771) 978-7354,Philadelphia,PA,Northeast,1973,Female,2026-03-08,Consumer,Bronze,Frequent,Yes
2749,Joshua,Walker,joshua.walker.2749@yahoo.com,(365) 706-1834,Minneapolis,MN,Midwest,2004,Male,2025-05-20,Small Business,Bronze,Occasional,Yes
2750,Melissa,Lopez,melissa.lopez.2750@gmail.com,(323) 337-8908,Miami,FL,South,1961,Female,2025-05-14,Small Business,Silver,Occasional,Yes
2751,Edward,Smith,edward.smith.2751@protonmail.com,(635) 449-8646,Hartford,CT,Northeast,1950,Male,2026-05-25,Consumer,Bronze,Regular,No
2752,Jacob,King,jacob.king.2752@outlook.com,(212) 623-4089,Miami,FL,South,1995,Male,2025-05-10,Consumer,Bronze,Occasional,Yes
2753,Lauren,Thompson,lauren.thompson.2753@yahoo.com,(266) 201-5881,Miami,FL,South,1994,Female,2023-12-07,Consumer,Silver,Regular,No
2754,Edward,Williams,edward.williams.2754@outlook.com,(926) 655-5990,Nashville,TN,South,1964,Male,2023-09-19,Consumer,Bronze,Frequent,No
2755,Mark,Lee,mark.lee.2755@outlook.com,(213) 448-9848,Buffalo,NY,Northeast,1952,Nonbinary,2023-06-15,Small Business,Silver,Regular,Yes
2756,Justin,Nguyen,justin.nguyen.2756@gmail.com,(927) 305-2538,Orlando,FL,South,1966,Male,2026-02-25,Enterprise,Silver,Occasional,Yes
2757,Rebecca,Garcia,rebecca.garcia.2757@outlook.com,(601) 866-5976,Atlanta,GA,South,1972,Female,2025-03-12,Small Business,Bronze,Regular,Yes
2758,Charles,Thomas,charles.thomas.2758@icloud.com,(825) 250-3834,Providence,RI,Northeast,1957,Male,2023-01-21,Consumer,Bronze,Occasional,Yes
2759,James,Anderson,james.anderson.2759@yahoo.com,(957) 551-3066,Dallas,TX,South,1987,Male,2023-08-09,Consumer,Silver,Occasional,No
2760,Nicole,Perez,nicole.perez.2760@protonmail.com,(665) 768-2009,Charlotte,NC,South,1948,Female,2024-05-26,Consumer,Bronze,Regular,Yes
2761,Nicole,Sanchez,nicole.sanchez.2761@yahoo.com,(363) 940-9279,Houston,TX,South,1983,Female,2026-01-14,Small Business,Silver,Occasional,Yes
2762,William,Smith,william.smith.2762@yahoo.com,(788) 291-5031,San Diego,CA,West,1973,Male,2025-08-14,Consumer,Bronze,Regular,Yes
2763,Emma,Thompson,emma.thompson.2763@icloud.com,(311) 781-6370,Miami,FL,South,1953,Female,2023-12-08,Consumer,Gold,Regular,Yes
2764,Brian,Johnson,brian.johnson.2764@outlook.com,(887) 962-5194,San Francisco,CA,West,1982,Male,2024-06-23,Consumer,Bronze,Frequent,Yes
2765,Emily,Clark,emily.clark.2765@yahoo.com,(840) 548-1269,San Diego,CA,West,1979,Female,2026-01-15,Small Business,Bronze,Frequent,Yes
2766,Nathan,Williams,nathan.williams.2766@outlook.com,(345) 413-6973,Detroit,MI,Midwest,1992,Male,2025-03-30,Consumer,Bronze,Regular,No
2767,Jason,Gonzalez,jason.gonzalez.2767@icloud.com,(231) 625-7272,Atlanta,GA,South,1950,Male,2024-08-06,Small Business,Bronze,Occasional,Yes
2768,Steven,Anderson,steven.anderson.2768@outlook.com,(229) 428-4517,Richmond,VA,South,1953,Male,2025-06-16,Consumer,Platinum,Occasional,Yes
2769,John,Hernandez,john.hernandez.2769@gmail.com,(404) 862-8271,Hartford,CT,Northeast,1973,Male,2024-03-26,Consumer,Bronze,Occasional,Yes
2770,Joshua,Anderson,joshua.anderson.2770@gmail.com,(555) 615-6340,Phoenix,AZ,West,1985,Male,2025-07-31,Consumer,Bronze,Occasional,Yes
2771,Emma,Gonzalez,emma.gonzalez.2771@protonmail.com,(449) 277-7430,St. Louis,MO,Midwest,1997,Female,2025-03-11,Consumer,Bronze,Regular,Yes
2772,Brian,Perez,brian.perez.2772@gmail.com,(973) 562-9478,Orlando,FL,South,1992,Male,2025-10-11,Small Business,Silver,VIP,No
2773,Linda,Brown,linda.brown.2773@icloud.com,(330) 523-5458,Denver,CO,West,1996,Female,2026-04-22,Consumer,Bronze,Occasional,No
2774,Brandon,Brown,brandon.brown.2774@gmail.com,(523) 822-8648,Milwaukee,WI,Midwest,1994,Male,2023-07-05,Consumer,Bronze,Occasional,Yes
2775,Mary,Jones,mary.jones.2775@yahoo.com,(463) 601-8225,Los Angeles,CA,West,1958,Female,2025-07-12,Enterprise,Gold,Regular,No
2776,Charles,Martin,charles.martin.2776@gmail.com,(767) 818-5526,Indianapolis,IN,Midwest,1959,Male,2026-03-18,Consumer,Bronze,Frequent,Yes
2777,Ashley,Lee,ashley.lee.2777@gmail.com,(558) 500-3061,Phoenix,AZ,West,1951,Female,2023-10-21,Consumer,Bronze,Occasional,No
2778,Thomas,Lopez,thomas.lopez.2778@yahoo.com,(815) 507-1235,Charlotte,NC,South,1986,Male,2026-04-08,Consumer,Gold,Occasional,Yes
2779,Melissa,Jackson,melissa.jackson.2779@gmail.com,(946) 899-4739,Philadelphia,PA,Northeast,1992,Female,2026-07-03,Consumer,Bronze,Frequent,Yes
2780,Amanda,Wright,amanda.wright.2780@icloud.com,(369) 945-9578,Minneapolis,MN,Midwest,1947,Female,2025-05-31,Enterprise,Bronze,VIP,Yes
2781,Olivia,Jones,olivia.jones.2781@protonmail.com,(423) 746-8555,Portland,OR,West,1997,Female,2026-06-07,Consumer,Bronze,VIP,Yes
2782,Charles,Gonzalez,charles.gonzalez.2782@outlook.com,(848) 838-8335,New York,NY,Northeast,1989,Male,2023-11-26,Consumer,Bronze,Frequent,Yes
2783,Rebecca,Harris,rebecca.harris.2783@gmail.com,(764) 533-2920,Nashville,TN,South,2004,Female,2024-12-14,Small Business,Bronze,Occasional,Yes
2784,Michael,Jones,michael.jones.2784@icloud.com,(273) 807-3237,Phoenix,AZ,West,1970,Male,2025-07-08,Consumer,Bronze,Frequent,No
2785,Jacob,Scott,jacob.scott.2785@icloud.com,(527) 648-5420,Columbus,OH,Midwest,2003,Male,2023-05-01,Small Business,Gold,Occasional,Yes
2786,Jason,Lopez,jason.lopez.2786@gmail.com,(808) 858-3781,Atlanta,GA,South,1976,Male,2025-06-15,Consumer,Bronze,Regular,Yes
2787,Steven,Lopez,steven.lopez.2787@protonmail.com,(624) 688-5239,Miami,FL,South,2004,Male,2024-01-23,Small Business,Bronze,Regular,Yes
2788,Megan,Martin,megan.martin.2788@yahoo.com,(894) 730-9713,Richmond,VA,South,1991,Female,2025-06-27,Consumer,Bronze,Occasional,Yes
2789,David,Clark,david.clark.2789@gmail.com,(314) 522-8090,Chicago,IL,Midwest,2005,Male,2025-01-18,Consumer,Silver,Occasional,Yes
2790,Jessica,Wright,jessica.wright.2790@yahoo.com,(261) 876-7778,San Diego,CA,West,1976,Female,2025-05-11,Consumer,Bronze,VIP,Yes
2791,Kevin,Smith,kevin.smith.2791@yahoo.com,(644) 531-1991,Seattle,WA,West,2000,Male,2023-05-19,Consumer,Bronze,Regular,Yes
2792,Ashley,Ramirez,ashley.ramirez.2792@outlook.com,(996) 753-3469,Pittsburgh,PA,Northeast,1957,Female,2025-02-10,Small Business,Gold,Regular,Yes
2793,Brandon,White,brandon.white.2793@yahoo.com,(939) 681-9691,Providence,RI,Northeast,2000,Male,2024-10-10,Consumer,Bronze,Frequent,No
2794,Anthony,Gonzalez,anthony.gonzalez.2794@outlook.com,(675) 290-7185,Atlanta,GA,South,1962,Male,2023-12-07,Small Business,Bronze,VIP,Yes
2795,Steven,Harris,steven.harris.2795@outlook.com,(420) 847-8690,Phoenix,AZ,West,1975,Male,2024-05-28,Consumer,Bronze,Regular,Yes
2796,Matthew,Moore,matthew.moore.2796@outlook.com,(325) 825-3539,Richmond,VA,South,1978,Male,2025-04-26,Small Business,Silver,Occasional,Yes
2797,Thomas,Garcia,thomas.garcia.2797@gmail.com,(982) 601-4038,San Francisco,CA,West,1977,Male,2023-10-13,Small Business,Silver,Frequent,Yes
2798,Thomas,Miller,thomas.miller.2798@outlook.com,(525) 751-9680,Denver,CO,West,1998,Male,2023-05-12,Consumer,Bronze,Regular,No
2799,John,Taylor,john.taylor.2799@outlook.com,(717) 354-8063,Los Angeles,CA,West,1946,Male,2024-04-05,Small Business,Bronze,Occasional,Yes
2800,Karen,Flores,karen.flores.2800@icloud.com,(715) 798-8154,Newark,NJ,Northeast,1968,Female,2025-02-17,Consumer,Silver,Regular,Yes
2801,Elizabeth,White,elizabeth.white.2801@outlook.com,(505) 648-7334,Hartford,CT,Northeast,1965,Female,2026-01-03,Consumer,Bronze,Regular,Yes
2802,Jacob,Wright,jacob.wright.2802@protonmail.com,(866) 855-5742,Boston,MA,Northeast,1973,Male,2026-01-19,Consumer,Gold,Occasional,Yes
2803,Steven,Wilson,steven.wilson.2803@gmail.com,(680) 361-7457,Charlotte,NC,South,1963,Male,2026-02-08,Consumer,Bronze,Regular,No
2804,Rebecca,Smith,rebecca.smith.2804@yahoo.com,(883) 711-5608,Dallas,TX,South,1948,Female,2026-05-31,Consumer,Bronze,Regular,Yes
2805,Mark,Thomas,mark.thomas.2805@gmail.com,(597) 621-4848,Dallas,TX,South,2005,Male,2024-04-13,Small Business,Silver,Occasional,Yes
2806,Rebecca,Martinez,rebecca.martinez.2806@yahoo.com,(664) 830-7199,Miami,FL,South,1993,Female,2024-08-17,Small Business,Bronze,Occasional,Yes
2807,Matthew,Jones,matthew.jones.2807@icloud.com,(948) 992-7792,San Diego,CA,West,1972,Male,2025-12-15,Consumer,Bronze,Occasional,Yes
2808,Ryan,Brown,ryan.brown.2808@icloud.com,(468) 827-6496,Orlando,FL,South,1946,Male,2026-04-25,Small Business,Bronze,Regular,Yes
2809,George,Miller,george.miller.2809@gmail.com,(626) 598-9054,Phoenix,AZ,West,1962,Male,2024-10-01,Small Business,Bronze,Occasional,Yes
2810,Emily,Anderson,emily.anderson.2810@yahoo.com,(356) 416-9598,San Francisco,CA,West,2000,Female,2023-04-25,Small Business,Bronze,Occasional,Yes
2811,Megan,Taylor,megan.taylor.2811@outlook.com,(831) 728-7141,Los Angeles,CA,West,1988,Female,2023-02-01,Consumer,Silver,Regular,Yes
2812,Rachel,Johnson,rachel.johnson.2812@outlook.com,(427) 872-4263,Los Angeles,CA,West,1961,Female,2023-07-13,Small Business,Bronze,Regular,Yes
2813,John,Taylor,john.taylor.2813@protonmail.com,(911) 369-5795,Miami,FL,South,1955,Male,2023-05-16,Consumer,Silver,Regular,Yes
2814,William,Smith,william.smith.2814@outlook.com,(248) 721-6803,San Francisco,CA,West,1949,Male,2026-01-29,Consumer,Silver,Regular,Yes
2815,Justin,Sanchez,justin.sanchez.2815@gmail.com,(535) 977-1934,Charlotte,NC,South,1972,Male,2026-05-28,Enterprise,Bronze,Occasional,Yes
2816,Nicole,Rodriguez,nicole.rodriguez.2816@outlook.com,(574) 246-3758,Charlotte,NC,South,1948,Female,2024-05-03,Consumer,Silver,Occasional,Yes
2817,Jacob,Martinez,jacob.martinez.2817@outlook.com,(693) 857-7438,Seattle,WA,West,1963,Male,2024-07-30,Consumer,Bronze,Occasional,Yes
2818,Melissa,Nguyen,melissa.nguyen.2818@yahoo.com,(298) 494-7741,Miami,FL,South,1946,Female,2024-04-05,Small Business,Bronze,Regular,Yes
2819,Brian,Williams,brian.williams.2819@icloud.com,(876) 308-6481,Atlanta,GA,South,2004,Male,2024-07-11,Consumer,Bronze,Regular,Yes
2820,Michael,Scott,michael.scott.2820@yahoo.com,(495) 463-8709,Buffalo,NY,Northeast,1984,Male,2023-05-02,Consumer,Bronze,Occasional,Yes
2821,Linda,Jones,linda.jones.2821@yahoo.com,(565) 603-9648,Richmond,VA,South,1946,Female,2023-01-21,Small Business,Gold,Occasional,Yes
2822,Thomas,King,thomas.king.2822@icloud.com,(205) 653-3213,Richmond,VA,South,1983,Male,2024-07-23,Small Business,Bronze,Regular,Yes
2823,Patricia,Jackson,patricia.jackson.2823@outlook.com,(646) 729-4452,Las Vegas,NV,West,1951,Female,2026-02-17,Consumer,Bronze,Regular,Yes
2824,Olivia,Rodriguez,olivia.rodriguez.2824@icloud.com,(218) 340-7486,Portland,OR,West,1994,Female,2024-05-20,Consumer,Bronze,Regular,Yes
2825,Andrew,Lewis,andrew.lewis.2825@gmail.com,(637) 401-7559,Orlando,FL,South,2004,Male,2026-02-18,Consumer,Bronze,Occasional,Yes
2826,Lisa,Martinez,lisa.martinez.2826@protonmail.com,(727) 435-4607,Charlotte,NC,South,2001,Female,2025-02-28,Consumer,Bronze,Occasional,Yes
2827,Jason,Thompson,jason.thompson.2827@protonmail.com,(554) 392-3962,Miami,FL,South,1947,Male,2025-03-24,Consumer,Silver,Regular,Yes
2828,Donald,Thomas,donald.thomas.2828@yahoo.com,(666) 536-5461,Atlanta,GA,South,1976,Male,2026-05-18,Consumer,Bronze,Frequent,Yes
2829,Emma,Lewis,emma.lewis.2829@icloud.com,(669) 746-2111,Los Angeles,CA,West,1947,Female,2026-06-15,Consumer,Bronze,Regular,Yes
2830,Christina,Harris,christina.harris.2830@gmail.com,(879) 405-5109,Denver,CO,West,1984,Female,2024-04-22,Consumer,Gold,Regular,Yes
2831,Abigail,Sanchez,abigail.sanchez.2831@icloud.com,(521) 639-5553,Charlotte,NC,South,1963,Female,2023-02-11,Small Business,Bronze,Frequent,No
2832,Emma,Hernandez,emma.hernandez.2832@protonmail.com,(303) 596-6247,Las Vegas,NV,West,2005,Female,2025-05-19,Consumer,Silver,Frequent,Yes
2833,Margaret,Thomas,margaret.thomas.2833@icloud.com,(660) 313-3382,Charlotte,NC,South,1973,Female,2024-11-10,Consumer,Bronze,VIP,Yes
2834,Edward,Hernandez,edward.hernandez.2834@icloud.com,(976) 775-9749,Charlotte,NC,South,1998,Male,2026-04-16,Consumer,Bronze,Occasional,Yes
2835,William,Taylor,william.taylor.2835@yahoo.com,(893) 773-6484,Detroit,MI,Midwest,1978,Male,2026-07-30,Consumer,Bronze,Occasional,Yes
2836,Nicole,Anderson,nicole.anderson.2836@yahoo.com,(779) 613-9094,Pittsburgh,PA,Northeast,1952,Female,2024-02-21,Consumer,Gold,Regular,Yes
2837,Mark,Flores,mark.flores.2837@gmail.com,(204) 260-5452,Portland,OR,West,1962,Male,2023-07-15,Consumer,Gold,Regular,Yes
2838,Margaret,Williams,margaret.williams.2838@protonmail.com,(697) 362-7735,New York,NY,Northeast,1973,Female,2023-03-24,Consumer,Bronze,Frequent,Yes
2839,Megan,Scott,megan.scott.2839@yahoo.com,(464) 802-8953,Miami,FL,South,2004,Female,2025-07-17,Small Business,Bronze,Occasional,Yes
2840,David,White,david.white.2840@yahoo.com,(482) 656-7000,Newark,NJ,Northeast,1985,Male,2025-04-15,Consumer,Silver,Frequent,Yes
2841,Jacob,Scott,jacob.scott.2841@yahoo.com,(392) 801-3340,Cleveland,OH,Midwest,2003,Male,2023-05-18,Enterprise,Bronze,Occasional,Yes
2842,Robert,Ramirez,robert.ramirez.2842@gmail.com,(686) 496-4676,St. Louis,MO,Midwest,1990,Male,2024-02-04,Consumer,Bronze,Regular,Yes
2843,Abigail,Hernandez,abigail.hernandez.2843@icloud.com,(676) 560-3419,Atlanta,GA,South,1971,Female,2023-07-23,Consumer,Bronze,Regular,Yes
2844,Brandon,Davis,brandon.davis.2844@outlook.com,(959) 533-1151,Las Vegas,NV,West,1951,Prefer not to say,2025-08-17,Consumer,Silver,Regular,Yes
2845,Christopher,Lopez,christopher.lopez.2845@protonmail.com,(760) 844-2649,Las Vegas,NV,West,1989,Male,2023-02-18,Consumer,Silver,Occasional,Yes
2846,Donald,Sanchez,donald.sanchez.2846@outlook.com,(273) 605-4803,Philadelphia,PA,Northeast,1992,Male,2023-10-22,Small Business,Bronze,Occasional,Yes
2847,Karen,Clark,karen.clark.2847@protonmail.com,(361) 869-1734,Richmond,VA,South,1969,Female,2024-08-02,Consumer,Bronze,Frequent,Yes
2848,Mary,Sanchez,mary.sanchez.2848@outlook.com,(602) 266-4892,Detroit,MI,Midwest,1947,Female,2024-12-19,Consumer,Silver,Regular,Yes
2849,Justin,Walker,justin.walker.2849@icloud.com,(593) 649-8134,Nashville,TN,South,1997,Male,2023-04-24,Consumer,Silver,Frequent,Yes
2850,Lauren,Smith,lauren.smith.2850@protonmail.com,(484) 426-6487,Nashville,TN,South,1989,Female,2023-08-22,Consumer,Silver,Frequent,Yes
2851,Ashley,Ramirez,ashley.ramirez.2851@protonmail.com,(232) 540-8423,Las Vegas,NV,West,2001,Female,2026-02-08,Consumer,Bronze,Occasional,Yes
2852,Betty,Lewis,betty.lewis.2852@yahoo.com,(322) 230-8216,Phoenix,AZ,West,1953,Female,2025-02-01,Consumer,Bronze,Regular,Yes
2853,Steven,White,steven.white.2853@protonmail.com,(608) 744-9072,Los Angeles,CA,West,2005,Male,2026-06-29,Consumer,Gold,Regular,Yes
2854,Jennifer,Rodriguez,jennifer.rodriguez.2854@outlook.com,(525) 774-7506,Denver,CO,West,1982,Female,2026-01-23,Small Business,Bronze,Regular,Yes
2855,Joseph,Lee,joseph.lee.2855@icloud.com,(979) 801-8319,Atlanta,GA,South,1949,Male,2024-12-09,Consumer,Bronze,Regular,Yes
2856,Emma,Nguyen,emma.nguyen.2856@yahoo.com,(983) 457-6476,Houston,TX,South,1974,Female,2023-12-20,Consumer,Bronze,Frequent,Yes
2857,Jennifer,Flores,jennifer.flores.2857@icloud.com,(483) 899-7171,Phoenix,AZ,West,1971,Female,2024-07-04,Consumer,Bronze,Frequent,Yes
2858,Nicole,Ramirez,nicole.ramirez.2858@icloud.com,(240) 959-9356,Seattle,WA,West,2002,Female,2024-06-19,Consumer,Bronze,Frequent,Yes
2859,Richard,Moore,richard.moore.2859@yahoo.com,(244) 992-5113,Charlotte,NC,South,1984,Nonbinary,2023-05-29,Consumer,Silver,Regular,Yes
2860,Christopher,Scott,christopher.scott.2860@protonmail.com,(455) 208-1232,Detroit,MI,Midwest,1952,Male,2025-11-21,Small Business,Gold,Regular,Yes
2861,Ashley,Wright,ashley.wright.2861@yahoo.com,(216) 397-4549,Los Angeles,CA,West,1947,Female,2025-11-06,Consumer,Silver,Regular,Yes
2862,Daniel,Williams,daniel.williams.2862@outlook.com,(549) 856-9490,Detroit,MI,Midwest,1969,Male,2024-11-25,Consumer,Gold,VIP,Yes
2863,Ryan,Nguyen,ryan.nguyen.2863@icloud.com,(782) 510-7848,Columbus,OH,Midwest,1951,Male,2023-05-21,Enterprise,Silver,Regular,Yes
2864,Lauren,Jones,lauren.jones.2864@protonmail.com,(317) 352-6680,Pittsburgh,PA,Northeast,1994,Female,2025-05-14,Small Business,Gold,Occasional,Yes
2865,Anthony,Hernandez,anthony.hernandez.2865@yahoo.com,(813) 276-3820,Pittsburgh,PA,Northeast,1982,Male,2024-06-23,Consumer,Silver,Frequent,Yes
2866,David,Smith,david.smith.2866@yahoo.com,(707) 932-2965,Charlotte,NC,South,1968,Male,2025-06-05,Small Business,Bronze,Regular,Yes
2867,Emily,Allen,emily.allen.2867@yahoo.com,(440) 713-7489,Cleveland,OH,Midwest,1967,Female,2026-07-01,Consumer,Platinum,Frequent,Yes
2868,Sarah,Thompson,sarah.thompson.2868@outlook.com,(987) 330-4704,Hartford,CT,Northeast,2001,Female,2026-02-28,Consumer,Silver,Occasional,Yes
2869,Kevin,Scott,kevin.scott.2869@protonmail.com,(572) 997-6948,Phoenix,AZ,West,1951,Prefer not to say,2025-04-26,Consumer,Gold,Frequent,Yes
2870,Betty,Davis,betty.davis.2870@gmail.com,(730) 424-7045,Atlanta,GA,South,1981,Female,2024-02-14,Consumer,Gold,Occasional,Yes
2871,Thomas,Martinez,thomas.martinez.2871@protonmail.com,(376) 215-8100,St. Louis,MO,Midwest,2004,Male,2026-01-22,Consumer,Bronze,Regular,Yes
2872,Stephanie,Gonzalez,stephanie.gonzalez.2872@outlook.com,(624) 751-4865,Hartford,CT,Northeast,1989,Female,2025-06-11,Small Business,Gold,Occasional,Yes
2873,Lisa,Anderson,lisa.anderson.2873@yahoo.com,(547) 850-8705,San Diego,CA,West,1990,Female,2026-05-28,Consumer,Silver,Frequent,Yes
2874,Jason,Williams,jason.williams.2874@gmail.com,(630) 333-5852,Philadelphia,PA,Northeast,1976,Male,2025-07-19,Small Business,Bronze,Occasional,Yes
2875,David,Harris,david.harris.2875@gmail.com,(857) 488-5042,Indianapolis,IN,Midwest,1987,Male,2025-01-17,Consumer,Bronze,Occasional,Yes
2876,Susan,Lopez,susan.lopez.2876@gmail.com,(634) 632-8968,San Diego,CA,West,1974,Female,2025-05-24,Small Business,Bronze,Frequent,No
2877,Emily,Rodriguez,emily.rodriguez.2877@protonmail.com,(456) 452-8672,Detroit,MI,Midwest,1945,Female,2024-08-27,Consumer,Gold,Regular,Yes
2878,Mary,Garcia,mary.garcia.2878@outlook.com,(392) 964-5628,St. Louis,MO,Midwest,1993,Female,2026-06-25,Consumer,Bronze,Occasional,Yes
2879,Melissa,Anderson,melissa.anderson.2879@outlook.com,(666) 667-5132,San Francisco,CA,West,1975,Female,2025-10-05,Consumer,Bronze,Regular,Yes
2880,Robert,Hernandez,robert.hernandez.2880@gmail.com,(432) 928-7200,Denver,CO,West,1978,Male,2024-07-31,Consumer,Bronze,Occasional,Yes
2881,Olivia,Sanchez,olivia.sanchez.2881@gmail.com,(976) 966-5675,St. Louis,MO,Midwest,1956,Female,2024-09-01,Consumer,Bronze,Frequent,Yes
2882,Charles,Nguyen,charles.nguyen.2882@icloud.com,(257) 592-5004,Seattle,WA,West,1964,Male,2026-05-01,Consumer,Bronze,Regular,Yes
2883,Lisa,Thomas,lisa.thomas.2883@icloud.com,(929) 881-8769,Boston,MA,Northeast,1964,Female,2024-10-11,Consumer,Platinum,Regular,Yes
2884,Megan,Lewis,megan.lewis.2884@icloud.com,(964) 280-4683,Detroit,MI,Midwest,1995,Female,2025-11-24,Consumer,Silver,Regular,Yes
2885,Nicole,Jackson,nicole.jackson.2885@yahoo.com,(966) 648-3833,Denver,CO,West,1952,Female,2023-05-13,Enterprise,Bronze,Regular,Yes
2886,Charles,Brown,charles.brown.2886@outlook.com,(717) 797-7210,Pittsburgh,PA,Northeast,1972,Male,2026-03-15,Consumer,Bronze,Occasional,Yes
2887,Rebecca,Torres,rebecca.torres.2887@outlook.com,(338) 220-1720,Las Vegas,NV,West,1980,Female,2025-09-07,Consumer,Bronze,Regular,Yes
2888,James,Johnson,james.johnson.2888@outlook.com,(527) 287-6272,Pittsburgh,PA,Northeast,1983,Male,2025-05-02,Consumer,Silver,Occasional,Yes
2889,Michael,Taylor,michael.taylor.2889@gmail.com,(879) 723-1129,Los Angeles,CA,West,1985,Male,2023-07-21,Consumer,Bronze,Regular,Yes
2890,Nancy,Allen,nancy.allen.2890@yahoo.com,(937) 908-7456,Columbus,OH,Midwest,1999,Female,2025-09-17,Consumer,Silver,Regular,Yes
2891,David,Flores,david.flores.2891@protonmail.com,(675) 359-6437,Dallas,TX,South,1952,Male,2024-12-08,Small Business,Gold,Regular,Yes
2892,Justin,Taylor,justin.taylor.2892@icloud.com,(709) 654-4484,Dallas,TX,South,1968,Male,2025-08-06,Consumer,Gold,Regular,Yes
2893,Jacob,Rodriguez,jacob.rodriguez.2893@gmail.com,(506) 925-8169,Miami,FL,South,1958,Male,2023-04-09,Consumer,Bronze,Regular,Yes
2894,Emily,Walker,emily.walker.2894@protonmail.com,(810) 236-8886,Philadelphia,PA,Northeast,1950,Female,2025-04-25,Small Business,Bronze,Frequent,Yes
2895,Ryan,Clark,ryan.clark.2895@gmail.com,(670) 322-3789,St. Louis,MO,Midwest,1995,Prefer not to say,2023-11-07,Small Business,Bronze,Frequent,Yes
2896,Betty,Ramirez,betty.ramirez.2896@outlook.com,(596) 786-7090,Dallas,TX,South,1954,Female,2024-03-22,Small Business,Silver,Occasional,Yes
2897,Daniel,Wright,daniel.wright.2897@gmail.com,(964) 256-9179,Orlando,FL,South,1975,Male,2023-01-22,Consumer,Bronze,VIP,Yes
2898,Charles,Hill,charles.hill.2898@gmail.com,(387) 896-7207,Richmond,VA,South,1992,Male,2025-04-30,Small Business,Bronze,Regular,Yes
2899,Charles,Hill,charles.hill.2899@icloud.com,(541) 603-5884,Orlando,FL,South,1970,Male,2026-03-19,Consumer,Bronze,Occasional,Yes
2900,Jason,Williams,jason.williams.2900@outlook.com,(216) 263-7453,Detroit,MI,Midwest,2001,Male,2025-03-16,Consumer,Silver,VIP,Yes
2901,Abigail,Davis,abigail.davis.2901@icloud.com,(958) 929-1908,Los Angeles,CA,West,1948,Female,2024-06-14,Consumer,Bronze,Regular,Yes
2902,Joshua,Miller,joshua.miller.2902@icloud.com,(966) 846-5036,Providence,RI,Northeast,2000,Male,2024-02-05,Small Business,Gold,Frequent,Yes
2903,Barbara,Walker,barbara.walker.2903@icloud.com,(671) 680-2002,San Francisco,CA,West,1992,Female,2026-04-04,Small Business,Bronze,Regular,Yes
2904,Melissa,Nguyen,melissa.nguyen.2904@protonmail.com,(983) 815-2574,Chicago,IL,Midwest,2003,Female,2026-04-18,Consumer,Platinum,Regular,Yes
2905,William,Walker,william.walker.2905@icloud.com,(721) 785-4195,Philadelphia,PA,Northeast,1958,Male,2023-08-03,Consumer,Bronze,VIP,Yes
2906,Mary,Hernandez,mary.hernandez.2906@icloud.com,(285) 909-3218,Hartford,CT,Northeast,1949,Female,2024-08-11,Small Business,Silver,Regular,Yes
2907,Linda,Moore,linda.moore.2907@icloud.com,(882) 573-6504,Providence,RI,Northeast,1993,Prefer not to say,2025-04-27,Consumer,Bronze,Occasional,Yes
2908,Jessica,White,jessica.white.2908@icloud.com,(399) 205-3479,Nashville,TN,South,1987,Female,2025-10-01,Consumer,Bronze,Occasional,Yes
2909,Justin,Lopez,justin.lopez.2909@protonmail.com,(827) 709-2701,Cleveland,OH,Midwest,1979,Male,2023-10-22,Small Business,Bronze,Frequent,Yes
2910,Matthew,Hill,matthew.hill.2910@icloud.com,(472) 622-5538,Indianapolis,IN,Midwest,1987,Male,2025-12-13,Consumer,Bronze,Occasional,Yes
2911,Sandra,Martinez,sandra.martinez.2911@gmail.com,(738) 759-1804,Seattle,WA,West,1980,Female,2023-09-09,Consumer,Bronze,Frequent,No
2912,Betty,Martin,betty.martin.2912@gmail.com,(527) 742-1172,Denver,CO,West,1979,Female,2024-11-24,Small Business,Silver,Occasional,Yes
2913,Charles,Scott,charles.scott.2913@gmail.com,(802) 417-8316,Phoenix,AZ,West,1961,Male,2024-06-16,Consumer,Bronze,Regular,Yes
2914,Kevin,Ramirez,kevin.ramirez.2914@outlook.com,(507) 654-8252,Orlando,FL,South,1960,Male,2024-11-07,Small Business,Bronze,Frequent,Yes
2915,Joseph,Gonzalez,joseph.gonzalez.2915@protonmail.com,(317) 830-2216,San Francisco,CA,West,2003,Male,2025-05-31,Consumer,Gold,Frequent,Yes
2916,Emily,Jackson,emily.jackson.2916@gmail.com,(814) 496-1142,Richmond,VA,South,1965,Female,2023-04-13,Consumer,Platinum,VIP,Yes
2917,Thomas,Walker,thomas.walker.2917@protonmail.com,(277) 476-6822,Hartford,CT,Northeast,1981,Male,2026-08-06,Consumer,Bronze,Regular,Yes
2918,Jessica,Clark,jessica.clark.2918@icloud.com,(937) 437-7371,Miami,FL,South,1973,Female,2023-07-10,Consumer,Silver,Frequent,Yes
2919,Sandra,King,sandra.king.2919@yahoo.com,(663) 319-5009,Richmond,VA,South,1988,Female,2026-05-04,Small Business,Bronze,Regular,Yes
2920,Kevin,Taylor,kevin.taylor.2920@outlook.com,(778) 527-3966,Portland,OR,West,1949,Male,2025-03-10,Enterprise,Silver,Frequent,Yes
2921,Emily,Walker,emily.walker.2921@icloud.com,(655) 578-7283,Richmond,VA,South,1977,Female,2024-03-31,Consumer,Bronze,Occasional,No
2922,Emma,Flores,emma.flores.2922@outlook.com,(948) 391-1663,Newark,NJ,Northeast,1999,Female,2026-01-06,Consumer,Bronze,VIP,Yes
2923,Patricia,Lee,patricia.lee.2923@protonmail.com,(573) 491-1531,Milwaukee,WI,Midwest,1959,Female,2025-06-16,Consumer,Silver,Regular,Yes
2924,Brian,Anderson,brian.anderson.2924@outlook.com,(824) 439-5046,Nashville,TN,South,1951,Male,2025-08-19,Consumer,Bronze,VIP,No
2925,Jason,Clark,jason.clark.2925@yahoo.com,(799) 886-9875,Dallas,TX,South,1984,Male,2025-01-24,Consumer,Silver,Frequent,Yes
2926,Christina,Hernandez,christina.hernandez.2926@yahoo.com,(848) 681-9261,Charlotte,NC,South,1976,Female,2025-12-11,Consumer,Gold,Regular,Yes
2927,Jason,Walker,jason.walker.2927@icloud.com,(424) 794-9445,Las Vegas,NV,West,1982,Male,2023-04-08,Small Business,Bronze,Frequent,Yes
2928,Justin,Harris,justin.harris.2928@yahoo.com,(211) 972-1905,Richmond,VA,South,1996,Male,2025-10-27,Consumer,Platinum,Occasional,Yes
2929,Nancy,Williams,nancy.williams.2929@gmail.com,(902) 283-1282,Nashville,TN,South,2002,Female,2026-06-02,Consumer,Bronze,VIP,Yes
2930,Edward,Lopez,edward.lopez.2930@icloud.com,(443) 216-6448,Columbus,OH,Midwest,1955,Male,2025-11-24,Consumer,Bronze,Occasional,Yes
2931,Paul,Thompson,paul.thompson.2931@icloud.com,(368) 484-6172,Charlotte,NC,South,1982,Male,2024-02-21,Consumer,Bronze,Regular,Yes
2932,Brian,Scott,brian.scott.2932@yahoo.com,(983) 405-1036,Atlanta,GA,South,1945,Male,2024-09-14,Enterprise,Silver,Regular,Yes
2933,Daniel,Flores,daniel.flores.2933@icloud.com,(958) 914-1393,Columbus,OH,Midwest,2005,Male,2026-06-22,Consumer,Bronze,Regular,Yes
2934,Justin,Williams,justin.williams.2934@icloud.com,(760) 448-8371,Orlando,FL,South,1979,Male,2023-09-21,Consumer,Bronze,Occasional,Yes
2935,William,Walker,william.walker.2935@yahoo.com,(942) 787-3795,Denver,CO,West,1994,Male,2026-02-14,Consumer,Bronze,Occasional,Yes
2936,Linda,Walker,linda.walker.2936@gmail.com,(617) 772-5273,Orlando,FL,South,1968,Female,2025-12-19,Consumer,Bronze,Regular,Yes
2937,Justin,Ramirez,justin.ramirez.2937@icloud.com,(247) 608-8779,San Diego,CA,West,1970,Male,2026-01-02,Consumer,Bronze,Regular,Yes
2938,Edward,Torres,edward.torres.2938@gmail.com,(526) 962-8240,Dallas,TX,South,1963,Prefer not to say,2024-10-31,Small Business,Silver,Occasional,Yes
2939,Matthew,Smith,matthew.smith.2939@protonmail.com,(761) 266-1422,Nashville,TN,South,1986,Male,2025-12-27,Consumer,Silver,Regular,Yes
2940,Ryan,Lee,ryan.lee.2940@icloud.com,(844) 352-1761,Nashville,TN,South,1993,Male,2024-08-20,Consumer,Bronze,Regular,Yes
2941,Linda,Johnson,linda.johnson.2941@icloud.com,(588) 214-9568,San Diego,CA,West,1982,Female,2024-09-12,Consumer,Silver,Occasional,Yes
2942,Rachel,Davis,rachel.davis.2942@gmail.com,(921) 482-8216,Providence,RI,Northeast,1959,Female,2023-07-02,Consumer,Gold,Regular,Yes
2943,Patricia,Williams,patricia.williams.2943@outlook.com,(841) 689-1378,Portland,OR,West,1980,Female,2026-08-05,Consumer,Bronze,Regular,Yes
2944,George,Williams,george.williams.2944@yahoo.com,(956) 912-9293,Phoenix,AZ,West,1960,Male,2026-07-01,Consumer,Silver,Occasional,Yes
2945,Joseph,Sanchez,joseph.sanchez.2945@protonmail.com,(961) 299-8938,Dallas,TX,South,1964,Male,2023-12-04,Consumer,Bronze,Regular,Yes
2946,Joseph,Thompson,joseph.thompson.2946@protonmail.com,(845) 927-7667,Pittsburgh,PA,Northeast,1962,Male,2024-06-17,Small Business,Silver,Regular,Yes
2947,Stephanie,Williams,stephanie.williams.2947@protonmail.com,(978) 756-7834,Los Angeles,CA,West,1946,Female,2026-01-28,Consumer,Bronze,Occasional,Yes
2948,Lisa,Miller,lisa.miller.2948@icloud.com,(415) 275-9156,Orlando,FL,South,1982,Female,2026-03-02,Consumer,Bronze,Regular,Yes
2949,Joshua,Davis,joshua.davis.2949@outlook.com,(841) 758-5817,Phoenix,AZ,West,1959,Male,2023-07-30,Enterprise,Gold,Frequent,Yes
2950,Barbara,Scott,barbara.scott.2950@outlook.com,(578) 649-4795,Boston,MA,Northeast,2004,Female,2024-06-18,Consumer,Bronze,Regular,Yes
2951,Joseph,Clark,joseph.clark.2951@outlook.com,(974) 798-6810,Newark,NJ,Northeast,1956,Male,2025-03-19,Consumer,Bronze,Frequent,No
2952,Charles,Nguyen,charles.nguyen.2952@protonmail.com,(831) 662-2961,Las Vegas,NV,West,1985,Male,2023-05-03,Consumer,Bronze,Regular,Yes
2953,Jessica,Garcia,jessica.garcia.2953@gmail.com,(471) 988-5136,St. Louis,MO,Midwest,1956,Female,2024-07-22,Consumer,Bronze,Regular,Yes
2954,Daniel,Williams,daniel.williams.2954@yahoo.com,(898) 875-9195,Portland,OR,West,1961,Male,2025-05-30,Small Business,Bronze,Occasional,Yes
2955,Sophia,Clark,sophia.clark.2955@protonmail.com,(317) 424-8584,Indianapolis,IN,Midwest,1987,Female,2023-06-26,Small Business,Bronze,Regular,Yes
2956,Ashley,Young,ashley.young.2956@outlook.com,(808) 601-6329,San Francisco,CA,West,1996,Female,2026-01-26,Consumer,Bronze,Occasional,Yes
2957,Barbara,Walker,barbara.walker.2957@yahoo.com,(203) 374-8132,Chicago,IL,Midwest,1964,Female,2023-09-05,Consumer,Bronze,Regular,Yes
2958,Susan,Jackson,susan.jackson.2958@icloud.com,(937) 356-2446,Providence,RI,Northeast,1954,Female,2024-02-09,Consumer,Bronze,Frequent,Yes
2959,Linda,White,linda.white.2959@yahoo.com,(991) 344-8884,Atlanta,GA,South,2000,Female,2023-09-29,Consumer,Bronze,VIP,Yes
2960,Sophia,Wright,sophia.wright.2960@gmail.com,(649) 360-8713,Atlanta,GA,South,2004,Female,2025-12-12,Consumer,Bronze,Occasional,Yes
2961,Susan,Martin,susan.martin.2961@outlook.com,(355) 616-8698,Philadelphia,PA,Northeast,2004,Female,2025-12-20,Consumer,Bronze,Occasional,Yes
2962,Elizabeth,Clark,elizabeth.clark.2962@yahoo.com,(718) 720-3025,Newark,NJ,Northeast,1972,Female,2024-08-19,Small Business,Bronze,Frequent,Yes
2963,Jason,Harris,jason.harris.2963@protonmail.com,(496) 474-4176,Richmond,VA,South,1982,Male,2024-08-25,Consumer,Bronze,Regular,Yes
2964,Emily,Thompson,emily.thompson.2964@protonmail.com,(204) 903-6412,St. Louis,MO,Midwest,1971,Female,2025-04-05,Consumer,Gold,Regular,Yes
2965,Brandon,Lewis,brandon.lewis.2965@outlook.com,(309) 695-8375,Cleveland,OH,Midwest,1970,Male,2023-06-04,Small Business,Bronze,Occasional,Yes
2966,Karen,Williams,karen.williams.2966@gmail.com,(724) 216-2726,Seattle,WA,West,1995,Female,2024-10-15,Consumer,Bronze,VIP,Yes
2967,Olivia,Smith,olivia.smith.2967@protonmail.com,(741) 909-6986,Hartford,CT,Northeast,2000,Female,2023-09-02,Consumer,Bronze,Regular,No
2968,Nancy,Moore,nancy.moore.2968@yahoo.com,(288) 525-2383,Seattle,WA,West,1968,Female,2023-07-13,Consumer,Bronze,Regular,Yes
2969,Margaret,Smith,margaret.smith.2969@outlook.com,(620) 868-3860,Nashville,TN,South,1963,Female,2023-05-03,Consumer,Bronze,Regular,Yes
2970,Emily,Scott,emily.scott.2970@protonmail.com,(913) 349-7983,Columbus,OH,Midwest,1951,Female,2024-11-20,Consumer,Gold,Regular,No
2971,Christina,Thomas,christina.thomas.2971@icloud.com,(828) 795-9133,Orlando,FL,South,1947,Female,2024-08-15,Consumer,Bronze,Occasional,No
2972,Elizabeth,Flores,elizabeth.flores.2972@icloud.com,(743) 605-7855,San Diego,CA,West,1986,Female,2025-09-05,Consumer,Platinum,Regular,No
2973,Amanda,Wilson,amanda.wilson.2973@icloud.com,(431) 682-4210,Charlotte,NC,South,1952,Female,2023-12-02,Small Business,Bronze,Occasional,Yes
2974,Donald,Garcia,donald.garcia.2974@outlook.com,(226) 253-6591,Seattle,WA,West,1983,Male,2023-01-21,Consumer,Bronze,Frequent,No
2975,Anthony,Lopez,anthony.lopez.2975@yahoo.com,(868) 659-9575,Atlanta,GA,South,1976,Male,2024-08-05,Consumer,Silver,Occasional,Yes
2976,George,Hernandez,george.hernandez.2976@protonmail.com,(412) 377-3214,Philadelphia,PA,Northeast,2005,Male,2024-11-07,Consumer,Bronze,Occasional,Yes
2977,William,Lee,william.lee.2977@yahoo.com,(701) 989-7026,Charlotte,NC,South,1980,Male,2024-05-24,Consumer,Silver,Regular,Yes
2978,Joshua,Wright,joshua.wright.2978@protonmail.com,(377) 954-5417,Houston,TX,South,1948,Male,2026-01-23,Consumer,Bronze,Occasional,Yes
2979,Margaret,Hill,margaret.hill.2979@gmail.com,(486) 544-9915,Seattle,WA,West,1986,Female,2026-07-31,Consumer,Bronze,Regular,Yes
2980,Robert,Smith,robert.smith.2980@outlook.com,(318) 654-3372,Las Vegas,NV,West,1982,Male,2026-06-17,Small Business,Gold,Occasional,Yes
2981,Ryan,Anderson,ryan.anderson.2981@icloud.com,(794) 630-5335,Los Angeles,CA,West,1996,Male,2023-08-14,Consumer,Bronze,Frequent,Yes
2982,Karen,Sanchez,karen.sanchez.2982@icloud.com,(370) 378-7278,Buffalo,NY,Northeast,1956,Female,2024-10-31,Enterprise,Gold,Occasional,Yes
2983,John,Harris,john.harris.2983@gmail.com,(499) 253-3558,Columbus,OH,Midwest,1959,Male,2024-04-09,Small Business,Bronze,Occasional,Yes
2984,Emily,Garcia,emily.garcia.2984@yahoo.com,(247) 542-2804,Detroit,MI,Midwest,1974,Female,2024-10-10,Consumer,Bronze,Frequent,Yes
2985,Matthew,Johnson,matthew.johnson.2985@outlook.com,(852) 566-3577,Chicago,IL,Midwest,1971,Male,2024-11-12,Consumer,Silver,Frequent,Yes
2986,Paul,Hill,paul.hill.2986@gmail.com,(353) 921-4042,Richmond,VA,South,1961,Prefer not to say,2024-01-08,Small Business,Bronze,Occasional,Yes
2987,Lauren,Harris,lauren.harris.2987@protonmail.com,(371) 397-7001,Charlotte,NC,South,1946,Nonbinary,2025-05-17,Consumer,Bronze,Occasional,Yes
2988,Karen,Garcia,karen.garcia.2988@icloud.com,(898) 839-9080,Chicago,IL,Midwest,1957,Female,2024-11-21,Consumer,Bronze,Occasional,Yes
2989,Matthew,Hernandez,matthew.hernandez.2989@protonmail.com,(809) 931-2889,Charlotte,NC,South,1984,Male,2025-12-06,Consumer,Bronze,Regular,Yes
2990,Justin,Thomas,justin.thomas.2990@yahoo.com,(318) 360-5796,New York,NY,Northeast,1949,Male,2023-07-11,Consumer,Gold,Occasional,Yes
2991,Matthew,Martin,matthew.martin.2991@icloud.com,(931) 470-2514,Las Vegas,NV,West,1973,Male,2024-02-22,Consumer,Gold,Occasional,Yes
2992,Steven,Clark,steven.clark.2992@gmail.com,(396) 460-1121,Miami,FL,South,1979,Male,2023-04-20,Consumer,Gold,Regular,No
2993,Ryan,Garcia,ryan.garcia.2993@gmail.com,(316) 306-3059,Phoenix,AZ,West,1969,Male,2023-03-01,Small Business,Bronze,Occasional,Yes
2994,Justin,Garcia,justin.garcia.2994@icloud.com,(566) 632-5252,Detroit,MI,Midwest,1965,Male,2024-05-15,Consumer,Bronze,Regular,Yes
2995,Jennifer,Lee,jennifer.lee.2995@outlook.com,(497) 276-3014,Nashville,TN,South,1980,Female,2025-06-15,Small Business,Silver,Frequent,Yes
2996,Sarah,Lopez,sarah.lopez.2996@icloud.com,(646) 347-5501,Charlotte,NC,South,1965,Female,2025-08-26,Small Business,Bronze,Frequent,Yes
2997,David,Anderson,david.anderson.2997@gmail.com,(632) 723-5287,Los Angeles,CA,West,1953,Male,2024-08-24,Consumer,Gold,Regular,Yes
2998,Christina,Hill,christina.hill.2998@icloud.com,(600) 526-3406,San Diego,CA,West,1960,Female,2023-11-01,Consumer,Bronze,Occasional,Yes
2999,Christopher,Ramirez,christopher.ramirez.2999@protonmail.com,(522) 209-8047,Dallas,TX,South,1993,Male,2025-06-06,Small Business,Bronze,Frequent,Yes
3000,Olivia,Jackson,olivia.jackson.3000@yahoo.com,(856) 635-4966,Buffalo,NY,Northeast,2004,Female,2023-08-02,Consumer,Platinum,Occasional,Yes
3001,James,Young,james.young.3001@yahoo.com,(663) 965-7156,Atlanta,GA,South,1998,Male,2026-03-26,Consumer,Bronze,Regular,Yes
3002,Jason,King,jason.king.3002@yahoo.com,(854) 490-9002,Atlanta,GA,South,1985,Male,2024-10-22,Consumer,Silver,Frequent,Yes
3003,Joseph,Moore,joseph.moore.3003@protonmail.com,(689) 235-2536,Milwaukee,WI,Midwest,1975,Male,2026-05-31,Enterprise,Silver,Occasional,Yes
3004,Matthew,Martinez,matthew.martinez.3004@gmail.com,(460) 204-4510,Denver,CO,West,1996,Male,2025-09-17,Small Business,Bronze,Frequent,Yes
3005,Megan,Davis,megan.davis.3005@protonmail.com,(567) 373-1348,Orlando,FL,South,1986,Female,2024-07-04,Consumer,Silver,Occasional,Yes
3006,Matthew,Williams,matthew.williams.3006@outlook.com,(599) 607-9279,St. Louis,MO,Midwest,1978,Male,2023-05-19,Small Business,Bronze,Occasional,Yes
3007,Paul,Hill,paul.hill.3007@yahoo.com,(475) 236-7246,Columbus,OH,Midwest,1951,Male,2026-07-25,Consumer,Bronze,Occasional,Yes
3008,Lauren,Flores,lauren.flores.3008@gmail.com,(671) 796-6443,Boston,MA,Northeast,1993,Female,2023-07-02,Consumer,Silver,Occasional,Yes
3009,David,Hernandez,david.hernandez.3009@outlook.com,(731) 552-8027,Charlotte,NC,South,1953,Male,2025-10-17,Consumer,Bronze,Occasional,Yes
3010,Sandra,Davis,sandra.davis.3010@icloud.com,(393) 347-4302,Portland,OR,West,1976,Female,2023-12-24,Consumer,Bronze,Regular,Yes
3011,Edward,Young,edward.young.3011@protonmail.com,(458) 389-1568,San Francisco,CA,West,1991,Male,2024-09-25,Small Business,Bronze,Occasional,Yes
3012,Emily,Taylor,emily.taylor.3012@yahoo.com,(780) 339-6406,Newark,NJ,Northeast,1954,Female,2024-08-11,Consumer,Silver,Occasional,Yes
3013,Charles,Smith,charles.smith.3013@protonmail.com,(429) 604-5839,Denver,CO,West,1976,Male,2026-01-26,Consumer,Silver,Regular,Yes
3014,Susan,Robinson,susan.robinson.3014@gmail.com,(330) 796-3434,St. Louis,MO,Midwest,1951,Female,2026-07-07,Consumer,Bronze,Regular,Yes
3015,Linda,Jones,linda.jones.3015@gmail.com,(382) 466-7635,Dallas,TX,South,1957,Female,2024-11-03,Consumer,Bronze,Regular,No
3016,Ashley,Jackson,ashley.jackson.3016@outlook.com,(234) 771-8931,Detroit,MI,Midwest,1956,Female,2023-09-16,Consumer,Bronze,Occasional,Yes
3017,Daniel,Walker,daniel.walker.3017@protonmail.com,(561) 775-8202,Pittsburgh,PA,Northeast,1960,Male,2023-08-03,Consumer,Silver,Regular,No
3018,Stephanie,Hernandez,stephanie.hernandez.3018@gmail.com,(728) 206-4426,New York,NY,Northeast,1956,Female,2026-02-08,Consumer,Gold,Occasional,Yes
3019,Stephanie,Anderson,stephanie.anderson.3019@outlook.com,(753) 203-4233,Newark,NJ,Northeast,1979,Female,2026-05-10,Small Business,Bronze,Regular,Yes
3020,Lauren,Lewis,lauren.lewis.3020@yahoo.com,(788) 472-7482,Seattle,WA,West,1973,Female,2024-03-03,Consumer,Bronze,Occasional,Yes
3021,Daniel,Martin,daniel.martin.3021@yahoo.com,(529) 865-9318,Newark,NJ,Northeast,2003,Male,2024-10-19,Small Business,Bronze,Occasional,Yes
3022,Nathan,Taylor,nathan.taylor.3022@outlook.com,(778) 867-4806,Detroit,MI,Midwest,1987,Male,2023-02-26,Consumer,Silver,Regular,Yes
3023,Christina,Rodriguez,christina.rodriguez.3023@yahoo.com,(727) 697-6801,Indianapolis,IN,Midwest,1993,Female,2026-02-07,Consumer,Bronze,Occasional,Yes
3024,Nancy,Ramirez,nancy.ramirez.3024@icloud.com,(990) 216-7247,San Diego,CA,West,1958,Female,2024-04-25,Consumer,Silver,Regular,Yes
3025,Andrew,Brown,andrew.brown.3025@gmail.com,(935) 641-2528,Minneapolis,MN,Midwest,1951,Male,2023-07-05,Consumer,Gold,Regular,No
3026,Jessica,Perez,jessica.perez.3026@outlook.com,(461) 901-1935,Dallas,TX,South,1991,Nonbinary,2024-02-25,Consumer,Bronze,Occasional,Yes
3027,John,Robinson,john.robinson.3027@protonmail.com,(794) 340-1833,Buffalo,NY,Northeast,1946,Male,2024-03-08,Consumer,Silver,Regular,No
3028,Abigail,White,abigail.white.3028@icloud.com,(909) 505-3080,Atlanta,GA,South,1956,Female,2025-03-12,Consumer,Silver,Frequent,Yes
3029,Nathan,Walker,nathan.walker.3029@yahoo.com,(337) 789-1394,Miami,FL,South,1994,Male,2023-05-05,Small Business,Gold,Regular,Yes
3030,Anthony,Lewis,anthony.lewis.3030@gmail.com,(836) 553-8810,Detroit,MI,Midwest,2003,Male,2023-11-22,Consumer,Silver,Frequent,Yes
3031,George,Johnson,george.johnson.3031@gmail.com,(782) 818-7789,Denver,CO,West,2003,Male,2023-01-23,Consumer,Silver,VIP,Yes
3032,Nathan,Taylor,nathan.taylor.3032@icloud.com,(469) 501-4038,Orlando,FL,South,1994,Male,2026-01-08,Consumer,Silver,Occasional,Yes
3033,Patricia,White,patricia.white.3033@yahoo.com,(209) 777-3855,Denver,CO,West,1975,Female,2025-05-09,Small Business,Silver,Frequent,Yes
3034,Charles,Young,charles.young.3034@gmail.com,(510) 234-6719,Seattle,WA,West,1959,Male,2023-05-27,Consumer,Platinum,Frequent,Yes
3035,Anthony,Walker,anthony.walker.3035@protonmail.com,(463) 205-1803,New York,NY,Northeast,1972,Male,2024-07-10,Small Business,Silver,Regular,Yes
3036,Robert,Johnson,robert.johnson.3036@outlook.com,(502) 949-9773,Orlando,FL,South,1974,Male,2026-06-30,Consumer,Bronze,Regular,Yes
3037,Nancy,Clark,nancy.clark.3037@gmail.com,(285) 397-9689,Philadelphia,PA,Northeast,1965,Female,2023-10-03,Small Business,Bronze,Regular,Yes
3038,Lisa,Garcia,lisa.garcia.3038@yahoo.com,(261) 770-2925,New York,NY,Northeast,1967,Female,2025-02-25,Consumer,Gold,Occasional,Yes
3039,Mary,Martin,mary.martin.3039@gmail.com,(847) 643-5497,Miami,FL,South,1994,Female,2023-05-25,Enterprise,Bronze,Regular,Yes
3040,Justin,Harris,justin.harris.3040@outlook.com,(324) 797-8513,San Diego,CA,West,1994,Male,2024-04-13,Consumer,Silver,Frequent,Yes
3041,Nancy,Martin,nancy.martin.3041@icloud.com,(489) 574-9275,San Diego,CA,West,1962,Female,2024-08-22,Consumer,Bronze,Regular,Yes
3042,Thomas,Martin,thomas.martin.3042@outlook.com,(654) 847-3080,Buffalo,NY,Northeast,2000,Male,2023-05-18,Consumer,Gold,Occasional,Yes
3043,Steven,Moore,steven.moore.3043@yahoo.com,(506) 742-6009,San Francisco,CA,West,1981,Male,2024-10-26,Small Business,Bronze,Occasional,Yes
3044,Rachel,Martin,rachel.martin.3044@yahoo.com,(773) 959-9243,Houston,TX,South,1954,Female,2026-04-02,Small Business,Bronze,Regular,Yes
3045,Emily,Thomas,emily.thomas.3045@icloud.com,(743) 246-6269,Richmond,VA,South,1975,Female,2026-03-17,Consumer,Bronze,Frequent,Yes
3046,Matthew,Davis,matthew.davis.3046@icloud.com,(645) 668-8086,St. Louis,MO,Midwest,1981,Male,2026-01-07,Consumer,Bronze,Regular,Yes
3047,Jason,Brown,jason.brown.3047@yahoo.com,(329) 550-4450,Detroit,MI,Midwest,1955,Male,2025-01-17,Consumer,Silver,Regular,Yes
3048,Melissa,Young,melissa.young.3048@gmail.com,(843) 583-8144,Los Angeles,CA,West,1965,Female,2025-07-05,Consumer,Bronze,Regular,Yes
3049,Sophia,Nguyen,sophia.nguyen.3049@icloud.com,(313) 478-1557,Minneapolis,MN,Midwest,1995,Female,2024-07-22,Consumer,Silver,Regular,Yes
3050,Emma,Robinson,emma.robinson.3050@yahoo.com,(488) 462-5623,Los Angeles,CA,West,1989,Female,2023-02-07,Consumer,Bronze,Occasional,Yes
3051,George,Flores,george.flores.3051@outlook.com,(702) 464-5376,Denver,CO,West,1969,Male,2025-01-28,Consumer,Bronze,VIP,No
3052,Matthew,Perez,matthew.perez.3052@yahoo.com,(906) 478-4010,St. Louis,MO,Midwest,1958,Male,2025-04-19,Consumer,Silver,Occasional,Yes
3053,Daniel,Johnson,daniel.johnson.3053@icloud.com,(333) 740-3341,Denver,CO,West,1955,Male,2025-07-09,Enterprise,Silver,Regular,Yes
3054,Steven,Allen,steven.allen.3054@outlook.com,(953) 860-7985,Las Vegas,NV,West,1962,Male,2026-04-05,Consumer,Silver,Frequent,Yes
3055,Margaret,Ramirez,margaret.ramirez.3055@yahoo.com,(470) 753-3825,Los Angeles,CA,West,1972,Female,2025-08-09,Small Business,Bronze,Regular,Yes
3056,Jacob,Jackson,jacob.jackson.3056@gmail.com,(642) 563-4668,Miami,FL,South,1998,Male,2026-05-20,Consumer,Gold,Regular,Yes
3057,Donald,King,donald.king.3057@protonmail.com,(314) 598-4162,Houston,TX,South,1981,Male,2024-08-12,Consumer,Bronze,VIP,No
3058,Lisa,Johnson,lisa.johnson.3058@icloud.com,(820) 275-6712,Las Vegas,NV,West,1967,Female,2023-12-27,Small Business,Bronze,Occasional,Yes
3059,Patricia,Walker,patricia.walker.3059@outlook.com,(420) 972-6044,Columbus,OH,Midwest,1946,Female,2023-04-05,Consumer,Bronze,Regular,Yes
3060,David,Wilson,david.wilson.3060@outlook.com,(976) 998-5566,Las Vegas,NV,West,1981,Male,2025-06-04,Consumer,Bronze,Frequent,Yes
3061,Mary,Garcia,mary.garcia.3061@protonmail.com,(507) 630-5306,Milwaukee,WI,Midwest,1986,Female,2023-08-30,Small Business,Silver,Regular,Yes
3062,Linda,Wright,linda.wright.3062@protonmail.com,(557) 298-2345,Newark,NJ,Northeast,1972,Female,2024-06-22,Enterprise,Gold,Frequent,Yes
3063,Susan,Anderson,susan.anderson.3063@protonmail.com,(459) 357-4552,Chicago,IL,Midwest,1972,Female,2025-02-27,Enterprise,Silver,Regular,Yes
3064,Jacob,Gonzalez,jacob.gonzalez.3064@protonmail.com,(507) 594-4970,Cleveland,OH,Midwest,2001,Male,2024-08-10,Small Business,Bronze,Occasional,Yes
3065,Karen,Scott,karen.scott.3065@outlook.com,(900) 281-8437,Milwaukee,WI,Midwest,2000,Female,2024-01-03,Consumer,Bronze,Regular,Yes
3066,Anthony,Hernandez,anthony.hernandez.3066@yahoo.com,(870) 848-6000,Miami,FL,South,1984,Male,2025-06-27,Consumer,Bronze,Regular,Yes
3067,Joseph,Robinson,joseph.robinson.3067@protonmail.com,(783) 474-2298,Newark,NJ,Northeast,1991,Male,2024-05-07,Small Business,Bronze,Regular,Yes
3068,Mark,Lewis,mark.lewis.3068@gmail.com,(253) 501-1295,Newark,NJ,Northeast,1969,Male,2026-01-07,Consumer,Bronze,Frequent,Yes
3069,Justin,Hernandez,justin.hernandez.3069@icloud.com,(425) 276-9417,Minneapolis,MN,Midwest,1951,Male,2024-07-30,Consumer,Silver,Regular,Yes
3070,Mary,Taylor,mary.taylor.3070@yahoo.com,(455) 904-5071,Boston,MA,Northeast,1953,Female,2023-05-22,Consumer,Bronze,Regular,Yes
3071,Matthew,Ramirez,matthew.ramirez.3071@protonmail.com,(414) 578-4424,Charlotte,NC,South,1965,Nonbinary,2025-01-02,Consumer,Bronze,Occasional,No
3072,James,Davis,james.davis.3072@outlook.com,(688) 258-1758,Indianapolis,IN,Midwest,2001,Male,2024-04-06,Consumer,Bronze,Occasional,Yes
3073,Steven,Robinson,steven.robinson.3073@icloud.com,(438) 206-4029,Dallas,TX,South,1971,Male,2025-01-06,Consumer,Gold,VIP,No
3074,Edward,Lewis,edward.lewis.3074@gmail.com,(300) 876-5741,Dallas,TX,South,1987,Male,2026-07-21,Consumer,Bronze,Occasional,Yes
3075,Jennifer,Scott,jennifer.scott.3075@icloud.com,(279) 413-9588,Columbus,OH,Midwest,1945,Female,2024-06-18,Small Business,Bronze,VIP,Yes
3076,Nicole,Nguyen,nicole.nguyen.3076@yahoo.com,(455) 549-9888,Orlando,FL,South,1999,Female,2024-10-03,Consumer,Gold,Occasional,Yes
3077,Jacob,Walker,jacob.walker.3077@yahoo.com,(964) 448-2147,Boston,MA,Northeast,1966,Male,2024-09-12,Enterprise,Bronze,Occasional,Yes
3078,Daniel,Flores,daniel.flores.3078@outlook.com,(919) 480-9100,Phoenix,AZ,West,1970,Male,2025-09-13,Consumer,Gold,Regular,No
3079,Mark,Brown,mark.brown.3079@icloud.com,(558) 208-5478,Portland,OR,West,1969,Male,2024-11-11,Small Business,Silver,Occasional,Yes
3080,Emma,Taylor,emma.taylor.3080@icloud.com,(545) 464-2734,Minneapolis,MN,Midwest,1971,Female,2025-10-21,Consumer,Bronze,Frequent,Yes
3081,Rebecca,Young,rebecca.young.3081@protonmail.com,(221) 277-9179,New York,NY,Northeast,1969,Female,2023-07-18,Consumer,Bronze,Occasional,Yes
3082,Matthew,Young,matthew.young.3082@gmail.com,(468) 477-5746,Philadelphia,PA,Northeast,1999,Male,2025-02-20,Consumer,Silver,VIP,Yes
3083,Sarah,Rodriguez,sarah.rodriguez.3083@protonmail.com,(751) 262-6677,Indianapolis,IN,Midwest,1995,Female,2025-10-08,Small Business,Silver,Regular,Yes
3084,Olivia,Davis,olivia.davis.3084@protonmail.com,(654) 244-5805,Orlando,FL,South,1977,Female,2025-04-21,Enterprise,Gold,Occasional,Yes
3085,Megan,Torres,megan.torres.3085@protonmail.com,(280) 649-1173,Detroit,MI,Midwest,1973,Female,2023-01-12,Consumer,Gold,VIP,Yes
3086,Brandon,Taylor,brandon.taylor.3086@icloud.com,(600) 620-2716,Miami,FL,South,1983,Male,2024-04-07,Consumer,Bronze,Regular,Yes
3087,Linda,Robinson,linda.robinson.3087@icloud.com,(556) 975-2816,Denver,CO,West,1945,Female,2025-06-04,Consumer,Silver,Occasional,Yes
3088,James,Smith,james.smith.3088@icloud.com,(305) 742-8010,Las Vegas,NV,West,1968,Male,2024-08-04,Consumer,Bronze,Regular,No
3089,Patricia,Ramirez,patricia.ramirez.3089@protonmail.com,(977) 438-5905,Nashville,TN,South,1996,Female,2023-11-23,Consumer,Silver,Frequent,Yes
3090,Susan,Smith,susan.smith.3090@icloud.com,(747) 427-4215,San Francisco,CA,West,1992,Female,2023-12-28,Consumer,Bronze,Regular,Yes
3091,Nathan,Moore,nathan.moore.3091@gmail.com,(553) 807-5384,Los Angeles,CA,West,1955,Male,2023-07-29,Small Business,Silver,Regular,Yes
3092,Charles,Sanchez,charles.sanchez.3092@outlook.com,(262) 744-4541,Chicago,IL,Midwest,1966,Male,2023-12-05,Consumer,Silver,Frequent,Yes
3093,Justin,Scott,justin.scott.3093@icloud.com,(864) 372-1774,Nashville,TN,South,1995,Male,2023-03-20,Consumer,Silver,Occasional,Yes
3094,Jessica,Robinson,jessica.robinson.3094@icloud.com,(648) 587-2259,Providence,RI,Northeast,1951,Female,2026-06-29,Small Business,Silver,Occasional,Yes
3095,Melissa,Sanchez,melissa.sanchez.3095@gmail.com,(335) 999-6894,Denver,CO,West,1969,Female,2024-01-30,Consumer,Bronze,Frequent,Yes
3096,Joshua,Young,joshua.young.3096@yahoo.com,(247) 762-1321,Nashville,TN,South,1965,Male,2023-12-31,Small Business,Silver,Frequent,Yes
3097,Stephanie,Lewis,stephanie.lewis.3097@protonmail.com,(404) 851-5710,St. Louis,MO,Midwest,1976,Female,2026-02-18,Small Business,Silver,Frequent,Yes
3098,Robert,Smith,robert.smith.3098@protonmail.com,(436) 227-1095,Miami,FL,South,1999,Male,2024-05-08,Consumer,Bronze,Regular,Yes
3099,Nicole,Lee,nicole.lee.3099@icloud.com,(482) 778-5013,Phoenix,AZ,West,1976,Female,2026-07-11,Consumer,Bronze,Frequent,Yes
3100,James,Jackson,james.jackson.3100@yahoo.com,(681) 215-3072,Atlanta,GA,South,1997,Male,2026-02-09,Consumer,Gold,Occasional,Yes
3101,James,Hernandez,james.hernandez.3101@gmail.com,(528) 845-1818,Phoenix,AZ,West,1945,Male,2024-01-21,Consumer,Bronze,Regular,No
3102,Stephanie,Wright,stephanie.wright.3102@protonmail.com,(993) 200-9879,Denver,CO,West,1958,Female,2025-09-14,Small Business,Bronze,Frequent,Yes
3103,Mary,Harris,mary.harris.3103@outlook.com,(388) 213-7069,Philadelphia,PA,Northeast,1955,Female,2025-06-29,Consumer,Silver,Occasional,Yes
3104,Matthew,Jones,matthew.jones.3104@gmail.com,(294) 648-9358,Miami,FL,South,1955,Male,2024-11-05,Small Business,Bronze,Occasional,Yes
3105,Jason,Thompson,jason.thompson.3105@protonmail.com,(850) 473-2438,Providence,RI,Northeast,1992,Male,2026-06-28,Consumer,Platinum,Regular,Yes
3106,Jennifer,Jackson,jennifer.jackson.3106@gmail.com,(481) 952-7122,Boston,MA,Northeast,1976,Female,2023-01-07,Enterprise,Gold,Occasional,Yes
3107,Stephanie,Wilson,stephanie.wilson.3107@protonmail.com,(785) 797-5345,Nashville,TN,South,1995,Female,2023-10-25,Consumer,Silver,Frequent,Yes
3108,Jacob,Flores,jacob.flores.3108@gmail.com,(575) 622-4255,Nashville,TN,South,1983,Male,2024-02-22,Consumer,Bronze,Occasional,Yes
3109,Jennifer,Martinez,jennifer.martinez.3109@yahoo.com,(748) 271-4634,Charlotte,NC,South,1984,Female,2024-08-31,Consumer,Bronze,Occasional,No
3110,Karen,Gonzalez,karen.gonzalez.3110@yahoo.com,(909) 810-5586,Dallas,TX,South,1950,Female,2024-02-04,Enterprise,Bronze,Regular,Yes
3111,Rebecca,Davis,rebecca.davis.3111@gmail.com,(746) 658-8846,Miami,FL,South,1989,Female,2025-02-20,Enterprise,Gold,Occasional,Yes
3112,Joseph,Williams,joseph.williams.3112@protonmail.com,(737) 846-4920,Boston,MA,Northeast,1960,Male,2024-03-06,Consumer,Silver,Frequent,Yes
3113,James,Martinez,james.martinez.3113@protonmail.com,(645) 588-8024,Nashville,TN,South,1994,Male,2023-02-19,Consumer,Bronze,Occasional,Yes
3114,Christina,Young,christina.young.3114@protonmail.com,(628) 636-4318,Minneapolis,MN,Midwest,1975,Female,2024-10-06,Consumer,Bronze,Regular,Yes
3115,Susan,Young,susan.young.3115@gmail.com,(777) 671-1484,Atlanta,GA,South,1957,Female,2023-10-29,Small Business,Silver,Occasional,Yes
3116,Brian,Wright,brian.wright.3116@icloud.com,(341) 306-1052,Newark,NJ,Northeast,1968,Male,2025-08-13,Consumer,Silver,Occasional,Yes
3117,Brandon,Clark,brandon.clark.3117@gmail.com,(633) 757-7344,Phoenix,AZ,West,1977,Male,2023-12-23,Consumer,Gold,Regular,Yes
3118,Sophia,Sanchez,sophia.sanchez.3118@outlook.com,(578) 375-9917,San Diego,CA,West,1948,Female,2026-04-19,Small Business,Bronze,Occasional,Yes
3119,Ashley,Johnson,ashley.johnson.3119@protonmail.com,(824) 667-8255,Charlotte,NC,South,1985,Female,2023-11-18,Consumer,Bronze,Occasional,Yes
3120,Amanda,Brown,amanda.brown.3120@yahoo.com,(463) 743-8471,Houston,TX,South,2003,Female,2026-01-23,Consumer,Bronze,Frequent,Yes
3121,Olivia,Moore,olivia.moore.3121@icloud.com,(953) 849-3219,Seattle,WA,West,1979,Female,2024-10-13,Consumer,Bronze,Regular,Yes
3122,Susan,Jones,susan.jones.3122@protonmail.com,(791) 687-5975,Chicago,IL,Midwest,1964,Female,2025-04-29,Consumer,Bronze,Occasional,Yes
3123,Emily,Scott,emily.scott.3123@outlook.com,(649) 309-3076,Buffalo,NY,Northeast,1990,Female,2024-11-15,Consumer,Bronze,Frequent,Yes
3124,Joshua,King,joshua.king.3124@gmail.com,(440) 846-8202,Houston,TX,South,1976,Male,2024-10-17,Enterprise,Bronze,Regular,Yes
3125,Olivia,Hernandez,olivia.hernandez.3125@protonmail.com,(816) 482-5129,San Diego,CA,West,1953,Female,2025-03-05,Small Business,Silver,Occasional,Yes
3126,Andrew,Wright,andrew.wright.3126@outlook.com,(232) 740-6061,Buffalo,NY,Northeast,1975,Male,2026-06-16,Small Business,Bronze,Regular,Yes
3127,Donald,King,donald.king.3127@yahoo.com,(616) 595-3275,Orlando,FL,South,1966,Male,2023-08-24,Consumer,Bronze,Regular,Yes
3128,Andrew,Allen,andrew.allen.3128@outlook.com,(469) 542-7912,Minneapolis,MN,Midwest,1987,Male,2024-12-04,Consumer,Bronze,Frequent,Yes
3129,Barbara,Torres,barbara.torres.3129@gmail.com,(643) 882-1384,St. Louis,MO,Midwest,1975,Female,2025-05-10,Consumer,Platinum,Regular,Yes
3130,Joshua,Miller,joshua.miller.3130@protonmail.com,(738) 423-4876,Nashville,TN,South,1980,Nonbinary,2024-04-22,Consumer,Gold,Regular,Yes
3131,Jacob,Wright,jacob.wright.3131@icloud.com,(391) 776-7754,Minneapolis,MN,Midwest,1972,Male,2024-06-01,Consumer,Bronze,Regular,No
3132,Michael,Anderson,michael.anderson.3132@outlook.com,(702) 867-2297,Miami,FL,South,1980,Nonbinary,2023-04-17,Consumer,Silver,Frequent,Yes
3133,Brian,Hernandez,brian.hernandez.3133@gmail.com,(352) 638-7759,Richmond,VA,South,1947,Male,2025-03-27,Consumer,Bronze,Occasional,Yes
3134,Charles,Williams,charles.williams.3134@gmail.com,(206) 248-2742,Minneapolis,MN,Midwest,1981,Male,2023-03-16,Consumer,Silver,Frequent,Yes
3135,Rachel,Nguyen,rachel.nguyen.3135@icloud.com,(731) 475-7555,Portland,OR,West,1947,Female,2024-05-24,Consumer,Bronze,Occasional,Yes
3136,Andrew,Martin,andrew.martin.3136@outlook.com,(548) 881-9297,San Francisco,CA,West,1956,Male,2024-10-06,Small Business,Bronze,Frequent,No
3137,Abigail,Gonzalez,abigail.gonzalez.3137@icloud.com,(783) 308-1751,Buffalo,NY,Northeast,1968,Female,2025-03-23,Consumer,Bronze,Frequent,Yes
3138,Amanda,Sanchez,amanda.sanchez.3138@yahoo.com,(200) 854-3405,Detroit,MI,Midwest,1958,Female,2023-07-10,Small Business,Silver,Regular,Yes
3139,Mark,Moore,mark.moore.3139@protonmail.com,(861) 513-7781,Newark,NJ,Northeast,1960,Male,2024-06-10,Enterprise,Gold,Occasional,Yes
3140,Steven,Thompson,steven.thompson.3140@gmail.com,(283) 621-1243,Providence,RI,Northeast,1988,Male,2025-10-01,Enterprise,Bronze,Frequent,Yes
3141,Melissa,Thompson,melissa.thompson.3141@protonmail.com,(956) 391-1972,Richmond,VA,South,1976,Female,2026-02-22,Consumer,Bronze,Frequent,Yes
3142,Nancy,Lee,nancy.lee.3142@yahoo.com,(946) 436-1335,Philadelphia,PA,Northeast,1970,Female,2023-07-22,Small Business,Bronze,Frequent,No
3143,Elizabeth,Hill,elizabeth.hill.3143@outlook.com,(807) 919-6064,Las Vegas,NV,West,1959,Female,2024-08-11,Consumer,Bronze,Occasional,Yes
3144,Margaret,Young,margaret.young.3144@yahoo.com,(851) 851-7444,Indianapolis,IN,Midwest,2005,Female,2025-08-25,Small Business,Bronze,Regular,Yes
3145,Andrew,Martinez,andrew.martinez.3145@icloud.com,(842) 874-2220,Seattle,WA,West,1995,Male,2026-02-26,Consumer,Bronze,Occasional,Yes
3146,Donald,Scott,donald.scott.3146@yahoo.com,(334) 324-3108,Nashville,TN,South,1960,Male,2026-03-13,Consumer,Bronze,Occasional,Yes
3147,Ashley,Thompson,ashley.thompson.3147@gmail.com,(201) 550-6959,Las Vegas,NV,West,1963,Female,2024-01-04,Enterprise,Bronze,Regular,Yes
3148,John,White,john.white.3148@gmail.com,(866) 350-4652,Portland,OR,West,2002,Male,2024-12-19,Consumer,Silver,Regular,Yes
3149,Thomas,Brown,thomas.brown.3149@outlook.com,(272) 951-4921,St. Louis,MO,Midwest,1971,Male,2023-02-11,Consumer,Bronze,Frequent,Yes
3150,Christopher,Thomas,christopher.thomas.3150@gmail.com,(960) 683-4428,Richmond,VA,South,1999,Male,2024-07-05,Consumer,Silver,Occasional,No
3151,Michael,Martinez,michael.martinez.3151@outlook.com,(296) 875-9370,Charlotte,NC,South,1970,Male,2024-01-09,Consumer,Silver,Occasional,Yes
3152,Rebecca,Young,rebecca.young.3152@yahoo.com,(228) 654-1411,Seattle,WA,West,1948,Female,2025-07-22,Small Business,Silver,Regular,Yes
3153,Paul,Johnson,paul.johnson.3153@yahoo.com,(930) 872-4312,Columbus,OH,Midwest,1970,Male,2025-06-27,Consumer,Bronze,Occasional,Yes
3154,Elizabeth,Smith,elizabeth.smith.3154@protonmail.com,(960) 856-4958,Las Vegas,NV,West,1947,Female,2025-10-02,Consumer,Bronze,Regular,Yes
3155,Andrew,Young,andrew.young.3155@outlook.com,(598) 779-2783,Columbus,OH,Midwest,1982,Male,2026-06-24,Consumer,Silver,Regular,Yes
3156,Sarah,Moore,sarah.moore.3156@outlook.com,(739) 369-7549,Buffalo,NY,Northeast,1990,Female,2025-07-15,Enterprise,Gold,Frequent,Yes
3157,James,Miller,james.miller.3157@yahoo.com,(657) 756-9095,Miami,FL,South,1965,Male,2026-03-28,Consumer,Silver,Occasional,No
3158,Lisa,Anderson,lisa.anderson.3158@gmail.com,(881) 418-5894,Dallas,TX,South,2005,Female,2026-03-21,Consumer,Silver,Frequent,Yes
3159,Betty,Jones,betty.jones.3159@outlook.com,(315) 220-1334,Minneapolis,MN,Midwest,1968,Female,2025-02-16,Small Business,Gold,Regular,Yes
3160,Ashley,Ramirez,ashley.ramirez.3160@yahoo.com,(323) 851-3051,Miami,FL,South,1948,Female,2025-08-08,Small Business,Silver,Frequent,No
3161,Sophia,Brown,sophia.brown.3161@icloud.com,(592) 812-4411,Phoenix,AZ,West,1966,Female,2023-01-06,Consumer,Silver,Frequent,Yes
3162,Charles,Torres,charles.torres.3162@icloud.com,(993) 391-3932,San Francisco,CA,West,1963,Male,2025-10-16,Consumer,Gold,Regular,Yes
3163,George,Walker,george.walker.3163@outlook.com,(751) 703-3195,Charlotte,NC,South,1987,Male,2023-12-01,Consumer,Gold,Occasional,No
3164,Lisa,Lewis,lisa.lewis.3164@gmail.com,(807) 923-7153,Detroit,MI,Midwest,1986,Female,2024-05-29,Consumer,Silver,Regular,Yes
3165,Rachel,Torres,rachel.torres.3165@protonmail.com,(933) 344-9079,Phoenix,AZ,West,1980,Female,2024-02-19,Consumer,Bronze,Occasional,Yes
3166,Justin,Thompson,justin.thompson.3166@gmail.com,(528) 890-2799,Dallas,TX,South,1945,Male,2024-11-09,Consumer,Bronze,Regular,No
3167,Jennifer,Davis,jennifer.davis.3167@icloud.com,(563) 792-2727,Seattle,WA,West,1953,Female,2025-07-16,Consumer,Bronze,VIP,Yes
3168,Matthew,Clark,matthew.clark.3168@gmail.com,(294) 937-6454,Charlotte,NC,South,1988,Male,2025-07-29,Consumer,Silver,Regular,Yes
3169,Sarah,Smith,sarah.smith.3169@yahoo.com,(672) 579-7869,Los Angeles,CA,West,1966,Female,2025-01-31,Enterprise,Bronze,Regular,Yes
3170,Jacob,Sanchez,jacob.sanchez.3170@yahoo.com,(285) 982-1961,Richmond,VA,South,1986,Male,2026-04-19,Small Business,Silver,Regular,Yes
3171,Lisa,Flores,lisa.flores.3171@outlook.com,(320) 518-8950,Philadelphia,PA,Northeast,2002,Female,2024-08-31,Consumer,Bronze,Frequent,Yes
3172,Jacob,Miller,jacob.miller.3172@gmail.com,(529) 408-5855,Denver,CO,West,1959,Male,2025-08-05,Consumer,Silver,Frequent,Yes
3173,Andrew,King,andrew.king.3173@gmail.com,(560) 257-8847,Hartford,CT,Northeast,1996,Male,2026-03-24,Consumer,Bronze,Regular,Yes
3174,Mark,Sanchez,mark.sanchez.3174@gmail.com,(475) 321-2959,Boston,MA,Northeast,1948,Male,2025-07-30,Consumer,Silver,Occasional,Yes
3175,Charles,Walker,charles.walker.3175@gmail.com,(781) 836-7344,Orlando,FL,South,1963,Male,2026-03-24,Consumer,Bronze,Regular,Yes
3176,Thomas,Flores,thomas.flores.3176@icloud.com,(754) 729-6094,Charlotte,NC,South,1959,Male,2025-11-13,Small Business,Bronze,Occasional,Yes
3177,Melissa,Wright,melissa.wright.3177@protonmail.com,(958) 601-9812,Nashville,TN,South,1984,Female,2024-12-14,Consumer,Bronze,Regular,Yes
3178,Brandon,Taylor,brandon.taylor.3178@gmail.com,(532) 463-8997,San Francisco,CA,West,1981,Prefer not to say,2023-03-15,Small Business,Bronze,Regular,Yes
3179,Matthew,Johnson,matthew.johnson.3179@outlook.com,(944) 873-2439,Buffalo,NY,Northeast,1969,Male,2024-03-18,Small Business,Silver,Regular,Yes
3180,Sandra,King,sandra.king.3180@icloud.com,(515) 823-2950,Portland,OR,West,1956,Female,2025-12-31,Consumer,Bronze,Frequent,Yes
3181,Margaret,Lee,margaret.lee.3181@protonmail.com,(618) 854-4863,Pittsburgh,PA,Northeast,1987,Female,2024-03-19,Consumer,Bronze,Occasional,Yes
3182,Ryan,Anderson,ryan.anderson.3182@protonmail.com,(223) 226-5518,New York,NY,Northeast,1990,Male,2023-06-02,Consumer,Bronze,Occasional,No
3183,Christopher,Ramirez,christopher.ramirez.3183@gmail.com,(536) 300-4649,Indianapolis,IN,Midwest,1988,Male,2024-12-11,Consumer,Bronze,Frequent,Yes
3184,Andrew,Scott,andrew.scott.3184@outlook.com,(644) 747-1890,Detroit,MI,Midwest,1984,Male,2023-05-29,Enterprise,Silver,VIP,Yes
3185,Mark,Brown,mark.brown.3185@icloud.com,(939) 598-2573,Detroit,MI,Midwest,2000,Male,2024-09-23,Small Business,Silver,Occasional,Yes
3186,Steven,Martinez,steven.martinez.3186@gmail.com,(550) 958-9501,Portland,OR,West,1948,Male,2025-08-18,Consumer,Bronze,Regular,Yes
3187,Elizabeth,Moore,elizabeth.moore.3187@yahoo.com,(918) 695-3894,Los Angeles,CA,West,1990,Female,2025-09-19,Consumer,Silver,Regular,Yes
3188,Jessica,Brown,jessica.brown.3188@protonmail.com,(771) 823-8130,Miami,FL,South,1950,Female,2025-04-27,Consumer,Silver,Regular,Yes
3189,Karen,Flores,karen.flores.3189@yahoo.com,(718) 416-3967,Richmond,VA,South,1984,Female,2023-07-25,Consumer,Silver,Occasional,No
3190,Melissa,Williams,melissa.williams.3190@protonmail.com,(337) 348-8259,Philadelphia,PA,Northeast,1958,Female,2024-04-20,Small Business,Silver,Occasional,No
3191,Rebecca,Walker,rebecca.walker.3191@outlook.com,(831) 874-6904,Providence,RI,Northeast,1972,Female,2023-12-05,Consumer,Gold,Regular,Yes
3192,Nicole,Moore,nicole.moore.3192@yahoo.com,(688) 615-5529,Nashville,TN,South,1952,Female,2023-01-09,Consumer,Bronze,Occasional,Yes
3193,Matthew,Miller,matthew.miller.3193@outlook.com,(681) 570-1228,Miami,FL,South,1955,Male,2024-05-23,Enterprise,Silver,Frequent,Yes
3194,Emily,Thomas,emily.thomas.3194@outlook.com,(350) 485-4845,Providence,RI,Northeast,1988,Female,2023-11-03,Small Business,Silver,VIP,Yes
3195,Megan,Wilson,megan.wilson.3195@protonmail.com,(206) 702-4232,St. Louis,MO,Midwest,2005,Female,2024-10-29,Small Business,Gold,Regular,No
3196,Mary,Clark,mary.clark.3196@protonmail.com,(374) 827-5794,Milwaukee,WI,Midwest,2002,Female,2023-04-01,Small Business,Silver,Occasional,Yes
3197,Kevin,Hernandez,kevin.hernandez.3197@outlook.com,(950) 967-8402,Nashville,TN,South,1992,Male,2025-06-21,Consumer,Bronze,Occasional,Yes
3198,Rebecca,Hernandez,rebecca.hernandez.3198@gmail.com,(576) 560-9822,Milwaukee,WI,Midwest,1969,Female,2024-03-21,Small Business,Gold,Occasional,Yes
3199,Mark,Martinez,mark.martinez.3199@gmail.com,(578) 402-3222,Detroit,MI,Midwest,1999,Male,2025-02-03,Enterprise,Platinum,Occasional,Yes
3200,Mary,Wilson,mary.wilson.3200@icloud.com,(914) 757-9344,San Diego,CA,West,1975,Female,2025-06-27,Small Business,Gold,Frequent,Yes
3201,Megan,Young,megan.young.3201@yahoo.com,(454) 718-4019,Newark,NJ,Northeast,1945,Female,2025-08-25,Enterprise,Bronze,Regular,Yes
3202,Paul,Jones,paul.jones.3202@yahoo.com,(663) 904-6959,San Francisco,CA,West,1969,Male,2026-06-06,Consumer,Silver,Frequent,Yes
3203,Andrew,Harris,andrew.harris.3203@outlook.com,(356) 212-9874,Houston,TX,South,2004,Male,2024-11-02,Consumer,Bronze,Regular,No
3204,Ryan,Moore,ryan.moore.3204@icloud.com,(324) 414-9483,Portland,OR,West,1982,Male,2023-09-27,Consumer,Silver,Regular,Yes
3205,Rachel,Harris,rachel.harris.3205@yahoo.com,(276) 237-7296,Hartford,CT,Northeast,1983,Female,2024-02-19,Consumer,Silver,Regular,Yes
3206,Joshua,Martinez,joshua.martinez.3206@yahoo.com,(910) 389-8942,Detroit,MI,Midwest,1991,Male,2025-11-23,Consumer,Platinum,Regular,Yes
3207,Ryan,Miller,ryan.miller.3207@yahoo.com,(866) 866-7802,Cleveland,OH,Midwest,1968,Male,2023-01-26,Consumer,Bronze,Regular,No
3208,Patricia,Nguyen,patricia.nguyen.3208@protonmail.com,(796) 891-1027,Houston,TX,South,1980,Female,2023-12-11,Consumer,Bronze,Regular,Yes
3209,Brandon,Allen,brandon.allen.3209@icloud.com,(301) 489-3857,Minneapolis,MN,Midwest,2001,Male,2023-07-07,Small Business,Bronze,Frequent,No
3210,Betty,Johnson,betty.johnson.3210@yahoo.com,(467) 988-5456,Orlando,FL,South,1980,Female,2024-11-14,Consumer,Bronze,Regular,Yes
3211,David,Davis,david.davis.3211@outlook.com,(772) 429-2190,San Francisco,CA,West,1976,Male,2025-10-09,Consumer,Silver,Frequent,Yes
3212,Abigail,Allen,abigail.allen.3212@icloud.com,(783) 699-6397,Pittsburgh,PA,Northeast,1947,Female,2024-05-07,Consumer,Gold,Frequent,No
3213,Nicole,Taylor,nicole.taylor.3213@icloud.com,(485) 673-3721,New York,NY,Northeast,1996,Female,2023-05-15,Consumer,Gold,Regular,Yes
3214,Edward,Anderson,edward.anderson.3214@outlook.com,(258) 334-4481,Philadelphia,PA,Northeast,1964,Male,2025-06-21,Enterprise,Bronze,Regular,Yes
3215,Ashley,Davis,ashley.davis.3215@protonmail.com,(757) 764-2505,Atlanta,GA,South,1976,Female,2023-10-15,Consumer,Silver,Frequent,No
3216,George,Hernandez,george.hernandez.3216@icloud.com,(371) 605-2465,Buffalo,NY,Northeast,1967,Male,2025-02-19,Consumer,Bronze,Occasional,Yes
3217,James,Torres,james.torres.3217@outlook.com,(975) 531-2055,Charlotte,NC,South,1974,Male,2023-05-23,Small Business,Bronze,Regular,Yes
3218,William,Martinez,william.martinez.3218@protonmail.com,(868) 773-2490,Atlanta,GA,South,1956,Male,2023-03-07,Consumer,Silver,Occasional,No
3219,Jennifer,Moore,jennifer.moore.3219@icloud.com,(346) 702-3567,Orlando,FL,South,1947,Female,2025-04-05,Consumer,Silver,Frequent,Yes
3220,Matthew,Brown,matthew.brown.3220@yahoo.com,(434) 446-4388,Chicago,IL,Midwest,1989,Male,2024-02-24,Consumer,Silver,Regular,Yes
3221,Betty,Lopez,betty.lopez.3221@gmail.com,(696) 450-1581,Miami,FL,South,1962,Female,2026-03-26,Enterprise,Bronze,Regular,Yes
3222,Jennifer,Perez,jennifer.perez.3222@protonmail.com,(353) 500-1001,Buffalo,NY,Northeast,1973,Female,2025-03-21,Consumer,Bronze,Occasional,Yes
3223,Olivia,Gonzalez,olivia.gonzalez.3223@icloud.com,(430) 876-9478,Orlando,FL,South,1948,Female,2026-02-27,Consumer,Bronze,Occasional,No
3224,Sarah,Gonzalez,sarah.gonzalez.3224@protonmail.com,(505) 304-7420,Charlotte,NC,South,1989,Female,2023-02-09,Consumer,Gold,Occasional,Yes
3225,Nancy,Williams,nancy.williams.3225@gmail.com,(218) 430-5188,Pittsburgh,PA,Northeast,1962,Female,2023-09-06,Consumer,Bronze,Regular,Yes
3226,Matthew,White,matthew.white.3226@gmail.com,(981) 861-1348,Houston,TX,South,1948,Male,2023-11-27,Consumer,Silver,Occasional,Yes
3227,Linda,Harris,linda.harris.3227@gmail.com,(808) 314-8972,San Diego,CA,West,1945,Female,2026-05-21,Consumer,Bronze,Regular,Yes
3228,Lisa,Davis,lisa.davis.3228@gmail.com,(487) 610-2542,San Francisco,CA,West,1985,Female,2025-08-27,Consumer,Gold,Regular,Yes
3229,Steven,Martinez,steven.martinez.3229@protonmail.com,(976) 854-9176,Indianapolis,IN,Midwest,1967,Male,2025-06-02,Enterprise,Silver,Regular,Yes
3230,Elizabeth,Smith,elizabeth.smith.3230@yahoo.com,(432) 491-8993,Richmond,VA,South,1969,Female,2024-04-10,Consumer,Bronze,Frequent,Yes
3231,Sarah,Jackson,sarah.jackson.3231@outlook.com,(265) 503-6952,Las Vegas,NV,West,2005,Female,2025-06-15,Consumer,Gold,Occasional,Yes
3232,Amanda,Brown,amanda.brown.3232@yahoo.com,(634) 460-3215,Boston,MA,Northeast,1964,Female,2024-12-17,Enterprise,Silver,Regular,Yes
3233,Brian,Taylor,brian.taylor.3233@outlook.com,(467) 531-1928,Charlotte,NC,South,1981,Male,2023-02-20,Consumer,Silver,Regular,Yes
3234,Nicole,Ramirez,nicole.ramirez.3234@gmail.com,(703) 260-8010,St. Louis,MO,Midwest,1945,Female,2025-05-06,Consumer,Silver,Regular,Yes
3235,Barbara,Perez,barbara.perez.3235@icloud.com,(390) 391-9945,Dallas,TX,South,1992,Female,2024-06-05,Consumer,Bronze,Occasional,Yes
3236,Christopher,Jones,christopher.jones.3236@yahoo.com,(989) 762-5393,Houston,TX,South,1973,Male,2024-05-21,Consumer,Bronze,Regular,Yes
3237,Donald,Gonzalez,donald.gonzalez.3237@gmail.com,(226) 979-9899,Cleveland,OH,Midwest,1984,Male,2025-04-11,Small Business,Silver,Regular,Yes
3238,Charles,Thompson,charles.thompson.3238@icloud.com,(691) 585-5255,Charlotte,NC,South,1963,Male,2025-02-22,Consumer,Bronze,Regular,Yes
3239,Anthony,Hernandez,anthony.hernandez.3239@yahoo.com,(453) 787-3543,Atlanta,GA,South,1992,Male,2023-04-29,Consumer,Gold,Regular,Yes
3240,Brandon,Nguyen,brandon.nguyen.3240@yahoo.com,(983) 309-5110,Columbus,OH,Midwest,1978,Male,2023-10-23,Consumer,Bronze,Occasional,Yes
3241,David,Lee,david.lee.3241@protonmail.com,(320) 749-3001,Columbus,OH,Midwest,1993,Male,2026-01-14,Consumer,Bronze,Regular,Yes
3242,Justin,King,justin.king.3242@gmail.com,(546) 399-1247,Providence,RI,Northeast,1994,Male,2026-05-23,Consumer,Gold,VIP,No
3243,Sophia,Smith,sophia.smith.3243@icloud.com,(852) 686-8600,Cleveland,OH,Midwest,1963,Female,2025-12-15,Small Business,Bronze,Occasional,Yes
3244,Edward,Jones,edward.jones.3244@icloud.com,(235) 816-6799,Detroit,MI,Midwest,2001,Male,2025-09-29,Small Business,Bronze,Occasional,No
3245,Abigail,Martin,abigail.martin.3245@protonmail.com,(665) 644-8713,Houston,TX,South,2001,Female,2023-08-27,Consumer,Bronze,Occasional,Yes
3246,Joseph,Davis,joseph.davis.3246@protonmail.com,(672) 839-3678,Denver,CO,West,1972,Male,2025-10-11,Small Business,Bronze,Regular,Yes
3247,Margaret,Anderson,margaret.anderson.3247@outlook.com,(892) 849-2291,Newark,NJ,Northeast,1976,Female,2024-04-12,Consumer,Gold,Frequent,Yes
3248,Charles,Clark,charles.clark.3248@yahoo.com,(395) 221-8345,Miami,FL,South,1949,Nonbinary,2024-06-27,Consumer,Platinum,Regular,Yes
3249,Joseph,Martinez,joseph.martinez.3249@icloud.com,(234) 562-2421,Las Vegas,NV,West,1986,Male,2023-06-25,Consumer,Silver,Regular,Yes
3250,Mary,Hernandez,mary.hernandez.3250@outlook.com,(673) 455-9750,Columbus,OH,Midwest,1973,Female,2024-05-07,Small Business,Bronze,Occasional,Yes
3251,Jennifer,King,jennifer.king.3251@icloud.com,(967) 775-3341,Seattle,WA,West,1990,Female,2025-09-13,Consumer,Bronze,Occasional,Yes
3252,Megan,Jackson,megan.jackson.3252@outlook.com,(950) 552-6112,Nashville,TN,South,1979,Female,2025-08-02,Consumer,Bronze,Regular,Yes
3253,Daniel,Thompson,daniel.thompson.3253@icloud.com,(724) 746-6354,Phoenix,AZ,West,1949,Male,2024-02-02,Small Business,Bronze,Regular,Yes
3254,Jessica,Walker,jessica.walker.3254@outlook.com,(761) 399-1742,Chicago,IL,Midwest,2001,Female,2025-12-06,Consumer,Gold,Regular,Yes
3255,Matthew,Walker,matthew.walker.3255@gmail.com,(894) 470-2122,Charlotte,NC,South,1978,Male,2023-01-21,Consumer,Gold,Regular,Yes
3256,Jason,Rodriguez,jason.rodriguez.3256@gmail.com,(678) 410-5297,Orlando,FL,South,1995,Male,2025-12-15,Small Business,Bronze,Occasional,Yes
3257,Christina,Wright,christina.wright.3257@protonmail.com,(287) 394-8396,Orlando,FL,South,1957,Female,2026-03-01,Small Business,Bronze,Regular,Yes
3258,Brian,Gonzalez,brian.gonzalez.3258@protonmail.com,(956) 435-5541,Atlanta,GA,South,1945,Male,2024-04-14,Consumer,Bronze,Frequent,Yes
3259,Anthony,Jackson,anthony.jackson.3259@icloud.com,(768) 298-4333,Houston,TX,South,1980,Male,2024-02-09,Consumer,Silver,Regular,No
3260,Andrew,Rodriguez,andrew.rodriguez.3260@yahoo.com,(553) 412-4037,San Francisco,CA,West,1951,Male,2026-02-17,Consumer,Silver,Regular,Yes
3261,Joseph,Williams,joseph.williams.3261@outlook.com,(715) 518-2190,San Diego,CA,West,1948,Male,2025-04-15,Consumer,Bronze,Regular,No
3262,Ashley,Robinson,ashley.robinson.3262@yahoo.com,(743) 721-2162,Nashville,TN,South,1975,Female,2023-01-30,Consumer,Bronze,Occasional,Yes
3263,Joseph,Nguyen,joseph.nguyen.3263@protonmail.com,(848) 426-9848,Newark,NJ,Northeast,1987,Male,2025-11-11,Consumer,Bronze,Occasional,Yes
3264,Joseph,Brown,joseph.brown.3264@gmail.com,(480) 635-6707,San Francisco,CA,West,1986,Male,2025-07-06,Enterprise,Silver,VIP,Yes
3265,Olivia,Clark,olivia.clark.3265@yahoo.com,(723) 624-2624,Columbus,OH,Midwest,1947,Female,2023-12-24,Consumer,Gold,Regular,No
3266,Margaret,Hernandez,margaret.hernandez.3266@protonmail.com,(486) 594-9048,Atlanta,GA,South,1946,Female,2026-02-05,Small Business,Bronze,Occasional,Yes
3267,Nicole,Jones,nicole.jones.3267@outlook.com,(975) 629-3099,Los Angeles,CA,West,1947,Female,2023-11-21,Consumer,Bronze,VIP,Yes
3268,Ashley,Perez,ashley.perez.3268@icloud.com,(426) 333-8407,Dallas,TX,South,1972,Female,2026-02-13,Small Business,Bronze,Regular,Yes
3269,Nicole,Clark,nicole.clark.3269@outlook.com,(617) 770-1806,Seattle,WA,West,1985,Female,2024-11-10,Consumer,Silver,Occasional,Yes
3270,Christopher,Jones,christopher.jones.3270@outlook.com,(891) 452-8792,Indianapolis,IN,Midwest,1970,Male,2025-04-30,Consumer,Gold,Frequent,Yes
3271,Mark,Garcia,mark.garcia.3271@protonmail.com,(570) 776-3262,Portland,OR,West,1975,Male,2025-07-16,Consumer,Bronze,Regular,Yes
3272,Lisa,Allen,lisa.allen.3272@icloud.com,(498) 519-9869,Charlotte,NC,South,2003,Female,2025-11-16,Consumer,Silver,Regular,Yes
3273,Richard,Flores,richard.flores.3273@yahoo.com,(599) 708-2019,Phoenix,AZ,West,1965,Male,2024-06-30,Consumer,Bronze,Occasional,Yes
3274,Rachel,King,rachel.king.3274@icloud.com,(977) 311-1055,Providence,RI,Northeast,2003,Nonbinary,2026-01-24,Small Business,Bronze,Occasional,No
3275,Margaret,Wilson,margaret.wilson.3275@gmail.com,(511) 419-9042,Portland,OR,West,1997,Female,2025-11-06,Consumer,Silver,Regular,Yes
3276,Mark,Flores,mark.flores.3276@protonmail.com,(623) 995-2665,Los Angeles,CA,West,1999,Male,2024-10-15,Consumer,Bronze,Occasional,Yes
3277,Nathan,Smith,nathan.smith.3277@yahoo.com,(233) 370-8716,Seattle,WA,West,1960,Male,2023-06-13,Consumer,Bronze,Occasional,Yes
3278,William,Thompson,william.thompson.3278@icloud.com,(508) 733-7193,San Diego,CA,West,1968,Male,2025-07-07,Small Business,Bronze,Regular,Yes
3279,Jennifer,Smith,jennifer.smith.3279@yahoo.com,(522) 690-4443,St. Louis,MO,Midwest,1970,Female,2024-11-29,Consumer,Silver,Occasional,Yes
3280,Jacob,Jackson,jacob.jackson.3280@gmail.com,(617) 890-2095,Hartford,CT,Northeast,2004,Male,2025-06-02,Consumer,Bronze,Regular,Yes
3281,Jennifer,Lewis,jennifer.lewis.3281@protonmail.com,(674) 919-2497,Atlanta,GA,South,1989,Female,2024-08-20,Small Business,Bronze,Regular,Yes
3282,Jessica,Harris,jessica.harris.3282@gmail.com,(593) 769-4121,Las Vegas,NV,West,1961,Female,2025-01-11,Consumer,Bronze,Regular,Yes
3283,Jacob,Johnson,jacob.johnson.3283@protonmail.com,(645) 802-7557,Dallas,TX,South,1964,Prefer not to say,2026-07-13,Small Business,Bronze,Regular,Yes
3284,Nicole,Davis,nicole.davis.3284@outlook.com,(629) 428-6010,Miami,FL,South,1963,Female,2023-08-10,Consumer,Bronze,Regular,Yes
3285,Linda,Rodriguez,linda.rodriguez.3285@gmail.com,(368) 361-4412,Phoenix,AZ,West,2000,Female,2024-05-08,Consumer,Bronze,Regular,No
3286,Edward,Jackson,edward.jackson.3286@yahoo.com,(538) 650-1500,Charlotte,NC,South,1962,Male,2024-02-09,Consumer,Bronze,VIP,No
3287,Lisa,Sanchez,lisa.sanchez.3287@icloud.com,(556) 657-9632,Richmond,VA,South,1986,Female,2025-02-20,Consumer,Bronze,Occasional,No
3288,Jennifer,White,jennifer.white.3288@icloud.com,(698) 820-6919,Boston,MA,Northeast,1974,Female,2025-09-21,Consumer,Bronze,Regular,Yes
3289,Charles,Gonzalez,charles.gonzalez.3289@protonmail.com,(631) 682-6138,Columbus,OH,Midwest,1958,Male,2025-09-08,Consumer,Silver,Regular,Yes
3290,Linda,Rodriguez,linda.rodriguez.3290@yahoo.com,(505) 408-9656,Pittsburgh,PA,Northeast,1979,Female,2023-12-01,Consumer,Silver,Regular,Yes
3291,Donald,Sanchez,donald.sanchez.3291@protonmail.com,(636) 718-7403,Detroit,MI,Midwest,1962,Male,2025-09-24,Consumer,Bronze,Frequent,Yes
3292,Rebecca,Walker,rebecca.walker.3292@outlook.com,(531) 798-1625,Dallas,TX,South,1952,Female,2024-08-31,Consumer,Bronze,Regular,Yes
3293,Christopher,Flores,christopher.flores.3293@icloud.com,(341) 570-5917,Pittsburgh,PA,Northeast,1956,Male,2024-07-25,Small Business,Bronze,Regular,Yes
3294,Andrew,Scott,andrew.scott.3294@gmail.com,(667) 525-2480,Atlanta,GA,South,1980,Male,2023-12-01,Consumer,Bronze,Regular,No
3295,Linda,Taylor,linda.taylor.3295@outlook.com,(521) 623-9572,Atlanta,GA,South,2005,Female,2026-02-18,Consumer,Bronze,Frequent,No
3296,Michael,Johnson,michael.johnson.3296@yahoo.com,(230) 308-4135,Milwaukee,WI,Midwest,2002,Male,2023-01-01,Consumer,Bronze,Regular,Yes
3297,Richard,Hill,richard.hill.3297@icloud.com,(908) 990-5988,Milwaukee,WI,Midwest,2004,Male,2026-06-07,Consumer,Gold,VIP,Yes
3298,Jacob,Thomas,jacob.thomas.3298@icloud.com,(952) 983-9642,Newark,NJ,Northeast,1956,Male,2025-04-05,Small Business,Bronze,Regular,Yes
3299,Jessica,Anderson,jessica.anderson.3299@outlook.com,(962) 619-3127,Phoenix,AZ,West,1945,Female,2024-05-10,Consumer,Bronze,Frequent,Yes
3300,Joshua,Clark,joshua.clark.3300@gmail.com,(996) 520-4686,Houston,TX,South,1981,Male,2024-07-20,Consumer,Bronze,Regular,Yes
3301,Christina,Thomas,christina.thomas.3301@protonmail.com,(867) 232-2249,Denver,CO,West,1969,Female,2025-08-10,Consumer,Bronze,Occasional,Yes
3302,George,Thomas,george.thomas.3302@yahoo.com,(452) 594-6264,San Francisco,CA,West,1955,Male,2026-04-21,Consumer,Gold,Frequent,Yes
3303,Anthony,King,anthony.king.3303@outlook.com,(392) 291-6179,Orlando,FL,South,1983,Male,2023-06-13,Consumer,Bronze,Occasional,Yes
3304,Sarah,Davis,sarah.davis.3304@icloud.com,(295) 867-3859,Las Vegas,NV,West,1974,Female,2023-10-25,Consumer,Silver,Regular,Yes
3305,Paul,Torres,paul.torres.3305@protonmail.com,(518) 358-1326,Cleveland,OH,Midwest,1972,Male,2024-11-04,Small Business,Bronze,Frequent,Yes
3306,Christina,Lee,christina.lee.3306@yahoo.com,(254) 948-7789,Orlando,FL,South,2001,Female,2023-12-25,Consumer,Gold,Regular,Yes
3307,Jennifer,Wright,jennifer.wright.3307@outlook.com,(417) 461-8012,Richmond,VA,South,1971,Female,2026-07-31,Small Business,Silver,Regular,Yes
3308,Matthew,Jackson,matthew.jackson.3308@protonmail.com,(487) 955-7739,Charlotte,NC,South,1959,Male,2023-05-07,Consumer,Silver,Frequent,Yes
3309,Sarah,Martin,sarah.martin.3309@protonmail.com,(816) 317-5916,Detroit,MI,Midwest,1984,Female,2025-11-16,Small Business,Gold,Occasional,Yes
3310,Richard,Perez,richard.perez.3310@protonmail.com,(884) 632-1038,Portland,OR,West,1953,Male,2025-05-30,Small Business,Bronze,Frequent,Yes
3311,William,Thomas,william.thomas.3311@yahoo.com,(993) 244-8589,Portland,OR,West,1999,Nonbinary,2024-11-13,Enterprise,Bronze,Occasional,Yes
3312,Joshua,Lee,joshua.lee.3312@yahoo.com,(627) 929-6756,Philadelphia,PA,Northeast,1987,Male,2024-12-09,Consumer,Bronze,Frequent,Yes
3313,Stephanie,Johnson,stephanie.johnson.3313@outlook.com,(854) 650-3548,Minneapolis,MN,Midwest,1994,Female,2024-12-15,Consumer,Silver,Regular,Yes
3314,Joseph,Davis,joseph.davis.3314@outlook.com,(760) 216-6249,Houston,TX,South,1995,Male,2026-05-05,Consumer,Bronze,Occasional,Yes
3315,Melissa,Hernandez,melissa.hernandez.3315@outlook.com,(215) 550-4095,Seattle,WA,West,1975,Female,2023-04-08,Consumer,Bronze,Regular,Yes
3316,Joseph,Moore,joseph.moore.3316@gmail.com,(538) 897-6968,Cleveland,OH,Midwest,2001,Male,2023-11-22,Enterprise,Silver,Regular,Yes
3317,Nancy,Harris,nancy.harris.3317@protonmail.com,(908) 424-4759,Portland,OR,West,1991,Female,2024-12-07,Consumer,Bronze,Frequent,Yes
3318,Jason,Jackson,jason.jackson.3318@icloud.com,(760) 650-9695,Atlanta,GA,South,1977,Male,2026-01-09,Consumer,Bronze,Regular,Yes
3319,Joshua,Smith,joshua.smith.3319@protonmail.com,(403) 212-2166,Milwaukee,WI,Midwest,1960,Male,2025-11-09,Consumer,Silver,Regular,Yes
3320,Jacob,White,jacob.white.3320@yahoo.com,(549) 629-3578,Indianapolis,IN,Midwest,1998,Male,2023-02-06,Consumer,Silver,Regular,Yes
3321,Anthony,Robinson,anthony.robinson.3321@icloud.com,(565) 732-8405,Buffalo,NY,Northeast,1996,Male,2025-12-30,Small Business,Bronze,Regular,Yes
3322,Melissa,Scott,melissa.scott.3322@protonmail.com,(248) 673-5710,San Francisco,CA,West,1947,Female,2023-09-17,Consumer,Bronze,Occasional,Yes
3323,Betty,Taylor,betty.taylor.3323@yahoo.com,(844) 461-5405,Portland,OR,West,1955,Female,2026-06-11,Consumer,Bronze,Occasional,Yes
3324,Lauren,Miller,lauren.miller.3324@gmail.com,(975) 400-7513,Detroit,MI,Midwest,1952,Female,2023-01-01,Small Business,Silver,Occasional,Yes
3325,Rachel,Jones,rachel.jones.3325@icloud.com,(625) 878-7886,Indianapolis,IN,Midwest,1985,Female,2023-06-19,Small Business,Gold,Frequent,Yes
3326,Mary,Young,mary.young.3326@gmail.com,(756) 453-2743,Cleveland,OH,Midwest,1968,Female,2025-05-10,Consumer,Bronze,Occasional,No
3327,Jason,Gonzalez,jason.gonzalez.3327@outlook.com,(292) 538-3594,Boston,MA,Northeast,2000,Male,2026-07-25,Consumer,Bronze,Regular,No
3328,Robert,Young,robert.young.3328@protonmail.com,(586) 224-5862,Orlando,FL,South,1958,Male,2024-07-02,Small Business,Silver,Frequent,Yes
3329,Joseph,Miller,joseph.miller.3329@yahoo.com,(487) 685-2895,Nashville,TN,South,1969,Male,2024-09-07,Consumer,Gold,Frequent,Yes
3330,Betty,Brown,betty.brown.3330@gmail.com,(461) 325-9902,Dallas,TX,South,2001,Female,2025-12-24,Consumer,Bronze,Regular,Yes
3331,Barbara,Hill,barbara.hill.3331@gmail.com,(871) 297-8472,Pittsburgh,PA,Northeast,1991,Female,2025-12-27,Consumer,Silver,Occasional,Yes
3332,Betty,Moore,betty.moore.3332@icloud.com,(806) 221-4690,Orlando,FL,South,1974,Female,2025-01-28,Small Business,Bronze,Frequent,Yes
3333,Lauren,Robinson,lauren.robinson.3333@protonmail.com,(285) 221-4562,Denver,CO,West,1994,Female,2024-07-26,Consumer,Silver,Regular,Yes
3334,Joshua,Jackson,joshua.jackson.3334@yahoo.com,(419) 398-5334,Orlando,FL,South,1979,Male,2023-03-30,Consumer,Bronze,Occasional,No
3335,Stephanie,Wright,stephanie.wright.3335@icloud.com,(557) 545-5290,Newark,NJ,Northeast,1970,Female,2023-11-12,Small Business,Bronze,VIP,Yes
3336,Nicole,Flores,nicole.flores.3336@yahoo.com,(282) 306-8718,Houston,TX,South,1958,Female,2025-05-19,Small Business,Bronze,Regular,Yes
3337,Lauren,Gonzalez,lauren.gonzalez.3337@outlook.com,(229) 757-1867,Providence,RI,Northeast,1969,Female,2023-12-25,Consumer,Bronze,VIP,Yes
3338,Thomas,Scott,thomas.scott.3338@gmail.com,(370) 990-7018,Los Angeles,CA,West,2001,Male,2025-05-29,Consumer,Silver,Regular,Yes
3339,Nicole,Anderson,nicole.anderson.3339@outlook.com,(655) 309-7630,Providence,RI,Northeast,1953,Female,2025-09-17,Consumer,Silver,Occasional,Yes
3340,Ashley,Miller,ashley.miller.3340@gmail.com,(541) 355-7852,Las Vegas,NV,West,2003,Female,2024-04-22,Enterprise,Gold,Regular,Yes
3341,Donald,Davis,donald.davis.3341@icloud.com,(480) 629-6032,Newark,NJ,Northeast,1971,Male,2025-12-29,Small Business,Gold,Regular,Yes
3342,Jessica,Thompson,jessica.thompson.3342@outlook.com,(551) 376-6202,Portland,OR,West,1985,Female,2024-01-28,Consumer,Bronze,Regular,Yes
3343,Kevin,Nguyen,kevin.nguyen.3343@yahoo.com,(290) 597-7320,Las Vegas,NV,West,1988,Male,2024-03-28,Consumer,Silver,Frequent,Yes
3344,Steven,Thomas,steven.thomas.3344@gmail.com,(895) 650-2256,Chicago,IL,Midwest,2001,Male,2023-02-04,Consumer,Silver,Regular,Yes
3345,Richard,Flores,richard.flores.3345@yahoo.com,(699) 703-3473,Minneapolis,MN,Midwest,1954,Prefer not to say,2024-03-31,Small Business,Silver,Occasional,Yes
3346,John,Garcia,john.garcia.3346@protonmail.com,(992) 498-2501,Miami,FL,South,1959,Male,2024-04-15,Consumer,Silver,Frequent,Yes
3347,Steven,Nguyen,steven.nguyen.3347@icloud.com,(607) 254-4162,Chicago,IL,Midwest,1950,Male,2025-11-08,Consumer,Bronze,Occasional,Yes
3348,Kevin,Brown,kevin.brown.3348@outlook.com,(617) 455-6271,Charlotte,NC,South,1962,Male,2024-02-14,Consumer,Bronze,Frequent,Yes
3349,Abigail,King,abigail.king.3349@icloud.com,(596) 347-2545,Dallas,TX,South,1951,Female,2024-06-17,Consumer,Bronze,Regular,Yes
3350,Christopher,Thomas,christopher.thomas.3350@icloud.com,(740) 441-5945,Hartford,CT,Northeast,1985,Male,2026-05-19,Consumer,Bronze,Occasional,Yes
3351,Megan,Lopez,megan.lopez.3351@protonmail.com,(519) 556-5338,Milwaukee,WI,Midwest,1990,Female,2026-02-21,Consumer,Silver,Regular,Yes
3352,Elizabeth,Lewis,elizabeth.lewis.3352@outlook.com,(886) 986-8617,Dallas,TX,South,1966,Female,2024-01-19,Consumer,Gold,Regular,Yes
3353,Sarah,Smith,sarah.smith.3353@icloud.com,(635) 549-3983,Charlotte,NC,South,1961,Female,2024-05-31,Consumer,Platinum,Frequent,Yes
3354,Betty,Flores,betty.flores.3354@yahoo.com,(273) 672-2709,Miami,FL,South,1956,Female,2026-04-28,Enterprise,Bronze,Occasional,Yes
3355,David,Scott,david.scott.3355@gmail.com,(562) 650-5256,Houston,TX,South,1998,Male,2026-07-06,Consumer,Bronze,Occasional,Yes
3356,Robert,Young,robert.young.3356@outlook.com,(321) 383-8473,Houston,TX,South,1959,Male,2023-08-24,Consumer,Bronze,Regular,Yes
3357,Jason,Thomas,jason.thomas.3357@outlook.com,(493) 975-9865,Houston,TX,South,2003,Male,2023-09-19,Consumer,Silver,Occasional,Yes
3358,Mary,Gonzalez,mary.gonzalez.3358@yahoo.com,(301) 305-2789,Seattle,WA,West,1964,Female,2024-12-23,Consumer,Bronze,Regular,Yes
3359,Rachel,Robinson,rachel.robinson.3359@yahoo.com,(732) 456-5615,San Diego,CA,West,1997,Female,2025-11-03,Consumer,Silver,Regular,Yes
3360,James,Miller,james.miller.3360@yahoo.com,(594) 862-9223,Newark,NJ,Northeast,1989,Male,2025-09-30,Consumer,Gold,Occasional,No
3361,Olivia,Hill,olivia.hill.3361@yahoo.com,(214) 738-1032,New York,NY,Northeast,1981,Female,2025-09-25,Consumer,Bronze,Frequent,Yes
3362,Christina,Wright,christina.wright.3362@protonmail.com,(832) 982-7374,Columbus,OH,Midwest,1961,Female,2025-04-04,Consumer,Silver,Frequent,Yes
3363,Robert,Martinez,robert.martinez.3363@yahoo.com,(768) 663-3121,Cleveland,OH,Midwest,1997,Male,2023-09-17,Consumer,Bronze,Regular,Yes
3364,Joseph,Scott,joseph.scott.3364@yahoo.com,(793) 756-1421,Denver,CO,West,1945,Male,2023-03-31,Consumer,Platinum,Regular,Yes
3365,Ashley,Scott,ashley.scott.3365@protonmail.com,(357) 759-7509,Atlanta,GA,South,2004,Female,2024-11-11,Consumer,Bronze,Occasional,Yes
3366,Charles,Hernandez,charles.hernandez.3366@gmail.com,(755) 264-7948,San Francisco,CA,West,1945,Male,2024-01-26,Consumer,Silver,Regular,Yes
3367,Barbara,Wilson,barbara.wilson.3367@gmail.com,(556) 913-2110,Las Vegas,NV,West,1952,Female,2023-12-09,Consumer,Silver,Regular,No
3368,Michael,Lewis,michael.lewis.3368@protonmail.com,(515) 358-7699,Philadelphia,PA,Northeast,1998,Prefer not to say,2023-12-08,Consumer,Bronze,Frequent,Yes
3369,Justin,Thomas,justin.thomas.3369@protonmail.com,(699) 860-5412,Nashville,TN,South,1982,Male,2026-02-19,Consumer,Bronze,Frequent,Yes
3370,Jennifer,Brown,jennifer.brown.3370@outlook.com,(727) 865-4621,Cleveland,OH,Midwest,1977,Female,2025-12-10,Enterprise,Bronze,Occasional,Yes
3371,Charles,King,charles.king.3371@protonmail.com,(699) 574-4407,San Diego,CA,West,1946,Male,2026-05-13,Small Business,Bronze,Regular,Yes
3372,Brian,Clark,brian.clark.3372@icloud.com,(779) 535-3569,Boston,MA,Northeast,1964,Male,2026-06-02,Enterprise,Gold,Occasional,Yes
3373,Stephanie,Allen,stephanie.allen.3373@protonmail.com,(830) 323-8753,Detroit,MI,Midwest,1950,Female,2026-01-13,Consumer,Gold,Frequent,Yes
3374,Daniel,King,daniel.king.3374@icloud.com,(388) 765-9466,Richmond,VA,South,1981,Male,2023-04-01,Consumer,Bronze,Frequent,No
3375,Amanda,Johnson,amanda.johnson.3375@gmail.com,(564) 667-1338,Las Vegas,NV,West,1980,Female,2023-04-25,Consumer,Platinum,Regular,Yes
3376,Christopher,Wilson,christopher.wilson.3376@yahoo.com,(851) 631-9195,Denver,CO,West,1953,Male,2026-06-17,Consumer,Silver,Occasional,Yes
3377,Thomas,Ramirez,thomas.ramirez.3377@outlook.com,(589) 356-5476,Los Angeles,CA,West,1952,Male,2026-02-25,Consumer,Bronze,Occasional,Yes
3378,Lauren,Jackson,lauren.jackson.3378@gmail.com,(602) 866-8347,Los Angeles,CA,West,1952,Female,2024-12-07,Consumer,Platinum,Regular,No
3379,Sarah,Ramirez,sarah.ramirez.3379@yahoo.com,(745) 690-8936,Providence,RI,Northeast,2002,Female,2025-09-19,Small Business,Bronze,Occasional,Yes
3380,Sophia,Brown,sophia.brown.3380@protonmail.com,(296) 890-1930,Seattle,WA,West,1983,Female,2026-01-03,Consumer,Bronze,Occasional,Yes
3381,Mark,Thomas,mark.thomas.3381@yahoo.com,(993) 337-1746,Richmond,VA,South,1977,Male,2023-06-14,Consumer,Silver,Occasional,Yes
3382,Mary,Lee,mary.lee.3382@protonmail.com,(993) 868-4067,Las Vegas,NV,West,1994,Female,2024-03-15,Small Business,Bronze,Frequent,No
3383,Anthony,Thompson,anthony.thompson.3383@yahoo.com,(593) 753-6899,Denver,CO,West,1977,Male,2024-11-10,Small Business,Bronze,Regular,Yes
3384,Jason,Harris,jason.harris.3384@icloud.com,(314) 429-1736,Richmond,VA,South,2000,Male,2024-09-26,Consumer,Silver,VIP,Yes
3385,Nancy,Taylor,nancy.taylor.3385@yahoo.com,(339) 799-5350,Houston,TX,South,1973,Female,2024-08-08,Consumer,Bronze,Regular,Yes
3386,Brian,Jackson,brian.jackson.3386@icloud.com,(417) 983-4208,Houston,TX,South,1968,Nonbinary,2024-09-29,Small Business,Silver,Occasional,Yes
3387,Abigail,Perez,abigail.perez.3387@icloud.com,(572) 870-6705,Detroit,MI,Midwest,1957,Female,2023-09-05,Consumer,Bronze,Regular,Yes
3388,Barbara,Torres,barbara.torres.3388@protonmail.com,(671) 673-2427,Charlotte,NC,South,1963,Female,2023-11-07,Consumer,Bronze,Occasional,Yes
3389,Linda,Harris,linda.harris.3389@protonmail.com,(838) 202-9515,Richmond,VA,South,1948,Female,2025-02-15,Consumer,Silver,Frequent,Yes
3390,Linda,Taylor,linda.taylor.3390@yahoo.com,(994) 691-7396,Orlando,FL,South,1983,Female,2024-06-01,Consumer,Bronze,Occasional,Yes
3391,Brian,Wilson,brian.wilson.3391@icloud.com,(670) 592-6031,Minneapolis,MN,Midwest,1989,Male,2023-07-05,Consumer,Silver,Frequent,No
3392,Rachel,Brown,rachel.brown.3392@gmail.com,(910) 657-1594,Dallas,TX,South,1965,Female,2026-07-23,Consumer,Silver,Occasional,Yes
3393,Lisa,Gonzalez,lisa.gonzalez.3393@yahoo.com,(263) 343-9708,Columbus,OH,Midwest,1989,Female,2024-10-14,Enterprise,Bronze,Frequent,Yes
3394,Lisa,Flores,lisa.flores.3394@outlook.com,(625) 728-2482,Richmond,VA,South,2000,Female,2026-03-03,Consumer,Bronze,Frequent,Yes
3395,Joseph,Lewis,joseph.lewis.3395@yahoo.com,(311) 375-4865,San Diego,CA,West,1967,Male,2024-05-10,Small Business,Silver,Regular,Yes
3396,Charles,Nguyen,charles.nguyen.3396@outlook.com,(495) 555-6230,Cleveland,OH,Midwest,1948,Nonbinary,2025-11-23,Consumer,Bronze,VIP,Yes
3397,Linda,Harris,linda.harris.3397@protonmail.com,(328) 726-7744,Las Vegas,NV,West,2003,Female,2023-07-30,Consumer,Bronze,Frequent,Yes
3398,Robert,Martinez,robert.martinez.3398@gmail.com,(245) 589-1047,Richmond,VA,South,1953,Male,2023-03-10,Consumer,Gold,Regular,Yes
3399,Anthony,Anderson,anthony.anderson.3399@icloud.com,(413) 451-7007,Portland,OR,West,1945,Male,2025-04-30,Consumer,Bronze,Occasional,Yes
3400,Betty,Lopez,betty.lopez.3400@gmail.com,(475) 894-4731,St. Louis,MO,Midwest,1951,Female,2023-11-05,Consumer,Bronze,Regular,No
3401,Michael,Walker,michael.walker.3401@yahoo.com,(748) 572-3776,Buffalo,NY,Northeast,1947,Male,2025-01-19,Consumer,Gold,Occasional,Yes
3402,Jason,Martinez,jason.martinez.3402@gmail.com,(527) 941-6901,Seattle,WA,West,2001,Male,2023-11-11,Consumer,Silver,Occasional,Yes
3403,Robert,Sanchez,robert.sanchez.3403@protonmail.com,(818) 338-8754,San Diego,CA,West,1962,Male,2023-01-09,Enterprise,Silver,Regular,Yes
3404,Richard,Moore,richard.moore.3404@outlook.com,(424) 542-6996,Newark,NJ,Northeast,1995,Male,2026-02-25,Consumer,Bronze,Frequent,No
3405,Ashley,White,ashley.white.3405@protonmail.com,(996) 649-5867,Detroit,MI,Midwest,2001,Female,2024-06-17,Consumer,Bronze,Occasional,Yes
3406,Amanda,Williams,amanda.williams.3406@outlook.com,(737) 203-8550,Providence,RI,Northeast,1997,Female,2024-03-03,Consumer,Bronze,Frequent,Yes
3407,David,Sanchez,david.sanchez.3407@yahoo.com,(226) 305-8454,Chicago,IL,Midwest,1961,Male,2024-09-14,Consumer,Bronze,Regular,Yes
3408,Margaret,Sanchez,margaret.sanchez.3408@icloud.com,(530) 747-7502,Miami,FL,South,1992,Female,2026-07-22,Consumer,Silver,Occasional,Yes
3409,Ryan,Rodriguez,ryan.rodriguez.3409@outlook.com,(906) 265-2720,Philadelphia,PA,Northeast,1946,Male,2024-05-06,Consumer,Bronze,Occasional,Yes
3410,Justin,Torres,justin.torres.3410@gmail.com,(508) 935-3408,Charlotte,NC,South,1966,Male,2024-05-10,Small Business,Bronze,Regular,Yes
3411,Christopher,Scott,christopher.scott.3411@gmail.com,(476) 202-3156,Nashville,TN,South,1971,Nonbinary,2026-02-08,Small Business,Bronze,Regular,Yes
3412,Christopher,Rodriguez,christopher.rodriguez.3412@gmail.com,(215) 227-2581,Philadelphia,PA,Northeast,1959,Male,2023-11-01,Consumer,Bronze,Regular,Yes
3413,Stephanie,Hernandez,stephanie.hernandez.3413@icloud.com,(780) 298-4822,Nashville,TN,South,1986,Female,2023-05-06,Consumer,Bronze,Regular,Yes
3414,George,Lee,george.lee.3414@protonmail.com,(481) 617-8998,San Diego,CA,West,1956,Male,2025-04-21,Consumer,Bronze,Regular,Yes
3415,Sophia,Wright,sophia.wright.3415@yahoo.com,(203) 765-4100,St. Louis,MO,Midwest,1969,Female,2024-03-17,Consumer,Gold,Occasional,Yes
3416,Stephanie,Brown,stephanie.brown.3416@yahoo.com,(633) 681-3684,Dallas,TX,South,2003,Female,2024-01-20,Consumer,Bronze,Occasional,Yes
3417,Abigail,Gonzalez,abigail.gonzalez.3417@icloud.com,(665) 400-9911,Nashville,TN,South,1981,Female,2026-01-21,Consumer,Silver,Regular,Yes
3418,Karen,Gonzalez,karen.gonzalez.3418@outlook.com,(742) 428-4224,San Francisco,CA,West,1955,Female,2026-05-01,Consumer,Bronze,Occasional,Yes
3419,Richard,Allen,richard.allen.3419@icloud.com,(348) 696-1449,Denver,CO,West,1983,Male,2024-11-22,Consumer,Bronze,VIP,Yes
3420,Christopher,Williams,christopher.williams.3420@outlook.com,(389) 804-3536,San Diego,CA,West,1964,Male,2023-12-18,Enterprise,Bronze,Occasional,Yes
3421,Sandra,Johnson,sandra.johnson.3421@outlook.com,(910) 828-4099,Dallas,TX,South,1947,Female,2024-12-14,Consumer,Bronze,Occasional,Yes
3422,Thomas,Davis,thomas.davis.3422@icloud.com,(720) 859-6983,Dallas,TX,South,1958,Male,2024-04-24,Small Business,Bronze,Regular,Yes
3423,Sophia,Flores,sophia.flores.3423@yahoo.com,(784) 553-1969,Buffalo,NY,Northeast,1966,Female,2024-07-02,Small Business,Bronze,Regular,Yes
3424,Edward,Walker,edward.walker.3424@protonmail.com,(631) 271-8139,Philadelphia,PA,Northeast,1945,Prefer not to say,2023-01-29,Small Business,Silver,Regular,Yes
3425,Olivia,Martin,olivia.martin.3425@gmail.com,(475) 760-5089,Richmond,VA,South,1955,Female,2024-12-17,Consumer,Silver,Regular,Yes
3426,Anthony,White,anthony.white.3426@gmail.com,(964) 376-6454,Hartford,CT,Northeast,1974,Male,2023-10-13,Consumer,Silver,Frequent,Yes
3427,Matthew,Taylor,matthew.taylor.3427@yahoo.com,(563) 956-7725,San Diego,CA,West,2002,Male,2023-05-08,Small Business,Silver,Frequent,Yes
3428,Jennifer,Martinez,jennifer.martinez.3428@protonmail.com,(471) 250-6129,Orlando,FL,South,1946,Female,2025-11-05,Consumer,Gold,Frequent,Yes
3429,Patricia,Thomas,patricia.thomas.3429@outlook.com,(224) 640-6245,Houston,TX,South,1993,Female,2024-10-27,Consumer,Bronze,Occasional,Yes
3430,Joseph,Rodriguez,joseph.rodriguez.3430@outlook.com,(689) 272-6656,San Diego,CA,West,1989,Male,2023-05-01,Consumer,Bronze,Regular,Yes
3431,Thomas,Gonzalez,thomas.gonzalez.3431@gmail.com,(833) 954-6982,Los Angeles,CA,West,1979,Male,2025-04-22,Consumer,Bronze,Occasional,Yes
3432,John,Lopez,john.lopez.3432@yahoo.com,(648) 762-8594,Providence,RI,Northeast,1962,Male,2025-04-02,Consumer,Gold,Regular,Yes
3433,Lauren,Harris,lauren.harris.3433@gmail.com,(671) 736-2299,Nashville,TN,South,1947,Female,2024-04-21,Consumer,Silver,Regular,Yes
3434,Paul,Williams,paul.williams.3434@icloud.com,(820) 855-5871,Pittsburgh,PA,Northeast,1994,Male,2025-12-08,Enterprise,Gold,Occasional,No
3435,Megan,Allen,megan.allen.3435@gmail.com,(649) 373-4151,Atlanta,GA,South,1997,Female,2023-05-23,Consumer,Bronze,Occasional,Yes
3436,Ryan,Jackson,ryan.jackson.3436@icloud.com,(496) 257-5340,San Francisco,CA,West,1958,Male,2026-05-15,Enterprise,Bronze,Occasional,Yes
3437,Sandra,Williams,sandra.williams.3437@gmail.com,(422) 290-6970,Indianapolis,IN,Midwest,1996,Female,2023-03-01,Consumer,Bronze,Occasional,Yes
3438,Kevin,Lee,kevin.lee.3438@gmail.com,(471) 734-4734,Hartford,CT,Northeast,1986,Male,2025-01-02,Consumer,Bronze,Occasional,Yes
3439,Betty,Johnson,betty.johnson.3439@outlook.com,(266) 550-4773,Detroit,MI,Midwest,1975,Female,2025-07-26,Consumer,Bronze,Occasional,Yes
3440,Lisa,Davis,lisa.davis.3440@yahoo.com,(831) 397-5313,Hartford,CT,Northeast,1961,Female,2023-07-17,Consumer,Silver,Occasional,Yes
3441,Lauren,Clark,lauren.clark.3441@yahoo.com,(420) 324-1590,Los Angeles,CA,West,1956,Female,2025-10-18,Consumer,Gold,Frequent,Yes
3442,John,Lopez,john.lopez.3442@yahoo.com,(941) 965-3896,Newark,NJ,Northeast,1986,Male,2026-01-22,Consumer,Silver,VIP,Yes
3443,Ashley,Ramirez,ashley.ramirez.3443@outlook.com,(440) 617-1638,Chicago,IL,Midwest,1953,Female,2026-04-29,Small Business,Bronze,Occasional,Yes
3444,Abigail,Nguyen,abigail.nguyen.3444@yahoo.com,(991) 260-1421,Cleveland,OH,Midwest,1951,Female,2026-04-24,Small Business,Silver,Frequent,Yes
3445,Joshua,Davis,joshua.davis.3445@outlook.com,(728) 733-8331,Newark,NJ,Northeast,1953,Male,2026-04-17,Enterprise,Bronze,Regular,Yes
3446,Jennifer,Perez,jennifer.perez.3446@yahoo.com,(245) 352-7638,Indianapolis,IN,Midwest,1985,Female,2024-06-26,Consumer,Silver,Occasional,Yes
3447,Andrew,Thomas,andrew.thomas.3447@gmail.com,(285) 238-6476,Orlando,FL,South,2002,Male,2025-06-14,Consumer,Gold,Occasional,Yes
3448,Brian,Rodriguez,brian.rodriguez.3448@icloud.com,(709) 832-9464,St. Louis,MO,Midwest,1992,Male,2023-02-09,Consumer,Bronze,Regular,Yes
3449,Sandra,Allen,sandra.allen.3449@protonmail.com,(824) 428-6873,Newark,NJ,Northeast,1961,Female,2023-10-03,Consumer,Silver,VIP,Yes
3450,Brandon,Anderson,brandon.anderson.3450@outlook.com,(642) 594-2374,Charlotte,NC,South,1948,Male,2024-01-01,Enterprise,Bronze,Regular,Yes
3451,Barbara,Johnson,barbara.johnson.3451@icloud.com,(259) 898-7856,Philadelphia,PA,Northeast,1988,Female,2023-08-28,Consumer,Gold,Occasional,No
3452,Linda,Garcia,linda.garcia.3452@protonmail.com,(384) 874-8823,Los Angeles,CA,West,1984,Female,2024-05-05,Consumer,Bronze,Occasional,Yes
3453,Rebecca,Clark,rebecca.clark.3453@yahoo.com,(245) 600-7406,Hartford,CT,Northeast,1997,Female,2024-03-23,Consumer,Silver,Regular,Yes
3454,Andrew,Ramirez,andrew.ramirez.3454@gmail.com,(895) 823-1873,Providence,RI,Northeast,1986,Male,2023-02-24,Consumer,Bronze,Occasional,Yes
3455,Lauren,Flores,lauren.flores.3455@yahoo.com,(641) 502-6105,Atlanta,GA,South,1998,Female,2025-10-31,Consumer,Bronze,Occasional,Yes
3456,Paul,Jackson,paul.jackson.3456@outlook.com,(810) 850-1693,San Francisco,CA,West,1948,Male,2025-03-14,Consumer,Bronze,Regular,Yes
3457,Linda,Allen,linda.allen.3457@protonmail.com,(214) 442-3194,Pittsburgh,PA,Northeast,1976,Female,2025-04-25,Consumer,Bronze,Regular,Yes
3458,Sandra,Moore,sandra.moore.3458@gmail.com,(909) 883-1665,Detroit,MI,Midwest,1973,Female,2025-06-10,Enterprise,Silver,Occasional,Yes
3459,Daniel,Gonzalez,daniel.gonzalez.3459@yahoo.com,(253) 933-9820,Detroit,MI,Midwest,2002,Male,2023-09-28,Consumer,Bronze,Occasional,Yes
3460,Robert,Gonzalez,robert.gonzalez.3460@yahoo.com,(605) 683-7016,Los Angeles,CA,West,1972,Male,2026-02-11,Consumer,Bronze,Regular,Yes
3461,Daniel,Jones,daniel.jones.3461@outlook.com,(708) 201-9488,Seattle,WA,West,1963,Male,2025-10-08,Consumer,Silver,Occasional,Yes
3462,Amanda,Williams,amanda.williams.3462@outlook.com,(205) 714-3494,Los Angeles,CA,West,1952,Female,2023-01-05,Consumer,Bronze,Occasional,No
3463,Linda,Sanchez,linda.sanchez.3463@yahoo.com,(316) 610-7530,Boston,MA,Northeast,1979,Female,2025-12-01,Consumer,Bronze,Frequent,Yes
3464,Sophia,Sanchez,sophia.sanchez.3464@icloud.com,(934) 276-8113,Houston,TX,South,1995,Female,2024-04-02,Small Business,Bronze,Regular,No
3465,Nicole,Hernandez,nicole.hernandez.3465@gmail.com,(373) 941-7251,Las Vegas,NV,West,1962,Female,2024-11-28,Consumer,Bronze,Frequent,Yes
3466,Joshua,Martin,joshua.martin.3466@protonmail.com,(801) 524-7276,Phoenix,AZ,West,2002,Male,2023-10-19,Consumer,Bronze,Occasional,Yes
3467,Brandon,Taylor,brandon.taylor.3467@protonmail.com,(264) 745-1698,Seattle,WA,West,1962,Male,2025-07-10,Small Business,Silver,Regular,Yes
3468,Kevin,Lewis,kevin.lewis.3468@icloud.com,(437) 586-1606,Houston,TX,South,1987,Male,2024-04-04,Consumer,Bronze,Regular,Yes
3469,Joshua,Perez,joshua.perez.3469@outlook.com,(307) 741-4568,Dallas,TX,South,1973,Male,2024-09-18,Small Business,Bronze,Regular,Yes
3470,Melissa,Johnson,melissa.johnson.3470@yahoo.com,(360) 407-5839,Pittsburgh,PA,Northeast,1979,Female,2025-09-24,Small Business,Bronze,Frequent,Yes
3471,John,Lee,john.lee.3471@protonmail.com,(823) 618-1724,Philadelphia,PA,Northeast,1970,Male,2025-10-04,Consumer,Silver,Regular,Yes
3472,Sophia,Ramirez,sophia.ramirez.3472@icloud.com,(569) 765-3142,Las Vegas,NV,West,1953,Female,2024-09-27,Consumer,Bronze,Regular,Yes
3473,Olivia,Perez,olivia.perez.3473@outlook.com,(788) 763-7543,Atlanta,GA,South,1985,Female,2024-08-26,Consumer,Bronze,Occasional,Yes
3474,Richard,Taylor,richard.taylor.3474@protonmail.com,(600) 244-3251,Orlando,FL,South,1961,Male,2023-09-03,Consumer,Bronze,Occasional,Yes
3475,Lisa,Anderson,lisa.anderson.3475@icloud.com,(815) 306-1695,Dallas,TX,South,1946,Female,2024-02-17,Small Business,Bronze,Regular,Yes
3476,Edward,Young,edward.young.3476@outlook.com,(483) 526-2154,Atlanta,GA,South,1996,Male,2026-07-29,Consumer,Bronze,Occasional,Yes
3477,George,Taylor,george.taylor.3477@yahoo.com,(866) 703-6039,Charlotte,NC,South,1980,Male,2025-10-13,Consumer,Bronze,Regular,Yes
3478,Sandra,Martin,sandra.martin.3478@gmail.com,(653) 720-8009,Nashville,TN,South,1997,Female,2024-12-29,Consumer,Bronze,Regular,Yes
3479,Daniel,Smith,daniel.smith.3479@icloud.com,(930) 261-4603,Providence,RI,Northeast,1995,Male,2025-09-18,Consumer,Silver,Frequent,Yes
3480,Susan,Harris,susan.harris.3480@gmail.com,(644) 952-4668,Philadelphia,PA,Northeast,1967,Female,2023-06-23,Enterprise,Bronze,Frequent,Yes
3481,Margaret,Jones,margaret.jones.3481@yahoo.com,(276) 654-9642,Columbus,OH,Midwest,1971,Female,2024-05-10,Enterprise,Bronze,Occasional,Yes
3482,Nancy,Young,nancy.young.3482@yahoo.com,(984) 288-7190,Atlanta,GA,South,1946,Female,2025-03-11,Small Business,Bronze,Occasional,Yes
3483,Robert,Brown,robert.brown.3483@yahoo.com,(814) 870-7989,San Francisco,CA,West,2002,Male,2024-02-19,Consumer,Silver,Frequent,Yes
3484,Jessica,Scott,jessica.scott.3484@icloud.com,(980) 324-5638,Richmond,VA,South,1959,Female,2023-10-02,Consumer,Bronze,Occasional,Yes
3485,Donald,Moore,donald.moore.3485@icloud.com,(550) 385-4649,Chicago,IL,Midwest,1971,Male,2023-12-01,Small Business,Bronze,Frequent,No
3486,Nancy,Harris,nancy.harris.3486@yahoo.com,(798) 849-9358,Providence,RI,Northeast,1945,Female,2024-06-13,Small Business,Bronze,Occasional,Yes
3487,Andrew,Hill,andrew.hill.3487@outlook.com,(902) 250-5292,Miami,FL,South,1985,Nonbinary,2024-09-03,Consumer,Bronze,Frequent,Yes
3488,Sophia,Taylor,sophia.taylor.3488@gmail.com,(269) 775-8675,Orlando,FL,South,1984,Female,2024-02-16,Consumer,Gold,Regular,Yes
3489,George,Hernandez,george.hernandez.3489@outlook.com,(731) 661-2028,Los Angeles,CA,West,1966,Male,2026-01-11,Consumer,Bronze,Frequent,Yes
3490,Nicole,King,nicole.king.3490@icloud.com,(934) 445-9996,Houston,TX,South,1984,Female,2026-04-08,Consumer,Bronze,Regular,Yes
3491,Emma,Lopez,emma.lopez.3491@gmail.com,(508) 915-7951,Los Angeles,CA,West,1997,Female,2024-06-15,Consumer,Gold,Frequent,Yes
3492,Megan,Flores,megan.flores.3492@yahoo.com,(872) 378-8989,Chicago,IL,Midwest,2001,Female,2024-02-13,Consumer,Bronze,Frequent,Yes
3493,Sandra,Miller,sandra.miller.3493@icloud.com,(325) 613-3569,Newark,NJ,Northeast,1950,Female,2026-01-04,Consumer,Bronze,Occasional,Yes
3494,Betty,Walker,betty.walker.3494@outlook.com,(277) 782-2922,Seattle,WA,West,1949,Female,2024-02-09,Small Business,Silver,Occasional,Yes
3495,Rebecca,Davis,rebecca.davis.3495@protonmail.com,(858) 949-8071,Houston,TX,South,1991,Female,2026-06-18,Small Business,Silver,Regular,Yes
3496,William,Jones,william.jones.3496@yahoo.com,(705) 614-7940,Nashville,TN,South,1985,Male,2026-07-12,Consumer,Bronze,Occasional,Yes
3497,Nathan,Miller,nathan.miller.3497@outlook.com,(541) 667-9794,Richmond,VA,South,1967,Nonbinary,2026-03-14,Consumer,Bronze,Regular,Yes
3498,Lisa,Martinez,lisa.martinez.3498@gmail.com,(428) 995-8233,Chicago,IL,Midwest,1957,Female,2026-06-24,Enterprise,Bronze,Occasional,Yes
3499,Elizabeth,Jackson,elizabeth.jackson.3499@outlook.com,(267) 770-2855,Charlotte,NC,South,1978,Female,2024-10-06,Enterprise,Bronze,VIP,Yes
3500,Sandra,Garcia,sandra.garcia.3500@protonmail.com,(402) 319-4432,Los Angeles,CA,West,1975,Female,2025-07-23,Consumer,Bronze,Regular,Yes
3501,Brandon,Martin,brandon.martin.3501@gmail.com,(428) 569-5011,Dallas,TX,South,1967,Male,2023-11-27,Consumer,Gold,Occasional,Yes
3502,Paul,Lopez,paul.lopez.3502@yahoo.com,(987) 810-2130,San Diego,CA,West,1989,Male,2024-09-06,Consumer,Bronze,Regular,Yes
3503,George,Thompson,george.thompson.3503@protonmail.com,(873) 942-3063,Las Vegas,NV,West,1945,Male,2025-09-10,Consumer,Bronze,Regular,Yes
3504,Patricia,Jones,patricia.jones.3504@icloud.com,(830) 722-9447,Seattle,WA,West,1995,Female,2024-01-31,Consumer,Bronze,Regular,Yes
3505,Donald,Ramirez,donald.ramirez.3505@yahoo.com,(793) 719-2918,Dallas,TX,South,1987,Nonbinary,2024-09-07,Consumer,Gold,Occasional,Yes
3506,Susan,Rodriguez,susan.rodriguez.3506@gmail.com,(481) 343-5825,Las Vegas,NV,West,1946,Female,2026-07-21,Small Business,Bronze,Regular,Yes
3507,David,Jones,david.jones.3507@yahoo.com,(251) 641-8918,Philadelphia,PA,Northeast,1986,Male,2024-03-11,Consumer,Bronze,Frequent,Yes
3508,Melissa,Nguyen,melissa.nguyen.3508@protonmail.com,(354) 940-9278,St. Louis,MO,Midwest,2004,Female,2023-10-11,Consumer,Bronze,Occasional,Yes
3509,George,Williams,george.williams.3509@yahoo.com,(701) 636-2288,Boston,MA,Northeast,1984,Male,2025-01-22,Small Business,Gold,Occasional,Yes
3510,Michael,Harris,michael.harris.3510@yahoo.com,(898) 913-5425,Dallas,TX,South,1945,Nonbinary,2023-03-05,Consumer,Silver,Frequent,No
3511,John,Gonzalez,john.gonzalez.3511@yahoo.com,(400) 390-2677,Pittsburgh,PA,Northeast,2003,Male,2023-01-02,Consumer,Bronze,Regular,Yes
3512,Abigail,Thompson,abigail.thompson.3512@icloud.com,(809) 953-2765,Miami,FL,South,1953,Female,2026-06-30,Consumer,Silver,Regular,Yes
3513,Brandon,Flores,brandon.flores.3513@icloud.com,(524) 916-3110,Los Angeles,CA,West,1963,Male,2025-02-15,Consumer,Bronze,Occasional,Yes
3514,Matthew,Torres,matthew.torres.3514@gmail.com,(630) 732-1222,Dallas,TX,South,1946,Male,2026-03-13,Small Business,Bronze,Frequent,Yes
3515,Sophia,Wilson,sophia.wilson.3515@outlook.com,(870) 473-9075,Phoenix,AZ,West,1983,Female,2024-03-06,Consumer,Bronze,Occasional,Yes
3516,Emma,Nguyen,emma.nguyen.3516@outlook.com,(383) 989-6634,Charlotte,NC,South,1995,Female,2026-07-15,Consumer,Bronze,Occasional,No
3517,Nathan,Martin,nathan.martin.3517@icloud.com,(482) 764-6414,Chicago,IL,Midwest,1976,Male,2026-05-05,Small Business,Bronze,Occasional,Yes
3518,Richard,Sanchez,richard.sanchez.3518@icloud.com,(974) 888-5738,Cleveland,OH,Midwest,2002,Nonbinary,2024-11-12,Consumer,Bronze,Frequent,Yes
3519,Brian,Wilson,brian.wilson.3519@icloud.com,(709) 651-1435,Charlotte,NC,South,1949,Male,2026-04-01,Consumer,Bronze,Regular,Yes
3520,Matthew,Martinez,matthew.martinez.3520@gmail.com,(467) 911-4098,Providence,RI,Northeast,1978,Male,2025-02-14,Consumer,Gold,Frequent,Yes
3521,Mary,Williams,mary.williams.3521@icloud.com,(726) 404-9918,San Francisco,CA,West,1998,Female,2026-01-10,Consumer,Gold,Regular,Yes
3522,Susan,Lewis,susan.lewis.3522@protonmail.com,(857) 904-6011,Charlotte,NC,South,1995,Female,2026-02-04,Consumer,Bronze,Regular,Yes
3523,Patricia,Robinson,patricia.robinson.3523@protonmail.com,(557) 907-2926,Richmond,VA,South,1961,Female,2024-01-22,Enterprise,Bronze,VIP,No
3524,Patricia,Jones,patricia.jones.3524@gmail.com,(238) 482-9432,Cleveland,OH,Midwest,1976,Female,2023-06-03,Consumer,Silver,Frequent,Yes
3525,Rachel,Miller,rachel.miller.3525@protonmail.com,(491) 894-6330,Columbus,OH,Midwest,2004,Female,2025-11-02,Consumer,Silver,Occasional,Yes
3526,Jessica,Torres,jessica.torres.3526@outlook.com,(879) 933-9881,Miami,FL,South,1962,Female,2024-07-10,Small Business,Bronze,Occasional,Yes
3527,Olivia,Brown,olivia.brown.3527@icloud.com,(312) 313-2576,Columbus,OH,Midwest,1951,Female,2024-06-07,Consumer,Bronze,Regular,No
3528,Jessica,Hernandez,jessica.hernandez.3528@gmail.com,(334) 326-7357,Atlanta,GA,South,2004,Female,2023-10-05,Consumer,Silver,Regular,Yes
3529,Nicole,Torres,nicole.torres.3529@outlook.com,(926) 412-4592,Charlotte,NC,South,1945,Female,2023-05-04,Small Business,Silver,Occasional,No
3530,Margaret,Robinson,margaret.robinson.3530@outlook.com,(391) 426-9984,Minneapolis,MN,Midwest,1986,Female,2025-03-10,Consumer,Bronze,Regular,Yes
3531,Richard,Harris,richard.harris.3531@protonmail.com,(223) 967-8973,Charlotte,NC,South,2002,Male,2025-03-16,Consumer,Bronze,Occasional,Yes
3532,Robert,Lee,robert.lee.3532@yahoo.com,(365) 737-2125,Los Angeles,CA,West,1984,Male,2023-01-16,Consumer,Silver,Frequent,Yes
3533,Elizabeth,Perez,elizabeth.perez.3533@yahoo.com,(325) 251-7106,Las Vegas,NV,West,1976,Female,2025-10-24,Consumer,Bronze,Occasional,Yes
3534,Nathan,Thompson,nathan.thompson.3534@yahoo.com,(371) 837-7949,Detroit,MI,Midwest,1964,Male,2026-02-04,Consumer,Bronze,Regular,Yes
3535,David,Rodriguez,david.rodriguez.3535@outlook.com,(780) 747-1978,Buffalo,NY,Northeast,1994,Male,2024-06-25,Consumer,Bronze,Regular,Yes
3536,Elizabeth,Flores,elizabeth.flores.3536@yahoo.com,(349) 233-6117,Newark,NJ,Northeast,1986,Female,2023-08-06,Enterprise,Bronze,Regular,Yes
3537,Joshua,Davis,joshua.davis.3537@outlook.com,(262) 423-1990,Seattle,WA,West,1953,Male,2025-02-16,Consumer,Bronze,Regular,Yes
3538,Jennifer,Anderson,jennifer.anderson.3538@outlook.com,(285) 488-5068,New York,NY,Northeast,1964,Female,2025-05-18,Consumer,Bronze,Frequent,Yes
3539,Rachel,Johnson,rachel.johnson.3539@icloud.com,(685) 224-3078,Denver,CO,West,1992,Female,2023-10-10,Consumer,Gold,Occasional,Yes
3540,Brian,Robinson,brian.robinson.3540@outlook.com,(559) 612-8144,Richmond,VA,South,2004,Male,2025-11-27,Consumer,Silver,Regular,Yes
3541,Jennifer,Wilson,jennifer.wilson.3541@outlook.com,(917) 657-7600,Richmond,VA,South,1984,Female,2026-06-19,Consumer,Silver,Regular,Yes
3542,Joshua,Johnson,joshua.johnson.3542@yahoo.com,(850) 388-3099,Las Vegas,NV,West,1976,Male,2024-08-01,Consumer,Bronze,Occasional,Yes
3543,Sophia,Walker,sophia.walker.3543@outlook.com,(441) 864-3265,Los Angeles,CA,West,2004,Female,2025-01-26,Small Business,Bronze,Regular,Yes
3544,Ryan,Martin,ryan.martin.3544@protonmail.com,(880) 682-6036,Charlotte,NC,South,1972,Male,2023-06-02,Consumer,Platinum,VIP,Yes
3545,Mark,Nguyen,mark.nguyen.3545@yahoo.com,(269) 312-2928,Richmond,VA,South,1996,Male,2025-12-15,Consumer,Silver,Regular,Yes
3546,Donald,Rodriguez,donald.rodriguez.3546@protonmail.com,(610) 210-3978,Atlanta,GA,South,1986,Male,2024-10-21,Small Business,Bronze,Regular,Yes
3547,Betty,Lopez,betty.lopez.3547@protonmail.com,(411) 656-2133,Indianapolis,IN,Midwest,1990,Female,2024-08-07,Consumer,Bronze,Regular,Yes
3548,Amanda,Young,amanda.young.3548@icloud.com,(741) 464-6026,Atlanta,GA,South,1985,Female,2025-07-30,Consumer,Bronze,Occasional,Yes
3549,Megan,Young,megan.young.3549@outlook.com,(615) 599-8008,Portland,OR,West,1973,Female,2024-04-18,Consumer,Bronze,Regular,No
3550,Amanda,Sanchez,amanda.sanchez.3550@outlook.com,(957) 701-8217,Las Vegas,NV,West,1971,Female,2023-06-05,Consumer,Bronze,Occasional,Yes
3551,Sandra,Robinson,sandra.robinson.3551@icloud.com,(440) 908-4970,Orlando,FL,South,1968,Female,2024-08-20,Consumer,Bronze,Regular,Yes
3552,Charles,King,charles.king.3552@yahoo.com,(483) 842-6765,San Diego,CA,West,1952,Male,2024-08-06,Consumer,Bronze,Frequent,Yes
3553,Sandra,Johnson,sandra.johnson.3553@yahoo.com,(545) 415-1439,Chicago,IL,Midwest,1998,Female,2023-04-24,Consumer,Bronze,Occasional,No
3554,Susan,Miller,susan.miller.3554@outlook.com,(788) 841-6855,Portland,OR,West,1982,Female,2024-12-20,Consumer,Bronze,Occasional,Yes
3555,Thomas,Brown,thomas.brown.3555@gmail.com,(710) 680-5730,Miami,FL,South,1965,Male,2023-11-29,Small Business,Gold,Frequent,Yes
3556,Lisa,Martinez,lisa.martinez.3556@outlook.com,(717) 962-3215,Phoenix,AZ,West,1958,Female,2024-07-06,Consumer,Bronze,Regular,Yes
3557,Elizabeth,Brown,elizabeth.brown.3557@icloud.com,(548) 360-2010,Atlanta,GA,South,1947,Female,2025-04-11,Consumer,Gold,Regular,No
3558,Michael,Moore,michael.moore.3558@gmail.com,(256) 787-4909,Orlando,FL,South,1973,Male,2024-04-19,Consumer,Bronze,Occasional,No
3559,Amanda,Torres,amanda.torres.3559@gmail.com,(606) 781-7361,Dallas,TX,South,1972,Nonbinary,2023-01-03,Small Business,Bronze,Regular,No
3560,Megan,Perez,megan.perez.3560@yahoo.com,(273) 305-1446,Portland,OR,West,1970,Female,2024-03-21,Consumer,Bronze,Occasional,Yes
3561,Steven,Hernandez,steven.hernandez.3561@icloud.com,(347) 450-4055,Hartford,CT,Northeast,1948,Male,2024-09-01,Consumer,Silver,Frequent,Yes
3562,Nicole,Robinson,nicole.robinson.3562@protonmail.com,(640) 562-4839,Orlando,FL,South,1971,Female,2026-03-26,Consumer,Silver,Occasional,Yes
3563,Christina,Wilson,christina.wilson.3563@gmail.com,(901) 246-8461,Nashville,TN,South,2002,Female,2023-04-06,Consumer,Bronze,Occasional,Yes
3564,Amanda,Robinson,amanda.robinson.3564@outlook.com,(753) 945-7512,Miami,FL,South,1976,Female,2025-03-30,Small Business,Bronze,Frequent,Yes
3565,Betty,Walker,betty.walker.3565@gmail.com,(411) 233-6735,St. Louis,MO,Midwest,1948,Female,2025-11-22,Enterprise,Gold,Occasional,Yes
3566,David,Wilson,david.wilson.3566@gmail.com,(476) 493-9589,Miami,FL,South,1974,Male,2024-03-06,Small Business,Bronze,Regular,Yes
3567,Jessica,Lopez,jessica.lopez.3567@outlook.com,(628) 307-7488,Orlando,FL,South,1999,Female,2024-07-24,Consumer,Bronze,Occasional,Yes
3568,Lauren,Martin,lauren.martin.3568@yahoo.com,(886) 590-2268,Buffalo,NY,Northeast,1948,Female,2025-08-18,Consumer,Bronze,Occasional,Yes
3569,Paul,Williams,paul.williams.3569@yahoo.com,(469) 500-2352,Orlando,FL,South,1999,Male,2026-06-04,Consumer,Bronze,Regular,Yes
3570,Christina,Taylor,christina.taylor.3570@gmail.com,(538) 210-4368,Richmond,VA,South,1974,Female,2025-04-28,Small Business,Bronze,Frequent,Yes
3571,Jacob,Hernandez,jacob.hernandez.3571@yahoo.com,(606) 209-5818,Richmond,VA,South,1970,Male,2024-07-15,Small Business,Platinum,Regular,Yes
3572,Matthew,Garcia,matthew.garcia.3572@outlook.com,(889) 613-8949,Boston,MA,Northeast,1991,Male,2025-03-15,Small Business,Bronze,Occasional,Yes
3573,John,Young,john.young.3573@protonmail.com,(279) 615-5770,Charlotte,NC,South,1988,Male,2023-12-17,Consumer,Silver,Regular,No
3574,David,Hill,david.hill.3574@icloud.com,(599) 288-9027,Providence,RI,Northeast,1973,Male,2026-02-04,Consumer,Bronze,Occasional,Yes
3575,William,Hernandez,william.hernandez.3575@icloud.com,(643) 214-9186,Milwaukee,WI,Midwest,2000,Male,2025-12-01,Small Business,Gold,Frequent,Yes
3576,Rachel,Jackson,rachel.jackson.3576@gmail.com,(560) 849-3990,Buffalo,NY,Northeast,1977,Female,2025-08-24,Small Business,Silver,Occasional,Yes
3577,Betty,Harris,betty.harris.3577@outlook.com,(252) 225-1810,Chicago,IL,Midwest,1968,Female,2026-04-20,Consumer,Bronze,Regular,Yes
3578,Nancy,Smith,nancy.smith.3578@outlook.com,(773) 236-4847,Minneapolis,MN,Midwest,2000,Female,2025-08-21,Consumer,Bronze,Occasional,Yes
3579,Jennifer,Taylor,jennifer.taylor.3579@protonmail.com,(433) 792-3874,New York,NY,Northeast,1997,Female,2025-07-09,Consumer,Bronze,Occasional,Yes
3580,Paul,Allen,paul.allen.3580@protonmail.com,(452) 946-5039,Milwaukee,WI,Midwest,1992,Male,2025-05-03,Consumer,Bronze,Frequent,No
3581,Justin,Allen,justin.allen.3581@protonmail.com,(553) 826-9230,Houston,TX,South,1950,Male,2025-11-20,Consumer,Bronze,Frequent,Yes
3582,Mark,Jones,mark.jones.3582@gmail.com,(469) 219-4405,Chicago,IL,Midwest,1983,Male,2023-03-05,Consumer,Bronze,Regular,Yes
3583,Donald,Martinez,donald.martinez.3583@outlook.com,(599) 700-4810,Portland,OR,West,1968,Male,2025-09-18,Consumer,Bronze,Regular,Yes
3584,Edward,Walker,edward.walker.3584@gmail.com,(995) 298-7428,Philadelphia,PA,Northeast,1960,Male,2024-12-14,Consumer,Bronze,Occasional,Yes
3585,Jason,Lopez,jason.lopez.3585@gmail.com,(632) 204-9956,St. Louis,MO,Midwest,1966,Male,2025-03-19,Consumer,Bronze,Frequent,Yes
3586,Christopher,Nguyen,christopher.nguyen.3586@yahoo.com,(675) 531-3440,San Diego,CA,West,1997,Male,2025-05-22,Consumer,Bronze,Regular,Yes
3587,Megan,Martin,megan.martin.3587@outlook.com,(874) 203-8429,Las Vegas,NV,West,1950,Female,2025-11-14,Consumer,Silver,Occasional,Yes
3588,Michael,Nguyen,michael.nguyen.3588@icloud.com,(422) 643-9332,Indianapolis,IN,Midwest,2000,Male,2025-01-17,Enterprise,Bronze,Occasional,Yes
3589,John,Harris,john.harris.3589@protonmail.com,(277) 811-7211,Orlando,FL,South,1984,Male,2026-06-23,Consumer,Bronze,Frequent,No
3590,Sandra,Sanchez,sandra.sanchez.3590@yahoo.com,(902) 306-5740,Philadelphia,PA,Northeast,1981,Female,2024-09-19,Consumer,Bronze,Regular,Yes
3591,Paul,Moore,paul.moore.3591@icloud.com,(402) 322-9150,Houston,TX,South,1999,Male,2023-08-01,Enterprise,Bronze,Regular,Yes
3592,Edward,Moore,edward.moore.3592@gmail.com,(933) 804-8857,Philadelphia,PA,Northeast,1953,Male,2024-09-09,Consumer,Bronze,VIP,Yes
3593,Steven,Torres,steven.torres.3593@outlook.com,(805) 574-9854,Buffalo,NY,Northeast,1965,Male,2025-07-18,Consumer,Bronze,Occasional,Yes
3594,James,Allen,james.allen.3594@yahoo.com,(289) 422-6207,Cleveland,OH,Midwest,1965,Male,2024-09-03,Consumer,Bronze,Occasional,Yes
3595,Steven,Jackson,steven.jackson.3595@gmail.com,(589) 435-4204,San Diego,CA,West,1988,Male,2026-05-24,Consumer,Gold,VIP,Yes
3596,Lauren,Garcia,lauren.garcia.3596@outlook.com,(531) 509-2765,Indianapolis,IN,Midwest,1985,Female,2026-08-01,Small Business,Bronze,Regular,Yes
3597,Melissa,Martinez,melissa.martinez.3597@protonmail.com,(943) 460-6586,Columbus,OH,Midwest,1981,Female,2023-09-30,Consumer,Gold,Frequent,Yes
3598,William,Allen,william.allen.3598@gmail.com,(974) 777-9425,Denver,CO,West,1981,Male,2025-05-05,Consumer,Silver,VIP,No
3599,Barbara,White,barbara.white.3599@gmail.com,(405) 422-9475,Seattle,WA,West,1991,Female,2024-05-24,Consumer,Bronze,Regular,No
3600,Jessica,Clark,jessica.clark.3600@yahoo.com,(479) 446-4711,Houston,TX,South,1972,Female,2023-07-25,Small Business,Bronze,Frequent,Yes
3601,Rebecca,Thomas,rebecca.thomas.3601@yahoo.com,(445) 279-3852,Charlotte,NC,South,1945,Female,2025-09-17,Consumer,Silver,Regular,Yes
3602,Jacob,Hill,jacob.hill.3602@icloud.com,(657) 344-1862,Atlanta,GA,South,1953,Male,2025-07-12,Consumer,Bronze,VIP,Yes
3603,William,Flores,william.flores.3603@icloud.com,(521) 961-7309,Charlotte,NC,South,2004,Male,2026-02-04,Consumer,Gold,Frequent,Yes
3604,Thomas,Smith,thomas.smith.3604@gmail.com,(663) 542-6344,San Diego,CA,West,1967,Male,2025-01-14,Consumer,Bronze,Occasional,Yes
3605,Olivia,Miller,olivia.miller.3605@icloud.com,(328) 587-8811,Houston,TX,South,1948,Female,2024-07-10,Consumer,Bronze,Occasional,Yes
3606,Margaret,Nguyen,margaret.nguyen.3606@outlook.com,(618) 893-1921,Indianapolis,IN,Midwest,1984,Female,2023-05-07,Consumer,Bronze,Regular,Yes
3607,Lisa,Hernandez,lisa.hernandez.3607@icloud.com,(697) 724-4541,Nashville,TN,South,1984,Female,2023-11-01,Consumer,Gold,Regular,No
3608,Richard,Thompson,richard.thompson.3608@icloud.com,(619) 453-9392,Miami,FL,South,1974,Male,2026-05-27,Consumer,Bronze,Frequent,Yes
3609,Edward,Torres,edward.torres.3609@icloud.com,(400) 631-7639,Providence,RI,Northeast,1959,Male,2024-07-06,Consumer,Silver,Regular,Yes
3610,John,Robinson,john.robinson.3610@yahoo.com,(555) 399-5412,Phoenix,AZ,West,1966,Male,2026-07-28,Consumer,Bronze,Regular,Yes
3611,Mark,Torres,mark.torres.3611@outlook.com,(262) 821-8564,Miami,FL,South,1961,Male,2026-05-27,Consumer,Silver,Regular,Yes
3612,Daniel,Moore,daniel.moore.3612@yahoo.com,(779) 921-2944,Buffalo,NY,Northeast,2003,Male,2024-09-04,Consumer,Silver,Occasional,Yes
3613,Matthew,Taylor,matthew.taylor.3613@outlook.com,(763) 569-9103,Atlanta,GA,South,1954,Male,2025-03-08,Consumer,Bronze,Occasional,Yes
3614,Rebecca,White,rebecca.white.3614@icloud.com,(641) 589-4792,Newark,NJ,Northeast,1957,Female,2023-02-10,Consumer,Bronze,Regular,Yes
3615,Rachel,Lewis,rachel.lewis.3615@yahoo.com,(984) 300-5635,St. Louis,MO,Midwest,1982,Female,2023-01-01,Consumer,Silver,Occasional,Yes
3616,Christina,Anderson,christina.anderson.3616@gmail.com,(711) 251-9411,Orlando,FL,South,1952,Female,2024-07-10,Consumer,Silver,Regular,Yes
3617,Patricia,Nguyen,patricia.nguyen.3617@protonmail.com,(904) 564-1733,Providence,RI,Northeast,1946,Female,2026-06-20,Consumer,Silver,Occasional,Yes
3618,Christopher,Lewis,christopher.lewis.3618@outlook.com,(693) 716-4076,Richmond,VA,South,1968,Male,2024-12-12,Consumer,Bronze,Occasional,Yes
3619,Stephanie,Young,stephanie.young.3619@icloud.com,(437) 400-4452,Houston,TX,South,1963,Female,2024-08-02,Consumer,Gold,Occasional,Yes
3620,Sophia,Scott,sophia.scott.3620@gmail.com,(412) 930-5767,Houston,TX,South,1949,Female,2024-12-02,Small Business,Gold,Regular,Yes
3621,Kevin,Rodriguez,kevin.rodriguez.3621@yahoo.com,(877) 957-5308,Dallas,TX,South,1970,Male,2023-04-11,Consumer,Bronze,Regular,Yes
3622,Nancy,Torres,nancy.torres.3622@outlook.com,(408) 491-4829,Houston,TX,South,1988,Female,2025-09-20,Small Business,Bronze,Regular,No
3623,Robert,Robinson,robert.robinson.3623@icloud.com,(886) 217-8107,Philadelphia,PA,Northeast,1955,Male,2025-12-24,Small Business,Bronze,Occasional,Yes
3624,Joseph,Jones,joseph.jones.3624@gmail.com,(757) 262-3527,Orlando,FL,South,1952,Male,2025-12-03,Consumer,Silver,Regular,No
3625,Amanda,Scott,amanda.scott.3625@yahoo.com,(660) 822-6184,Orlando,FL,South,1994,Female,2023-01-13,Enterprise,Silver,Regular,Yes
3626,Karen,Moore,karen.moore.3626@icloud.com,(910) 389-9574,Detroit,MI,Midwest,1963,Female,2024-12-15,Consumer,Silver,Frequent,Yes
3627,Brian,Sanchez,brian.sanchez.3627@outlook.com,(272) 686-6652,Boston,MA,Northeast,1984,Male,2024-06-21,Consumer,Bronze,Occasional,Yes
3628,Mary,Hill,mary.hill.3628@protonmail.com,(585) 830-4957,Boston,MA,Northeast,1994,Female,2025-01-17,Consumer,Silver,Regular,Yes
3629,Lauren,Garcia,lauren.garcia.3629@yahoo.com,(421) 979-5841,Newark,NJ,Northeast,1956,Female,2025-11-30,Consumer,Bronze,Regular,Yes
3630,Barbara,Martin,barbara.martin.3630@yahoo.com,(760) 553-6426,Minneapolis,MN,Midwest,1960,Female,2023-12-17,Consumer,Bronze,VIP,Yes
3631,Mary,Davis,mary.davis.3631@icloud.com,(808) 344-1064,Denver,CO,West,1980,Female,2024-09-23,Consumer,Bronze,Frequent,Yes
3632,Linda,Scott,linda.scott.3632@icloud.com,(667) 536-1895,Las Vegas,NV,West,1955,Female,2023-10-03,Consumer,Bronze,Occasional,Yes
3633,Paul,Hill,paul.hill.3633@yahoo.com,(308) 940-1855,Seattle,WA,West,1956,Male,2024-03-03,Consumer,Bronze,Occasional,Yes
3634,Ashley,Jones,ashley.jones.3634@icloud.com,(534) 565-2874,Philadelphia,PA,Northeast,1956,Female,2025-07-18,Small Business,Gold,Regular,Yes
3635,Patricia,Brown,patricia.brown.3635@outlook.com,(362) 557-2695,Orlando,FL,South,1958,Female,2024-03-09,Small Business,Gold,Regular,Yes
3636,Olivia,Wright,olivia.wright.3636@outlook.com,(419) 510-6970,Columbus,OH,Midwest,1971,Female,2024-08-08,Consumer,Bronze,Occasional,Yes
3637,Kevin,Lopez,kevin.lopez.3637@outlook.com,(812) 942-6343,Milwaukee,WI,Midwest,1955,Male,2025-03-25,Enterprise,Gold,Occasional,Yes
3638,Sophia,Torres,sophia.torres.3638@icloud.com,(637) 400-8403,Houston,TX,South,2003,Female,2025-01-16,Consumer,Bronze,Occasional,Yes
3639,Jacob,Lopez,jacob.lopez.3639@yahoo.com,(709) 647-7843,Orlando,FL,South,1979,Male,2024-12-25,Small Business,Silver,Regular,Yes
3640,Daniel,Young,daniel.young.3640@icloud.com,(675) 813-7775,Atlanta,GA,South,2005,Male,2025-01-18,Consumer,Bronze,Frequent,No
3641,John,Miller,john.miller.3641@gmail.com,(517) 369-7959,Atlanta,GA,South,1971,Male,2024-11-09,Consumer,Bronze,Regular,Yes
3642,Andrew,Flores,andrew.flores.3642@icloud.com,(425) 719-4007,Atlanta,GA,South,1971,Male,2025-03-24,Small Business,Bronze,Frequent,Yes
3643,Karen,Miller,karen.miller.3643@protonmail.com,(361) 384-6482,Richmond,VA,South,1985,Female,2026-07-13,Consumer,Gold,Occasional,Yes
3644,Rebecca,Anderson,rebecca.anderson.3644@icloud.com,(337) 704-7193,Columbus,OH,Midwest,1961,Female,2024-07-30,Consumer,Silver,Regular,Yes
3645,Michael,Jackson,michael.jackson.3645@outlook.com,(889) 811-6387,Houston,TX,South,1965,Male,2023-07-07,Consumer,Bronze,Regular,Yes
3646,Kevin,Hill,kevin.hill.3646@yahoo.com,(784) 823-2090,Miami,FL,South,1966,Male,2024-04-09,Consumer,Silver,Regular,Yes
3647,Nancy,Hill,nancy.hill.3647@gmail.com,(785) 909-1723,Columbus,OH,Midwest,1950,Female,2024-10-20,Consumer,Silver,Occasional,Yes
3648,Rachel,Martin,rachel.martin.3648@icloud.com,(444) 414-7940,St. Louis,MO,Midwest,1963,Female,2023-06-12,Consumer,Bronze,Frequent,No
3649,George,Miller,george.miller.3649@gmail.com,(833) 870-8410,Los Angeles,CA,West,1983,Male,2024-10-21,Consumer,Bronze,Frequent,No
3650,Robert,Johnson,robert.johnson.3650@yahoo.com,(566) 814-5465,Denver,CO,West,1958,Male,2025-11-30,Consumer,Bronze,Occasional,Yes
3651,Karen,Hernandez,karen.hernandez.3651@icloud.com,(528) 477-1590,Pittsburgh,PA,Northeast,1979,Female,2024-01-18,Small Business,Gold,Regular,Yes
3652,William,Lee,william.lee.3652@outlook.com,(668) 578-8335,Miami,FL,South,1983,Male,2023-09-05,Consumer,Bronze,Occasional,Yes
3653,Megan,Lewis,megan.lewis.3653@icloud.com,(801) 482-2847,Phoenix,AZ,West,1950,Nonbinary,2025-04-03,Consumer,Bronze,Frequent,Yes
3654,Linda,Hernandez,linda.hernandez.3654@yahoo.com,(802) 573-9816,Portland,OR,West,1999,Female,2025-02-16,Small Business,Bronze,Regular,No
3655,Megan,Brown,megan.brown.3655@protonmail.com,(888) 887-5125,Columbus,OH,Midwest,1997,Female,2023-08-15,Small Business,Bronze,Regular,Yes
3656,Mary,King,mary.king.3656@gmail.com,(873) 340-1444,St. Louis,MO,Midwest,1990,Female,2023-12-14,Consumer,Bronze,Occasional,No
3657,Thomas,White,thomas.white.3657@protonmail.com,(467) 399-6670,Phoenix,AZ,West,1958,Male,2025-08-19,Consumer,Bronze,Regular,No
3658,Richard,Wilson,richard.wilson.3658@protonmail.com,(709) 202-2851,Houston,TX,South,1992,Male,2026-01-12,Consumer,Bronze,Regular,Yes
3659,Christina,Garcia,christina.garcia.3659@outlook.com,(413) 406-2536,Buffalo,NY,Northeast,2001,Female,2024-10-29,Consumer,Bronze,Regular,Yes
3660,Jennifer,Lewis,jennifer.lewis.3660@protonmail.com,(626) 445-5025,Newark,NJ,Northeast,1976,Female,2023-10-24,Small Business,Silver,Regular,Yes
3661,Olivia,Flores,olivia.flores.3661@protonmail.com,(345) 385-1887,Detroit,MI,Midwest,1992,Female,2023-12-20,Consumer,Gold,Occasional,Yes
3662,Steven,Thomas,steven.thomas.3662@yahoo.com,(800) 561-8795,San Diego,CA,West,1951,Male,2026-02-24,Consumer,Bronze,Regular,Yes
3663,Ryan,Jackson,ryan.jackson.3663@outlook.com,(723) 501-3688,Denver,CO,West,1990,Male,2023-01-31,Enterprise,Bronze,Frequent,Yes
3664,Andrew,Williams,andrew.williams.3664@yahoo.com,(414) 463-1572,Cleveland,OH,Midwest,1976,Male,2024-05-03,Small Business,Silver,Regular,Yes
3665,Robert,Perez,robert.perez.3665@outlook.com,(451) 555-9528,St. Louis,MO,Midwest,1950,Male,2026-08-01,Consumer,Bronze,Regular,Yes
3666,Barbara,Hernandez,barbara.hernandez.3666@yahoo.com,(494) 613-3878,Providence,RI,Northeast,1984,Female,2025-09-23,Small Business,Silver,Regular,Yes
3667,Sandra,Smith,sandra.smith.3667@gmail.com,(668) 993-7184,Minneapolis,MN,Midwest,1997,Female,2023-08-05,Consumer,Bronze,Occasional,Yes
3668,Charles,Perez,charles.perez.3668@outlook.com,(941) 540-1718,Cleveland,OH,Midwest,1952,Male,2023-09-19,Consumer,Silver,Frequent,Yes
3669,Jessica,Moore,jessica.moore.3669@outlook.com,(776) 284-9628,Orlando,FL,South,1965,Female,2026-04-02,Consumer,Silver,Occasional,Yes
3670,Nathan,Nguyen,nathan.nguyen.3670@outlook.com,(560) 501-8638,Houston,TX,South,1992,Male,2024-07-23,Consumer,Silver,Regular,Yes
3671,Jason,Brown,jason.brown.3671@yahoo.com,(621) 436-5212,Houston,TX,South,1988,Male,2023-09-15,Small Business,Bronze,Occasional,Yes
3672,Jacob,Harris,jacob.harris.3672@gmail.com,(499) 956-6213,Houston,TX,South,1976,Male,2025-01-13,Consumer,Bronze,Occasional,Yes
3673,Sophia,Allen,sophia.allen.3673@outlook.com,(225) 456-4903,Minneapolis,MN,Midwest,2001,Female,2023-02-05,Consumer,Bronze,Regular,No
3674,Amanda,Jackson,amanda.jackson.3674@icloud.com,(548) 466-9633,Buffalo,NY,Northeast,1989,Female,2025-06-13,Small Business,Bronze,Regular,Yes
3675,Emily,Walker,emily.walker.3675@outlook.com,(367) 463-2893,San Francisco,CA,West,1968,Female,2023-09-07,Small Business,Platinum,Occasional,Yes
3676,Rebecca,Smith,rebecca.smith.3676@outlook.com,(666) 349-1713,Cleveland,OH,Midwest,1975,Female,2024-08-12,Consumer,Bronze,Occasional,Yes
3677,George,Walker,george.walker.3677@protonmail.com,(818) 770-9020,Richmond,VA,South,1960,Male,2025-05-29,Consumer,Silver,Occasional,No
3678,Nancy,Hernandez,nancy.hernandez.3678@yahoo.com,(898) 759-3936,Boston,MA,Northeast,1985,Female,2024-01-23,Consumer,Gold,Regular,No
3679,William,Garcia,william.garcia.3679@gmail.com,(770) 735-6679,Houston,TX,South,2001,Male,2025-01-26,Small Business,Silver,Occasional,Yes
3680,Edward,Nguyen,edward.nguyen.3680@protonmail.com,(322) 708-4852,Charlotte,NC,South,1984,Male,2026-05-17,Consumer,Gold,Occasional,Yes
3681,James,Clark,james.clark.3681@yahoo.com,(400) 392-5649,Dallas,TX,South,1966,Male,2024-10-15,Consumer,Bronze,Occasional,Yes
3682,Linda,Hill,linda.hill.3682@outlook.com,(498) 351-5538,Atlanta,GA,South,1988,Female,2026-03-03,Consumer,Silver,Frequent,Yes
3683,Jason,Williams,jason.williams.3683@outlook.com,(426) 336-5806,San Diego,CA,West,1959,Male,2025-07-30,Consumer,Gold,Occasional,Yes
3684,Ashley,Young,ashley.young.3684@gmail.com,(697) 321-3217,San Francisco,CA,West,1998,Female,2024-05-04,Consumer,Bronze,Regular,Yes
3685,Matthew,Young,matthew.young.3685@gmail.com,(782) 715-3935,Minneapolis,MN,Midwest,1954,Male,2023-04-13,Small Business,Platinum,Occasional,Yes
3686,Sarah,Jackson,sarah.jackson.3686@gmail.com,(564) 346-9854,Milwaukee,WI,Midwest,1981,Female,2025-02-25,Consumer,Bronze,Regular,Yes
3687,Rebecca,Torres,rebecca.torres.3687@protonmail.com,(249) 253-7101,Miami,FL,South,2004,Female,2023-04-26,Consumer,Bronze,Occasional,Yes
3688,Melissa,Martinez,melissa.martinez.3688@outlook.com,(547) 682-7027,Orlando,FL,South,1959,Nonbinary,2023-09-16,Consumer,Silver,Occasional,Yes
3689,Robert,Wilson,robert.wilson.3689@icloud.com,(858) 442-9989,Orlando,FL,South,1960,Nonbinary,2024-10-01,Small Business,Bronze,Regular,Yes
3690,Charles,Garcia,charles.garcia.3690@gmail.com,(380) 309-3851,Indianapolis,IN,Midwest,2000,Male,2023-06-02,Small Business,Bronze,Regular,Yes
3691,Barbara,Gonzalez,barbara.gonzalez.3691@protonmail.com,(232) 961-4368,Richmond,VA,South,1950,Female,2023-08-20,Enterprise,Bronze,Occasional,No
3692,Robert,Martinez,robert.martinez.3692@yahoo.com,(770) 940-3857,Dallas,TX,South,1995,Male,2025-02-24,Consumer,Bronze,Regular,Yes
3693,Elizabeth,Torres,elizabeth.torres.3693@yahoo.com,(706) 585-4646,Pittsburgh,PA,Northeast,1997,Female,2024-11-20,Small Business,Silver,Frequent,Yes
3694,Jennifer,Martin,jennifer.martin.3694@yahoo.com,(362) 408-8224,Atlanta,GA,South,1992,Female,2024-12-28,Consumer,Bronze,Frequent,Yes
3695,Justin,Ramirez,justin.ramirez.3695@icloud.com,(275) 704-5982,Orlando,FL,South,2003,Nonbinary,2025-04-18,Small Business,Bronze,Regular,Yes
3696,Thomas,Thompson,thomas.thompson.3696@gmail.com,(568) 811-7992,Denver,CO,West,1991,Male,2024-08-25,Small Business,Silver,Frequent,Yes
3697,Paul,Jackson,paul.jackson.3697@icloud.com,(240) 911-4097,Chicago,IL,Midwest,1984,Nonbinary,2023-06-20,Consumer,Bronze,Frequent,Yes
3698,Joshua,Flores,joshua.flores.3698@yahoo.com,(440) 779-7070,Dallas,TX,South,1967,Male,2023-09-09,Consumer,Bronze,Regular,Yes
3699,Rebecca,Lee,rebecca.lee.3699@outlook.com,(854) 676-1996,Nashville,TN,South,1988,Female,2023-02-16,Consumer,Bronze,Regular,Yes
3700,Amanda,Johnson,amanda.johnson.3700@protonmail.com,(860) 429-7998,Dallas,TX,South,2002,Female,2025-01-26,Consumer,Silver,Regular,Yes
3701,Amanda,Lewis,amanda.lewis.3701@yahoo.com,(365) 847-1947,Richmond,VA,South,1961,Female,2025-09-16,Consumer,Silver,Occasional,Yes
3702,Richard,Harris,richard.harris.3702@protonmail.com,(535) 263-8423,Richmond,VA,South,1976,Male,2026-04-13,Consumer,Bronze,Frequent,Yes
3703,Mark,Walker,mark.walker.3703@protonmail.com,(613) 649-9559,Denver,CO,West,1966,Male,2023-08-08,Consumer,Silver,Regular,Yes
3704,George,Taylor,george.taylor.3704@outlook.com,(490) 622-8902,Charlotte,NC,South,1988,Male,2024-03-31,Small Business,Gold,Frequent,Yes
3705,Brian,Flores,brian.flores.3705@outlook.com,(945) 837-7031,St. Louis,MO,Midwest,1946,Male,2023-08-05,Consumer,Bronze,Frequent,No
3706,Richard,Lee,richard.lee.3706@protonmail.com,(935) 451-7164,Newark,NJ,Northeast,1997,Male,2024-02-22,Consumer,Bronze,Occasional,Yes
3707,James,Jones,james.jones.3707@protonmail.com,(872) 495-2162,Orlando,FL,South,1975,Male,2026-06-27,Consumer,Gold,Occasional,Yes
3708,Emily,Lee,emily.lee.3708@protonmail.com,(805) 472-1652,Atlanta,GA,South,1954,Female,2024-03-30,Consumer,Silver,Regular,Yes
3709,Jennifer,Gonzalez,jennifer.gonzalez.3709@yahoo.com,(621) 669-1935,Seattle,WA,West,1974,Female,2026-06-21,Enterprise,Bronze,Occasional,Yes
3710,Nicole,Anderson,nicole.anderson.3710@outlook.com,(702) 516-7779,Charlotte,NC,South,1973,Female,2023-10-21,Enterprise,Silver,Occasional,No
3711,Mary,Sanchez,mary.sanchez.3711@gmail.com,(725) 420-3167,St. Louis,MO,Midwest,1989,Female,2026-05-02,Consumer,Bronze,Regular,Yes
3712,Ryan,Sanchez,ryan.sanchez.3712@outlook.com,(664) 241-1106,Charlotte,NC,South,1978,Male,2023-01-07,Consumer,Bronze,Frequent,Yes
3713,Michael,Smith,michael.smith.3713@protonmail.com,(242) 526-2569,San Francisco,CA,West,1980,Male,2025-03-21,Consumer,Bronze,Frequent,Yes
3714,Abigail,Jones,abigail.jones.3714@gmail.com,(591) 674-8149,San Diego,CA,West,1991,Female,2024-07-04,Small Business,Bronze,Regular,Yes
3715,Jacob,Jones,jacob.jones.3715@icloud.com,(434) 383-3454,New York,NY,Northeast,1995,Male,2023-06-17,Consumer,Bronze,Frequent,Yes
3716,Melissa,Harris,melissa.harris.3716@gmail.com,(643) 656-3389,Nashville,TN,South,1977,Female,2024-11-05,Small Business,Gold,Regular,Yes
3717,Andrew,Johnson,andrew.johnson.3717@icloud.com,(523) 534-1590,San Francisco,CA,West,1995,Male,2024-09-09,Small Business,Bronze,Frequent,No
3718,Nathan,Hernandez,nathan.hernandez.3718@yahoo.com,(851) 737-1825,San Diego,CA,West,2003,Male,2023-10-18,Small Business,Silver,Occasional,Yes
3719,Nancy,Flores,nancy.flores.3719@outlook.com,(628) 420-5015,Denver,CO,West,1954,Female,2024-08-25,Consumer,Gold,VIP,No
3720,Linda,Robinson,linda.robinson.3720@outlook.com,(357) 202-3532,Indianapolis,IN,Midwest,1999,Female,2023-09-13,Consumer,Bronze,Regular,Yes
3721,Susan,Flores,susan.flores.3721@icloud.com,(486) 514-9487,San Francisco,CA,West,1971,Female,2025-12-09,Consumer,Bronze,Regular,Yes
3722,Megan,Young,megan.young.3722@yahoo.com,(826) 642-4774,St. Louis,MO,Midwest,2003,Female,2023-03-31,Small Business,Silver,Frequent,Yes
3723,Anthony,Clark,anthony.clark.3723@outlook.com,(926) 823-8113,Richmond,VA,South,1969,Male,2026-03-08,Small Business,Bronze,Occasional,No
3724,Stephanie,Hill,stephanie.hill.3724@protonmail.com,(535) 463-6254,Boston,MA,Northeast,1971,Female,2023-09-09,Consumer,Silver,Occasional,Yes
3725,Paul,Martin,paul.martin.3725@icloud.com,(313) 552-4236,Denver,CO,West,1960,Male,2023-08-30,Consumer,Silver,Regular,Yes
3726,Megan,Nguyen,megan.nguyen.3726@outlook.com,(679) 985-7186,Nashville,TN,South,1954,Female,2024-03-16,Consumer,Silver,Frequent,Yes
3727,Rebecca,Wright,rebecca.wright.3727@icloud.com,(905) 512-6615,Columbus,OH,Midwest,1994,Female,2026-05-01,Consumer,Bronze,Frequent,Yes
3728,Richard,Johnson,richard.johnson.3728@protonmail.com,(500) 567-4297,Columbus,OH,Midwest,1969,Male,2024-04-23,Consumer,Silver,Regular,Yes
3729,Richard,Rodriguez,richard.rodriguez.3729@icloud.com,(727) 365-3170,Portland,OR,West,1958,Male,2024-05-16,Small Business,Bronze,Occasional,Yes
3730,Paul,Clark,paul.clark.3730@outlook.com,(916) 829-9964,Las Vegas,NV,West,1954,Male,2026-07-23,Consumer,Bronze,Regular,Yes
3731,Christina,Robinson,christina.robinson.3731@gmail.com,(301) 518-2460,Detroit,MI,Midwest,1988,Female,2025-01-18,Small Business,Bronze,Regular,Yes
3732,Megan,King,megan.king.3732@outlook.com,(761) 275-2853,Hartford,CT,Northeast,1960,Female,2024-12-25,Small Business,Bronze,Regular,Yes
3733,Megan,Sanchez,megan.sanchez.3733@gmail.com,(577) 649-3246,Charlotte,NC,South,2001,Female,2025-07-07,Consumer,Gold,Regular,Yes
3734,John,Williams,john.williams.3734@gmail.com,(342) 670-8997,Detroit,MI,Midwest,1963,Male,2024-06-26,Consumer,Silver,Occasional,Yes
3735,Steven,Harris,steven.harris.3735@protonmail.com,(377) 591-4238,Houston,TX,South,1957,Male,2026-07-11,Consumer,Silver,Regular,Yes
3736,Ryan,Lewis,ryan.lewis.3736@gmail.com,(669) 547-4746,Dallas,TX,South,1960,Male,2024-09-25,Consumer,Bronze,Occasional,Yes
3737,Justin,Walker,justin.walker.3737@yahoo.com,(337) 806-4616,Portland,OR,West,1972,Male,2024-01-16,Consumer,Gold,Regular,Yes
3738,Christina,Taylor,christina.taylor.3738@protonmail.com,(963) 264-7767,Detroit,MI,Midwest,1998,Female,2024-02-18,Consumer,Bronze,Frequent,Yes
3739,David,Wright,david.wright.3739@icloud.com,(465) 452-5797,Milwaukee,WI,Midwest,1979,Male,2024-12-29,Small Business,Gold,Occasional,Yes
3740,Christina,Allen,christina.allen.3740@icloud.com,(777) 769-9899,Las Vegas,NV,West,1966,Female,2024-09-17,Small Business,Bronze,Frequent,Yes
3741,Christopher,Perez,christopher.perez.3741@gmail.com,(315) 507-7544,Houston,TX,South,1954,Male,2024-07-26,Consumer,Silver,Occasional,Yes
3742,Jacob,Walker,jacob.walker.3742@gmail.com,(938) 554-8211,Miami,FL,South,1992,Male,2026-03-04,Small Business,Bronze,Frequent,Yes
3743,Anthony,Rodriguez,anthony.rodriguez.3743@outlook.com,(948) 208-1532,Phoenix,AZ,West,1960,Male,2024-03-16,Consumer,Silver,Regular,Yes
3744,David,Thompson,david.thompson.3744@icloud.com,(909) 411-8445,Cleveland,OH,Midwest,2000,Male,2024-01-11,Consumer,Gold,Regular,Yes
3745,Megan,Wilson,megan.wilson.3745@outlook.com,(297) 955-2916,Providence,RI,Northeast,1996,Female,2025-09-29,Consumer,Bronze,Occasional,Yes
3746,Emily,Thomas,emily.thomas.3746@outlook.com,(327) 544-2417,Milwaukee,WI,Midwest,1998,Female,2024-08-25,Consumer,Bronze,Regular,Yes
3747,Christopher,Anderson,christopher.anderson.3747@protonmail.com,(420) 556-9413,St. Louis,MO,Midwest,1965,Male,2024-04-18,Consumer,Gold,VIP,Yes
3748,Patricia,Thompson,patricia.thompson.3748@icloud.com,(418) 825-7955,Portland,OR,West,1966,Female,2023-12-23,Consumer,Silver,Regular,Yes
3749,Rebecca,Gonzalez,rebecca.gonzalez.3749@protonmail.com,(630) 876-9741,Phoenix,AZ,West,1984,Female,2026-05-12,Consumer,Bronze,Occasional,Yes
3750,Kevin,Jackson,kevin.jackson.3750@outlook.com,(248) 909-8202,Newark,NJ,Northeast,1970,Male,2024-03-31,Consumer,Bronze,Regular,Yes
3751,Matthew,Williams,matthew.williams.3751@icloud.com,(730) 537-5510,Phoenix,AZ,West,1991,Male,2023-09-21,Consumer,Bronze,Regular,Yes
3752,Olivia,Torres,olivia.torres.3752@protonmail.com,(525) 519-1466,Charlotte,NC,South,1969,Female,2024-10-17,Small Business,Bronze,Frequent,Yes
3753,David,Miller,david.miller.3753@icloud.com,(455) 373-4782,Orlando,FL,South,1990,Male,2023-01-21,Consumer,Silver,Occasional,Yes
3754,Kevin,Lee,kevin.lee.3754@gmail.com,(650) 952-4939,San Francisco,CA,West,1970,Male,2024-12-26,Consumer,Bronze,Occasional,Yes
3755,Donald,Garcia,donald.garcia.3755@outlook.com,(230) 204-8605,Indianapolis,IN,Midwest,1964,Male,2024-07-08,Consumer,Silver,Frequent,Yes
3756,Jacob,Lewis,jacob.lewis.3756@yahoo.com,(302) 713-4440,St. Louis,MO,Midwest,2002,Male,2024-08-24,Small Business,Bronze,Regular,Yes
3757,Rebecca,Lopez,rebecca.lopez.3757@gmail.com,(540) 667-6786,Seattle,WA,West,1990,Female,2024-05-11,Small Business,Gold,Regular,Yes
3758,Anthony,Sanchez,anthony.sanchez.3758@icloud.com,(637) 636-1730,Las Vegas,NV,West,1946,Male,2024-11-20,Enterprise,Bronze,Regular,No
3759,Steven,Thompson,steven.thompson.3759@icloud.com,(581) 554-4427,Providence,RI,Northeast,1971,Male,2023-04-07,Consumer,Bronze,Regular,Yes
3760,Thomas,Young,thomas.young.3760@yahoo.com,(400) 782-8142,Charlotte,NC,South,1988,Male,2024-01-05,Consumer,Bronze,Occasional,Yes
3761,Richard,Lee,richard.lee.3761@outlook.com,(207) 725-8999,Minneapolis,MN,Midwest,1980,Male,2023-05-18,Consumer,Bronze,Regular,Yes
3762,Joshua,Scott,joshua.scott.3762@protonmail.com,(297) 718-4610,Buffalo,NY,Northeast,1954,Male,2026-08-05,Consumer,Bronze,Regular,Yes
3763,George,Wright,george.wright.3763@gmail.com,(676) 954-6931,Nashville,TN,South,1999,Male,2023-07-19,Consumer,Bronze,Regular,Yes
3764,Michael,Allen,michael.allen.3764@icloud.com,(334) 513-2417,Hartford,CT,Northeast,1992,Male,2024-10-16,Consumer,Silver,Occasional,Yes
3765,George,Anderson,george.anderson.3765@gmail.com,(699) 700-4291,New York,NY,Northeast,2000,Male,2025-04-06,Small Business,Platinum,Regular,Yes
3766,Stephanie,Robinson,stephanie.robinson.3766@outlook.com,(552) 550-5047,Seattle,WA,West,1988,Female,2025-09-28,Consumer,Bronze,VIP,No
3767,Nancy,Jones,nancy.jones.3767@gmail.com,(592) 419-2797,Philadelphia,PA,Northeast,1985,Female,2025-05-18,Consumer,Silver,Frequent,Yes
3768,Rebecca,Perez,rebecca.perez.3768@yahoo.com,(224) 392-4304,Dallas,TX,South,1963,Female,2024-02-04,Consumer,Bronze,Occasional,Yes
3769,Emily,Martin,emily.martin.3769@yahoo.com,(638) 916-6165,Phoenix,AZ,West,1965,Female,2025-06-22,Small Business,Gold,Regular,Yes
3770,Elizabeth,Davis,elizabeth.davis.3770@yahoo.com,(533) 722-9901,Richmond,VA,South,1951,Female,2023-12-29,Consumer,Platinum,Frequent,No
3771,Thomas,Williams,thomas.williams.3771@icloud.com,(582) 255-9936,Denver,CO,West,1949,Male,2024-11-28,Consumer,Silver,Occasional,Yes
3772,Nicole,Clark,nicole.clark.3772@icloud.com,(703) 280-4743,Minneapolis,MN,Midwest,1995,Female,2025-10-01,Consumer,Bronze,Occasional,Yes
3773,Megan,Thomas,megan.thomas.3773@icloud.com,(338) 825-8299,Cleveland,OH,Midwest,1972,Female,2023-02-22,Consumer,Silver,Regular,Yes
3774,Margaret,Hernandez,margaret.hernandez.3774@protonmail.com,(438) 419-7158,Los Angeles,CA,West,1948,Female,2026-07-17,Small Business,Silver,Frequent,Yes
3775,Donald,Taylor,donald.taylor.3775@icloud.com,(324) 967-2834,Charlotte,NC,South,1961,Male,2026-02-18,Consumer,Silver,Occasional,Yes
3776,Michael,Smith,michael.smith.3776@outlook.com,(688) 953-2857,Houston,TX,South,1992,Nonbinary,2024-11-17,Consumer,Silver,Frequent,No
3777,Rachel,Rodriguez,rachel.rodriguez.3777@icloud.com,(919) 568-2580,Los Angeles,CA,West,1970,Female,2025-06-14,Consumer,Silver,Regular,Yes
3778,Thomas,Walker,thomas.walker.3778@yahoo.com,(558) 712-9054,Richmond,VA,South,1978,Male,2025-08-14,Consumer,Silver,Regular,Yes
3779,Donald,Nguyen,donald.nguyen.3779@yahoo.com,(626) 268-1887,Charlotte,NC,South,2003,Male,2025-07-27,Consumer,Bronze,VIP,No
3780,Nathan,Lopez,nathan.lopez.3780@icloud.com,(886) 729-7516,Denver,CO,West,2005,Male,2024-02-23,Consumer,Bronze,Occasional,Yes
3781,Kevin,Hill,kevin.hill.3781@yahoo.com,(261) 856-4740,Indianapolis,IN,Midwest,2005,Male,2024-01-19,Consumer,Bronze,Regular,No
3782,Nathan,Rodriguez,nathan.rodriguez.3782@gmail.com,(428) 421-6526,Charlotte,NC,South,1971,Male,2025-06-26,Consumer,Bronze,Regular,Yes
3783,George,White,george.white.3783@gmail.com,(231) 752-5431,Atlanta,GA,South,1971,Male,2026-03-12,Consumer,Platinum,Frequent,Yes
3784,Steven,Torres,steven.torres.3784@protonmail.com,(654) 607-2144,Newark,NJ,Northeast,1978,Male,2024-02-26,Consumer,Silver,VIP,Yes
3785,Donald,Clark,donald.clark.3785@yahoo.com,(613) 968-2118,Nashville,TN,South,1966,Male,2024-02-06,Consumer,Silver,Occasional,No
3786,Justin,Davis,justin.davis.3786@yahoo.com,(771) 856-6942,Dallas,TX,South,1957,Male,2026-07-07,Small Business,Gold,Regular,Yes
3787,William,Brown,william.brown.3787@outlook.com,(486) 306-8391,Providence,RI,Northeast,1994,Male,2023-04-08,Consumer,Bronze,Occasional,Yes
3788,Sarah,Lopez,sarah.lopez.3788@outlook.com,(518) 264-5789,Las Vegas,NV,West,1964,Female,2024-02-23,Small Business,Bronze,Frequent,No
3789,Christina,Allen,christina.allen.3789@icloud.com,(820) 875-5822,St. Louis,MO,Midwest,1993,Female,2023-06-03,Small Business,Bronze,Regular,Yes
3790,Charles,Flores,charles.flores.3790@outlook.com,(282) 925-6581,Boston,MA,Northeast,2002,Male,2025-10-12,Small Business,Bronze,Occasional,Yes
3791,Jason,Perez,jason.perez.3791@gmail.com,(878) 944-5496,Las Vegas,NV,West,1959,Male,2023-06-14,Consumer,Bronze,Occasional,Yes
3792,George,Clark,george.clark.3792@yahoo.com,(695) 252-7948,Milwaukee,WI,Midwest,1975,Male,2023-12-18,Consumer,Bronze,Occasional,Yes
3793,Brandon,Ramirez,brandon.ramirez.3793@icloud.com,(673) 298-8587,Phoenix,AZ,West,1973,Male,2024-03-14,Consumer,Silver,Regular,Yes
3794,Melissa,Torres,melissa.torres.3794@icloud.com,(852) 211-1023,San Diego,CA,West,1945,Female,2025-09-06,Consumer,Silver,Regular,Yes
3795,Brian,Ramirez,brian.ramirez.3795@outlook.com,(200) 916-1174,Portland,OR,West,1999,Male,2025-11-01,Consumer,Bronze,Occasional,Yes
3796,Joshua,Williams,joshua.williams.3796@gmail.com,(874) 981-9855,Houston,TX,South,1964,Male,2026-03-01,Consumer,Gold,Regular,Yes
3797,Jacob,Martin,jacob.martin.3797@outlook.com,(939) 795-3313,St. Louis,MO,Midwest,1989,Male,2024-02-01,Consumer,Silver,Occasional,Yes
3798,Nathan,Sanchez,nathan.sanchez.3798@icloud.com,(744) 576-5701,Atlanta,GA,South,1968,Male,2025-01-21,Consumer,Bronze,VIP,Yes
3799,Brandon,Harris,brandon.harris.3799@protonmail.com,(314) 427-3112,Seattle,WA,West,1963,Male,2025-05-07,Consumer,Bronze,Occasional,Yes
3800,Sandra,White,sandra.white.3800@yahoo.com,(948) 978-1049,New York,NY,Northeast,1993,Female,2024-09-18,Consumer,Bronze,Occasional,Yes
3801,Daniel,White,daniel.white.3801@icloud.com,(632) 381-3383,Las Vegas,NV,West,1954,Male,2026-03-13,Consumer,Bronze,Regular,Yes
3802,Sandra,Ramirez,sandra.ramirez.3802@gmail.com,(250) 347-5179,Philadelphia,PA,Northeast,1975,Female,2023-05-02,Small Business,Gold,VIP,Yes
3803,Edward,King,edward.king.3803@icloud.com,(827) 689-5007,Minneapolis,MN,Midwest,1960,Male,2026-04-18,Consumer,Silver,Regular,Yes
3804,Ryan,Anderson,ryan.anderson.3804@icloud.com,(767) 724-4444,Cleveland,OH,Midwest,1978,Male,2024-02-06,Consumer,Bronze,Regular,Yes
3805,Joshua,Nguyen,joshua.nguyen.3805@icloud.com,(751) 304-7207,San Francisco,CA,West,1958,Male,2025-07-05,Consumer,Bronze,Regular,Yes
3806,Joseph,Perez,joseph.perez.3806@outlook.com,(316) 793-9565,Buffalo,NY,Northeast,1991,Male,2024-04-21,Consumer,Platinum,Regular,Yes
3807,Thomas,Hill,thomas.hill.3807@protonmail.com,(942) 559-1942,Dallas,TX,South,1983,Male,2023-12-28,Small Business,Gold,Frequent,Yes
3808,Megan,Martinez,megan.martinez.3808@icloud.com,(958) 654-9819,Orlando,FL,South,1973,Female,2023-04-26,Consumer,Bronze,Regular,No
3809,Steven,Anderson,steven.anderson.3809@protonmail.com,(648) 471-8048,St. Louis,MO,Midwest,1947,Male,2026-05-31,Consumer,Platinum,Regular,Yes
3810,Brandon,Torres,brandon.torres.3810@outlook.com,(462) 343-7355,Atlanta,GA,South,1947,Male,2024-07-28,Consumer,Silver,Regular,Yes
3811,Joseph,Martinez,joseph.martinez.3811@protonmail.com,(313) 828-9790,Richmond,VA,South,1978,Male,2023-08-11,Consumer,Bronze,Regular,Yes
3812,John,Wilson,john.wilson.3812@icloud.com,(612) 408-6705,Pittsburgh,PA,Northeast,1975,Male,2025-01-16,Consumer,Bronze,Occasional,Yes
3813,Betty,King,betty.king.3813@yahoo.com,(737) 993-1135,Atlanta,GA,South,1998,Female,2024-09-04,Consumer,Bronze,Occasional,Yes
3814,Brian,Allen,brian.allen.3814@yahoo.com,(266) 473-1470,Nashville,TN,South,1989,Male,2024-10-03,Small Business,Platinum,Occasional,Yes
3815,Paul,Anderson,paul.anderson.3815@outlook.com,(590) 500-7418,Richmond,VA,South,2005,Male,2024-08-10,Consumer,Bronze,Frequent,Yes
3816,Emily,Torres,emily.torres.3816@icloud.com,(947) 891-2385,St. Louis,MO,Midwest,1989,Female,2023-10-17,Consumer,Bronze,Regular,Yes
3817,Jessica,Thomas,jessica.thomas.3817@gmail.com,(687) 629-8706,Los Angeles,CA,West,1994,Female,2025-07-31,Consumer,Bronze,Regular,Yes
3818,Edward,Torres,edward.torres.3818@icloud.com,(864) 808-1160,Atlanta,GA,South,1960,Male,2025-01-03,Small Business,Bronze,Frequent,Yes
3819,Sophia,Jones,sophia.jones.3819@protonmail.com,(900) 282-6701,Boston,MA,Northeast,1946,Female,2023-04-22,Consumer,Gold,Regular,Yes
3820,Matthew,Torres,matthew.torres.3820@icloud.com,(546) 387-4475,Nashville,TN,South,1965,Male,2024-06-08,Small Business,Gold,Regular,Yes
3821,Megan,Wright,megan.wright.3821@protonmail.com,(582) 871-2399,Portland,OR,West,1996,Female,2026-06-27,Consumer,Bronze,Frequent,Yes
3822,Stephanie,Gonzalez,stephanie.gonzalez.3822@gmail.com,(693) 213-6721,Atlanta,GA,South,1982,Female,2025-06-07,Consumer,Bronze,Occasional,Yes
3823,Mark,Hill,mark.hill.3823@gmail.com,(343) 731-8941,Charlotte,NC,South,1971,Male,2024-03-03,Consumer,Bronze,Frequent,Yes
3824,Joshua,Davis,joshua.davis.3824@protonmail.com,(348) 270-5512,Buffalo,NY,Northeast,1995,Male,2026-03-29,Enterprise,Silver,Regular,Yes
3825,Brandon,King,brandon.king.3825@outlook.com,(765) 493-1924,Minneapolis,MN,Midwest,1945,Male,2024-04-25,Consumer,Bronze,Frequent,Yes
3826,Nancy,Brown,nancy.brown.3826@icloud.com,(254) 468-9950,Atlanta,GA,South,1981,Female,2023-08-07,Consumer,Bronze,Occasional,Yes
3827,Susan,Clark,susan.clark.3827@protonmail.com,(638) 561-6043,Charlotte,NC,South,1983,Prefer not to say,2023-02-01,Consumer,Bronze,Frequent,Yes
3828,William,Young,william.young.3828@icloud.com,(237) 544-7539,Chicago,IL,Midwest,1974,Male,2025-11-11,Consumer,Bronze,Occasional,Yes
3829,Emma,Brown,emma.brown.3829@gmail.com,(569) 210-2595,Phoenix,AZ,West,1962,Female,2024-09-24,Enterprise,Bronze,Regular,Yes
3830,Jason,Anderson,jason.anderson.3830@yahoo.com,(229) 557-1341,Los Angeles,CA,West,1972,Male,2025-02-09,Consumer,Silver,Frequent,Yes
3831,Charles,White,charles.white.3831@icloud.com,(786) 916-5073,Minneapolis,MN,Midwest,1958,Male,2026-03-22,Consumer,Bronze,Frequent,Yes
3832,Christopher,Young,christopher.young.3832@yahoo.com,(356) 284-7350,Richmond,VA,South,1947,Male,2026-04-30,Consumer,Bronze,Regular,Yes
3833,Linda,Johnson,linda.johnson.3833@yahoo.com,(391) 457-4733,Hartford,CT,Northeast,2003,Female,2023-05-26,Small Business,Bronze,Frequent,Yes
3834,Olivia,Nguyen,olivia.nguyen.3834@outlook.com,(847) 765-2786,Hartford,CT,Northeast,1960,Female,2023-10-01,Consumer,Silver,Regular,Yes
3835,Ryan,Thomas,ryan.thomas.3835@gmail.com,(412) 516-7322,Buffalo,NY,Northeast,1960,Male,2023-11-29,Consumer,Bronze,Regular,Yes
3836,Sophia,Lopez,sophia.lopez.3836@protonmail.com,(602) 623-9707,Houston,TX,South,1965,Female,2025-05-03,Consumer,Silver,Regular,Yes
3837,Daniel,Scott,daniel.scott.3837@outlook.com,(757) 318-6367,Boston,MA,Northeast,1987,Male,2026-03-25,Consumer,Gold,Occasional,Yes
3838,Sophia,Brown,sophia.brown.3838@protonmail.com,(850) 250-8878,Denver,CO,West,1974,Female,2024-11-13,Consumer,Silver,Regular,Yes
3839,Edward,Moore,edward.moore.3839@yahoo.com,(885) 975-2870,Detroit,MI,Midwest,2000,Male,2025-11-30,Small Business,Gold,Frequent,No
3840,Margaret,Garcia,margaret.garcia.3840@icloud.com,(572) 624-3318,Denver,CO,West,1945,Female,2023-03-14,Consumer,Bronze,Frequent,No
3841,Amanda,Scott,amanda.scott.3841@icloud.com,(708) 635-8103,Miami,FL,South,1988,Female,2026-07-22,Consumer,Bronze,Regular,Yes
3842,Matthew,Flores,matthew.flores.3842@protonmail.com,(304) 638-3965,Columbus,OH,Midwest,1959,Male,2023-09-29,Consumer,Bronze,Frequent,Yes
3843,Sarah,Allen,sarah.allen.3843@protonmail.com,(729) 439-7617,San Diego,CA,West,1969,Female,2024-10-01,Consumer,Bronze,Frequent,Yes
3844,Patricia,White,patricia.white.3844@outlook.com,(553) 641-2862,Cleveland,OH,Midwest,1957,Female,2026-07-14,Consumer,Bronze,Occasional,Yes
3845,Brandon,Smith,brandon.smith.3845@outlook.com,(656) 374-3878,Pittsburgh,PA,Northeast,1998,Male,2025-07-23,Consumer,Bronze,Regular,Yes
3846,Ryan,Davis,ryan.davis.3846@outlook.com,(554) 734-9950,Orlando,FL,South,1980,Male,2025-04-14,Consumer,Silver,Occasional,Yes
3847,Nathan,Moore,nathan.moore.3847@icloud.com,(511) 215-9646,Detroit,MI,Midwest,1989,Male,2024-10-05,Consumer,Silver,Regular,Yes
3848,Mary,Lewis,mary.lewis.3848@icloud.com,(549) 649-8947,Richmond,VA,South,1992,Female,2023-08-02,Consumer,Silver,Regular,Yes
3849,Robert,Harris,robert.harris.3849@gmail.com,(811) 523-5271,Buffalo,NY,Northeast,1952,Male,2024-11-04,Small Business,Bronze,Occasional,Yes
3850,Sophia,Rodriguez,sophia.rodriguez.3850@yahoo.com,(206) 268-7978,Miami,FL,South,1960,Female,2025-06-03,Small Business,Bronze,Occasional,Yes
3851,Sandra,Brown,sandra.brown.3851@outlook.com,(704) 905-6726,Phoenix,AZ,West,1964,Female,2024-09-15,Consumer,Gold,Occasional,Yes
3852,Olivia,White,olivia.white.3852@yahoo.com,(278) 559-8766,Charlotte,NC,South,1969,Female,2023-08-12,Consumer,Gold,Regular,Yes
3853,Sophia,King,sophia.king.3853@protonmail.com,(205) 698-2823,Charlotte,NC,South,1977,Female,2025-10-03,Consumer,Bronze,Occasional,Yes
3854,Linda,Martin,linda.martin.3854@yahoo.com,(534) 744-4103,San Diego,CA,West,1982,Female,2024-07-26,Consumer,Bronze,Frequent,Yes
3855,Anthony,Scott,anthony.scott.3855@gmail.com,(747) 463-4952,Newark,NJ,Northeast,1999,Male,2023-06-09,Consumer,Bronze,Frequent,No
3856,John,Harris,john.harris.3856@gmail.com,(808) 818-1515,Portland,OR,West,1957,Male,2023-12-14,Consumer,Gold,Regular,Yes
3857,Karen,Harris,karen.harris.3857@yahoo.com,(566) 930-3037,Miami,FL,South,1969,Female,2023-01-15,Consumer,Bronze,Regular,Yes
3858,Joshua,Garcia,joshua.garcia.3858@icloud.com,(444) 931-3272,Las Vegas,NV,West,1976,Male,2023-12-30,Consumer,Bronze,Regular,Yes
3859,Barbara,Wilson,barbara.wilson.3859@outlook.com,(349) 864-7321,Seattle,WA,West,1948,Female,2024-10-25,Small Business,Silver,Occasional,No
3860,Patricia,Taylor,patricia.taylor.3860@yahoo.com,(466) 803-4375,Miami,FL,South,1971,Female,2023-12-03,Consumer,Silver,Frequent,Yes
3861,Jason,Thompson,jason.thompson.3861@yahoo.com,(829) 801-8116,Las Vegas,NV,West,1951,Male,2025-01-26,Small Business,Silver,Occasional,Yes
3862,Lauren,Harris,lauren.harris.3862@gmail.com,(917) 521-2469,Los Angeles,CA,West,1955,Female,2025-07-27,Consumer,Silver,Regular,Yes
3863,Michael,Harris,michael.harris.3863@yahoo.com,(934) 250-3562,Charlotte,NC,South,1972,Male,2024-02-14,Consumer,Gold,Regular,Yes
3864,Brandon,Lopez,brandon.lopez.3864@outlook.com,(733) 465-4336,Atlanta,GA,South,1987,Male,2026-03-23,Consumer,Bronze,Occasional,Yes
3865,Abigail,Flores,abigail.flores.3865@yahoo.com,(265) 856-8906,Miami,FL,South,1981,Female,2026-02-25,Small Business,Bronze,Occasional,Yes
3866,Barbara,Hill,barbara.hill.3866@protonmail.com,(889) 832-6457,Richmond,VA,South,1951,Female,2024-10-06,Consumer,Bronze,Occasional,No
3867,Susan,Ramirez,susan.ramirez.3867@gmail.com,(371) 330-2169,Orlando,FL,South,1950,Female,2024-03-06,Consumer,Bronze,Regular,Yes
3868,Nathan,King,nathan.king.3868@yahoo.com,(954) 723-4514,Dallas,TX,South,1956,Male,2024-06-20,Consumer,Silver,Occasional,Yes
3869,Rachel,Perez,rachel.perez.3869@protonmail.com,(405) 775-3083,St. Louis,MO,Midwest,1959,Female,2026-07-11,Consumer,Bronze,Regular,Yes
3870,Karen,Wilson,karen.wilson.3870@yahoo.com,(264) 701-4206,Buffalo,NY,Northeast,1956,Female,2024-11-26,Small Business,Silver,VIP,Yes
3871,Betty,Clark,betty.clark.3871@protonmail.com,(929) 952-3484,Los Angeles,CA,West,1991,Female,2025-12-26,Enterprise,Bronze,Regular,No
3872,Linda,Thompson,linda.thompson.3872@gmail.com,(239) 418-1331,Miami,FL,South,1947,Female,2026-01-22,Consumer,Bronze,Regular,Yes
3873,Edward,Rodriguez,edward.rodriguez.3873@protonmail.com,(724) 429-3234,Miami,FL,South,2000,Male,2023-07-17,Enterprise,Bronze,Frequent,Yes
3874,Nathan,Taylor,nathan.taylor.3874@outlook.com,(316) 502-5326,Philadelphia,PA,Northeast,1985,Male,2024-04-17,Small Business,Bronze,Occasional,Yes
3875,Michael,Perez,michael.perez.3875@icloud.com,(705) 763-9192,Indianapolis,IN,Midwest,1976,Male,2025-03-15,Consumer,Silver,Regular,Yes
3876,John,Davis,john.davis.3876@outlook.com,(923) 902-7442,Detroit,MI,Midwest,1956,Male,2024-09-03,Consumer,Bronze,Occasional,Yes
3877,Sarah,Clark,sarah.clark.3877@gmail.com,(549) 655-2357,Chicago,IL,Midwest,1990,Female,2026-02-26,Consumer,Silver,Occasional,Yes
3878,Susan,Scott,susan.scott.3878@outlook.com,(845) 590-1108,Pittsburgh,PA,Northeast,1991,Female,2026-02-19,Consumer,Bronze,Regular,Yes
3879,Daniel,Ramirez,daniel.ramirez.3879@protonmail.com,(280) 814-7112,Dallas,TX,South,1979,Male,2026-06-15,Consumer,Silver,Regular,Yes
3880,Mark,Young,mark.young.3880@gmail.com,(783) 861-3020,Phoenix,AZ,West,1987,Male,2024-03-21,Consumer,Silver,Regular,No
3881,Christopher,Scott,christopher.scott.3881@gmail.com,(236) 345-5736,Las Vegas,NV,West,1987,Male,2024-04-25,Consumer,Bronze,Occasional,Yes
3882,Emily,Lee,emily.lee.3882@outlook.com,(369) 684-1561,Orlando,FL,South,1958,Female,2025-07-16,Small Business,Gold,Occasional,Yes
3883,Brian,Hill,brian.hill.3883@yahoo.com,(417) 271-2456,Orlando,FL,South,1968,Male,2025-12-27,Consumer,Silver,Frequent,Yes
3884,Robert,Sanchez,robert.sanchez.3884@icloud.com,(951) 572-5754,Charlotte,NC,South,1958,Male,2025-08-03,Consumer,Silver,Frequent,Yes
3885,Lisa,Thompson,lisa.thompson.3885@icloud.com,(538) 787-7788,Charlotte,NC,South,1987,Female,2023-04-23,Consumer,Gold,Frequent,Yes
3886,Kevin,Nguyen,kevin.nguyen.3886@outlook.com,(461) 364-4085,Phoenix,AZ,West,2000,Male,2024-11-10,Consumer,Silver,Regular,Yes
3887,Jason,Perez,jason.perez.3887@outlook.com,(858) 979-1080,New York,NY,Northeast,1972,Male,2026-01-27,Consumer,Silver,Occasional,Yes
3888,Michael,Scott,michael.scott.3888@gmail.com,(509) 963-2701,Pittsburgh,PA,Northeast,1982,Male,2026-06-21,Consumer,Bronze,Occasional,Yes
3889,Patricia,Scott,patricia.scott.3889@outlook.com,(815) 904-7578,Charlotte,NC,South,1985,Female,2025-09-08,Consumer,Silver,Occasional,Yes
3890,Thomas,Jones,thomas.jones.3890@outlook.com,(916) 788-3921,San Francisco,CA,West,1965,Male,2023-10-05,Small Business,Bronze,Regular,Yes
3891,Abigail,Sanchez,abigail.sanchez.3891@yahoo.com,(341) 576-4887,Pittsburgh,PA,Northeast,1974,Female,2023-06-21,Consumer,Bronze,Occasional,No
3892,Jacob,Sanchez,jacob.sanchez.3892@gmail.com,(782) 300-9979,Miami,FL,South,1977,Male,2025-06-04,Small Business,Bronze,Frequent,Yes
3893,Elizabeth,Martin,elizabeth.martin.3893@gmail.com,(819) 699-1026,Phoenix,AZ,West,1994,Female,2023-11-23,Consumer,Gold,Frequent,Yes
3894,Jacob,Robinson,jacob.robinson.3894@yahoo.com,(837) 279-2225,Chicago,IL,Midwest,2000,Male,2025-01-03,Consumer,Silver,Frequent,Yes
3895,Joseph,Davis,joseph.davis.3895@icloud.com,(201) 744-7377,Nashville,TN,South,1960,Male,2024-02-22,Consumer,Bronze,Regular,Yes
3896,Joseph,Robinson,joseph.robinson.3896@icloud.com,(341) 236-2881,Denver,CO,West,1957,Male,2025-01-23,Consumer,Bronze,Regular,Yes
3897,Mary,Smith,mary.smith.3897@yahoo.com,(268) 395-4864,Nashville,TN,South,1962,Female,2025-05-01,Consumer,Bronze,Regular,Yes
3898,Jennifer,Hill,jennifer.hill.3898@icloud.com,(402) 288-7028,Dallas,TX,South,1955,Female,2024-09-08,Consumer,Platinum,Occasional,Yes
3899,Melissa,Flores,melissa.flores.3899@outlook.com,(277) 564-7241,Buffalo,NY,Northeast,1989,Female,2024-09-29,Consumer,Silver,Regular,Yes
3900,Olivia,Harris,olivia.harris.3900@yahoo.com,(532) 372-4010,Charlotte,NC,South,1966,Female,2024-02-05,Consumer,Bronze,Occasional,Yes
3901,Richard,Rodriguez,richard.rodriguez.3901@protonmail.com,(657) 980-4468,Seattle,WA,West,1991,Male,2024-10-19,Small Business,Bronze,Occasional,Yes
3902,Mark,Thompson,mark.thompson.3902@gmail.com,(885) 822-9129,Las Vegas,NV,West,1959,Male,2026-08-06,Consumer,Bronze,Occasional,Yes
3903,Christopher,Smith,christopher.smith.3903@gmail.com,(359) 515-5280,Portland,OR,West,1949,Male,2026-08-05,Consumer,Bronze,Occasional,No
3904,James,Lewis,james.lewis.3904@outlook.com,(866) 475-2884,Los Angeles,CA,West,1985,Male,2025-10-15,Consumer,Bronze,Occasional,Yes
3905,Steven,Thompson,steven.thompson.3905@outlook.com,(947) 275-4071,Hartford,CT,Northeast,1955,Male,2024-09-01,Consumer,Gold,Regular,No
3906,Sarah,Lee,sarah.lee.3906@icloud.com,(874) 513-7387,Seattle,WA,West,1984,Female,2025-09-12,Consumer,Bronze,VIP,Yes
3907,William,Harris,william.harris.3907@outlook.com,(335) 699-3209,Minneapolis,MN,Midwest,1989,Male,2023-07-02,Consumer,Bronze,Occasional,Yes
3908,James,Hernandez,james.hernandez.3908@yahoo.com,(817) 489-2540,Minneapolis,MN,Midwest,1981,Male,2026-05-19,Consumer,Bronze,Regular,Yes
3909,Karen,Robinson,karen.robinson.3909@yahoo.com,(907) 353-7526,Charlotte,NC,South,1979,Female,2024-03-03,Enterprise,Silver,Occasional,Yes
3910,Sophia,Lopez,sophia.lopez.3910@gmail.com,(779) 589-7267,Las Vegas,NV,West,1964,Female,2023-05-27,Consumer,Silver,Frequent,Yes
3911,George,Hernandez,george.hernandez.3911@protonmail.com,(716) 543-1709,Cleveland,OH,Midwest,1978,Male,2025-07-14,Consumer,Bronze,Regular,Yes
3912,Patricia,Anderson,patricia.anderson.3912@outlook.com,(680) 417-1401,Richmond,VA,South,1950,Female,2023-05-26,Small Business,Silver,Occasional,Yes
3913,Brandon,Anderson,brandon.anderson.3913@protonmail.com,(841) 357-1576,Denver,CO,West,1989,Male,2023-07-19,Consumer,Silver,Regular,Yes
3914,Patricia,Wilson,patricia.wilson.3914@gmail.com,(915) 322-4950,Nashville,TN,South,1988,Female,2026-06-18,Consumer,Bronze,Regular,Yes
3915,Jessica,Young,jessica.young.3915@protonmail.com,(679) 599-8169,Las Vegas,NV,West,1983,Prefer not to say,2025-07-26,Small Business,Bronze,Occasional,No
3916,Joseph,Sanchez,joseph.sanchez.3916@icloud.com,(536) 306-5990,Pittsburgh,PA,Northeast,1996,Male,2025-02-23,Consumer,Bronze,Frequent,Yes
3917,Ashley,Harris,ashley.harris.3917@protonmail.com,(266) 516-5894,Houston,TX,South,1997,Female,2023-11-14,Consumer,Gold,Occasional,Yes
3918,Michael,Nguyen,michael.nguyen.3918@outlook.com,(210) 977-1077,Richmond,VA,South,1977,Male,2026-04-23,Consumer,Bronze,Occasional,Yes
3919,Lauren,Wilson,lauren.wilson.3919@gmail.com,(917) 848-8176,Indianapolis,IN,Midwest,1952,Female,2026-01-30,Small Business,Bronze,Frequent,Yes
3920,Susan,Johnson,susan.johnson.3920@gmail.com,(489) 489-4916,Chicago,IL,Midwest,1981,Female,2024-07-26,Enterprise,Silver,VIP,Yes
3921,Linda,Nguyen,linda.nguyen.3921@icloud.com,(288) 890-7189,Boston,MA,Northeast,1993,Female,2024-06-24,Consumer,Bronze,Frequent,Yes
3922,Jacob,Lopez,jacob.lopez.3922@icloud.com,(438) 335-4940,Atlanta,GA,South,2000,Nonbinary,2024-11-07,Consumer,Bronze,Occasional,Yes
3923,Mary,Lee,mary.lee.3923@icloud.com,(946) 542-5386,Houston,TX,South,2004,Female,2025-04-21,Consumer,Bronze,Occasional,Yes
3924,Nancy,Wright,nancy.wright.3924@gmail.com,(621) 489-5555,Miami,FL,South,1976,Female,2024-10-06,Consumer,Bronze,Regular,Yes
3925,Ashley,Moore,ashley.moore.3925@gmail.com,(994) 260-3912,San Diego,CA,West,1948,Female,2026-06-23,Small Business,Bronze,Frequent,Yes
3926,Daniel,King,daniel.king.3926@gmail.com,(254) 296-5673,Denver,CO,West,1968,Male,2026-02-02,Consumer,Silver,Regular,Yes
3927,Rebecca,White,rebecca.white.3927@protonmail.com,(215) 299-5434,Miami,FL,South,1977,Female,2025-03-24,Consumer,Bronze,Occasional,No
3928,Justin,Rodriguez,justin.rodriguez.3928@icloud.com,(250) 346-8421,Milwaukee,WI,Midwest,1976,Male,2025-03-28,Consumer,Silver,Frequent,Yes
3929,William,Robinson,william.robinson.3929@protonmail.com,(403) 744-4760,Houston,TX,South,1950,Male,2025-07-30,Small Business,Bronze,Regular,Yes
3930,Donald,Williams,donald.williams.3930@gmail.com,(842) 768-1501,Charlotte,NC,South,1975,Male,2024-06-07,Consumer,Silver,Occasional,Yes
3931,Michael,Wilson,michael.wilson.3931@gmail.com,(957) 508-4834,New York,NY,Northeast,1964,Male,2023-12-20,Consumer,Silver,Regular,Yes
3932,Christopher,Harris,christopher.harris.3932@gmail.com,(978) 221-2498,Indianapolis,IN,Midwest,1959,Male,2025-04-25,Consumer,Bronze,Occasional,Yes
3933,Megan,Hill,megan.hill.3933@gmail.com,(402) 844-1717,Houston,TX,South,1984,Female,2023-08-01,Consumer,Bronze,Regular,Yes
3934,Betty,Harris,betty.harris.3934@protonmail.com,(951) 474-7779,Boston,MA,Northeast,1988,Female,2025-03-05,Consumer,Gold,Regular,Yes
3935,Steven,Rodriguez,steven.rodriguez.3935@protonmail.com,(272) 724-2730,Los Angeles,CA,West,1978,Male,2023-09-17,Small Business,Bronze,Occasional,Yes
3936,George,Rodriguez,george.rodriguez.3936@yahoo.com,(710) 974-8556,Houston,TX,South,1968,Male,2024-10-30,Consumer,Bronze,Regular,Yes
3937,Jason,Torres,jason.torres.3937@gmail.com,(617) 207-5464,Dallas,TX,South,1990,Male,2023-02-22,Consumer,Bronze,VIP,Yes
3938,Michael,Walker,michael.walker.3938@gmail.com,(915) 599-7938,Columbus,OH,Midwest,1946,Male,2026-07-02,Small Business,Bronze,Occasional,No
3939,Anthony,Thomas,anthony.thomas.3939@outlook.com,(554) 725-5099,San Francisco,CA,West,1995,Male,2025-01-13,Consumer,Bronze,Regular,Yes
3940,Charles,Brown,charles.brown.3940@outlook.com,(626) 525-7361,Portland,OR,West,1989,Male,2025-01-19,Consumer,Silver,Regular,No
3941,Abigail,Moore,abigail.moore.3941@gmail.com,(285) 321-3299,Hartford,CT,Northeast,1951,Female,2025-07-26,Consumer,Bronze,Occasional,Yes
3942,Michael,King,michael.king.3942@protonmail.com,(632) 702-4043,Chicago,IL,Midwest,1957,Male,2026-03-06,Consumer,Silver,Frequent,Yes
3943,William,White,william.white.3943@outlook.com,(392) 555-9409,Milwaukee,WI,Midwest,1967,Male,2023-06-10,Consumer,Bronze,Occasional,Yes
3944,Jacob,King,jacob.king.3944@outlook.com,(969) 210-5143,Orlando,FL,South,1978,Male,2026-07-25,Consumer,Silver,Regular,Yes
3945,William,Nguyen,william.nguyen.3945@gmail.com,(929) 446-4588,St. Louis,MO,Midwest,1989,Male,2023-09-11,Consumer,Bronze,Regular,No
3946,Jacob,Wilson,jacob.wilson.3946@icloud.com,(552) 767-6067,Boston,MA,Northeast,2004,Male,2025-09-30,Consumer,Bronze,Frequent,Yes
3947,Steven,Torres,steven.torres.3947@gmail.com,(351) 560-8374,Chicago,IL,Midwest,1972,Male,2024-11-25,Consumer,Bronze,Occasional,Yes
3948,Megan,Hill,megan.hill.3948@gmail.com,(477) 600-4160,Providence,RI,Northeast,1992,Female,2025-08-02,Consumer,Bronze,Regular,Yes
3949,Jason,Hill,jason.hill.3949@protonmail.com,(972) 753-4075,San Diego,CA,West,1971,Male,2025-12-04,Consumer,Bronze,Frequent,Yes
3950,Abigail,Clark,abigail.clark.3950@icloud.com,(525) 389-7734,Buffalo,NY,Northeast,2001,Female,2025-08-30,Consumer,Bronze,Occasional,Yes
3951,Edward,Martin,edward.martin.3951@protonmail.com,(847) 828-8571,San Francisco,CA,West,1999,Male,2025-01-02,Consumer,Silver,Occasional,No
3952,John,Taylor,john.taylor.3952@gmail.com,(570) 239-9736,Philadelphia,PA,Northeast,1993,Male,2025-06-29,Consumer,Silver,Frequent,Yes
3953,Abigail,Perez,abigail.perez.3953@protonmail.com,(745) 875-7315,Hartford,CT,Northeast,1950,Female,2025-12-30,Consumer,Bronze,Regular,Yes
3954,Edward,White,edward.white.3954@gmail.com,(648) 485-2322,San Diego,CA,West,1957,Male,2026-03-27,Consumer,Bronze,Regular,Yes
3955,Linda,Thomas,linda.thomas.3955@gmail.com,(518) 217-5799,Houston,TX,South,1979,Female,2023-12-24,Consumer,Platinum,Regular,Yes
3956,Amanda,Ramirez,amanda.ramirez.3956@outlook.com,(693) 432-4810,Cleveland,OH,Midwest,1958,Female,2024-01-14,Small Business,Silver,Regular,Yes
3957,James,Thomas,james.thomas.3957@outlook.com,(264) 965-1688,Houston,TX,South,1996,Male,2024-08-03,Consumer,Silver,Frequent,Yes
3958,Christopher,Hill,christopher.hill.3958@icloud.com,(779) 203-2244,Orlando,FL,South,1948,Male,2024-01-21,Consumer,Bronze,Frequent,Yes
3959,George,Allen,george.allen.3959@yahoo.com,(320) 294-1649,Portland,OR,West,1946,Male,2025-08-11,Consumer,Bronze,Regular,Yes
3960,Anthony,Hernandez,anthony.hernandez.3960@protonmail.com,(226) 554-8432,Orlando,FL,South,1983,Male,2026-07-05,Consumer,Bronze,Occasional,Yes
3961,Edward,Perez,edward.perez.3961@icloud.com,(986) 591-4903,Atlanta,GA,South,1962,Male,2024-09-01,Small Business,Silver,Occasional,Yes
3962,Paul,Lewis,paul.lewis.3962@icloud.com,(526) 753-3930,Las Vegas,NV,West,1946,Male,2024-01-19,Consumer,Bronze,Occasional,Yes
3963,Brian,Johnson,brian.johnson.3963@gmail.com,(881) 667-4026,Richmond,VA,South,1990,Male,2025-09-06,Consumer,Silver,Regular,Yes
3964,David,Moore,david.moore.3964@yahoo.com,(630) 703-8796,Dallas,TX,South,2002,Male,2025-08-11,Small Business,Bronze,Frequent,Yes
3965,Betty,Harris,betty.harris.3965@yahoo.com,(359) 628-9327,Denver,CO,West,1993,Female,2023-08-28,Consumer,Bronze,Occasional,No
3966,Brandon,Young,brandon.young.3966@yahoo.com,(892) 967-8192,Richmond,VA,South,1995,Male,2025-06-14,Small Business,Gold,Occasional,Yes
3967,Karen,White,karen.white.3967@outlook.com,(868) 831-6950,Philadelphia,PA,Northeast,1961,Female,2024-05-10,Consumer,Bronze,Regular,Yes
3968,Barbara,King,barbara.king.3968@outlook.com,(465) 842-2113,Dallas,TX,South,1975,Female,2025-08-14,Consumer,Bronze,Regular,Yes
3969,Andrew,Young,andrew.young.3969@gmail.com,(218) 397-2102,Richmond,VA,South,1973,Male,2026-04-11,Enterprise,Silver,Regular,Yes
3970,Rebecca,Lopez,rebecca.lopez.3970@icloud.com,(648) 883-5632,Orlando,FL,South,1977,Female,2026-01-09,Enterprise,Gold,Frequent,Yes
3971,Mary,Perez,mary.perez.3971@icloud.com,(379) 347-2141,Chicago,IL,Midwest,1979,Female,2025-08-21,Consumer,Silver,VIP,Yes
3972,Margaret,Perez,margaret.perez.3972@gmail.com,(500) 273-4824,Hartford,CT,Northeast,1959,Female,2024-12-09,Small Business,Silver,Occasional,Yes
3973,Stephanie,Allen,stephanie.allen.3973@yahoo.com,(310) 854-5152,St. Louis,MO,Midwest,1987,Female,2025-05-30,Consumer,Bronze,Regular,Yes
3974,Patricia,Miller,patricia.miller.3974@yahoo.com,(578) 908-3702,Miami,FL,South,1947,Female,2025-08-06,Consumer,Silver,Occasional,Yes
3975,Megan,Rodriguez,megan.rodriguez.3975@protonmail.com,(569) 935-8967,Orlando,FL,South,1989,Female,2023-11-12,Enterprise,Bronze,Regular,Yes
3976,Nathan,Gonzalez,nathan.gonzalez.3976@outlook.com,(674) 933-3037,San Diego,CA,West,2005,Male,2023-01-12,Consumer,Bronze,Frequent,Yes
3977,Joshua,Brown,joshua.brown.3977@protonmail.com,(460) 653-6161,New York,NY,Northeast,1947,Male,2023-04-16,Small Business,Silver,Regular,Yes
3978,Sandra,Young,sandra.young.3978@gmail.com,(762) 849-4949,Dallas,TX,South,1949,Female,2026-05-26,Consumer,Bronze,Occasional,Yes
3979,Paul,Taylor,paul.taylor.3979@protonmail.com,(728) 971-9146,Cleveland,OH,Midwest,1978,Male,2023-01-21,Consumer,Bronze,Occasional,Yes
3980,Ryan,Robinson,ryan.robinson.3980@outlook.com,(677) 254-3353,Portland,OR,West,1951,Male,2025-08-29,Small Business,Bronze,Frequent,Yes
3981,Emma,Flores,emma.flores.3981@icloud.com,(228) 787-5864,Miami,FL,South,1983,Female,2023-03-01,Consumer,Platinum,Occasional,Yes
3982,Patricia,Clark,patricia.clark.3982@protonmail.com,(804) 766-9187,Hartford,CT,Northeast,1977,Female,2024-11-10,Consumer,Silver,Frequent,Yes
3983,Rebecca,Martin,rebecca.martin.3983@gmail.com,(793) 376-8512,Dallas,TX,South,1995,Female,2024-07-27,Consumer,Silver,Occasional,Yes
3984,Melissa,Williams,melissa.williams.3984@gmail.com,(549) 871-2578,Detroit,MI,Midwest,1956,Female,2023-03-19,Consumer,Bronze,VIP,No
3985,Joshua,Thompson,joshua.thompson.3985@icloud.com,(885) 539-3706,Hartford,CT,Northeast,1998,Male,2024-08-18,Consumer,Bronze,Occasional,No
3986,Mary,Wright,mary.wright.3986@outlook.com,(380) 362-8060,Las Vegas,NV,West,1948,Female,2026-06-12,Consumer,Bronze,Frequent,Yes
3987,Rebecca,Robinson,rebecca.robinson.3987@icloud.com,(478) 851-4591,Houston,TX,South,2001,Female,2024-06-09,Consumer,Bronze,Regular,Yes
3988,Christina,Wilson,christina.wilson.3988@icloud.com,(932) 645-8882,Buffalo,NY,Northeast,1996,Female,2024-12-25,Consumer,Silver,Occasional,Yes
3989,Kevin,Perez,kevin.perez.3989@protonmail.com,(629) 758-3433,Charlotte,NC,South,1993,Male,2024-07-22,Consumer,Gold,Occasional,Yes
3990,Abigail,Rodriguez,abigail.rodriguez.3990@protonmail.com,(732) 400-3759,Detroit,MI,Midwest,2005,Female,2025-01-18,Consumer,Gold,Regular,Yes
3991,Amanda,Davis,amanda.davis.3991@icloud.com,(259) 668-9162,Nashville,TN,South,1946,Female,2025-08-15,Small Business,Silver,Regular,Yes
3992,Paul,Lopez,paul.lopez.3992@icloud.com,(533) 869-8177,Portland,OR,West,1964,Male,2024-12-04,Consumer,Silver,Regular,Yes
3993,Linda,White,linda.white.3993@outlook.com,(505) 361-7343,Phoenix,AZ,West,1952,Female,2024-03-07,Small Business,Silver,Regular,Yes
3994,Megan,Ramirez,megan.ramirez.3994@gmail.com,(212) 786-1238,Portland,OR,West,1977,Female,2025-01-30,Enterprise,Bronze,Occasional,Yes
3995,Rachel,Thompson,rachel.thompson.3995@yahoo.com,(235) 391-9042,Richmond,VA,South,1989,Female,2024-01-19,Consumer,Bronze,Frequent,Yes
3996,Anthony,Martin,anthony.martin.3996@protonmail.com,(760) 231-9005,Atlanta,GA,South,1997,Male,2025-06-17,Consumer,Bronze,Occasional,Yes
3997,Abigail,Martin,abigail.martin.3997@gmail.com,(945) 951-2916,St. Louis,MO,Midwest,1982,Nonbinary,2024-10-02,Consumer,Silver,Regular,Yes
3998,Lauren,Moore,lauren.moore.3998@outlook.com,(274) 279-2978,Dallas,TX,South,1966,Female,2026-04-05,Consumer,Bronze,Frequent,Yes
3999,Mary,Smith,mary.smith.3999@yahoo.com,(441) 334-3733,Chicago,IL,Midwest,1953,Nonbinary,2024-01-02,Consumer,Gold,VIP,Yes
4000,Brian,Thompson,brian.thompson.4000@icloud.com,(319) 215-2509,Atlanta,GA,South,1972,Male,2024-08-19,Consumer,Bronze,Regular,Yes
4001,William,Taylor,william.taylor.4001@icloud.com,(396) 781-1720,Denver,CO,West,1994,Male,2023-07-24,Small Business,Silver,Occasional,Yes
4002,Patricia,Sanchez,patricia.sanchez.4002@outlook.com,(324) 634-1325,Miami,FL,South,1956,Female,2023-03-21,Consumer,Bronze,Regular,Yes
4003,Michael,Martinez,michael.martinez.4003@gmail.com,(907) 911-6725,Milwaukee,WI,Midwest,1953,Nonbinary,2024-02-13,Consumer,Silver,Regular,Yes
4004,Nathan,Garcia,nathan.garcia.4004@yahoo.com,(590) 749-7810,Minneapolis,MN,Midwest,1992,Male,2026-07-25,Consumer,Bronze,Occasional,Yes
4005,Lauren,Taylor,lauren.taylor.4005@gmail.com,(914) 312-4468,Charlotte,NC,South,1945,Female,2024-09-16,Consumer,Silver,Occasional,Yes
4006,Thomas,Gonzalez,thomas.gonzalez.4006@outlook.com,(395) 384-3412,Houston,TX,South,1960,Male,2025-08-30,Consumer,Bronze,Regular,Yes
4007,Steven,Wright,steven.wright.4007@outlook.com,(937) 440-5400,Cleveland,OH,Midwest,1986,Male,2023-12-03,Consumer,Silver,Regular,Yes
4008,Sarah,Davis,sarah.davis.4008@gmail.com,(915) 867-1826,Orlando,FL,South,1997,Female,2025-05-13,Consumer,Bronze,Regular,Yes
4009,George,Garcia,george.garcia.4009@outlook.com,(838) 420-4376,San Diego,CA,West,1976,Male,2024-07-03,Consumer,Bronze,Regular,No
4010,Brian,Garcia,brian.garcia.4010@gmail.com,(527) 916-6695,Nashville,TN,South,2003,Male,2025-03-07,Consumer,Bronze,Frequent,Yes
4011,Robert,Johnson,robert.johnson.4011@outlook.com,(312) 721-4659,Miami,FL,South,1951,Male,2024-11-03,Consumer,Bronze,Frequent,Yes
4012,Richard,Young,richard.young.4012@outlook.com,(846) 754-2435,Pittsburgh,PA,Northeast,1965,Male,2026-07-31,Consumer,Bronze,Occasional,Yes
4013,Sophia,Martin,sophia.martin.4013@yahoo.com,(664) 247-2076,Portland,OR,West,1992,Female,2025-04-05,Consumer,Bronze,Occasional,Yes
4014,Donald,Thomas,donald.thomas.4014@gmail.com,(554) 501-8969,Richmond,VA,South,1968,Male,2025-05-14,Consumer,Bronze,Occasional,Yes
4015,Jessica,Garcia,jessica.garcia.4015@protonmail.com,(820) 920-1004,Columbus,OH,Midwest,1974,Female,2025-09-11,Small Business,Bronze,Occasional,Yes
4016,Linda,Allen,linda.allen.4016@gmail.com,(286) 954-4061,Orlando,FL,South,1970,Female,2025-02-25,Consumer,Gold,Frequent,Yes
4017,Jennifer,Johnson,jennifer.johnson.4017@gmail.com,(799) 704-6271,Denver,CO,West,1980,Female,2025-01-09,Consumer,Bronze,Frequent,Yes
4018,Betty,Gonzalez,betty.gonzalez.4018@icloud.com,(792) 296-9454,Pittsburgh,PA,Northeast,1977,Female,2023-10-03,Consumer,Platinum,Regular,Yes
4019,Emily,Lee,emily.lee.4019@icloud.com,(486) 883-3778,Minneapolis,MN,Midwest,1996,Female,2024-07-16,Consumer,Gold,Regular,Yes
4020,Olivia,Torres,olivia.torres.4020@yahoo.com,(747) 260-8536,San Francisco,CA,West,1948,Female,2024-05-07,Consumer,Bronze,Occasional,Yes
4021,Joseph,Taylor,joseph.taylor.4021@outlook.com,(497) 770-9951,Detroit,MI,Midwest,1978,Male,2025-11-04,Consumer,Gold,Occasional,Yes
4022,Stephanie,Lopez,stephanie.lopez.4022@yahoo.com,(248) 708-4078,Nashville,TN,South,1977,Female,2025-06-25,Small Business,Silver,Frequent,Yes
4023,John,Scott,john.scott.4023@gmail.com,(431) 491-1712,Newark,NJ,Northeast,1987,Male,2025-07-14,Consumer,Platinum,Occasional,Yes
4024,Andrew,Anderson,andrew.anderson.4024@protonmail.com,(267) 714-5456,Richmond,VA,South,1951,Male,2024-06-19,Consumer,Bronze,Regular,Yes
4025,Christina,Brown,christina.brown.4025@outlook.com,(938) 320-5526,Boston,MA,Northeast,1948,Female,2024-05-04,Small Business,Bronze,Frequent,Yes
4026,Thomas,Smith,thomas.smith.4026@protonmail.com,(943) 279-3457,Buffalo,NY,Northeast,1955,Male,2026-03-14,Small Business,Silver,Occasional,Yes
4027,David,Moore,david.moore.4027@yahoo.com,(636) 774-2616,Richmond,VA,South,1969,Male,2024-10-22,Consumer,Gold,Occasional,Yes
4028,Kevin,Gonzalez,kevin.gonzalez.4028@gmail.com,(844) 804-2708,Orlando,FL,South,1964,Male,2025-06-26,Enterprise,Silver,Regular,Yes
4029,Nicole,Davis,nicole.davis.4029@outlook.com,(963) 584-6694,Chicago,IL,Midwest,2005,Female,2024-04-01,Small Business,Silver,Regular,Yes
4030,Kevin,Nguyen,kevin.nguyen.4030@protonmail.com,(780) 361-8496,Charlotte,NC,South,1982,Male,2026-06-17,Consumer,Bronze,Occasional,Yes
4031,Steven,Allen,steven.allen.4031@yahoo.com,(751) 950-7950,Phoenix,AZ,West,2003,Male,2025-07-22,Consumer,Bronze,Frequent,Yes
4032,Donald,Lee,donald.lee.4032@icloud.com,(525) 234-7741,St. Louis,MO,Midwest,1977,Male,2026-07-07,Consumer,Bronze,Occasional,Yes
4033,Megan,Thomas,megan.thomas.4033@yahoo.com,(907) 295-3878,Seattle,WA,West,1962,Female,2024-05-04,Small Business,Bronze,Regular,Yes
4034,Anthony,Perez,anthony.perez.4034@gmail.com,(961) 961-6888,Richmond,VA,South,1961,Male,2025-01-23,Consumer,Silver,Frequent,Yes
4035,Olivia,Wilson,olivia.wilson.4035@protonmail.com,(797) 371-9321,Buffalo,NY,Northeast,1996,Nonbinary,2025-11-18,Consumer,Silver,Regular,Yes
4036,Barbara,Hernandez,barbara.hernandez.4036@outlook.com,(256) 724-9562,Milwaukee,WI,Midwest,1970,Female,2025-10-20,Consumer,Silver,Regular,Yes
4037,Steven,Williams,steven.williams.4037@gmail.com,(554) 958-5620,Charlotte,NC,South,1971,Male,2023-01-21,Small Business,Silver,Occasional,Yes
4038,Stephanie,Garcia,stephanie.garcia.4038@yahoo.com,(754) 960-7504,St. Louis,MO,Midwest,1985,Female,2023-01-07,Consumer,Gold,Regular,Yes
4039,Sandra,Hernandez,sandra.hernandez.4039@gmail.com,(831) 456-2709,Miami,FL,South,1957,Female,2024-06-08,Small Business,Bronze,Regular,Yes
4040,Nicole,Sanchez,nicole.sanchez.4040@icloud.com,(258) 285-5040,San Francisco,CA,West,1955,Female,2025-02-16,Consumer,Bronze,Regular,Yes
4041,Emma,Sanchez,emma.sanchez.4041@icloud.com,(313) 207-5387,Atlanta,GA,South,1977,Female,2023-06-06,Consumer,Gold,Regular,Yes
4042,Brian,Hill,brian.hill.4042@gmail.com,(353) 376-2290,Boston,MA,Northeast,2000,Male,2025-11-22,Consumer,Bronze,Regular,Yes
4043,Jessica,Sanchez,jessica.sanchez.4043@gmail.com,(685) 443-5839,Boston,MA,Northeast,2000,Prefer not to say,2023-08-12,Consumer,Bronze,Frequent,Yes
4044,Emma,Taylor,emma.taylor.4044@outlook.com,(453) 411-6574,Portland,OR,West,1964,Nonbinary,2025-01-15,Consumer,Gold,Occasional,Yes
4045,Christina,Martin,christina.martin.4045@icloud.com,(404) 438-9397,Detroit,MI,Midwest,1946,Female,2024-02-01,Consumer,Bronze,Regular,Yes
4046,Betty,Perez,betty.perez.4046@yahoo.com,(867) 201-2053,Newark,NJ,Northeast,1956,Female,2024-10-28,Small Business,Bronze,Frequent,No
4047,Nancy,Anderson,nancy.anderson.4047@icloud.com,(697) 719-2623,Richmond,VA,South,1984,Female,2025-06-10,Consumer,Bronze,Regular,Yes
4048,Jennifer,Martin,jennifer.martin.4048@protonmail.com,(266) 901-6183,San Francisco,CA,West,2004,Female,2026-01-26,Consumer,Gold,Regular,Yes
4049,Brian,Johnson,brian.johnson.4049@gmail.com,(587) 413-3513,Cleveland,OH,Midwest,1998,Male,2023-06-05,Enterprise,Silver,Regular,Yes
4050,Megan,Sanchez,megan.sanchez.4050@protonmail.com,(306) 377-8033,Dallas,TX,South,1947,Female,2023-04-11,Consumer,Bronze,Occasional,Yes
4051,Stephanie,Moore,stephanie.moore.4051@protonmail.com,(774) 300-3592,Seattle,WA,West,1990,Prefer not to say,2025-08-24,Enterprise,Bronze,Occasional,Yes
4052,Abigail,Hill,abigail.hill.4052@icloud.com,(330) 525-4604,Hartford,CT,Northeast,1987,Female,2023-11-07,Small Business,Bronze,Occasional,Yes
4053,Matthew,Young,matthew.young.4053@protonmail.com,(961) 310-3293,Detroit,MI,Midwest,1955,Male,2026-05-29,Consumer,Silver,Regular,Yes
4054,Jason,Wilson,jason.wilson.4054@protonmail.com,(374) 474-6964,Boston,MA,Northeast,1952,Male,2025-12-25,Consumer,Gold,Regular,Yes
4055,John,Young,john.young.4055@gmail.com,(297) 683-3304,Charlotte,NC,South,1976,Male,2023-01-17,Consumer,Bronze,Regular,Yes
4056,David,Thomas,david.thomas.4056@yahoo.com,(453) 560-8074,Miami,FL,South,1968,Male,2024-03-05,Consumer,Bronze,Occasional,Yes
4057,Justin,Robinson,justin.robinson.4057@gmail.com,(788) 459-2696,Indianapolis,IN,Midwest,1946,Male,2026-07-21,Enterprise,Silver,Frequent,Yes
4058,Emily,Garcia,emily.garcia.4058@protonmail.com,(866) 331-5755,Minneapolis,MN,Midwest,1979,Female,2026-06-03,Consumer,Bronze,Occasional,Yes
4059,Jacob,Miller,jacob.miller.4059@yahoo.com,(859) 913-8195,Orlando,FL,South,1978,Male,2024-03-10,Consumer,Bronze,Regular,No
4060,Nicole,Hernandez,nicole.hernandez.4060@protonmail.com,(942) 419-7434,Nashville,TN,South,1957,Female,2025-06-05,Enterprise,Bronze,Regular,Yes
4061,Lisa,Taylor,lisa.taylor.4061@yahoo.com,(688) 555-1121,Providence,RI,Northeast,2005,Female,2025-09-20,Enterprise,Gold,Frequent,Yes
4062,Nicole,Garcia,nicole.garcia.4062@yahoo.com,(883) 949-1550,Houston,TX,South,1967,Female,2023-01-08,Consumer,Bronze,Regular,Yes
4063,Rebecca,Thompson,rebecca.thompson.4063@outlook.com,(484) 944-7131,Dallas,TX,South,1987,Female,2024-07-04,Consumer,Bronze,Regular,Yes
4064,Matthew,Lee,matthew.lee.4064@protonmail.com,(323) 961-6279,Las Vegas,NV,West,1976,Male,2024-06-24,Consumer,Gold,Occasional,Yes
4065,Margaret,Ramirez,margaret.ramirez.4065@outlook.com,(875) 659-8267,Boston,MA,Northeast,1956,Female,2023-12-21,Consumer,Bronze,Occasional,No
4066,Emma,Jackson,emma.jackson.4066@yahoo.com,(376) 731-4894,Richmond,VA,South,1953,Female,2026-04-11,Consumer,Bronze,Regular,Yes
4067,Kevin,Rodriguez,kevin.rodriguez.4067@gmail.com,(808) 713-9428,Chicago,IL,Midwest,1986,Male,2025-08-28,Consumer,Bronze,Regular,Yes
4068,Patricia,Nguyen,patricia.nguyen.4068@outlook.com,(850) 553-5247,Denver,CO,West,1962,Female,2026-04-30,Consumer,Bronze,Frequent,Yes
4069,Patricia,Hernandez,patricia.hernandez.4069@gmail.com,(215) 888-3749,Nashville,TN,South,1955,Female,2023-01-24,Consumer,Gold,Occasional,Yes
4070,Nathan,Rodriguez,nathan.rodriguez.4070@yahoo.com,(827) 907-5106,Las Vegas,NV,West,2002,Male,2025-11-15,Consumer,Silver,Regular,No
4071,Christina,Williams,christina.williams.4071@gmail.com,(438) 692-9751,Nashville,TN,South,1975,Female,2025-08-16,Consumer,Bronze,Regular,Yes
4072,Nancy,Brown,nancy.brown.4072@protonmail.com,(799) 578-3648,Denver,CO,West,1977,Female,2025-11-02,Consumer,Bronze,Frequent,No
4073,Lisa,Davis,lisa.davis.4073@gmail.com,(222) 786-8482,San Diego,CA,West,1971,Female,2025-11-10,Small Business,Bronze,Frequent,No
4074,Sarah,Davis,sarah.davis.4074@protonmail.com,(937) 700-5064,Newark,NJ,Northeast,1960,Female,2023-05-08,Consumer,Platinum,Regular,Yes
4075,George,Johnson,george.johnson.4075@outlook.com,(475) 978-4756,Columbus,OH,Midwest,1962,Male,2025-11-02,Consumer,Bronze,Regular,Yes
4076,Abigail,Lewis,abigail.lewis.4076@outlook.com,(949) 780-6566,Orlando,FL,South,2005,Nonbinary,2024-10-01,Consumer,Bronze,VIP,Yes
4077,George,Lee,george.lee.4077@gmail.com,(814) 285-1771,San Diego,CA,West,1948,Male,2025-10-14,Small Business,Bronze,Occasional,Yes
4078,Betty,Anderson,betty.anderson.4078@yahoo.com,(971) 846-2419,San Francisco,CA,West,1957,Female,2024-01-03,Consumer,Gold,Occasional,Yes
4079,Paul,Wright,paul.wright.4079@outlook.com,(754) 677-1925,Minneapolis,MN,Midwest,1987,Male,2023-08-14,Consumer,Silver,Regular,Yes
4080,Karen,Martinez,karen.martinez.4080@yahoo.com,(826) 462-2878,San Diego,CA,West,1993,Female,2025-12-04,Consumer,Gold,Regular,Yes
4081,Anthony,Lee,anthony.lee.4081@yahoo.com,(761) 322-5564,Milwaukee,WI,Midwest,1986,Male,2025-03-17,Consumer,Bronze,Regular,Yes
4082,Sandra,Taylor,sandra.taylor.4082@gmail.com,(204) 619-5063,Boston,MA,Northeast,2001,Female,2023-04-29,Consumer,Bronze,Occasional,Yes
4083,Olivia,Moore,olivia.moore.4083@gmail.com,(882) 726-9209,Orlando,FL,South,1997,Female,2026-03-10,Consumer,Bronze,Regular,Yes
4084,Joshua,Perez,joshua.perez.4084@icloud.com,(793) 771-1668,San Diego,CA,West,1963,Male,2024-12-10,Enterprise,Bronze,Frequent,No
4085,Thomas,White,thomas.white.4085@gmail.com,(737) 247-2138,Indianapolis,IN,Midwest,1963,Male,2023-02-28,Consumer,Bronze,Regular,Yes
4086,Melissa,Lee,melissa.lee.4086@outlook.com,(287) 607-8710,Charlotte,NC,South,2004,Female,2024-01-21,Consumer,Silver,VIP,Yes
4087,Anthony,Harris,anthony.harris.4087@protonmail.com,(780) 227-8055,Dallas,TX,South,1966,Male,2023-01-06,Consumer,Bronze,Regular,Yes
4088,Robert,Harris,robert.harris.4088@yahoo.com,(819) 366-1417,Atlanta,GA,South,1968,Male,2025-02-08,Consumer,Bronze,Occasional,Yes
4089,Megan,Young,megan.young.4089@gmail.com,(737) 573-8120,Houston,TX,South,1957,Female,2025-12-27,Consumer,Bronze,Regular,Yes
4090,Thomas,Torres,thomas.torres.4090@icloud.com,(729) 761-9420,Portland,OR,West,1995,Male,2023-08-06,Small Business,Gold,Occasional,Yes
4091,Lauren,Scott,lauren.scott.4091@outlook.com,(223) 702-9605,Seattle,WA,West,1947,Female,2025-08-08,Consumer,Bronze,Regular,Yes
4092,David,Thomas,david.thomas.4092@protonmail.com,(865) 319-3710,San Francisco,CA,West,1952,Male,2026-01-19,Consumer,Gold,Occasional,Yes
4093,Linda,White,linda.white.4093@icloud.com,(679) 645-1318,Los Angeles,CA,West,1964,Female,2024-06-28,Consumer,Bronze,Occasional,Yes
4094,David,Thompson,david.thompson.4094@yahoo.com,(758) 508-8216,Minneapolis,MN,Midwest,1961,Male,2024-11-24,Consumer,Bronze,Occasional,Yes
4095,Edward,Garcia,edward.garcia.4095@gmail.com,(875) 920-5335,Detroit,MI,Midwest,1946,Nonbinary,2026-06-14,Consumer,Gold,VIP,Yes
4096,James,Perez,james.perez.4096@yahoo.com,(348) 312-7897,Houston,TX,South,1986,Male,2023-12-15,Consumer,Bronze,Regular,Yes
4097,Jacob,Flores,jacob.flores.4097@icloud.com,(960) 611-8963,Dallas,TX,South,1974,Male,2023-04-09,Small Business,Platinum,Frequent,Yes
4098,Sarah,Martin,sarah.martin.4098@icloud.com,(209) 614-6687,Dallas,TX,South,1975,Female,2024-10-18,Consumer,Platinum,Regular,Yes
4099,Elizabeth,Moore,elizabeth.moore.4099@gmail.com,(891) 838-7906,Atlanta,GA,South,1972,Female,2024-04-23,Small Business,Bronze,Occasional,Yes
4100,Linda,Torres,linda.torres.4100@protonmail.com,(861) 434-6867,Philadelphia,PA,Northeast,1971,Female,2025-05-06,Consumer,Silver,Occasional,Yes
4101,Jennifer,Robinson,jennifer.robinson.4101@outlook.com,(330) 645-2615,Las Vegas,NV,West,1977,Female,2024-11-18,Consumer,Bronze,Occasional,Yes
4102,Thomas,Rodriguez,thomas.rodriguez.4102@outlook.com,(859) 842-1941,Los Angeles,CA,West,1953,Male,2026-02-02,Consumer,Platinum,Occasional,Yes
4103,Abigail,Anderson,abigail.anderson.4103@yahoo.com,(425) 438-2854,Hartford,CT,Northeast,1951,Female,2025-07-17,Consumer,Bronze,Regular,Yes
4104,Karen,Allen,karen.allen.4104@outlook.com,(902) 309-9340,Orlando,FL,South,2001,Female,2026-02-11,Consumer,Silver,Regular,Yes
4105,Justin,Thomas,justin.thomas.4105@protonmail.com,(624) 459-6961,Houston,TX,South,1997,Male,2023-11-04,Consumer,Bronze,Regular,No
4106,Jennifer,Harris,jennifer.harris.4106@protonmail.com,(930) 725-1759,Dallas,TX,South,1955,Female,2023-09-29,Consumer,Bronze,Occasional,Yes
4107,Elizabeth,Garcia,elizabeth.garcia.4107@yahoo.com,(302) 382-2701,Denver,CO,West,2002,Female,2023-06-29,Consumer,Bronze,Occasional,Yes
4108,Sophia,Gonzalez,sophia.gonzalez.4108@yahoo.com,(844) 574-8757,Charlotte,NC,South,2002,Female,2026-04-29,Consumer,Silver,Occasional,Yes
4109,Nathan,Nguyen,nathan.nguyen.4109@icloud.com,(325) 967-3233,Minneapolis,MN,Midwest,1998,Male,2025-07-13,Consumer,Bronze,Occasional,Yes
4110,Nancy,Walker,nancy.walker.4110@protonmail.com,(938) 376-4410,Detroit,MI,Midwest,1969,Female,2024-11-28,Consumer,Gold,Occasional,No
4111,Elizabeth,Lopez,elizabeth.lopez.4111@icloud.com,(518) 433-4558,Nashville,TN,South,1950,Female,2025-07-10,Consumer,Gold,Regular,Yes
4112,Christina,Thompson,christina.thompson.4112@outlook.com,(828) 365-8240,Las Vegas,NV,West,1949,Female,2023-05-15,Consumer,Bronze,Occasional,Yes
4113,Christina,Flores,christina.flores.4113@outlook.com,(248) 849-2910,Seattle,WA,West,1972,Female,2025-08-22,Small Business,Bronze,Regular,Yes
4114,Abigail,Thomas,abigail.thomas.4114@icloud.com,(236) 249-6432,New York,NY,Northeast,1988,Female,2023-03-05,Consumer,Gold,Frequent,Yes
4115,Christopher,Nguyen,christopher.nguyen.4115@gmail.com,(405) 761-6870,Orlando,FL,South,1990,Male,2025-03-31,Small Business,Bronze,Occasional,Yes
4116,William,Rodriguez,william.rodriguez.4116@outlook.com,(385) 514-5388,Dallas,TX,South,1945,Male,2026-05-14,Small Business,Gold,Occasional,Yes
4117,Nathan,Johnson,nathan.johnson.4117@icloud.com,(522) 519-4495,Orlando,FL,South,1967,Male,2025-06-11,Consumer,Silver,Regular,Yes
4118,William,Scott,william.scott.4118@yahoo.com,(550) 900-4874,Indianapolis,IN,Midwest,2000,Male,2023-12-07,Consumer,Silver,Regular,Yes
4119,Nicole,Jones,nicole.jones.4119@gmail.com,(771) 361-3375,Phoenix,AZ,West,1979,Female,2025-08-11,Consumer,Bronze,Regular,Yes
4120,Thomas,Moore,thomas.moore.4120@yahoo.com,(880) 604-6085,Indianapolis,IN,Midwest,1979,Male,2024-09-10,Consumer,Silver,Occasional,Yes
4121,Nicole,Taylor,nicole.taylor.4121@icloud.com,(935) 256-8858,Providence,RI,Northeast,1950,Female,2026-04-15,Consumer,Silver,Occasional,Yes
4122,Melissa,Garcia,melissa.garcia.4122@outlook.com,(416) 950-6760,Nashville,TN,South,1952,Female,2025-03-23,Consumer,Silver,Frequent,Yes
4123,Abigail,Martinez,abigail.martinez.4123@icloud.com,(651) 853-4567,San Diego,CA,West,1997,Female,2023-01-22,Small Business,Bronze,Regular,Yes
4124,Steven,Robinson,steven.robinson.4124@icloud.com,(364) 252-8845,Cleveland,OH,Midwest,1961,Male,2024-03-13,Small Business,Silver,Regular,Yes
4125,Richard,Torres,richard.torres.4125@outlook.com,(729) 900-2373,New York,NY,Northeast,2005,Male,2026-04-07,Small Business,Silver,Occasional,Yes
4126,Brandon,Lee,brandon.lee.4126@gmail.com,(571) 237-7409,Buffalo,NY,Northeast,2005,Male,2026-07-31,Consumer,Bronze,Occasional,Yes
4127,Rachel,Garcia,rachel.garcia.4127@icloud.com,(364) 273-8691,Nashville,TN,South,1994,Female,2025-03-20,Consumer,Bronze,VIP,No
4128,Anthony,Hernandez,anthony.hernandez.4128@yahoo.com,(619) 559-2364,Columbus,OH,Midwest,2002,Male,2023-09-10,Consumer,Silver,Occasional,Yes
4129,Brian,Hill,brian.hill.4129@outlook.com,(757) 467-6266,Dallas,TX,South,1969,Male,2024-06-15,Consumer,Bronze,Regular,Yes
4130,Mary,Garcia,mary.garcia.4130@yahoo.com,(773) 302-4350,Philadelphia,PA,Northeast,1986,Female,2025-12-03,Consumer,Gold,VIP,Yes
4131,Edward,Hill,edward.hill.4131@outlook.com,(929) 240-3702,Dallas,TX,South,1986,Nonbinary,2023-11-08,Consumer,Bronze,Frequent,Yes
4132,Brandon,Jones,brandon.jones.4132@icloud.com,(743) 406-9970,Phoenix,AZ,West,1947,Male,2025-06-17,Consumer,Silver,Frequent,Yes
4133,Nicole,Clark,nicole.clark.4133@icloud.com,(699) 426-6369,Atlanta,GA,South,1983,Female,2023-01-15,Consumer,Bronze,Frequent,Yes
4134,Rachel,Clark,rachel.clark.4134@yahoo.com,(393) 253-2936,Miami,FL,South,1950,Female,2023-10-17,Consumer,Silver,Occasional,Yes
4135,Rachel,Gonzalez,rachel.gonzalez.4135@yahoo.com,(645) 505-5759,Houston,TX,South,1948,Female,2025-08-10,Consumer,Bronze,Regular,Yes
4136,Thomas,Allen,thomas.allen.4136@icloud.com,(384) 219-6685,New York,NY,Northeast,2005,Male,2024-11-07,Consumer,Silver,VIP,Yes
4137,Daniel,Miller,daniel.miller.4137@protonmail.com,(491) 576-1225,Miami,FL,South,1954,Nonbinary,2023-01-02,Small Business,Bronze,Regular,Yes
4138,Richard,Sanchez,richard.sanchez.4138@outlook.com,(793) 353-9717,Philadelphia,PA,Northeast,1995,Male,2024-07-31,Consumer,Bronze,Regular,Yes
4139,Edward,Clark,edward.clark.4139@outlook.com,(742) 552-5671,Los Angeles,CA,West,2005,Male,2024-11-28,Consumer,Bronze,Frequent,No
4140,Robert,Lee,robert.lee.4140@gmail.com,(642) 439-8293,Buffalo,NY,Northeast,2000,Male,2024-06-05,Small Business,Bronze,Frequent,Yes
4141,Andrew,Taylor,andrew.taylor.4141@outlook.com,(865) 835-5813,Chicago,IL,Midwest,1999,Male,2026-07-29,Consumer,Platinum,Occasional,Yes
4142,Sandra,Torres,sandra.torres.4142@gmail.com,(468) 720-7052,Cleveland,OH,Midwest,1977,Female,2026-02-22,Consumer,Bronze,Frequent,Yes
4143,Jason,Hill,jason.hill.4143@protonmail.com,(489) 848-1721,Providence,RI,Northeast,1980,Male,2024-08-29,Small Business,Bronze,Frequent,Yes
4144,Andrew,Miller,andrew.miller.4144@yahoo.com,(914) 610-3631,Richmond,VA,South,1999,Male,2024-12-16,Consumer,Bronze,Frequent,Yes
4145,Lauren,Gonzalez,lauren.gonzalez.4145@yahoo.com,(915) 689-7615,Atlanta,GA,South,1963,Female,2025-12-08,Consumer,Bronze,Regular,Yes
4146,Rebecca,Flores,rebecca.flores.4146@yahoo.com,(870) 790-4046,Indianapolis,IN,Midwest,1964,Female,2023-07-24,Consumer,Silver,Occasional,Yes
4147,Christopher,Rodriguez,christopher.rodriguez.4147@outlook.com,(997) 655-5586,Orlando,FL,South,1951,Male,2024-07-23,Consumer,Silver,Regular,No
4148,Jason,Lewis,jason.lewis.4148@gmail.com,(868) 922-2860,Minneapolis,MN,Midwest,1963,Male,2025-02-12,Consumer,Bronze,Occasional,Yes
4149,Ashley,White,ashley.white.4149@icloud.com,(734) 705-5928,Milwaukee,WI,Midwest,2002,Female,2023-05-26,Enterprise,Bronze,Regular,Yes
4150,Margaret,Thomas,margaret.thomas.4150@outlook.com,(873) 770-9575,Dallas,TX,South,1999,Female,2023-09-09,Consumer,Bronze,Occasional,Yes
4151,Sarah,Torres,sarah.torres.4151@gmail.com,(862) 664-6005,Detroit,MI,Midwest,1992,Female,2023-07-03,Consumer,Bronze,Occasional,Yes
4152,John,Lee,john.lee.4152@protonmail.com,(257) 390-2109,Minneapolis,MN,Midwest,2001,Male,2024-07-15,Consumer,Bronze,Occasional,Yes
4153,Nicole,Wright,nicole.wright.4153@protonmail.com,(384) 672-9477,Newark,NJ,Northeast,1992,Female,2023-02-21,Small Business,Bronze,Regular,Yes
4154,Sarah,Gonzalez,sarah.gonzalez.4154@outlook.com,(595) 839-2770,Houston,TX,South,1988,Female,2024-09-26,Consumer,Bronze,Regular,Yes
4155,Steven,Jackson,steven.jackson.4155@outlook.com,(785) 670-3443,Orlando,FL,South,1975,Male,2023-01-04,Consumer,Bronze,Frequent,Yes
4156,Joseph,Davis,joseph.davis.4156@outlook.com,(509) 973-5532,St. Louis,MO,Midwest,2005,Male,2025-04-20,Enterprise,Bronze,Regular,Yes
4157,Matthew,Williams,matthew.williams.4157@protonmail.com,(713) 247-3267,Atlanta,GA,South,1969,Male,2024-10-21,Consumer,Gold,Regular,Yes
4158,Abigail,Martinez,abigail.martinez.4158@yahoo.com,(832) 503-2782,Dallas,TX,South,1980,Female,2025-02-14,Consumer,Bronze,VIP,Yes
4159,Christopher,Robinson,christopher.robinson.4159@protonmail.com,(370) 610-1293,Indianapolis,IN,Midwest,1960,Male,2024-12-10,Consumer,Bronze,Frequent,Yes
4160,Sophia,Wright,sophia.wright.4160@outlook.com,(808) 683-9787,San Francisco,CA,West,1988,Female,2023-01-24,Consumer,Bronze,Occasional,Yes
4161,Paul,Scott,paul.scott.4161@outlook.com,(385) 374-2981,Pittsburgh,PA,Northeast,1945,Male,2024-02-19,Consumer,Silver,Regular,Yes
4162,Anthony,Flores,anthony.flores.4162@outlook.com,(370) 706-3353,Providence,RI,Northeast,1990,Male,2023-12-24,Small Business,Silver,Frequent,Yes
4163,Sarah,Jones,sarah.jones.4163@gmail.com,(460) 975-9901,Phoenix,AZ,West,1978,Female,2026-02-13,Small Business,Bronze,Frequent,Yes
4164,Kevin,Hernandez,kevin.hernandez.4164@yahoo.com,(635) 972-7474,San Francisco,CA,West,1956,Male,2023-09-17,Consumer,Gold,Regular,Yes
4165,Donald,Garcia,donald.garcia.4165@gmail.com,(445) 858-4715,New York,NY,Northeast,2004,Male,2023-10-28,Small Business,Bronze,Frequent,Yes
4166,Daniel,Lopez,daniel.lopez.4166@outlook.com,(689) 228-1840,Pittsburgh,PA,Northeast,1961,Male,2024-09-10,Consumer,Bronze,Regular,Yes
4167,Sophia,Flores,sophia.flores.4167@yahoo.com,(828) 899-8412,Las Vegas,NV,West,2003,Prefer not to say,2023-12-05,Small Business,Silver,Occasional,Yes
4168,Sarah,Allen,sarah.allen.4168@outlook.com,(348) 951-1825,Denver,CO,West,1998,Female,2025-06-15,Consumer,Bronze,Occasional,Yes
4169,Robert,Sanchez,robert.sanchez.4169@icloud.com,(694) 978-6954,Cleveland,OH,Midwest,1960,Male,2025-09-25,Consumer,Gold,VIP,No
4170,Ashley,Lewis,ashley.lewis.4170@outlook.com,(438) 540-4643,San Diego,CA,West,1974,Female,2024-10-11,Small Business,Gold,Frequent,Yes
4171,Brian,Williams,brian.williams.4171@icloud.com,(588) 980-2716,Houston,TX,South,1983,Male,2025-06-13,Small Business,Bronze,Regular,No
4172,Megan,King,megan.king.4172@protonmail.com,(828) 561-3593,Boston,MA,Northeast,1962,Female,2023-11-13,Consumer,Silver,Regular,Yes
4173,Jason,Robinson,jason.robinson.4173@icloud.com,(944) 909-1372,Charlotte,NC,South,1954,Male,2025-07-03,Small Business,Silver,Occasional,Yes
4174,Lauren,Perez,lauren.perez.4174@gmail.com,(628) 664-5975,Orlando,FL,South,1960,Female,2025-09-09,Consumer,Gold,Regular,Yes
4175,Stephanie,Hill,stephanie.hill.4175@icloud.com,(731) 956-9441,Los Angeles,CA,West,1989,Female,2023-09-12,Small Business,Bronze,Regular,Yes
4176,Barbara,Jackson,barbara.jackson.4176@outlook.com,(429) 509-2976,San Francisco,CA,West,2003,Female,2023-01-04,Consumer,Silver,Occasional,No
4177,Linda,Lee,linda.lee.4177@outlook.com,(721) 210-4119,Chicago,IL,Midwest,1957,Female,2026-07-04,Enterprise,Bronze,Occasional,Yes
4178,Linda,Thomas,linda.thomas.4178@gmail.com,(993) 477-9435,Dallas,TX,South,1968,Female,2026-03-15,Consumer,Gold,Frequent,Yes
4179,Ashley,Wright,ashley.wright.4179@outlook.com,(857) 797-3181,Newark,NJ,Northeast,1974,Nonbinary,2026-03-05,Consumer,Bronze,Occasional,Yes
4180,Patricia,Flores,patricia.flores.4180@outlook.com,(791) 296-1638,Cleveland,OH,Midwest,1999,Female,2026-03-23,Small Business,Silver,Regular,Yes
4181,Margaret,Robinson,margaret.robinson.4181@protonmail.com,(269) 785-5217,Cleveland,OH,Midwest,1949,Female,2026-01-16,Small Business,Silver,Frequent,Yes
4182,Sandra,Harris,sandra.harris.4182@gmail.com,(322) 758-6751,Minneapolis,MN,Midwest,1997,Female,2024-07-12,Small Business,Silver,Occasional,Yes
4183,Sarah,Hernandez,sarah.hernandez.4183@protonmail.com,(964) 247-9608,Nashville,TN,South,1945,Female,2024-04-13,Consumer,Gold,Regular,Yes
4184,Karen,Lopez,karen.lopez.4184@outlook.com,(696) 907-7100,Los Angeles,CA,West,2004,Female,2025-08-31,Consumer,Silver,VIP,Yes
4185,Jacob,Hernandez,jacob.hernandez.4185@icloud.com,(592) 439-9882,Nashville,TN,South,1959,Male,2024-06-29,Consumer,Gold,Occasional,Yes
4186,Rebecca,White,rebecca.white.4186@yahoo.com,(617) 227-6775,Las Vegas,NV,West,1986,Female,2023-08-13,Consumer,Bronze,Regular,Yes
4187,Anthony,Perez,anthony.perez.4187@protonmail.com,(437) 465-9748,St. Louis,MO,Midwest,1984,Male,2023-05-05,Consumer,Silver,Regular,No
4188,George,Allen,george.allen.4188@outlook.com,(778) 295-9151,Orlando,FL,South,1995,Male,2025-03-31,Consumer,Silver,Occasional,Yes
4189,Rebecca,Johnson,rebecca.johnson.4189@gmail.com,(232) 693-8715,Atlanta,GA,South,1950,Female,2023-05-12,Small Business,Platinum,Frequent,Yes
4190,Joseph,King,joseph.king.4190@protonmail.com,(696) 895-1780,San Francisco,CA,West,1961,Nonbinary,2026-08-02,Small Business,Bronze,Occasional,Yes
4191,Lisa,Brown,lisa.brown.4191@yahoo.com,(864) 498-7048,Detroit,MI,Midwest,1955,Female,2023-11-04,Consumer,Bronze,Regular,Yes
4192,Paul,Jackson,paul.jackson.4192@outlook.com,(497) 489-8175,Las Vegas,NV,West,1990,Male,2025-10-09,Enterprise,Bronze,Regular,Yes
4193,Donald,Jones,donald.jones.4193@protonmail.com,(963) 467-3058,Atlanta,GA,South,1973,Male,2025-03-04,Consumer,Bronze,Regular,Yes
4194,Anthony,Davis,anthony.davis.4194@gmail.com,(774) 334-6196,Orlando,FL,South,1957,Male,2023-12-05,Consumer,Bronze,Regular,No
4195,Brandon,Wilson,brandon.wilson.4195@outlook.com,(712) 278-3886,Las Vegas,NV,West,1946,Male,2026-02-28,Consumer,Silver,Regular,No
4196,Brandon,Sanchez,brandon.sanchez.4196@icloud.com,(375) 374-6318,Charlotte,NC,South,1956,Male,2023-03-10,Consumer,Bronze,VIP,Yes
4197,George,Gonzalez,george.gonzalez.4197@outlook.com,(698) 888-4002,Orlando,FL,South,2000,Male,2025-11-05,Consumer,Gold,Occasional,Yes
4198,Abigail,Allen,abigail.allen.4198@outlook.com,(390) 247-2139,Charlotte,NC,South,1948,Female,2023-09-29,Small Business,Bronze,Occasional,Yes
4199,Charles,Davis,charles.davis.4199@icloud.com,(725) 411-1426,Newark,NJ,Northeast,1972,Male,2025-05-07,Small Business,Bronze,Frequent,Yes
4200,Barbara,Hill,barbara.hill.4200@icloud.com,(625) 898-9766,Chicago,IL,Midwest,1967,Female,2025-08-31,Consumer,Bronze,Occasional,No
4201,Linda,Martin,linda.martin.4201@gmail.com,(769) 497-6346,Detroit,MI,Midwest,1981,Female,2025-10-10,Consumer,Silver,Regular,Yes
4202,Ashley,Moore,ashley.moore.4202@yahoo.com,(240) 582-7605,Phoenix,AZ,West,1950,Female,2024-11-19,Consumer,Silver,Frequent,Yes
4203,Matthew,Nguyen,matthew.nguyen.4203@outlook.com,(761) 663-8763,Portland,OR,West,1998,Male,2023-04-07,Consumer,Gold,Regular,Yes
4204,Brandon,Perez,brandon.perez.4204@gmail.com,(877) 360-4025,Miami,FL,South,1984,Male,2024-11-19,Consumer,Gold,Occasional,No
4205,Sarah,Jackson,sarah.jackson.4205@protonmail.com,(524) 758-3171,Milwaukee,WI,Midwest,1988,Female,2024-05-21,Small Business,Silver,Occasional,Yes
4206,Andrew,Lewis,andrew.lewis.4206@icloud.com,(527) 282-7670,Hartford,CT,Northeast,1981,Male,2024-01-27,Consumer,Bronze,Occasional,Yes
4207,Margaret,Lopez,margaret.lopez.4207@gmail.com,(670) 413-8647,Richmond,VA,South,1989,Female,2026-05-31,Consumer,Bronze,Regular,Yes
4208,Megan,Davis,megan.davis.4208@yahoo.com,(510) 456-1415,Houston,TX,South,1963,Female,2023-05-22,Consumer,Bronze,Regular,Yes
4209,Jennifer,Flores,jennifer.flores.4209@gmail.com,(854) 477-3942,Miami,FL,South,1962,Female,2025-12-06,Consumer,Silver,Regular,Yes
4210,Jacob,Lee,jacob.lee.4210@gmail.com,(283) 879-8988,Chicago,IL,Midwest,1959,Male,2026-04-30,Consumer,Bronze,VIP,Yes
4211,Joshua,Sanchez,joshua.sanchez.4211@gmail.com,(685) 206-5306,Dallas,TX,South,1979,Male,2024-12-18,Small Business,Silver,Occasional,Yes
4212,Michael,Young,michael.young.4212@protonmail.com,(889) 469-6351,Dallas,TX,South,2001,Male,2023-05-15,Consumer,Bronze,VIP,Yes
4213,John,Taylor,john.taylor.4213@protonmail.com,(819) 698-6900,Orlando,FL,South,1948,Male,2024-11-18,Consumer,Bronze,Regular,No
4214,Daniel,Gonzalez,daniel.gonzalez.4214@protonmail.com,(850) 244-7629,Las Vegas,NV,West,1972,Male,2023-06-16,Enterprise,Gold,Regular,Yes
4215,Amanda,Allen,amanda.allen.4215@icloud.com,(855) 663-9337,Indianapolis,IN,Midwest,1995,Female,2024-02-02,Consumer,Silver,Occasional,Yes
4216,Sandra,Jackson,sandra.jackson.4216@yahoo.com,(765) 938-9315,Las Vegas,NV,West,1995,Female,2026-07-30,Consumer,Bronze,Occasional,Yes
4217,Christina,White,christina.white.4217@yahoo.com,(515) 284-2162,Portland,OR,West,1999,Female,2023-12-08,Small Business,Silver,Regular,Yes
4218,Nancy,Martinez,nancy.martinez.4218@icloud.com,(365) 599-7569,Atlanta,GA,South,1997,Female,2024-12-06,Small Business,Gold,Frequent,Yes
4219,Kevin,Garcia,kevin.garcia.4219@protonmail.com,(533) 460-7521,Miami,FL,South,1954,Male,2026-04-18,Consumer,Platinum,Occasional,Yes
4220,Megan,Moore,megan.moore.4220@outlook.com,(364) 444-8943,Phoenix,AZ,West,1985,Female,2025-04-02,Consumer,Platinum,Occasional,Yes
4221,Kevin,Wilson,kevin.wilson.4221@outlook.com,(566) 492-9375,Dallas,TX,South,1961,Male,2023-07-02,Small Business,Bronze,Regular,Yes
4222,William,Allen,william.allen.4222@outlook.com,(464) 711-8347,San Francisco,CA,West,1972,Male,2025-03-17,Small Business,Gold,Regular,No
4223,Robert,Torres,robert.torres.4223@outlook.com,(965) 628-7540,Philadelphia,PA,Northeast,1947,Male,2023-01-01,Small Business,Gold,Occasional,Yes
4224,Amanda,Smith,amanda.smith.4224@gmail.com,(600) 347-9096,Orlando,FL,South,2003,Female,2026-07-03,Small Business,Bronze,Regular,Yes
4225,Matthew,Smith,matthew.smith.4225@outlook.com,(787) 319-6923,Pittsburgh,PA,Northeast,1993,Male,2023-05-08,Small Business,Bronze,Occasional,No
4226,Sandra,Lee,sandra.lee.4226@icloud.com,(319) 584-3739,San Francisco,CA,West,1974,Female,2026-04-28,Enterprise,Bronze,Frequent,Yes
4227,Ryan,Gonzalez,ryan.gonzalez.4227@gmail.com,(649) 672-5811,Atlanta,GA,South,2001,Male,2025-08-29,Consumer,Silver,Regular,Yes
4228,Jessica,Jackson,jessica.jackson.4228@outlook.com,(297) 335-4357,Phoenix,AZ,West,1945,Female,2024-10-24,Consumer,Bronze,Regular,Yes
4229,Justin,Anderson,justin.anderson.4229@gmail.com,(971) 852-4625,Richmond,VA,South,1963,Male,2025-09-30,Consumer,Bronze,Occasional,Yes
4230,Linda,Harris,linda.harris.4230@outlook.com,(824) 935-8436,Orlando,FL,South,1980,Female,2026-03-29,Consumer,Bronze,Occasional,Yes
4231,Charles,Rodriguez,charles.rodriguez.4231@icloud.com,(420) 568-7002,Orlando,FL,South,1989,Male,2024-08-16,Consumer,Silver,Regular,No
4232,James,Jones,james.jones.4232@outlook.com,(544) 790-6985,New York,NY,Northeast,1967,Male,2026-04-22,Consumer,Silver,Occasional,Yes
4233,Rebecca,Torres,rebecca.torres.4233@yahoo.com,(462) 569-2642,Houston,TX,South,1995,Female,2024-11-20,Consumer,Bronze,VIP,Yes
4234,Abigail,Jones,abigail.jones.4234@icloud.com,(274) 452-8037,Boston,MA,Northeast,1987,Female,2026-01-21,Consumer,Bronze,Regular,Yes
4235,Elizabeth,Jones,elizabeth.jones.4235@protonmail.com,(682) 562-3363,New York,NY,Northeast,1971,Female,2024-08-09,Small Business,Bronze,Regular,Yes
4236,Joshua,Jackson,joshua.jackson.4236@protonmail.com,(592) 345-3995,Milwaukee,WI,Midwest,1990,Male,2024-11-09,Consumer,Bronze,Regular,Yes
4237,Megan,Lee,megan.lee.4237@icloud.com,(709) 419-3352,Portland,OR,West,1967,Female,2023-02-06,Small Business,Bronze,VIP,Yes
4238,Ryan,Clark,ryan.clark.4238@icloud.com,(345) 932-4937,Chicago,IL,Midwest,1961,Male,2025-02-17,Consumer,Bronze,Regular,Yes
4239,Jason,Gonzalez,jason.gonzalez.4239@icloud.com,(694) 223-1652,Denver,CO,West,1953,Male,2026-07-25,Consumer,Gold,Occasional,Yes
4240,Mary,Lewis,mary.lewis.4240@outlook.com,(671) 947-6029,Richmond,VA,South,1966,Female,2025-01-11,Small Business,Gold,Occasional,Yes
4241,Nicole,Sanchez,nicole.sanchez.4241@yahoo.com,(742) 415-8462,San Francisco,CA,West,2000,Female,2025-05-21,Small Business,Bronze,Frequent,Yes
4242,Paul,Rodriguez,paul.rodriguez.4242@yahoo.com,(997) 230-5079,Seattle,WA,West,1961,Male,2025-04-21,Small Business,Bronze,Regular,Yes
4243,Daniel,Jackson,daniel.jackson.4243@gmail.com,(244) 323-1321,San Diego,CA,West,1958,Male,2023-05-07,Consumer,Silver,Regular,Yes
4244,Susan,Williams,susan.williams.4244@outlook.com,(460) 242-7699,Atlanta,GA,South,1982,Female,2026-04-04,Consumer,Bronze,Frequent,Yes
4245,Ashley,Walker,ashley.walker.4245@yahoo.com,(359) 366-6759,Phoenix,AZ,West,1968,Female,2025-03-14,Consumer,Silver,Occasional,Yes
4246,Betty,King,betty.king.4246@protonmail.com,(379) 706-9088,Miami,FL,South,1964,Female,2024-08-23,Consumer,Bronze,VIP,Yes
4247,Susan,Martinez,susan.martinez.4247@outlook.com,(981) 377-2477,San Francisco,CA,West,1984,Female,2024-10-01,Consumer,Silver,Occasional,Yes
4248,Sophia,Thompson,sophia.thompson.4248@outlook.com,(964) 222-4643,New York,NY,Northeast,1949,Female,2025-07-10,Enterprise,Silver,Regular,Yes
4249,Emily,Lewis,emily.lewis.4249@outlook.com,(584) 350-4752,Detroit,MI,Midwest,1960,Female,2026-04-22,Consumer,Bronze,Regular,No
4250,Daniel,Thompson,daniel.thompson.4250@outlook.com,(263) 992-8117,Richmond,VA,South,1974,Male,2025-09-16,Consumer,Bronze,Regular,Yes
4251,Joshua,Martinez,joshua.martinez.4251@protonmail.com,(800) 269-6657,Orlando,FL,South,1995,Male,2026-07-13,Enterprise,Bronze,Regular,Yes
4252,Brian,Young,brian.young.4252@protonmail.com,(305) 474-6111,Atlanta,GA,South,2004,Male,2025-11-10,Consumer,Silver,Occasional,Yes
4253,Melissa,King,melissa.king.4253@yahoo.com,(224) 524-7485,Seattle,WA,West,1984,Female,2023-08-23,Consumer,Bronze,Occasional,Yes
4254,Matthew,Thompson,matthew.thompson.4254@protonmail.com,(733) 611-7244,Charlotte,NC,South,1985,Male,2026-05-03,Consumer,Gold,Regular,Yes
4255,Amanda,King,amanda.king.4255@icloud.com,(208) 281-4049,Detroit,MI,Midwest,1998,Female,2025-06-16,Consumer,Silver,Occasional,Yes
4256,Charles,Davis,charles.davis.4256@yahoo.com,(854) 270-2581,Orlando,FL,South,1948,Male,2024-01-17,Consumer,Gold,Regular,Yes
4257,Andrew,Clark,andrew.clark.4257@protonmail.com,(328) 952-2100,Milwaukee,WI,Midwest,1999,Male,2023-11-08,Consumer,Bronze,Regular,Yes
4258,Edward,Lewis,edward.lewis.4258@gmail.com,(913) 685-5037,Boston,MA,Northeast,1976,Male,2023-12-21,Consumer,Silver,Regular,Yes
4259,Matthew,Flores,matthew.flores.4259@yahoo.com,(720) 827-2006,San Diego,CA,West,1996,Male,2023-03-15,Small Business,Bronze,VIP,Yes
4260,Ryan,Wilson,ryan.wilson.4260@yahoo.com,(604) 414-2092,San Diego,CA,West,1992,Male,2023-06-11,Consumer,Silver,Occasional,Yes
4261,Anthony,Robinson,anthony.robinson.4261@yahoo.com,(508) 502-6924,San Diego,CA,West,1967,Male,2024-03-04,Consumer,Bronze,Occasional,Yes
4262,Linda,Anderson,linda.anderson.4262@icloud.com,(397) 462-2692,San Francisco,CA,West,2004,Female,2023-01-08,Consumer,Gold,Regular,Yes
4263,Ryan,Johnson,ryan.johnson.4263@icloud.com,(312) 865-7301,Portland,OR,West,1961,Male,2025-04-23,Consumer,Bronze,Frequent,Yes
4264,Thomas,Gonzalez,thomas.gonzalez.4264@outlook.com,(971) 830-5611,Charlotte,NC,South,2002,Male,2024-11-13,Consumer,Bronze,Frequent,Yes
4265,Sandra,Rodriguez,sandra.rodriguez.4265@yahoo.com,(537) 748-5936,Las Vegas,NV,West,1987,Female,2024-12-11,Small Business,Gold,VIP,Yes
4266,Sandra,Walker,sandra.walker.4266@icloud.com,(329) 543-3897,Los Angeles,CA,West,1972,Female,2023-04-22,Consumer,Bronze,Frequent,Yes
4267,Megan,Jackson,megan.jackson.4267@icloud.com,(504) 856-3355,Houston,TX,South,1947,Female,2026-04-20,Consumer,Gold,Regular,Yes
4268,Justin,Scott,justin.scott.4268@gmail.com,(219) 899-9500,Orlando,FL,South,1998,Male,2024-02-14,Consumer,Bronze,Regular,Yes
4269,Sophia,Thompson,sophia.thompson.4269@yahoo.com,(779) 667-3057,San Francisco,CA,West,1966,Female,2024-05-03,Small Business,Bronze,Occasional,No
4270,Jacob,King,jacob.king.4270@outlook.com,(658) 656-5285,Cleveland,OH,Midwest,1966,Nonbinary,2024-03-28,Consumer,Gold,Occasional,Yes
4271,James,Gonzalez,james.gonzalez.4271@protonmail.com,(705) 903-9045,Houston,TX,South,2001,Male,2025-09-03,Consumer,Bronze,Occasional,Yes
4272,Barbara,Garcia,barbara.garcia.4272@outlook.com,(419) 877-5607,San Francisco,CA,West,1991,Female,2023-03-10,Enterprise,Gold,Occasional,Yes
4273,Robert,Gonzalez,robert.gonzalez.4273@outlook.com,(567) 233-1890,Richmond,VA,South,2003,Male,2025-02-02,Consumer,Bronze,Frequent,Yes
4274,Megan,Clark,megan.clark.4274@icloud.com,(546) 719-7148,Dallas,TX,South,1985,Female,2024-07-27,Consumer,Bronze,Frequent,Yes
4275,George,Jones,george.jones.4275@yahoo.com,(500) 522-6255,St. Louis,MO,Midwest,1998,Male,2023-08-22,Consumer,Gold,Occasional,Yes
4276,Betty,Young,betty.young.4276@protonmail.com,(862) 756-9607,Richmond,VA,South,1979,Female,2023-11-16,Small Business,Bronze,Occasional,Yes
4277,Margaret,Sanchez,margaret.sanchez.4277@yahoo.com,(465) 949-2841,Houston,TX,South,1983,Female,2023-03-13,Consumer,Bronze,Occasional,Yes
4278,Stephanie,Robinson,stephanie.robinson.4278@yahoo.com,(232) 638-7082,Miami,FL,South,1952,Female,2026-03-21,Consumer,Bronze,Occasional,Yes
4279,Ryan,Thompson,ryan.thompson.4279@yahoo.com,(811) 217-8504,Philadelphia,PA,Northeast,1996,Nonbinary,2026-08-04,Small Business,Bronze,Regular,Yes
4280,Linda,Gonzalez,linda.gonzalez.4280@protonmail.com,(533) 632-6418,Houston,TX,South,1958,Female,2026-03-03,Small Business,Bronze,Occasional,Yes
4281,David,Martinez,david.martinez.4281@yahoo.com,(781) 637-8331,Cleveland,OH,Midwest,1976,Male,2024-09-05,Small Business,Bronze,Regular,Yes
4282,Matthew,Ramirez,matthew.ramirez.4282@yahoo.com,(464) 299-6116,Pittsburgh,PA,Northeast,1959,Male,2024-03-23,Consumer,Bronze,Frequent,Yes
4283,Jacob,Harris,jacob.harris.4283@yahoo.com,(858) 809-4665,Cleveland,OH,Midwest,1999,Male,2023-12-04,Consumer,Bronze,Regular,No
4284,Jason,Perez,jason.perez.4284@gmail.com,(918) 600-9432,Columbus,OH,Midwest,1950,Male,2024-04-05,Consumer,Bronze,Frequent,Yes
4285,Brandon,Taylor,brandon.taylor.4285@outlook.com,(203) 668-2037,Las Vegas,NV,West,2003,Male,2025-12-12,Consumer,Bronze,Regular,Yes
4286,Ryan,Flores,ryan.flores.4286@gmail.com,(716) 932-8650,Charlotte,NC,South,1993,Nonbinary,2025-03-17,Consumer,Platinum,Regular,Yes
4287,Daniel,Anderson,daniel.anderson.4287@protonmail.com,(266) 796-5902,St. Louis,MO,Midwest,1993,Male,2024-12-19,Consumer,Silver,Occasional,Yes
4288,Kevin,Lee,kevin.lee.4288@yahoo.com,(334) 345-8272,Detroit,MI,Midwest,1955,Male,2024-08-14,Small Business,Gold,Regular,Yes
4289,Jennifer,Hernandez,jennifer.hernandez.4289@outlook.com,(865) 671-1490,Denver,CO,West,1981,Female,2025-10-23,Small Business,Silver,Regular,Yes
4290,Jessica,Thompson,jessica.thompson.4290@yahoo.com,(861) 796-3939,Houston,TX,South,1952,Female,2026-03-06,Consumer,Bronze,Occasional,Yes
4291,Rebecca,Davis,rebecca.davis.4291@icloud.com,(382) 609-4735,San Francisco,CA,West,1981,Female,2026-03-12,Consumer,Bronze,Regular,Yes
4292,Ashley,Jones,ashley.jones.4292@outlook.com,(955) 792-6882,Hartford,CT,Northeast,2004,Female,2024-07-03,Consumer,Silver,Regular,Yes
4293,Mary,Wilson,mary.wilson.4293@outlook.com,(427) 568-9205,Atlanta,GA,South,1992,Female,2023-11-03,Small Business,Bronze,Regular,Yes
4294,Nathan,Young,nathan.young.4294@yahoo.com,(277) 379-2318,Charlotte,NC,South,1993,Male,2024-08-01,Consumer,Silver,VIP,Yes
4295,Betty,Williams,betty.williams.4295@outlook.com,(542) 342-7411,Dallas,TX,South,1954,Female,2025-03-13,Small Business,Bronze,Regular,Yes
4296,Richard,Harris,richard.harris.4296@yahoo.com,(680) 305-8085,Buffalo,NY,Northeast,1975,Male,2025-12-29,Small Business,Platinum,Occasional,Yes
4297,Thomas,Young,thomas.young.4297@icloud.com,(320) 473-7149,Indianapolis,IN,Midwest,1981,Male,2023-04-18,Consumer,Gold,Regular,Yes
4298,Jessica,Allen,jessica.allen.4298@yahoo.com,(767) 979-7777,Denver,CO,West,1996,Female,2025-06-09,Consumer,Bronze,Regular,Yes
4299,Joshua,Hill,joshua.hill.4299@outlook.com,(242) 432-7401,Nashville,TN,South,1996,Male,2024-11-19,Consumer,Bronze,Occasional,No
4300,Brian,Torres,brian.torres.4300@icloud.com,(314) 847-7080,Orlando,FL,South,2004,Male,2026-01-14,Small Business,Bronze,Frequent,Yes
4301,Ryan,Jackson,ryan.jackson.4301@outlook.com,(662) 281-8656,Seattle,WA,West,1992,Male,2025-07-09,Small Business,Bronze,Regular,Yes
4302,Amanda,Wright,amanda.wright.4302@icloud.com,(545) 509-6350,Pittsburgh,PA,Northeast,1947,Female,2023-10-28,Enterprise,Silver,Occasional,Yes
4303,Jessica,Harris,jessica.harris.4303@outlook.com,(833) 346-3302,Cleveland,OH,Midwest,1987,Female,2026-02-04,Consumer,Platinum,Frequent,Yes
4304,Patricia,Jackson,patricia.jackson.4304@protonmail.com,(762) 390-1502,San Francisco,CA,West,1992,Female,2026-05-02,Consumer,Bronze,VIP,Yes
4305,Brian,Wilson,brian.wilson.4305@icloud.com,(918) 782-4567,Atlanta,GA,South,1957,Male,2024-04-19,Small Business,Bronze,Occasional,Yes
4306,Edward,Thompson,edward.thompson.4306@gmail.com,(269) 439-4426,Detroit,MI,Midwest,1953,Male,2026-06-25,Consumer,Bronze,Regular,Yes
4307,Daniel,Walker,daniel.walker.4307@icloud.com,(922) 503-2282,Los Angeles,CA,West,2004,Male,2023-04-12,Consumer,Gold,Regular,No
4308,Jessica,Hill,jessica.hill.4308@protonmail.com,(445) 759-3421,Philadelphia,PA,Northeast,1972,Female,2026-04-02,Consumer,Platinum,Regular,Yes
4309,John,Thomas,john.thomas.4309@outlook.com,(644) 967-8470,Atlanta,GA,South,1980,Male,2024-05-26,Consumer,Bronze,Occasional,Yes
4310,Richard,Sanchez,richard.sanchez.4310@yahoo.com,(630) 289-6235,Boston,MA,Northeast,1983,Male,2023-06-06,Consumer,Silver,Occasional,Yes
4311,Charles,Jones,charles.jones.4311@outlook.com,(265) 960-9035,Pittsburgh,PA,Northeast,1956,Male,2026-03-30,Consumer,Bronze,Occasional,Yes
4312,Nathan,Perez,nathan.perez.4312@protonmail.com,(813) 730-2229,Cleveland,OH,Midwest,2003,Male,2023-05-12,Consumer,Bronze,Frequent,No
4313,Jessica,Martinez,jessica.martinez.4313@icloud.com,(731) 442-1567,Columbus,OH,Midwest,1964,Female,2025-10-16,Consumer,Gold,VIP,Yes
4314,Christopher,Moore,christopher.moore.4314@icloud.com,(498) 341-5369,Buffalo,NY,Northeast,1954,Male,2024-05-27,Consumer,Gold,Occasional,Yes
4315,Christina,Young,christina.young.4315@protonmail.com,(886) 855-4109,Houston,TX,South,1958,Female,2023-11-15,Consumer,Bronze,Regular,Yes
4316,Matthew,Lewis,matthew.lewis.4316@outlook.com,(445) 517-2486,San Diego,CA,West,1973,Male,2026-04-28,Consumer,Silver,Frequent,Yes
4317,David,Martin,david.martin.4317@icloud.com,(980) 361-7943,Boston,MA,Northeast,1951,Male,2024-02-21,Consumer,Silver,Occasional,Yes
4318,Sophia,Jones,sophia.jones.4318@protonmail.com,(825) 624-2432,Las Vegas,NV,West,1998,Female,2025-06-03,Small Business,Bronze,Regular,Yes
4319,Charles,Wright,charles.wright.4319@protonmail.com,(704) 575-9946,Nashville,TN,South,1964,Male,2023-02-10,Consumer,Bronze,Occasional,Yes
4320,Jennifer,Martin,jennifer.martin.4320@outlook.com,(416) 248-7339,Boston,MA,Northeast,2003,Female,2024-12-05,Consumer,Gold,Regular,Yes
4321,Margaret,Scott,margaret.scott.4321@protonmail.com,(726) 226-1689,Providence,RI,Northeast,2002,Female,2023-11-08,Small Business,Bronze,Frequent,Yes
4322,James,White,james.white.4322@yahoo.com,(873) 289-8777,Atlanta,GA,South,1986,Male,2024-09-07,Consumer,Bronze,Regular,Yes
4323,Sarah,Rodriguez,sarah.rodriguez.4323@protonmail.com,(651) 539-3078,Portland,OR,West,1998,Female,2025-12-08,Consumer,Silver,Regular,Yes
4324,Emma,King,emma.king.4324@gmail.com,(379) 899-2210,Portland,OR,West,1965,Female,2024-01-29,Consumer,Bronze,Regular,Yes
4325,Emily,Smith,emily.smith.4325@gmail.com,(647) 378-8675,Buffalo,NY,Northeast,1957,Female,2023-10-13,Small Business,Bronze,Occasional,Yes
4326,Christina,White,christina.white.4326@icloud.com,(236) 470-2568,Atlanta,GA,South,1957,Female,2025-12-23,Small Business,Gold,Occasional,Yes
4327,Lisa,Moore,lisa.moore.4327@yahoo.com,(554) 880-6167,Houston,TX,South,1981,Female,2025-10-27,Consumer,Bronze,Occasional,Yes
4328,Margaret,Jackson,margaret.jackson.4328@gmail.com,(882) 881-6552,Cleveland,OH,Midwest,1958,Female,2023-02-02,Enterprise,Bronze,Frequent,Yes
4329,Linda,White,linda.white.4329@yahoo.com,(748) 879-1547,Milwaukee,WI,Midwest,1953,Female,2025-05-30,Consumer,Bronze,Regular,Yes
4330,George,Moore,george.moore.4330@outlook.com,(829) 409-9689,Indianapolis,IN,Midwest,1960,Male,2024-02-06,Small Business,Bronze,Occasional,Yes
4331,Matthew,Perez,matthew.perez.4331@protonmail.com,(218) 583-4112,Miami,FL,South,2002,Male,2023-11-17,Small Business,Bronze,Occasional,Yes
4332,Emily,Torres,emily.torres.4332@yahoo.com,(605) 533-2245,San Francisco,CA,West,1999,Female,2024-03-10,Consumer,Bronze,Occasional,Yes
4333,Brandon,Hill,brandon.hill.4333@icloud.com,(803) 718-4699,Hartford,CT,Northeast,1991,Male,2023-08-23,Consumer,Bronze,Occasional,Yes
4334,Olivia,Lewis,olivia.lewis.4334@outlook.com,(994) 312-8230,Phoenix,AZ,West,1980,Female,2023-03-05,Consumer,Bronze,Regular,Yes
4335,Stephanie,Torres,stephanie.torres.4335@icloud.com,(528) 406-2666,Nashville,TN,South,1999,Female,2024-05-08,Consumer,Bronze,Regular,Yes
4336,Olivia,Wright,olivia.wright.4336@gmail.com,(233) 337-6124,Nashville,TN,South,2002,Female,2023-02-17,Small Business,Bronze,Frequent,Yes
4337,Edward,Perez,edward.perez.4337@protonmail.com,(684) 964-5380,San Diego,CA,West,1947,Male,2026-08-01,Consumer,Bronze,Occasional,Yes
4338,Brian,Young,brian.young.4338@outlook.com,(554) 283-1623,Richmond,VA,South,2000,Male,2024-06-18,Enterprise,Bronze,Occasional,Yes
4339,Margaret,Martin,margaret.martin.4339@outlook.com,(926) 485-5676,Houston,TX,South,1964,Female,2025-11-11,Consumer,Gold,Occasional,Yes
4340,Nathan,Lopez,nathan.lopez.4340@outlook.com,(205) 554-7040,Orlando,FL,South,1984,Male,2024-02-12,Consumer,Silver,Regular,Yes
4341,Ryan,White,ryan.white.4341@outlook.com,(211) 496-4590,St. Louis,MO,Midwest,2000,Male,2024-12-28,Consumer,Bronze,Regular,Yes
4342,Linda,White,linda.white.4342@icloud.com,(411) 314-5311,San Francisco,CA,West,1963,Female,2024-08-22,Consumer,Bronze,Occasional,Yes
4343,Stephanie,Johnson,stephanie.johnson.4343@gmail.com,(318) 858-5909,Atlanta,GA,South,1959,Female,2023-01-16,Consumer,Bronze,Regular,Yes
4344,Melissa,Robinson,melissa.robinson.4344@yahoo.com,(439) 260-6465,Orlando,FL,South,1961,Female,2024-03-16,Consumer,Gold,Regular,Yes
4345,Nathan,Walker,nathan.walker.4345@protonmail.com,(771) 299-7457,Denver,CO,West,1980,Male,2024-04-14,Consumer,Bronze,Occasional,Yes
4346,Charles,Garcia,charles.garcia.4346@outlook.com,(696) 324-6039,Milwaukee,WI,Midwest,1976,Male,2023-03-01,Consumer,Bronze,Occasional,Yes
4347,Karen,Martinez,karen.martinez.4347@protonmail.com,(654) 381-1861,Orlando,FL,South,1993,Female,2024-03-15,Small Business,Silver,Frequent,Yes
4348,Richard,King,richard.king.4348@outlook.com,(688) 911-5792,Nashville,TN,South,1984,Male,2024-10-01,Small Business,Bronze,Occasional,Yes
4349,Lisa,Scott,lisa.scott.4349@outlook.com,(323) 229-9318,Nashville,TN,South,1955,Female,2023-04-14,Consumer,Bronze,Occasional,Yes
4350,Sarah,Wright,sarah.wright.4350@protonmail.com,(927) 380-8761,Milwaukee,WI,Midwest,1960,Female,2024-06-02,Small Business,Silver,Regular,Yes
4351,Jacob,Moore,jacob.moore.4351@protonmail.com,(856) 995-2081,Los Angeles,CA,West,1976,Male,2024-07-27,Consumer,Bronze,VIP,Yes
4352,David,Jackson,david.jackson.4352@outlook.com,(559) 466-8173,Minneapolis,MN,Midwest,1971,Male,2024-08-06,Consumer,Bronze,Occasional,Yes
4353,Andrew,Brown,andrew.brown.4353@protonmail.com,(322) 471-2877,Providence,RI,Northeast,1957,Male,2025-03-11,Consumer,Silver,Occasional,Yes
4354,Donald,Robinson,donald.robinson.4354@outlook.com,(833) 639-7784,Chicago,IL,Midwest,1953,Male,2026-03-02,Small Business,Gold,Occasional,Yes
4355,Matthew,Miller,matthew.miller.4355@yahoo.com,(524) 873-8415,Detroit,MI,Midwest,1994,Male,2024-01-05,Consumer,Bronze,VIP,Yes
4356,Emma,Nguyen,emma.nguyen.4356@outlook.com,(686) 906-4777,Columbus,OH,Midwest,2000,Female,2025-05-29,Enterprise,Bronze,Occasional,Yes
4357,Richard,White,richard.white.4357@icloud.com,(261) 864-1950,Cleveland,OH,Midwest,1970,Male,2024-08-21,Consumer,Bronze,Occasional,Yes
4358,Susan,Johnson,susan.johnson.4358@yahoo.com,(709) 488-8816,Orlando,FL,South,1956,Female,2023-04-12,Consumer,Bronze,Regular,Yes
4359,Susan,Sanchez,susan.sanchez.4359@yahoo.com,(247) 370-9316,Dallas,TX,South,1946,Female,2025-03-30,Consumer,Bronze,Regular,Yes
4360,Jason,Smith,jason.smith.4360@protonmail.com,(401) 572-4587,Cleveland,OH,Midwest,1962,Male,2025-03-12,Consumer,Gold,Regular,Yes
4361,Daniel,Harris,daniel.harris.4361@icloud.com,(283) 738-9824,New York,NY,Northeast,1953,Male,2025-05-03,Small Business,Bronze,Frequent,Yes
4362,William,Clark,william.clark.4362@icloud.com,(424) 390-3333,Chicago,IL,Midwest,1950,Male,2026-04-09,Consumer,Bronze,Regular,Yes
4363,Donald,Lewis,donald.lewis.4363@gmail.com,(986) 486-6597,Portland,OR,West,1975,Male,2025-09-23,Small Business,Bronze,Regular,Yes
4364,Sandra,Harris,sandra.harris.4364@yahoo.com,(450) 789-7707,St. Louis,MO,Midwest,1974,Female,2023-10-09,Consumer,Silver,Regular,Yes
4365,Betty,Anderson,betty.anderson.4365@protonmail.com,(795) 278-8764,Newark,NJ,Northeast,1958,Female,2023-12-21,Consumer,Gold,Regular,Yes
4366,Steven,White,steven.white.4366@gmail.com,(959) 593-3326,Seattle,WA,West,2005,Male,2025-10-28,Consumer,Bronze,Regular,Yes
4367,Brian,King,brian.king.4367@protonmail.com,(673) 417-5896,Dallas,TX,South,1967,Male,2023-04-09,Consumer,Silver,Frequent,Yes
4368,Joshua,Perez,joshua.perez.4368@protonmail.com,(367) 799-4835,Los Angeles,CA,West,1988,Male,2026-06-16,Consumer,Bronze,Occasional,Yes
4369,Abigail,Miller,abigail.miller.4369@icloud.com,(787) 335-7450,Orlando,FL,South,2005,Female,2026-06-02,Small Business,Gold,Occasional,Yes
4370,Joseph,Ramirez,joseph.ramirez.4370@yahoo.com,(331) 686-4910,St. Louis,MO,Midwest,1969,Male,2026-06-30,Consumer,Bronze,Regular,Yes
4371,Christina,Lewis,christina.lewis.4371@protonmail.com,(436) 999-9200,Atlanta,GA,South,1952,Female,2024-07-18,Consumer,Silver,Regular,Yes
4372,Sandra,Lee,sandra.lee.4372@icloud.com,(694) 856-9233,San Francisco,CA,West,1983,Female,2025-08-18,Consumer,Platinum,Occasional,Yes
4373,Anthony,Davis,anthony.davis.4373@outlook.com,(765) 856-1060,San Francisco,CA,West,1972,Male,2025-04-28,Consumer,Silver,Occasional,Yes
4374,James,Martinez,james.martinez.4374@icloud.com,(533) 294-8749,Philadelphia,PA,Northeast,1972,Male,2025-03-05,Consumer,Bronze,Occasional,Yes
4375,Margaret,Sanchez,margaret.sanchez.4375@outlook.com,(757) 742-4294,Nashville,TN,South,1997,Female,2025-10-16,Small Business,Bronze,Occasional,Yes
4376,Richard,King,richard.king.4376@yahoo.com,(789) 771-6985,Charlotte,NC,South,1949,Male,2026-05-11,Consumer,Bronze,Regular,Yes
4377,Brian,Hernandez,brian.hernandez.4377@icloud.com,(226) 939-6274,Miami,FL,South,1988,Nonbinary,2023-04-24,Consumer,Gold,Regular,Yes
4378,Rebecca,Flores,rebecca.flores.4378@icloud.com,(670) 934-5115,Pittsburgh,PA,Northeast,1996,Female,2024-11-01,Small Business,Bronze,Occasional,No
4379,Stephanie,Jones,stephanie.jones.4379@gmail.com,(281) 658-8717,Minneapolis,MN,Midwest,1991,Female,2023-08-23,Consumer,Bronze,Frequent,Yes
4380,Rachel,Williams,rachel.williams.4380@yahoo.com,(991) 333-4558,Philadelphia,PA,Northeast,1989,Female,2024-05-26,Consumer,Silver,Regular,Yes
4381,Lisa,Lee,lisa.lee.4381@icloud.com,(390) 848-2779,Atlanta,GA,South,1966,Female,2024-06-16,Consumer,Bronze,Regular,Yes
4382,James,Hernandez,james.hernandez.4382@yahoo.com,(467) 556-3609,Atlanta,GA,South,1981,Male,2024-01-23,Consumer,Bronze,Frequent,Yes
4383,Sandra,Harris,sandra.harris.4383@outlook.com,(617) 351-9376,Dallas,TX,South,1946,Female,2024-10-24,Consumer,Silver,Frequent,No
4384,Matthew,Young,matthew.young.4384@gmail.com,(506) 442-3905,Buffalo,NY,Northeast,1999,Male,2024-02-07,Consumer,Bronze,Occasional,Yes
4385,Joshua,Torres,joshua.torres.4385@protonmail.com,(316) 765-3106,St. Louis,MO,Midwest,1971,Male,2023-02-13,Consumer,Silver,Regular,Yes
4386,John,Brown,john.brown.4386@icloud.com,(753) 829-1884,Atlanta,GA,South,1987,Male,2024-04-02,Consumer,Silver,Regular,No
4387,Amanda,King,amanda.king.4387@icloud.com,(695) 832-1609,Miami,FL,South,1951,Female,2026-05-11,Consumer,Bronze,Occasional,Yes
4388,Kevin,Young,kevin.young.4388@gmail.com,(435) 782-8578,Miami,FL,South,1998,Male,2024-01-05,Consumer,Silver,Regular,Yes
4389,Richard,Anderson,richard.anderson.4389@outlook.com,(368) 868-7845,Los Angeles,CA,West,1961,Male,2023-07-05,Small Business,Bronze,Regular,Yes
4390,George,Martin,george.martin.4390@outlook.com,(214) 234-7336,Detroit,MI,Midwest,2005,Male,2023-10-01,Small Business,Silver,Occasional,Yes
4391,Nicole,Gonzalez,nicole.gonzalez.4391@outlook.com,(295) 265-5664,Portland,OR,West,1959,Female,2026-06-14,Consumer,Bronze,Occasional,Yes
4392,Sandra,Lee,sandra.lee.4392@gmail.com,(541) 629-2146,Las Vegas,NV,West,1990,Female,2023-06-23,Consumer,Silver,Regular,Yes
4393,Jennifer,Lopez,jennifer.lopez.4393@icloud.com,(912) 917-7529,Nashville,TN,South,1954,Female,2026-03-18,Consumer,Bronze,Occasional,No
4394,Patricia,Anderson,patricia.anderson.4394@yahoo.com,(326) 659-3556,Dallas,TX,South,2003,Female,2024-11-11,Consumer,Bronze,Regular,Yes
4395,Betty,Torres,betty.torres.4395@outlook.com,(935) 926-1091,Las Vegas,NV,West,1994,Female,2024-04-10,Small Business,Bronze,Occasional,No
4396,Nathan,Miller,nathan.miller.4396@protonmail.com,(334) 334-9263,Denver,CO,West,2005,Male,2026-02-03,Small Business,Gold,Regular,Yes
4397,David,Jones,david.jones.4397@outlook.com,(863) 726-7711,Seattle,WA,West,1995,Male,2024-10-21,Small Business,Bronze,Regular,No
4398,George,Martin,george.martin.4398@protonmail.com,(578) 319-8235,Orlando,FL,South,1966,Male,2024-07-15,Consumer,Bronze,Occasional,Yes
4399,Elizabeth,Perez,elizabeth.perez.4399@gmail.com,(860) 358-8747,Orlando,FL,South,1969,Prefer not to say,2023-09-02,Consumer,Silver,Frequent,Yes
4400,Megan,Jackson,megan.jackson.4400@gmail.com,(336) 742-1906,Richmond,VA,South,1991,Female,2025-01-10,Small Business,Silver,Regular,No
4401,George,Thompson,george.thompson.4401@gmail.com,(607) 312-6475,San Francisco,CA,West,1993,Male,2026-05-07,Small Business,Bronze,Occasional,Yes
4402,Nicole,Scott,nicole.scott.4402@outlook.com,(822) 350-9788,St. Louis,MO,Midwest,1952,Female,2023-05-29,Small Business,Bronze,VIP,Yes
4403,James,Moore,james.moore.4403@protonmail.com,(609) 527-6860,Buffalo,NY,Northeast,1956,Male,2026-07-07,Consumer,Silver,Occasional,Yes
4404,Christina,Allen,christina.allen.4404@gmail.com,(596) 787-1824,Houston,TX,South,1977,Female,2026-05-15,Consumer,Gold,Frequent,Yes
4405,Kevin,Walker,kevin.walker.4405@gmail.com,(605) 239-3393,Houston,TX,South,1994,Male,2024-09-15,Consumer,Silver,Occasional,Yes
4406,Nathan,Williams,nathan.williams.4406@protonmail.com,(787) 832-1302,Milwaukee,WI,Midwest,1951,Male,2023-09-29,Consumer,Bronze,VIP,Yes
4407,Rebecca,Young,rebecca.young.4407@outlook.com,(220) 366-4611,Dallas,TX,South,2001,Female,2025-10-27,Consumer,Gold,Occasional,Yes
4408,Ryan,Robinson,ryan.robinson.4408@yahoo.com,(303) 922-3362,Miami,FL,South,1967,Male,2023-10-07,Consumer,Bronze,Occasional,No
4409,Brian,Miller,brian.miller.4409@protonmail.com,(721) 466-1284,San Francisco,CA,West,1989,Male,2023-10-14,Consumer,Gold,Regular,Yes
4410,Barbara,Young,barbara.young.4410@yahoo.com,(508) 867-5449,Nashville,TN,South,1950,Female,2023-08-18,Consumer,Silver,Regular,Yes
4411,Jason,Thompson,jason.thompson.4411@icloud.com,(746) 295-1057,Pittsburgh,PA,Northeast,1988,Male,2023-02-07,Small Business,Silver,Regular,Yes
4412,Emily,Young,emily.young.4412@gmail.com,(922) 510-7451,St. Louis,MO,Midwest,1985,Female,2026-07-22,Consumer,Gold,Occasional,Yes
4413,Emily,Lopez,emily.lopez.4413@gmail.com,(305) 362-2234,Boston,MA,Northeast,1945,Female,2024-09-03,Consumer,Bronze,Occasional,Yes
4414,Margaret,Wilson,margaret.wilson.4414@gmail.com,(360) 814-1259,Portland,OR,West,1968,Female,2024-11-21,Consumer,Bronze,Frequent,Yes
4415,Barbara,King,barbara.king.4415@protonmail.com,(713) 990-4297,Phoenix,AZ,West,1963,Female,2025-02-24,Consumer,Bronze,Regular,Yes
4416,Elizabeth,Williams,elizabeth.williams.4416@protonmail.com,(875) 810-1027,Detroit,MI,Midwest,1950,Female,2024-01-26,Consumer,Silver,Frequent,Yes
4417,Olivia,Williams,olivia.williams.4417@outlook.com,(687) 914-4742,Pittsburgh,PA,Northeast,2001,Female,2025-08-19,Consumer,Gold,VIP,Yes
4418,Christina,Harris,christina.harris.4418@gmail.com,(720) 729-3879,Dallas,TX,South,1962,Female,2025-03-05,Consumer,Gold,Occasional,Yes
4419,Charles,Gonzalez,charles.gonzalez.4419@outlook.com,(352) 455-9062,Minneapolis,MN,Midwest,1988,Male,2025-07-06,Small Business,Silver,Frequent,Yes
4420,Brian,Hernandez,brian.hernandez.4420@protonmail.com,(612) 901-5728,Detroit,MI,Midwest,2004,Male,2023-01-11,Consumer,Bronze,Regular,Yes
4421,Melissa,Martinez,melissa.martinez.4421@protonmail.com,(567) 882-9582,Portland,OR,West,1991,Female,2025-01-20,Small Business,Bronze,Regular,Yes
4422,Emma,Ramirez,emma.ramirez.4422@gmail.com,(359) 983-6553,Detroit,MI,Midwest,1993,Female,2026-07-11,Consumer,Gold,Regular,Yes
4423,Lisa,Sanchez,lisa.sanchez.4423@yahoo.com,(350) 472-2778,Newark,NJ,Northeast,1991,Female,2024-09-05,Consumer,Bronze,Occasional,Yes
4424,Mark,Lee,mark.lee.4424@gmail.com,(936) 227-8187,Orlando,FL,South,1970,Male,2024-06-09,Consumer,Bronze,Occasional,Yes
4425,Betty,Harris,betty.harris.4425@protonmail.com,(920) 692-9665,Los Angeles,CA,West,1949,Female,2024-03-22,Enterprise,Bronze,Frequent,Yes
4426,Betty,Harris,betty.harris.4426@outlook.com,(463) 372-8908,Seattle,WA,West,1964,Female,2024-01-15,Consumer,Silver,Frequent,Yes
4427,John,Lopez,john.lopez.4427@protonmail.com,(348) 636-2730,Las Vegas,NV,West,1953,Male,2023-08-06,Consumer,Silver,Frequent,Yes
4428,Brian,Flores,brian.flores.4428@protonmail.com,(275) 796-6105,Las Vegas,NV,West,1987,Male,2024-08-09,Consumer,Bronze,VIP,Yes
4429,Nicole,Scott,nicole.scott.4429@protonmail.com,(635) 683-4074,Newark,NJ,Northeast,1963,Female,2023-01-22,Consumer,Gold,Frequent,Yes
4430,Nathan,Sanchez,nathan.sanchez.4430@icloud.com,(555) 601-4182,Houston,TX,South,1962,Male,2023-11-24,Consumer,Bronze,Regular,Yes
4431,Ryan,Wright,ryan.wright.4431@outlook.com,(714) 226-8921,Milwaukee,WI,Midwest,1961,Male,2024-11-19,Consumer,Bronze,Occasional,Yes
4432,Christopher,Robinson,christopher.robinson.4432@outlook.com,(879) 445-4163,Los Angeles,CA,West,1953,Male,2025-02-07,Consumer,Gold,Frequent,Yes
4433,James,Sanchez,james.sanchez.4433@icloud.com,(906) 340-4304,Dallas,TX,South,1979,Male,2025-08-25,Consumer,Bronze,Regular,Yes
4434,Matthew,Jones,matthew.jones.4434@protonmail.com,(562) 817-6961,Boston,MA,Northeast,1996,Male,2026-03-04,Consumer,Bronze,Regular,Yes
4435,Robert,Perez,robert.perez.4435@gmail.com,(950) 608-7246,Los Angeles,CA,West,1992,Male,2023-06-29,Consumer,Bronze,Frequent,Yes
4436,Amanda,Allen,amanda.allen.4436@protonmail.com,(287) 544-9626,Providence,RI,Northeast,1982,Female,2024-03-08,Consumer,Silver,Regular,Yes
4437,Elizabeth,White,elizabeth.white.4437@gmail.com,(364) 751-3980,Los Angeles,CA,West,1992,Female,2026-01-16,Consumer,Bronze,Regular,Yes
4438,Thomas,Flores,thomas.flores.4438@icloud.com,(765) 313-6993,Orlando,FL,South,1987,Male,2026-04-22,Small Business,Gold,Frequent,No
4439,Kevin,Gonzalez,kevin.gonzalez.4439@icloud.com,(597) 980-6007,San Diego,CA,West,1980,Male,2024-05-09,Small Business,Bronze,Occasional,Yes
4440,Sandra,Jackson,sandra.jackson.4440@yahoo.com,(549) 605-8114,Dallas,TX,South,1980,Female,2025-08-11,Consumer,Bronze,Regular,Yes
4441,Michael,Perez,michael.perez.4441@icloud.com,(514) 887-1942,Phoenix,AZ,West,2003,Male,2025-04-17,Consumer,Bronze,Occasional,Yes
4442,Justin,Ramirez,justin.ramirez.4442@yahoo.com,(966) 843-8718,Charlotte,NC,South,1969,Male,2026-06-29,Consumer,Bronze,Frequent,Yes
4443,Abigail,Wright,abigail.wright.4443@icloud.com,(407) 212-2832,Columbus,OH,Midwest,2005,Female,2023-10-02,Consumer,Bronze,VIP,Yes
4444,Mark,Flores,mark.flores.4444@yahoo.com,(868) 600-6149,Portland,OR,West,1951,Male,2023-11-09,Consumer,Bronze,Regular,Yes
4445,Kevin,Wright,kevin.wright.4445@icloud.com,(735) 480-2742,Orlando,FL,South,1989,Male,2024-04-08,Consumer,Silver,Regular,Yes
4446,Sophia,Torres,sophia.torres.4446@gmail.com,(550) 848-7949,Miami,FL,South,1957,Female,2025-07-19,Enterprise,Silver,Regular,Yes
4447,George,Walker,george.walker.4447@outlook.com,(365) 692-7597,Detroit,MI,Midwest,1986,Male,2024-01-21,Consumer,Bronze,Occasional,Yes
4448,Anthony,Flores,anthony.flores.4448@icloud.com,(896) 911-7281,Richmond,VA,South,1973,Male,2026-03-29,Consumer,Silver,Regular,Yes
4449,Christopher,Young,christopher.young.4449@icloud.com,(310) 848-8228,New York,NY,Northeast,1962,Male,2024-04-09,Consumer,Bronze,Occasional,Yes
4450,Michael,Garcia,michael.garcia.4450@icloud.com,(251) 356-2931,Denver,CO,West,1997,Male,2024-08-02,Consumer,Bronze,Occasional,Yes
4451,Betty,Lopez,betty.lopez.4451@icloud.com,(716) 913-4914,Orlando,FL,South,1955,Female,2025-09-10,Consumer,Bronze,Frequent,Yes
4452,William,Harris,william.harris.4452@icloud.com,(795) 712-2168,Las Vegas,NV,West,1956,Male,2025-11-24,Consumer,Bronze,Occasional,Yes
4453,Robert,Ramirez,robert.ramirez.4453@yahoo.com,(941) 930-8678,Richmond,VA,South,1972,Male,2025-01-28,Consumer,Bronze,Regular,Yes
4454,Barbara,Flores,barbara.flores.4454@gmail.com,(591) 482-7334,Seattle,WA,West,1988,Female,2024-06-07,Enterprise,Silver,Regular,Yes
4455,Matthew,Williams,matthew.williams.4455@gmail.com,(466) 535-7135,Hartford,CT,Northeast,2002,Male,2024-11-10,Consumer,Bronze,Occasional,Yes
4456,Brandon,Sanchez,brandon.sanchez.4456@gmail.com,(218) 987-7305,Miami,FL,South,2000,Male,2023-09-16,Consumer,Bronze,Regular,No
4457,Rachel,Flores,rachel.flores.4457@gmail.com,(719) 874-1041,Las Vegas,NV,West,1953,Female,2024-07-11,Consumer,Bronze,Regular,Yes
4458,Elizabeth,Smith,elizabeth.smith.4458@icloud.com,(627) 737-8743,St. Louis,MO,Midwest,1946,Female,2025-10-20,Small Business,Bronze,Occasional,Yes
4459,Rachel,Scott,rachel.scott.4459@outlook.com,(440) 241-5345,Newark,NJ,Northeast,1972,Female,2023-06-15,Consumer,Bronze,Regular,Yes
4460,Jessica,Sanchez,jessica.sanchez.4460@yahoo.com,(758) 900-2667,Los Angeles,CA,West,1971,Female,2023-07-16,Small Business,Silver,Regular,Yes
4461,Margaret,Hernandez,margaret.hernandez.4461@gmail.com,(901) 228-3283,Philadelphia,PA,Northeast,1979,Female,2023-03-20,Enterprise,Gold,Regular,Yes
4462,Edward,White,edward.white.4462@yahoo.com,(742) 760-2176,Hartford,CT,Northeast,1976,Male,2024-06-16,Small Business,Silver,Regular,Yes
4463,Rebecca,Scott,rebecca.scott.4463@yahoo.com,(412) 518-6106,Newark,NJ,Northeast,1981,Female,2025-08-17,Consumer,Platinum,Regular,Yes
4464,Sandra,White,sandra.white.4464@outlook.com,(441) 797-3958,Orlando,FL,South,1956,Female,2025-03-26,Consumer,Gold,Occasional,Yes
4465,Abigail,Nguyen,abigail.nguyen.4465@yahoo.com,(714) 923-1075,Orlando,FL,South,1996,Female,2023-10-03,Consumer,Silver,Occasional,No
4466,Betty,Walker,betty.walker.4466@protonmail.com,(419) 895-2012,Milwaukee,WI,Midwest,1959,Female,2026-06-23,Consumer,Silver,Frequent,Yes
4467,Lauren,Allen,lauren.allen.4467@gmail.com,(477) 332-1542,Newark,NJ,Northeast,1983,Female,2023-06-18,Small Business,Silver,Frequent,Yes
4468,Brian,Brown,brian.brown.4468@yahoo.com,(620) 703-4042,San Francisco,CA,West,1973,Male,2026-01-31,Consumer,Bronze,Frequent,Yes
4469,Ashley,Harris,ashley.harris.4469@gmail.com,(892) 780-6798,Los Angeles,CA,West,1964,Female,2025-11-23,Consumer,Gold,Occasional,Yes
4470,George,Lopez,george.lopez.4470@yahoo.com,(228) 934-7553,Pittsburgh,PA,Northeast,1961,Male,2024-07-09,Consumer,Silver,Frequent,Yes
4471,John,Thompson,john.thompson.4471@yahoo.com,(753) 595-2079,Columbus,OH,Midwest,1976,Male,2026-04-25,Consumer,Bronze,Frequent,Yes
4472,Kevin,Hernandez,kevin.hernandez.4472@gmail.com,(925) 694-3792,Miami,FL,South,1956,Male,2024-03-25,Consumer,Bronze,Frequent,Yes
4473,Patricia,Thompson,patricia.thompson.4473@icloud.com,(725) 202-9622,Philadelphia,PA,Northeast,1971,Female,2026-02-05,Consumer,Silver,Occasional,Yes
4474,Lisa,Anderson,lisa.anderson.4474@yahoo.com,(675) 260-4658,Portland,OR,West,1954,Female,2024-06-27,Consumer,Bronze,Frequent,Yes
4475,Matthew,Nguyen,matthew.nguyen.4475@protonmail.com,(360) 815-1030,Richmond,VA,South,1998,Male,2025-09-08,Consumer,Silver,Regular,Yes
4476,Paul,Torres,paul.torres.4476@gmail.com,(865) 433-8866,San Diego,CA,West,1991,Male,2023-05-23,Small Business,Gold,Regular,Yes
4477,Paul,Jones,paul.jones.4477@outlook.com,(348) 948-5791,Charlotte,NC,South,1997,Male,2024-01-06,Consumer,Silver,Regular,Yes
4478,Mark,Hernandez,mark.hernandez.4478@protonmail.com,(288) 511-4708,Buffalo,NY,Northeast,1946,Male,2024-01-18,Consumer,Bronze,Frequent,Yes
4479,Joseph,Wright,joseph.wright.4479@protonmail.com,(808) 371-4764,Portland,OR,West,1950,Male,2024-05-22,Small Business,Silver,Regular,Yes
4480,John,Anderson,john.anderson.4480@icloud.com,(274) 415-1669,Columbus,OH,Midwest,1978,Male,2024-01-03,Consumer,Bronze,Regular,Yes
4481,Joshua,Walker,joshua.walker.4481@icloud.com,(831) 637-5615,Chicago,IL,Midwest,1997,Male,2025-09-18,Small Business,Bronze,Regular,Yes
4482,Sandra,Williams,sandra.williams.4482@protonmail.com,(832) 267-4083,St. Louis,MO,Midwest,1960,Female,2025-02-03,Consumer,Bronze,Frequent,No
4483,Karen,Jones,karen.jones.4483@gmail.com,(796) 567-5141,Richmond,VA,South,1988,Female,2026-01-05,Consumer,Bronze,Regular,Yes
4484,Jessica,Wilson,jessica.wilson.4484@gmail.com,(209) 738-9601,Atlanta,GA,South,1968,Female,2025-11-02,Consumer,Silver,Frequent,Yes
4485,Michael,Lewis,michael.lewis.4485@gmail.com,(547) 816-8100,Boston,MA,Northeast,1979,Male,2024-07-14,Small Business,Silver,Occasional,Yes
4486,Edward,Smith,edward.smith.4486@icloud.com,(710) 538-4869,St. Louis,MO,Midwest,1961,Male,2024-11-24,Consumer,Silver,Regular,No
4487,Kevin,Davis,kevin.davis.4487@gmail.com,(933) 314-1189,Minneapolis,MN,Midwest,1962,Male,2023-09-22,Consumer,Bronze,Regular,No
4488,Michael,Ramirez,michael.ramirez.4488@outlook.com,(292) 629-2455,Newark,NJ,Northeast,1982,Male,2025-05-13,Consumer,Platinum,Frequent,Yes
4489,Jacob,Thompson,jacob.thompson.4489@yahoo.com,(484) 549-2900,Detroit,MI,Midwest,1946,Male,2026-06-12,Consumer,Silver,Regular,Yes
4490,Olivia,Torres,olivia.torres.4490@protonmail.com,(214) 317-8844,Seattle,WA,West,1949,Female,2025-05-21,Small Business,Bronze,Frequent,Yes
4491,Justin,Jackson,justin.jackson.4491@gmail.com,(591) 931-5856,Providence,RI,Northeast,1952,Male,2025-08-08,Consumer,Gold,Regular,Yes
4492,Susan,Nguyen,susan.nguyen.4492@yahoo.com,(413) 537-6919,Newark,NJ,Northeast,1980,Female,2026-03-01,Consumer,Bronze,Occasional,Yes
4493,Joseph,Thomas,joseph.thomas.4493@outlook.com,(336) 450-4004,Charlotte,NC,South,1968,Nonbinary,2026-05-08,Small Business,Gold,Frequent,Yes
4494,Matthew,Thompson,matthew.thompson.4494@icloud.com,(361) 978-1877,Newark,NJ,Northeast,1996,Male,2025-10-14,Consumer,Silver,Frequent,Yes
4495,Andrew,Davis,andrew.davis.4495@yahoo.com,(626) 488-6820,Houston,TX,South,1991,Male,2025-02-08,Consumer,Silver,Regular,Yes
4496,Stephanie,Hernandez,stephanie.hernandez.4496@icloud.com,(506) 958-7077,Atlanta,GA,South,1972,Female,2025-09-24,Small Business,Gold,Frequent,Yes
4497,Christopher,Smith,christopher.smith.4497@outlook.com,(205) 840-1493,Houston,TX,South,1957,Male,2025-11-21,Consumer,Bronze,Regular,Yes
4498,Jacob,Wright,jacob.wright.4498@outlook.com,(236) 911-1478,Charlotte,NC,South,1991,Male,2024-01-23,Consumer,Bronze,Occasional,Yes
4499,Charles,Perez,charles.perez.4499@gmail.com,(758) 639-2144,Nashville,TN,South,1971,Male,2023-09-10,Consumer,Bronze,Regular,Yes
4500,Joseph,Ramirez,joseph.ramirez.4500@yahoo.com,(962) 277-9389,Chicago,IL,Midwest,1947,Male,2026-01-12,Consumer,Bronze,Frequent,Yes
4501,Lauren,Young,lauren.young.4501@yahoo.com,(801) 671-5805,Seattle,WA,West,1977,Female,2023-09-05,Consumer,Bronze,Frequent,Yes
4502,Barbara,King,barbara.king.4502@gmail.com,(388) 428-6498,Orlando,FL,South,1972,Female,2024-04-16,Small Business,Gold,Regular,Yes
4503,Ryan,Garcia,ryan.garcia.4503@protonmail.com,(271) 453-1448,Nashville,TN,South,1956,Male,2026-02-17,Enterprise,Bronze,VIP,Yes
4504,Mary,Martinez,mary.martinez.4504@protonmail.com,(629) 883-1840,Atlanta,GA,South,1961,Female,2023-06-29,Consumer,Silver,Regular,Yes
4505,Jessica,Wilson,jessica.wilson.4505@protonmail.com,(544) 943-5356,Pittsburgh,PA,Northeast,1970,Female,2025-07-11,Consumer,Silver,Frequent,Yes
4506,Anthony,Moore,anthony.moore.4506@outlook.com,(454) 424-1161,Nashville,TN,South,2000,Male,2024-02-26,Consumer,Bronze,Frequent,Yes
4507,Thomas,Robinson,thomas.robinson.4507@outlook.com,(962) 860-1765,Hartford,CT,Northeast,1986,Male,2024-08-05,Small Business,Bronze,Occasional,No
4508,Charles,King,charles.king.4508@protonmail.com,(552) 337-1844,San Diego,CA,West,1951,Male,2023-01-08,Consumer,Bronze,Occasional,Yes
4509,Michael,Wright,michael.wright.4509@outlook.com,(661) 245-9087,Houston,TX,South,1997,Male,2025-05-02,Consumer,Bronze,Regular,Yes
4510,Nicole,Thomas,nicole.thomas.4510@yahoo.com,(445) 528-6759,St. Louis,MO,Midwest,1950,Female,2025-01-22,Consumer,Gold,Occasional,Yes
4511,Barbara,Rodriguez,barbara.rodriguez.4511@icloud.com,(514) 994-1023,Pittsburgh,PA,Northeast,1947,Female,2025-03-03,Consumer,Gold,Occasional,Yes
4512,John,Martinez,john.martinez.4512@yahoo.com,(837) 504-1929,Dallas,TX,South,1964,Male,2023-07-27,Consumer,Bronze,Occasional,Yes
4513,George,Sanchez,george.sanchez.4513@protonmail.com,(521) 586-8648,Atlanta,GA,South,1962,Male,2025-01-25,Consumer,Bronze,Regular,No
4514,Margaret,Jones,margaret.jones.4514@gmail.com,(500) 225-2466,Pittsburgh,PA,Northeast,1953,Female,2024-11-02,Consumer,Platinum,Occasional,Yes
4515,Barbara,Nguyen,barbara.nguyen.4515@outlook.com,(243) 806-5924,Indianapolis,IN,Midwest,1974,Female,2023-08-12,Consumer,Bronze,Occasional,Yes
4516,Mary,King,mary.king.4516@icloud.com,(666) 944-9389,Portland,OR,West,1980,Female,2026-05-11,Enterprise,Platinum,Regular,Yes
4517,Rachel,Thomas,rachel.thomas.4517@gmail.com,(852) 417-7392,San Francisco,CA,West,1959,Female,2025-07-24,Consumer,Silver,Occasional,Yes
4518,Donald,Taylor,donald.taylor.4518@yahoo.com,(746) 526-5044,Milwaukee,WI,Midwest,2003,Male,2025-01-14,Consumer,Gold,Frequent,Yes
4519,Megan,Flores,megan.flores.4519@gmail.com,(495) 445-9971,Detroit,MI,Midwest,1960,Female,2024-08-20,Consumer,Bronze,Regular,Yes
4520,Joseph,Smith,joseph.smith.4520@gmail.com,(505) 507-3526,Portland,OR,West,1972,Male,2023-03-08,Consumer,Bronze,Frequent,Yes
4521,Edward,Brown,edward.brown.4521@protonmail.com,(899) 249-2653,Minneapolis,MN,Midwest,1966,Male,2025-10-14,Consumer,Bronze,Regular,Yes
4522,Mary,King,mary.king.4522@gmail.com,(842) 528-3963,Orlando,FL,South,1966,Female,2024-08-13,Consumer,Bronze,Occasional,No
4523,Matthew,Thomas,matthew.thomas.4523@icloud.com,(761) 441-6125,Houston,TX,South,1983,Male,2023-05-07,Consumer,Silver,Regular,Yes
4524,Ashley,Thomas,ashley.thomas.4524@gmail.com,(327) 482-3906,Atlanta,GA,South,1985,Female,2024-06-20,Consumer,Bronze,Regular,No
4525,James,Thomas,james.thomas.4525@gmail.com,(326) 229-5404,Minneapolis,MN,Midwest,1964,Male,2024-04-05,Consumer,Bronze,Occasional,Yes
4526,Joshua,Williams,joshua.williams.4526@protonmail.com,(418) 221-7930,Indianapolis,IN,Midwest,2003,Male,2024-01-20,Consumer,Bronze,Occasional,Yes
4527,Abigail,Gonzalez,abigail.gonzalez.4527@icloud.com,(394) 938-1654,Charlotte,NC,South,1992,Female,2025-02-04,Consumer,Gold,Occasional,Yes
4528,Karen,Gonzalez,karen.gonzalez.4528@outlook.com,(275) 914-3548,Nashville,TN,South,1985,Female,2026-05-14,Small Business,Bronze,VIP,Yes
4529,Kevin,Davis,kevin.davis.4529@protonmail.com,(226) 234-8309,Boston,MA,Northeast,2004,Male,2024-01-27,Consumer,Bronze,Regular,Yes
4530,Kevin,Hill,kevin.hill.4530@gmail.com,(910) 626-7317,San Diego,CA,West,1994,Male,2026-02-04,Small Business,Silver,Frequent,No
4531,Joshua,Martin,joshua.martin.4531@outlook.com,(745) 267-3947,Seattle,WA,West,1983,Male,2023-03-08,Small Business,Bronze,Regular,Yes
4532,George,Williams,george.williams.4532@protonmail.com,(729) 815-9538,Pittsburgh,PA,Northeast,1959,Male,2026-05-05,Consumer,Bronze,Occasional,Yes
4533,Joshua,Jackson,joshua.jackson.4533@gmail.com,(292) 544-4803,Miami,FL,South,1968,Male,2023-12-31,Small Business,Gold,Regular,Yes
4534,Karen,Torres,karen.torres.4534@gmail.com,(937) 822-3223,Atlanta,GA,South,1947,Female,2024-04-05,Consumer,Bronze,Occasional,Yes
4535,Brandon,Sanchez,brandon.sanchez.4535@yahoo.com,(250) 553-2559,New York,NY,Northeast,1989,Male,2024-10-24,Consumer,Bronze,Regular,Yes
4536,Nicole,Robinson,nicole.robinson.4536@outlook.com,(502) 513-4712,Phoenix,AZ,West,1969,Female,2023-11-23,Small Business,Bronze,Frequent,Yes
4537,Nicole,Smith,nicole.smith.4537@icloud.com,(482) 832-2689,San Diego,CA,West,1985,Female,2023-04-20,Consumer,Bronze,Frequent,Yes
4538,Melissa,Walker,melissa.walker.4538@outlook.com,(292) 653-9000,Miami,FL,South,1954,Female,2025-01-31,Enterprise,Bronze,Regular,Yes
4539,James,White,james.white.4539@outlook.com,(708) 402-5216,Las Vegas,NV,West,1969,Male,2024-12-05,Consumer,Bronze,Occasional,Yes
4540,Amanda,Hill,amanda.hill.4540@yahoo.com,(381) 222-2183,Boston,MA,Northeast,2004,Female,2023-03-05,Consumer,Silver,Occasional,Yes
4541,Betty,Johnson,betty.johnson.4541@icloud.com,(757) 683-5847,Orlando,FL,South,1968,Female,2026-04-07,Enterprise,Bronze,VIP,Yes
4542,Megan,Allen,megan.allen.4542@outlook.com,(279) 926-5197,Houston,TX,South,1995,Female,2023-12-26,Consumer,Bronze,Regular,Yes
4543,Christopher,Walker,christopher.walker.4543@protonmail.com,(501) 977-9252,Detroit,MI,Midwest,1949,Male,2025-06-13,Consumer,Bronze,Regular,Yes
4544,George,Jones,george.jones.4544@yahoo.com,(288) 513-6741,Minneapolis,MN,Midwest,1973,Male,2023-09-17,Small Business,Silver,Frequent,Yes
4545,James,Nguyen,james.nguyen.4545@protonmail.com,(365) 921-5488,Dallas,TX,South,1975,Male,2025-12-03,Consumer,Bronze,Occasional,Yes
4546,Kevin,White,kevin.white.4546@yahoo.com,(513) 599-4433,St. Louis,MO,Midwest,1987,Male,2026-07-08,Consumer,Silver,Occasional,Yes
4547,Sarah,Walker,sarah.walker.4547@gmail.com,(996) 581-3082,Orlando,FL,South,1951,Female,2024-05-25,Small Business,Bronze,Occasional,Yes
4548,Justin,King,justin.king.4548@protonmail.com,(739) 621-7294,Providence,RI,Northeast,1957,Male,2023-12-02,Small Business,Bronze,Regular,Yes
4549,William,Anderson,william.anderson.4549@outlook.com,(530) 937-5333,Providence,RI,Northeast,1966,Male,2026-04-14,Consumer,Bronze,Regular,Yes
4550,Matthew,Lewis,matthew.lewis.4550@gmail.com,(974) 869-4515,New York,NY,Northeast,1948,Male,2023-07-30,Consumer,Bronze,Frequent,Yes
4551,Patricia,Walker,patricia.walker.4551@yahoo.com,(925) 551-5487,Charlotte,NC,South,1973,Female,2024-04-01,Consumer,Bronze,Regular,No
4552,Justin,Davis,justin.davis.4552@icloud.com,(546) 914-5296,Las Vegas,NV,West,1957,Male,2026-08-06,Small Business,Bronze,Occasional,Yes
4553,Nancy,Lewis,nancy.lewis.4553@yahoo.com,(543) 851-2523,Miami,FL,South,2004,Female,2025-03-11,Small Business,Bronze,VIP,Yes
4554,Amanda,Harris,amanda.harris.4554@yahoo.com,(695) 363-3843,Charlotte,NC,South,1975,Female,2023-08-21,Small Business,Bronze,Frequent,Yes
4555,Christina,Jackson,christina.jackson.4555@yahoo.com,(300) 760-1255,Charlotte,NC,South,1950,Female,2024-10-11,Consumer,Silver,Regular,Yes
4556,Mary,Johnson,mary.johnson.4556@yahoo.com,(987) 363-1311,Dallas,TX,South,1987,Female,2023-01-28,Consumer,Silver,Regular,Yes
4557,Jason,Flores,jason.flores.4557@protonmail.com,(805) 636-6392,Charlotte,NC,South,1984,Male,2026-07-13,Consumer,Bronze,Regular,Yes
4558,Joseph,Miller,joseph.miller.4558@gmail.com,(541) 658-5274,Newark,NJ,Northeast,1974,Male,2025-12-07,Consumer,Silver,Regular,Yes
4559,Michael,Ramirez,michael.ramirez.4559@protonmail.com,(640) 640-9065,San Diego,CA,West,1948,Male,2025-08-24,Consumer,Bronze,Regular,Yes
4560,Daniel,Davis,daniel.davis.4560@yahoo.com,(679) 826-5897,Columbus,OH,Midwest,1954,Male,2025-01-22,Consumer,Gold,Regular,Yes
4561,Emma,Perez,emma.perez.4561@protonmail.com,(799) 770-6569,Portland,OR,West,2005,Female,2025-01-23,Small Business,Bronze,Occasional,Yes
4562,Charles,Garcia,charles.garcia.4562@gmail.com,(772) 993-6249,Newark,NJ,Northeast,1962,Male,2024-02-13,Enterprise,Bronze,Regular,Yes
4563,Sophia,Sanchez,sophia.sanchez.4563@gmail.com,(343) 396-2537,Las Vegas,NV,West,1981,Female,2025-02-18,Consumer,Silver,Occasional,No
4564,Melissa,Jackson,melissa.jackson.4564@icloud.com,(297) 425-6786,Phoenix,AZ,West,1982,Nonbinary,2025-02-22,Consumer,Silver,Regular,Yes
4565,Margaret,Scott,margaret.scott.4565@gmail.com,(378) 426-9506,Denver,CO,West,2001,Female,2024-07-08,Consumer,Bronze,Regular,Yes
4566,Kevin,Flores,kevin.flores.4566@gmail.com,(481) 202-7490,Cleveland,OH,Midwest,1991,Male,2024-08-28,Consumer,Bronze,Regular,Yes
4567,Paul,Ramirez,paul.ramirez.4567@yahoo.com,(407) 652-7976,Philadelphia,PA,Northeast,1995,Male,2026-03-08,Consumer,Silver,VIP,Yes
4568,Paul,Torres,paul.torres.4568@gmail.com,(642) 606-8585,Miami,FL,South,1973,Male,2023-09-23,Consumer,Silver,Frequent,Yes
4569,Melissa,Smith,melissa.smith.4569@icloud.com,(993) 461-7135,Richmond,VA,South,1965,Female,2025-07-24,Consumer,Bronze,Regular,No
4570,Brandon,Brown,brandon.brown.4570@gmail.com,(652) 252-5559,Seattle,WA,West,1981,Male,2023-10-12,Consumer,Bronze,Occasional,No
4571,Andrew,Martinez,andrew.martinez.4571@gmail.com,(639) 417-8405,Columbus,OH,Midwest,2003,Male,2023-06-22,Consumer,Silver,Regular,Yes
4572,James,Williams,james.williams.4572@outlook.com,(418) 792-8253,Richmond,VA,South,2004,Male,2025-12-22,Consumer,Bronze,Regular,Yes
4573,Andrew,Smith,andrew.smith.4573@yahoo.com,(902) 377-5382,Las Vegas,NV,West,1987,Male,2024-10-09,Consumer,Gold,Occasional,Yes
4574,Abigail,Rodriguez,abigail.rodriguez.4574@yahoo.com,(236) 236-4020,Cleveland,OH,Midwest,1970,Female,2024-03-15,Small Business,Bronze,Regular,No
4575,Rebecca,Taylor,rebecca.taylor.4575@gmail.com,(758) 262-4885,Boston,MA,Northeast,1989,Female,2023-08-09,Small Business,Bronze,Frequent,Yes
4576,Abigail,Robinson,abigail.robinson.4576@protonmail.com,(335) 705-6867,Buffalo,NY,Northeast,1967,Female,2024-09-21,Small Business,Gold,Occasional,Yes
4577,Ryan,Sanchez,ryan.sanchez.4577@yahoo.com,(626) 871-8198,Charlotte,NC,South,1980,Male,2025-11-02,Consumer,Bronze,Regular,Yes
4578,William,Gonzalez,william.gonzalez.4578@yahoo.com,(672) 295-8952,Hartford,CT,Northeast,1945,Male,2024-11-16,Enterprise,Bronze,Occasional,Yes
4579,Olivia,Wright,olivia.wright.4579@outlook.com,(476) 553-1417,Houston,TX,South,1972,Female,2025-04-14,Small Business,Gold,Frequent,Yes
4580,Patricia,Miller,patricia.miller.4580@icloud.com,(254) 667-7508,Pittsburgh,PA,Northeast,1951,Female,2026-02-09,Consumer,Platinum,Occasional,Yes
4581,Melissa,Sanchez,melissa.sanchez.4581@outlook.com,(948) 219-3563,Columbus,OH,Midwest,1980,Female,2025-02-10,Consumer,Bronze,Occasional,Yes
4582,Christina,Martin,christina.martin.4582@yahoo.com,(964) 504-1069,Boston,MA,Northeast,1958,Female,2024-06-10,Small Business,Bronze,Occasional,Yes
4583,Justin,King,justin.king.4583@icloud.com,(377) 985-5539,Indianapolis,IN,Midwest,1992,Male,2025-03-17,Consumer,Bronze,Occasional,Yes
4584,Nathan,Rodriguez,nathan.rodriguez.4584@gmail.com,(516) 473-7378,Seattle,WA,West,1976,Male,2026-03-12,Consumer,Gold,Occasional,Yes
4585,Karen,Jackson,karen.jackson.4585@yahoo.com,(915) 351-2212,St. Louis,MO,Midwest,1988,Female,2025-06-12,Consumer,Silver,Regular,Yes
4586,Michael,Moore,michael.moore.4586@outlook.com,(807) 210-9103,New York,NY,Northeast,1997,Male,2025-02-18,Small Business,Gold,Occasional,Yes
4587,Joseph,Torres,joseph.torres.4587@gmail.com,(626) 883-5871,Richmond,VA,South,1954,Male,2024-06-26,Consumer,Silver,Occasional,Yes
4588,David,Rodriguez,david.rodriguez.4588@gmail.com,(228) 486-9208,Richmond,VA,South,1991,Male,2025-05-12,Small Business,Silver,Frequent,No
4589,Matthew,Hernandez,matthew.hernandez.4589@icloud.com,(423) 818-8882,Houston,TX,South,1972,Male,2025-01-14,Consumer,Bronze,Occasional,Yes
4590,Jacob,Garcia,jacob.garcia.4590@protonmail.com,(929) 688-5475,Boston,MA,Northeast,1967,Male,2025-10-08,Consumer,Bronze,Regular,Yes
4591,Betty,Robinson,betty.robinson.4591@yahoo.com,(788) 931-2520,Houston,TX,South,1970,Female,2025-02-11,Consumer,Bronze,Frequent,Yes
4592,Michael,Sanchez,michael.sanchez.4592@gmail.com,(633) 918-5191,Portland,OR,West,1994,Male,2024-09-09,Small Business,Bronze,Occasional,Yes
4593,Elizabeth,Jackson,elizabeth.jackson.4593@gmail.com,(490) 785-9416,Indianapolis,IN,Midwest,1970,Female,2024-09-19,Consumer,Bronze,Occasional,Yes
4594,Robert,Brown,robert.brown.4594@yahoo.com,(609) 795-1939,Charlotte,NC,South,1972,Male,2024-01-29,Small Business,Gold,Regular,Yes
4595,Kevin,Anderson,kevin.anderson.4595@protonmail.com,(421) 983-5186,Miami,FL,South,1947,Male,2023-03-09,Consumer,Bronze,Occasional,Yes
4596,Andrew,Thompson,andrew.thompson.4596@yahoo.com,(314) 414-8041,Providence,RI,Northeast,1965,Male,2024-03-09,Consumer,Gold,Occasional,No
4597,Megan,Hill,megan.hill.4597@yahoo.com,(799) 529-1042,San Francisco,CA,West,1987,Female,2023-03-31,Enterprise,Bronze,Regular,No
4598,Richard,Martinez,richard.martinez.4598@yahoo.com,(784) 993-3832,San Diego,CA,West,1981,Prefer not to say,2024-12-31,Consumer,Gold,Regular,No
4599,Nicole,Lewis,nicole.lewis.4599@gmail.com,(758) 288-2788,Hartford,CT,Northeast,1969,Female,2024-03-19,Consumer,Gold,Frequent,Yes
4600,Richard,Rodriguez,richard.rodriguez.4600@yahoo.com,(473) 912-2984,Dallas,TX,South,1957,Male,2026-01-05,Consumer,Bronze,Regular,Yes
4601,Jennifer,Clark,jennifer.clark.4601@yahoo.com,(618) 766-9169,Houston,TX,South,2000,Female,2023-09-05,Small Business,Platinum,Occasional,No
4602,Linda,Young,linda.young.4602@yahoo.com,(558) 242-4344,Atlanta,GA,South,1998,Female,2026-01-21,Consumer,Bronze,Frequent,Yes
4603,George,Sanchez,george.sanchez.4603@gmail.com,(939) 389-6084,Seattle,WA,West,1952,Male,2023-11-07,Consumer,Silver,Occasional,Yes
4604,Anthony,Harris,anthony.harris.4604@icloud.com,(382) 280-6482,Columbus,OH,Midwest,2004,Male,2024-02-17,Small Business,Bronze,Regular,Yes
4605,Emma,Taylor,emma.taylor.4605@outlook.com,(209) 551-5509,Hartford,CT,Northeast,1971,Female,2024-08-19,Consumer,Silver,Regular,Yes
4606,Abigail,Lewis,abigail.lewis.4606@outlook.com,(901) 393-7053,Dallas,TX,South,1963,Female,2025-09-09,Consumer,Bronze,Regular,Yes
4607,Joseph,Ramirez,joseph.ramirez.4607@gmail.com,(659) 879-6731,Portland,OR,West,1977,Male,2023-08-16,Consumer,Bronze,Occasional,Yes
4608,Daniel,Lee,daniel.lee.4608@yahoo.com,(985) 733-8970,Dallas,TX,South,1950,Male,2025-02-08,Consumer,Bronze,Occasional,Yes
4609,James,Walker,james.walker.4609@yahoo.com,(899) 888-9664,Los Angeles,CA,West,2000,Male,2025-09-12,Consumer,Bronze,Occasional,Yes
4610,Andrew,Harris,andrew.harris.4610@icloud.com,(966) 382-9504,Richmond,VA,South,1993,Nonbinary,2024-03-13,Consumer,Gold,Regular,Yes
4611,Melissa,Robinson,melissa.robinson.4611@yahoo.com,(822) 960-4126,Richmond,VA,South,1950,Female,2024-01-07,Consumer,Silver,Occasional,No
4612,Sarah,Hernandez,sarah.hernandez.4612@protonmail.com,(323) 986-6754,San Francisco,CA,West,2003,Female,2023-11-02,Consumer,Silver,Frequent,No
4613,Stephanie,Harris,stephanie.harris.4613@gmail.com,(593) 487-9895,Boston,MA,Northeast,1964,Female,2024-07-30,Consumer,Silver,Regular,Yes
4614,Emily,King,emily.king.4614@yahoo.com,(333) 437-6326,San Francisco,CA,West,1962,Female,2023-11-14,Consumer,Bronze,Frequent,Yes
4615,Ashley,Martin,ashley.martin.4615@outlook.com,(632) 401-9893,Dallas,TX,South,1969,Female,2026-06-27,Consumer,Bronze,Occasional,Yes
4616,Linda,Hill,linda.hill.4616@yahoo.com,(563) 462-6896,Pittsburgh,PA,Northeast,1988,Female,2025-10-25,Consumer,Silver,Regular,Yes
4617,Ryan,Smith,ryan.smith.4617@icloud.com,(569) 796-3997,San Diego,CA,West,1971,Male,2026-01-16,Consumer,Silver,Regular,Yes
4618,Brandon,Martin,brandon.martin.4618@yahoo.com,(732) 333-8546,San Diego,CA,West,1971,Male,2026-08-05,Small Business,Bronze,Occasional,Yes
4619,Paul,Thompson,paul.thompson.4619@icloud.com,(504) 517-8297,Detroit,MI,Midwest,1998,Male,2023-08-15,Consumer,Bronze,Regular,Yes
4620,Michael,Wright,michael.wright.4620@gmail.com,(769) 381-4261,Houston,TX,South,1996,Male,2023-08-27,Small Business,Bronze,Occasional,Yes
4621,Anthony,Davis,anthony.davis.4621@yahoo.com,(904) 468-3795,Nashville,TN,South,1988,Male,2023-10-01,Consumer,Gold,Regular,No
4622,Lisa,Allen,lisa.allen.4622@protonmail.com,(778) 581-2898,Portland,OR,West,1956,Nonbinary,2023-07-07,Consumer,Silver,Frequent,Yes
4623,Steven,Walker,steven.walker.4623@outlook.com,(600) 550-3033,Portland,OR,West,1993,Male,2025-05-17,Small Business,Gold,Regular,Yes
4624,Rebecca,Walker,rebecca.walker.4624@outlook.com,(571) 223-7173,Newark,NJ,Northeast,1993,Female,2025-07-17,Consumer,Bronze,Occasional,Yes
4625,Megan,Rodriguez,megan.rodriguez.4625@protonmail.com,(844) 874-8283,Buffalo,NY,Northeast,1952,Female,2025-11-19,Enterprise,Platinum,Frequent,No
4626,Daniel,Garcia,daniel.garcia.4626@yahoo.com,(570) 718-8633,Minneapolis,MN,Midwest,1954,Male,2025-02-05,Consumer,Silver,Occasional,Yes
4627,Matthew,Hill,matthew.hill.4627@icloud.com,(694) 234-3982,Providence,RI,Northeast,1983,Male,2023-12-14,Small Business,Bronze,Occasional,Yes
4628,Kevin,Jackson,kevin.jackson.4628@yahoo.com,(501) 946-9224,Miami,FL,South,1955,Male,2023-10-06,Small Business,Silver,Frequent,Yes
4629,Barbara,Torres,barbara.torres.4629@outlook.com,(666) 229-8019,Hartford,CT,Northeast,1988,Female,2025-01-19,Consumer,Bronze,Frequent,Yes
4630,Patricia,Smith,patricia.smith.4630@icloud.com,(640) 393-3172,St. Louis,MO,Midwest,1967,Female,2024-12-25,Consumer,Platinum,Frequent,Yes
4631,Olivia,Davis,olivia.davis.4631@icloud.com,(476) 770-7167,Orlando,FL,South,1985,Female,2025-05-16,Consumer,Gold,Frequent,Yes
4632,Emily,Brown,emily.brown.4632@gmail.com,(330) 595-9378,Atlanta,GA,South,1972,Female,2025-11-23,Consumer,Bronze,Regular,Yes
4633,Sandra,Perez,sandra.perez.4633@protonmail.com,(616) 539-9948,Portland,OR,West,1993,Female,2024-04-08,Small Business,Bronze,Occasional,Yes
4634,Ashley,Walker,ashley.walker.4634@yahoo.com,(292) 200-7122,Charlotte,NC,South,1948,Female,2025-05-04,Consumer,Bronze,Occasional,Yes
4635,Kevin,Lopez,kevin.lopez.4635@protonmail.com,(475) 887-8289,Las Vegas,NV,West,1975,Male,2023-07-01,Consumer,Bronze,Occasional,Yes
4636,Mary,Hill,mary.hill.4636@icloud.com,(875) 273-3844,Orlando,FL,South,1948,Female,2024-06-12,Consumer,Silver,Frequent,Yes
4637,Karen,Clark,karen.clark.4637@yahoo.com,(844) 230-3252,Providence,RI,Northeast,1956,Female,2024-11-15,Small Business,Bronze,Frequent,No
4638,Steven,Lopez,steven.lopez.4638@outlook.com,(808) 559-4122,Providence,RI,Northeast,2002,Male,2023-03-03,Consumer,Bronze,Regular,Yes
4639,Charles,Flores,charles.flores.4639@gmail.com,(763) 778-7924,Charlotte,NC,South,1961,Male,2024-02-25,Consumer,Bronze,Occasional,Yes
4640,Andrew,Jones,andrew.jones.4640@gmail.com,(873) 774-2008,Seattle,WA,West,1969,Male,2025-02-24,Consumer,Gold,Frequent,Yes
4641,Patricia,Perez,patricia.perez.4641@outlook.com,(382) 764-5513,Chicago,IL,Midwest,1951,Female,2024-12-27,Consumer,Bronze,Occasional,Yes
4642,Michael,Jackson,michael.jackson.4642@protonmail.com,(972) 396-6263,Chicago,IL,Midwest,2003,Male,2024-02-18,Consumer,Bronze,Regular,Yes
4643,Megan,Martinez,megan.martinez.4643@gmail.com,(268) 454-5268,Phoenix,AZ,West,1955,Female,2025-01-03,Consumer,Gold,Occasional,Yes
4644,Jacob,Miller,jacob.miller.4644@outlook.com,(683) 445-9794,Philadelphia,PA,Northeast,1989,Male,2026-01-09,Small Business,Bronze,Occasional,Yes
4645,Charles,Flores,charles.flores.4645@yahoo.com,(532) 973-7646,Miami,FL,South,2003,Male,2025-04-18,Consumer,Silver,VIP,Yes
4646,Donald,Brown,donald.brown.4646@icloud.com,(538) 778-2699,Seattle,WA,West,1981,Male,2025-10-03,Small Business,Silver,Regular,Yes
4647,George,Taylor,george.taylor.4647@protonmail.com,(468) 456-2015,Portland,OR,West,1964,Male,2026-02-06,Consumer,Bronze,Occasional,Yes
4648,Rebecca,Anderson,rebecca.anderson.4648@yahoo.com,(903) 232-3449,Newark,NJ,Northeast,1986,Female,2024-09-26,Consumer,Platinum,Regular,Yes
4649,Jennifer,Jones,jennifer.jones.4649@protonmail.com,(928) 814-9842,Richmond,VA,South,1947,Female,2023-05-18,Consumer,Silver,Regular,Yes
4650,Joseph,Walker,joseph.walker.4650@yahoo.com,(483) 914-5145,Charlotte,NC,South,1977,Male,2023-01-07,Consumer,Bronze,Regular,Yes
4651,Joseph,Rodriguez,joseph.rodriguez.4651@yahoo.com,(277) 288-1124,Richmond,VA,South,1981,Male,2023-05-12,Consumer,Platinum,Regular,Yes
4652,Rachel,Rodriguez,rachel.rodriguez.4652@outlook.com,(896) 211-1002,Nashville,TN,South,1964,Female,2023-07-01,Consumer,Bronze,Frequent,Yes
4653,Elizabeth,King,elizabeth.king.4653@icloud.com,(369) 363-3928,St. Louis,MO,Midwest,1964,Prefer not to say,2023-08-07,Consumer,Bronze,Occasional,Yes
4654,Margaret,Nguyen,margaret.nguyen.4654@protonmail.com,(771) 273-1735,Seattle,WA,West,1959,Female,2026-02-28,Consumer,Silver,Regular,Yes
4655,David,Robinson,david.robinson.4655@icloud.com,(662) 452-2448,Charlotte,NC,South,1960,Male,2023-03-25,Consumer,Platinum,Regular,Yes
4656,Jacob,Lee,jacob.lee.4656@outlook.com,(413) 538-9909,Cleveland,OH,Midwest,1999,Male,2024-10-14,Small Business,Platinum,Frequent,Yes
4657,Matthew,Jones,matthew.jones.4657@icloud.com,(337) 432-8505,Indianapolis,IN,Midwest,2004,Male,2024-06-26,Consumer,Bronze,Frequent,Yes
4658,Nathan,King,nathan.king.4658@gmail.com,(649) 586-1526,Charlotte,NC,South,1951,Male,2023-10-23,Consumer,Gold,Frequent,Yes
4659,Susan,White,susan.white.4659@icloud.com,(679) 616-7659,Las Vegas,NV,West,1968,Nonbinary,2023-10-23,Enterprise,Bronze,Occasional,Yes
4660,Olivia,White,olivia.white.4660@protonmail.com,(849) 680-4517,Phoenix,AZ,West,1995,Female,2025-09-22,Consumer,Gold,Occasional,No
4661,Jacob,Rodriguez,jacob.rodriguez.4661@icloud.com,(384) 817-7298,Atlanta,GA,South,1952,Male,2023-11-16,Consumer,Bronze,Regular,Yes
4662,Lauren,Lopez,lauren.lopez.4662@outlook.com,(606) 755-6318,Houston,TX,South,1986,Female,2023-05-01,Consumer,Bronze,Frequent,Yes
4663,Betty,Smith,betty.smith.4663@protonmail.com,(823) 444-3384,Minneapolis,MN,Midwest,2004,Female,2024-11-10,Enterprise,Bronze,Regular,Yes
4664,Olivia,Anderson,olivia.anderson.4664@outlook.com,(506) 907-9716,Atlanta,GA,South,1975,Female,2023-07-14,Small Business,Bronze,Regular,Yes
4665,Emma,Thompson,emma.thompson.4665@yahoo.com,(298) 614-4534,Indianapolis,IN,Midwest,1999,Female,2023-02-20,Consumer,Bronze,Frequent,Yes
4666,Edward,Harris,edward.harris.4666@icloud.com,(800) 216-5214,Portland,OR,West,1948,Male,2023-04-19,Small Business,Bronze,Occasional,No
4667,Thomas,Rodriguez,thomas.rodriguez.4667@protonmail.com,(226) 910-9771,Boston,MA,Northeast,1946,Male,2025-03-19,Consumer,Gold,Regular,Yes
4668,Abigail,Smith,abigail.smith.4668@outlook.com,(482) 353-2016,Detroit,MI,Midwest,1977,Female,2025-11-04,Consumer,Bronze,Occasional,Yes
4669,Rebecca,Scott,rebecca.scott.4669@icloud.com,(655) 431-5569,Las Vegas,NV,West,1998,Female,2025-02-15,Small Business,Bronze,Regular,Yes
4670,Joshua,Ramirez,joshua.ramirez.4670@protonmail.com,(530) 977-5440,San Diego,CA,West,1978,Male,2023-04-02,Small Business,Silver,Regular,Yes
4671,Edward,Harris,edward.harris.4671@outlook.com,(651) 266-6245,Orlando,FL,South,1955,Male,2026-04-12,Small Business,Silver,VIP,Yes
4672,Linda,Allen,linda.allen.4672@icloud.com,(343) 227-2109,Atlanta,GA,South,1999,Female,2024-05-07,Consumer,Bronze,Regular,Yes
4673,Lauren,Lee,lauren.lee.4673@protonmail.com,(921) 617-4420,Las Vegas,NV,West,1980,Female,2024-10-29,Consumer,Bronze,Occasional,Yes
4674,Joseph,Johnson,joseph.johnson.4674@yahoo.com,(857) 600-2885,Portland,OR,West,2001,Male,2025-02-25,Consumer,Gold,Occasional,Yes
4675,Megan,Hill,megan.hill.4675@icloud.com,(369) 488-1054,Seattle,WA,West,2004,Female,2023-06-14,Consumer,Bronze,Regular,Yes
4676,Jennifer,Johnson,jennifer.johnson.4676@protonmail.com,(269) 584-2500,Los Angeles,CA,West,1981,Female,2023-05-14,Consumer,Silver,Occasional,Yes
4677,Elizabeth,Torres,elizabeth.torres.4677@yahoo.com,(217) 886-2259,Minneapolis,MN,Midwest,1994,Female,2025-02-27,Consumer,Platinum,Occasional,Yes
4678,Kevin,White,kevin.white.4678@outlook.com,(547) 267-5667,Seattle,WA,West,1969,Male,2024-02-20,Small Business,Bronze,Regular,Yes
4679,Jacob,Harris,jacob.harris.4679@protonmail.com,(445) 417-9950,San Diego,CA,West,1949,Male,2023-11-24,Consumer,Bronze,Occasional,Yes
4680,Rachel,Harris,rachel.harris.4680@yahoo.com,(672) 432-8668,Buffalo,NY,Northeast,1982,Female,2025-11-01,Consumer,Silver,Regular,Yes
4681,Margaret,Jackson,margaret.jackson.4681@outlook.com,(991) 545-5464,Chicago,IL,Midwest,1953,Female,2025-01-27,Consumer,Gold,Occasional,Yes
4682,Betty,Taylor,betty.taylor.4682@yahoo.com,(949) 527-6914,Detroit,MI,Midwest,2004,Female,2023-02-17,Consumer,Bronze,Regular,Yes
4683,Jacob,White,jacob.white.4683@yahoo.com,(293) 440-7423,Houston,TX,South,2000,Male,2024-11-29,Small Business,Bronze,Frequent,Yes
4684,Sophia,Lee,sophia.lee.4684@gmail.com,(556) 637-2630,Orlando,FL,South,2004,Female,2024-01-24,Small Business,Bronze,Regular,Yes
4685,Joseph,Miller,joseph.miller.4685@protonmail.com,(255) 723-3955,Buffalo,NY,Northeast,1975,Male,2025-05-11,Consumer,Gold,Regular,Yes
4686,Susan,White,susan.white.4686@protonmail.com,(230) 786-9999,Columbus,OH,Midwest,1949,Female,2023-08-29,Small Business,Bronze,Occasional,Yes
4687,Joshua,Walker,joshua.walker.4687@outlook.com,(728) 864-2350,Cleveland,OH,Midwest,1986,Male,2026-05-16,Small Business,Bronze,Frequent,Yes
4688,Ryan,Ramirez,ryan.ramirez.4688@icloud.com,(872) 879-9297,Los Angeles,CA,West,1954,Male,2025-11-10,Consumer,Gold,Regular,Yes
4689,Thomas,Thomas,thomas.thomas.4689@protonmail.com,(454) 578-9281,Miami,FL,South,1971,Male,2025-11-29,Small Business,Silver,Occasional,Yes
4690,Amanda,King,amanda.king.4690@icloud.com,(617) 769-9109,Las Vegas,NV,West,1972,Female,2026-04-29,Consumer,Gold,Regular,Yes
4691,Karen,Clark,karen.clark.4691@icloud.com,(478) 726-5478,Nashville,TN,South,1978,Female,2026-03-23,Small Business,Silver,Regular,Yes
4692,Jason,Nguyen,jason.nguyen.4692@yahoo.com,(461) 348-3505,Richmond,VA,South,1996,Male,2023-03-24,Consumer,Bronze,Regular,No
4693,Kevin,Nguyen,kevin.nguyen.4693@outlook.com,(611) 394-2765,Detroit,MI,Midwest,1980,Male,2026-03-26,Consumer,Bronze,Frequent,Yes
4694,Matthew,Allen,matthew.allen.4694@yahoo.com,(483) 532-4959,Charlotte,NC,South,1979,Male,2024-07-09,Consumer,Silver,Frequent,Yes
4695,Brandon,Gonzalez,brandon.gonzalez.4695@gmail.com,(718) 885-2152,Columbus,OH,Midwest,1967,Male,2024-06-17,Small Business,Bronze,Regular,Yes
4696,Olivia,Nguyen,olivia.nguyen.4696@yahoo.com,(799) 260-9595,Charlotte,NC,South,1969,Female,2025-05-18,Enterprise,Bronze,Regular,Yes
4697,Edward,Thompson,edward.thompson.4697@outlook.com,(370) 874-4507,Atlanta,GA,South,1961,Male,2023-07-16,Consumer,Bronze,Frequent,Yes
4698,Olivia,Nguyen,olivia.nguyen.4698@protonmail.com,(570) 223-5929,Orlando,FL,South,1956,Female,2024-12-21,Small Business,Bronze,Occasional,Yes
4699,Christina,Moore,christina.moore.4699@protonmail.com,(311) 707-5656,Houston,TX,South,1991,Female,2025-03-19,Consumer,Silver,Frequent,Yes
4700,Donald,Sanchez,donald.sanchez.4700@gmail.com,(850) 237-9310,Nashville,TN,South,1983,Male,2025-06-07,Consumer,Bronze,Regular,Yes
4701,Jessica,Brown,jessica.brown.4701@icloud.com,(648) 456-4523,Miami,FL,South,1974,Female,2023-03-13,Enterprise,Silver,Regular,Yes
4702,Brian,Robinson,brian.robinson.4702@yahoo.com,(432) 964-2461,Providence,RI,Northeast,1958,Male,2024-02-13,Consumer,Bronze,Occasional,No
4703,Elizabeth,Young,elizabeth.young.4703@yahoo.com,(220) 981-3380,Minneapolis,MN,Midwest,1967,Female,2025-11-03,Consumer,Bronze,Occasional,Yes
4704,Rachel,Brown,rachel.brown.4704@gmail.com,(247) 655-9522,Providence,RI,Northeast,2002,Female,2024-03-01,Enterprise,Bronze,Occasional,Yes
4705,Daniel,Walker,daniel.walker.4705@gmail.com,(967) 913-2436,Houston,TX,South,1998,Male,2025-01-31,Consumer,Gold,Occasional,Yes
4706,Emma,Allen,emma.allen.4706@protonmail.com,(294) 489-8182,Philadelphia,PA,Northeast,1950,Female,2023-04-05,Consumer,Silver,Frequent,Yes
4707,Sarah,Miller,sarah.miller.4707@yahoo.com,(966) 305-4171,Charlotte,NC,South,1974,Female,2023-09-16,Small Business,Silver,Occasional,Yes
4708,Joshua,Hernandez,joshua.hernandez.4708@yahoo.com,(642) 438-7080,Columbus,OH,Midwest,1958,Male,2024-07-07,Consumer,Silver,Frequent,Yes
4709,Christina,King,christina.king.4709@yahoo.com,(671) 313-6099,Dallas,TX,South,1998,Female,2024-04-17,Consumer,Bronze,Regular,Yes
4710,Brandon,Lopez,brandon.lopez.4710@gmail.com,(331) 453-4115,Richmond,VA,South,1979,Nonbinary,2026-05-13,Consumer,Bronze,Occasional,Yes
4711,Steven,Martinez,steven.martinez.4711@outlook.com,(803) 899-8401,Milwaukee,WI,Midwest,1998,Male,2023-11-24,Consumer,Gold,Occasional,Yes
4712,James,Moore,james.moore.4712@gmail.com,(421) 604-5423,Indianapolis,IN,Midwest,1979,Male,2026-01-11,Small Business,Bronze,Frequent,Yes
4713,Melissa,Williams,melissa.williams.4713@yahoo.com,(936) 713-5685,Nashville,TN,South,1993,Female,2024-10-18,Small Business,Bronze,Occasional,Yes
4714,Elizabeth,Jones,elizabeth.jones.4714@gmail.com,(270) 895-7651,Las Vegas,NV,West,1974,Female,2024-11-14,Consumer,Bronze,Regular,Yes
4715,Anthony,Lewis,anthony.lewis.4715@gmail.com,(996) 920-9092,Columbus,OH,Midwest,1969,Male,2024-02-03,Consumer,Bronze,Regular,Yes
4716,Edward,Torres,edward.torres.4716@outlook.com,(732) 272-1215,Nashville,TN,South,1977,Male,2026-03-26,Small Business,Bronze,VIP,Yes
4717,Anthony,Rodriguez,anthony.rodriguez.4717@icloud.com,(467) 993-7475,Dallas,TX,South,1990,Male,2023-11-03,Consumer,Bronze,VIP,Yes
4718,Nathan,Lee,nathan.lee.4718@yahoo.com,(223) 574-5999,Dallas,TX,South,2004,Male,2023-10-24,Small Business,Silver,Regular,Yes
4719,Ashley,King,ashley.king.4719@yahoo.com,(791) 539-5293,Portland,OR,West,1993,Female,2023-01-24,Consumer,Bronze,Frequent,Yes
4720,Mary,Rodriguez,mary.rodriguez.4720@gmail.com,(503) 379-5657,Nashville,TN,South,1987,Female,2024-03-28,Consumer,Silver,Regular,Yes
4721,Joshua,Brown,joshua.brown.4721@outlook.com,(748) 765-5854,Seattle,WA,West,1987,Male,2023-12-31,Small Business,Bronze,Occasional,Yes
4722,Ryan,Torres,ryan.torres.4722@yahoo.com,(311) 380-3474,Orlando,FL,South,1959,Male,2024-11-20,Consumer,Bronze,Regular,Yes
4723,Olivia,Lee,olivia.lee.4723@gmail.com,(436) 372-2377,Los Angeles,CA,West,1954,Female,2024-01-12,Consumer,Bronze,Occasional,Yes
4724,Justin,Gonzalez,justin.gonzalez.4724@yahoo.com,(351) 786-4781,Atlanta,GA,South,1984,Male,2023-01-22,Consumer,Bronze,Regular,Yes
4725,Daniel,White,daniel.white.4725@protonmail.com,(336) 873-3096,Buffalo,NY,Northeast,1947,Male,2023-01-16,Consumer,Platinum,Regular,Yes
4726,Rachel,Nguyen,rachel.nguyen.4726@icloud.com,(256) 486-2985,Boston,MA,Northeast,1977,Female,2023-01-01,Consumer,Silver,Regular,Yes
4727,Mary,Harris,mary.harris.4727@outlook.com,(494) 315-4675,Charlotte,NC,South,1977,Female,2023-09-11,Consumer,Bronze,Occasional,Yes
4728,Paul,Torres,paul.torres.4728@gmail.com,(422) 782-3224,Charlotte,NC,South,2001,Male,2024-02-03,Consumer,Bronze,Regular,No
4729,Nathan,Allen,nathan.allen.4729@gmail.com,(930) 475-2389,Portland,OR,West,1947,Male,2024-10-11,Enterprise,Bronze,Occasional,Yes
4730,Nicole,Garcia,nicole.garcia.4730@icloud.com,(714) 856-5868,Milwaukee,WI,Midwest,1945,Female,2023-07-08,Consumer,Bronze,Occasional,No
4731,Jacob,Wright,jacob.wright.4731@protonmail.com,(863) 511-3001,Pittsburgh,PA,Northeast,1965,Male,2026-07-26,Small Business,Gold,Frequent,Yes
4732,George,Wright,george.wright.4732@gmail.com,(310) 556-5527,Las Vegas,NV,West,1983,Male,2023-08-06,Consumer,Bronze,Frequent,Yes
4733,Linda,Ramirez,linda.ramirez.4733@yahoo.com,(890) 773-9549,Chicago,IL,Midwest,2005,Female,2023-01-03,Consumer,Bronze,Frequent,Yes
4734,Sarah,Thompson,sarah.thompson.4734@outlook.com,(922) 706-4120,Nashville,TN,South,1984,Female,2023-02-22,Consumer,Bronze,Regular,Yes
4735,Lauren,Torres,lauren.torres.4735@yahoo.com,(587) 559-7750,Las Vegas,NV,West,1948,Female,2023-09-16,Consumer,Platinum,Regular,Yes
4736,Nicole,Miller,nicole.miller.4736@protonmail.com,(518) 477-1310,Phoenix,AZ,West,1974,Female,2023-10-19,Consumer,Silver,Frequent,Yes
4737,Melissa,Lewis,melissa.lewis.4737@icloud.com,(244) 669-4238,Buffalo,NY,Northeast,1994,Female,2024-09-25,Consumer,Silver,Regular,Yes
4738,Justin,Scott,justin.scott.4738@outlook.com,(911) 344-9898,Orlando,FL,South,1990,Male,2023-05-05,Small Business,Bronze,Regular,Yes
4739,Sarah,Smith,sarah.smith.4739@gmail.com,(302) 526-8074,New York,NY,Northeast,1987,Female,2025-11-30,Consumer,Bronze,Occasional,Yes
4740,Lisa,Wright,lisa.wright.4740@protonmail.com,(756) 390-8190,Charlotte,NC,South,1963,Female,2023-01-27,Consumer,Bronze,Occasional,Yes
4741,Emily,Williams,emily.williams.4741@protonmail.com,(326) 374-7557,Orlando,FL,South,1998,Female,2023-07-16,Consumer,Silver,Regular,Yes
4742,Olivia,Thomas,olivia.thomas.4742@outlook.com,(627) 815-8433,Miami,FL,South,1946,Female,2024-03-02,Consumer,Bronze,Regular,Yes
4743,Richard,Davis,richard.davis.4743@gmail.com,(858) 571-7555,Philadelphia,PA,Northeast,1966,Male,2025-10-27,Small Business,Gold,Regular,Yes
4744,James,Gonzalez,james.gonzalez.4744@yahoo.com,(280) 797-8713,Atlanta,GA,South,1967,Male,2025-06-14,Consumer,Silver,Regular,Yes
4745,Jason,Hill,jason.hill.4745@protonmail.com,(949) 343-1286,Los Angeles,CA,West,1987,Male,2026-07-27,Consumer,Gold,Occasional,Yes
4746,Nancy,Moore,nancy.moore.4746@icloud.com,(913) 784-5667,San Diego,CA,West,1998,Female,2023-05-29,Consumer,Bronze,Occasional,No
4747,Brandon,Moore,brandon.moore.4747@protonmail.com,(670) 503-3544,San Francisco,CA,West,1985,Male,2026-07-02,Small Business,Bronze,Regular,Yes
4748,Brandon,Hill,brandon.hill.4748@yahoo.com,(223) 781-5983,Phoenix,AZ,West,1984,Male,2024-07-23,Small Business,Bronze,Frequent,No
4749,Steven,Harris,steven.harris.4749@gmail.com,(213) 938-6511,Detroit,MI,Midwest,1998,Male,2026-02-06,Small Business,Bronze,Occasional,Yes
4750,William,Thompson,william.thompson.4750@icloud.com,(363) 450-2725,New York,NY,Northeast,1991,Male,2026-04-25,Consumer,Gold,Frequent,No
4751,Sophia,Harris,sophia.harris.4751@gmail.com,(896) 502-4167,Miami,FL,South,2000,Female,2025-05-22,Consumer,Gold,Occasional,Yes
4752,Justin,Williams,justin.williams.4752@yahoo.com,(935) 613-5681,Hartford,CT,Northeast,1968,Male,2026-07-13,Small Business,Bronze,Frequent,Yes
4753,Betty,Lewis,betty.lewis.4753@protonmail.com,(592) 352-7038,Denver,CO,West,1957,Female,2025-10-30,Consumer,Platinum,Regular,Yes
4754,Thomas,Miller,thomas.miller.4754@yahoo.com,(674) 611-6078,Detroit,MI,Midwest,1971,Male,2025-01-15,Small Business,Gold,Regular,Yes
4755,Betty,Thompson,betty.thompson.4755@icloud.com,(670) 784-7392,Orlando,FL,South,1972,Female,2023-04-25,Consumer,Bronze,Regular,Yes
4756,William,Moore,william.moore.4756@outlook.com,(715) 523-2368,Phoenix,AZ,West,1957,Male,2024-08-03,Small Business,Bronze,Regular,Yes
4757,Ashley,Wilson,ashley.wilson.4757@outlook.com,(916) 453-7794,Portland,OR,West,1976,Female,2023-05-22,Consumer,Silver,Regular,Yes
4758,Patricia,Walker,patricia.walker.4758@yahoo.com,(237) 409-6377,Phoenix,AZ,West,1968,Female,2023-04-03,Consumer,Silver,Occasional,No
4759,Jason,Miller,jason.miller.4759@gmail.com,(842) 894-7435,Miami,FL,South,1985,Male,2026-01-11,Small Business,Silver,Frequent,Yes
4760,Anthony,Martin,anthony.martin.4760@icloud.com,(513) 639-1420,St. Louis,MO,Midwest,1999,Male,2025-01-29,Consumer,Gold,Regular,Yes
4761,Sophia,Gonzalez,sophia.gonzalez.4761@gmail.com,(836) 842-3322,Indianapolis,IN,Midwest,1956,Female,2025-04-08,Consumer,Silver,Occasional,Yes
4762,Betty,Perez,betty.perez.4762@gmail.com,(700) 362-9156,Phoenix,AZ,West,1969,Female,2023-04-25,Consumer,Platinum,Frequent,Yes
4763,Nathan,Gonzalez,nathan.gonzalez.4763@yahoo.com,(909) 961-8693,Richmond,VA,South,1989,Male,2025-07-30,Consumer,Gold,Regular,Yes
4764,Mary,Hernandez,mary.hernandez.4764@protonmail.com,(922) 461-6559,New York,NY,Northeast,1997,Female,2023-09-18,Enterprise,Silver,Occasional,Yes
4765,Nicole,Taylor,nicole.taylor.4765@protonmail.com,(851) 274-1422,Detroit,MI,Midwest,1972,Female,2024-01-12,Consumer,Bronze,Occasional,Yes
4766,Daniel,Walker,daniel.walker.4766@icloud.com,(212) 426-4915,Charlotte,NC,South,1985,Male,2025-11-29,Enterprise,Bronze,Frequent,Yes
4767,Rebecca,Clark,rebecca.clark.4767@gmail.com,(813) 748-4264,Los Angeles,CA,West,1979,Female,2023-03-24,Consumer,Silver,Frequent,Yes
4768,Betty,Torres,betty.torres.4768@protonmail.com,(288) 265-1703,Nashville,TN,South,1968,Female,2026-05-23,Consumer,Silver,Regular,Yes
4769,Amanda,Nguyen,amanda.nguyen.4769@yahoo.com,(988) 474-2600,Miami,FL,South,2004,Female,2023-02-27,Consumer,Bronze,Occasional,No
4770,Betty,Miller,betty.miller.4770@icloud.com,(290) 844-1210,Atlanta,GA,South,1967,Female,2025-12-13,Consumer,Bronze,Occasional,Yes
4771,James,Allen,james.allen.4771@protonmail.com,(926) 928-8942,Chicago,IL,Midwest,2000,Male,2024-06-20,Consumer,Silver,Regular,Yes
4772,Thomas,Brown,thomas.brown.4772@outlook.com,(669) 781-4767,Buffalo,NY,Northeast,1979,Male,2024-03-17,Consumer,Bronze,Regular,Yes
4773,Emma,Taylor,emma.taylor.4773@icloud.com,(407) 867-2018,Milwaukee,WI,Midwest,1946,Female,2026-06-18,Small Business,Bronze,Occasional,No
4774,George,Lee,george.lee.4774@yahoo.com,(576) 950-7583,New York,NY,Northeast,1985,Male,2025-06-30,Small Business,Silver,Regular,Yes
4775,Patricia,Thompson,patricia.thompson.4775@gmail.com,(671) 448-4224,New York,NY,Northeast,1982,Female,2026-06-18,Consumer,Silver,Regular,Yes
4776,Emma,Scott,emma.scott.4776@icloud.com,(240) 949-1982,Phoenix,AZ,West,1993,Female,2026-03-15,Consumer,Bronze,Regular,Yes
4777,Patricia,Thomas,patricia.thomas.4777@yahoo.com,(614) 388-3027,Charlotte,NC,South,1956,Female,2026-06-02,Enterprise,Bronze,Occasional,Yes
4778,Susan,Thomas,susan.thomas.4778@icloud.com,(517) 831-3109,Richmond,VA,South,2001,Female,2023-02-03,Consumer,Silver,VIP,Yes
4779,Amanda,Ramirez,amanda.ramirez.4779@protonmail.com,(659) 234-3326,Philadelphia,PA,Northeast,1995,Female,2023-09-30,Consumer,Bronze,Regular,No
4780,Karen,Lee,karen.lee.4780@protonmail.com,(918) 256-8825,Seattle,WA,West,1975,Female,2023-04-13,Small Business,Silver,Regular,Yes
4781,Steven,Torres,steven.torres.4781@outlook.com,(484) 572-9074,Orlando,FL,South,1996,Male,2024-10-23,Consumer,Bronze,Regular,No
4782,Rachel,Davis,rachel.davis.4782@gmail.com,(617) 895-2328,Denver,CO,West,1958,Female,2025-05-21,Small Business,Silver,Occasional,Yes
4783,John,Thomas,john.thomas.4783@outlook.com,(637) 715-5638,Cleveland,OH,Midwest,2001,Male,2024-04-11,Consumer,Bronze,Regular,Yes
4784,John,Wright,john.wright.4784@outlook.com,(719) 936-6626,Boston,MA,Northeast,1953,Prefer not to say,2024-07-10,Consumer,Bronze,Occasional,Yes
4785,Thomas,Rodriguez,thomas.rodriguez.4785@protonmail.com,(936) 771-4650,Miami,FL,South,1949,Male,2026-07-11,Small Business,Gold,Regular,Yes
4786,Jennifer,Martin,jennifer.martin.4786@yahoo.com,(595) 587-8904,Phoenix,AZ,West,1959,Female,2025-07-13,Consumer,Bronze,Occasional,Yes
4787,Joshua,Rodriguez,joshua.rodriguez.4787@protonmail.com,(663) 705-5761,Chicago,IL,Midwest,1975,Male,2024-03-03,Enterprise,Silver,Occasional,Yes
4788,Thomas,Anderson,thomas.anderson.4788@gmail.com,(489) 472-6522,Miami,FL,South,1968,Male,2023-12-09,Consumer,Bronze,Regular,Yes
4789,Amanda,Thomas,amanda.thomas.4789@protonmail.com,(245) 556-5612,Richmond,VA,South,1982,Female,2023-04-07,Consumer,Bronze,Occasional,Yes
4790,Christina,Nguyen,christina.nguyen.4790@protonmail.com,(978) 635-1811,Indianapolis,IN,Midwest,1945,Female,2024-04-20,Small Business,Bronze,Frequent,No
4791,Nicole,Robinson,nicole.robinson.4791@icloud.com,(662) 980-7941,Dallas,TX,South,1980,Female,2026-04-23,Enterprise,Bronze,Frequent,Yes
4792,Justin,Taylor,justin.taylor.4792@yahoo.com,(954) 738-5912,Atlanta,GA,South,1993,Male,2025-04-22,Consumer,Bronze,VIP,Yes
4793,Richard,Allen,richard.allen.4793@gmail.com,(905) 596-9116,Chicago,IL,Midwest,1959,Male,2025-04-21,Small Business,Bronze,Occasional,Yes
4794,Olivia,Lewis,olivia.lewis.4794@outlook.com,(799) 375-7072,Chicago,IL,Midwest,1961,Female,2024-09-26,Consumer,Silver,Occasional,Yes
4795,Brian,Miller,brian.miller.4795@protonmail.com,(786) 407-2601,Atlanta,GA,South,1956,Male,2026-03-17,Consumer,Bronze,Occasional,Yes
4796,Ashley,Walker,ashley.walker.4796@yahoo.com,(284) 593-6280,Orlando,FL,South,1949,Female,2025-02-17,Small Business,Silver,Regular,Yes
4797,Linda,Young,linda.young.4797@icloud.com,(398) 332-7743,Las Vegas,NV,West,1946,Female,2023-08-31,Small Business,Gold,Occasional,No
4798,Mark,Wilson,mark.wilson.4798@icloud.com,(545) 438-6492,Los Angeles,CA,West,2005,Male,2026-07-30,Consumer,Silver,Regular,Yes
4799,Betty,Robinson,betty.robinson.4799@outlook.com,(483) 529-8036,Phoenix,AZ,West,2000,Female,2023-10-25,Small Business,Bronze,Occasional,Yes
4800,Andrew,Flores,andrew.flores.4800@gmail.com,(812) 808-7735,Indianapolis,IN,Midwest,1979,Male,2023-07-27,Small Business,Silver,Regular,Yes
4801,Andrew,Clark,andrew.clark.4801@protonmail.com,(628) 211-3693,Los Angeles,CA,West,1952,Male,2025-09-20,Consumer,Gold,Occasional,Yes
4802,Joshua,Johnson,joshua.johnson.4802@icloud.com,(523) 753-2603,Dallas,TX,South,1953,Male,2024-01-11,Consumer,Bronze,Occasional,Yes
4803,Melissa,Harris,melissa.harris.4803@icloud.com,(652) 676-2953,Las Vegas,NV,West,1952,Female,2023-05-25,Enterprise,Bronze,Occasional,Yes
4804,Lisa,Flores,lisa.flores.4804@gmail.com,(295) 730-2073,Los Angeles,CA,West,1977,Female,2025-08-09,Consumer,Bronze,Frequent,Yes
4805,Steven,Moore,steven.moore.4805@protonmail.com,(430) 540-9883,Portland,OR,West,1990,Male,2026-08-06,Consumer,Bronze,Frequent,Yes
4806,Lauren,Wilson,lauren.wilson.4806@protonmail.com,(497) 362-1023,Houston,TX,South,1995,Female,2025-11-08,Consumer,Gold,Occasional,Yes
4807,Charles,Taylor,charles.taylor.4807@icloud.com,(523) 432-9531,San Francisco,CA,West,1987,Male,2025-08-15,Consumer,Bronze,Occasional,Yes
4808,John,Martin,john.martin.4808@outlook.com,(960) 407-9002,Seattle,WA,West,1997,Male,2024-09-20,Small Business,Silver,Occasional,Yes
4809,Anthony,Martin,anthony.martin.4809@gmail.com,(986) 349-1391,San Diego,CA,West,1980,Male,2024-08-09,Consumer,Bronze,Regular,Yes
4810,Sandra,Anderson,sandra.anderson.4810@protonmail.com,(638) 463-5523,Charlotte,NC,South,1975,Female,2024-10-08,Consumer,Bronze,VIP,Yes
4811,William,Torres,william.torres.4811@protonmail.com,(658) 228-1583,San Diego,CA,West,1954,Male,2024-10-03,Small Business,Bronze,Regular,Yes
4812,Barbara,Jackson,barbara.jackson.4812@outlook.com,(561) 615-3516,Miami,FL,South,1987,Female,2026-07-10,Consumer,Platinum,Frequent,Yes
4813,Margaret,Martinez,margaret.martinez.4813@yahoo.com,(575) 624-7890,San Francisco,CA,West,1971,Female,2025-05-18,Small Business,Gold,Frequent,Yes
4814,Susan,Lewis,susan.lewis.4814@yahoo.com,(933) 573-8922,Las Vegas,NV,West,2002,Female,2026-03-05,Consumer,Silver,Frequent,Yes
4815,Abigail,Allen,abigail.allen.4815@outlook.com,(669) 295-2684,San Francisco,CA,West,1980,Female,2025-07-16,Enterprise,Silver,Occasional,Yes
4816,Jacob,Scott,jacob.scott.4816@gmail.com,(713) 773-8990,Orlando,FL,South,1998,Male,2025-08-25,Consumer,Silver,Frequent,Yes
4817,Joshua,Garcia,joshua.garcia.4817@icloud.com,(730) 473-1934,Charlotte,NC,South,1960,Male,2023-10-12,Consumer,Gold,Regular,Yes
4818,Melissa,White,melissa.white.4818@gmail.com,(219) 464-8981,Miami,FL,South,1993,Female,2023-12-29,Small Business,Platinum,Occasional,Yes
4819,Melissa,Jackson,melissa.jackson.4819@outlook.com,(654) 204-9878,Providence,RI,Northeast,1947,Female,2026-04-26,Small Business,Bronze,Frequent,Yes
4820,Olivia,Jones,olivia.jones.4820@icloud.com,(848) 500-3840,Portland,OR,West,1948,Prefer not to say,2023-06-18,Consumer,Bronze,Occasional,Yes
4821,Joshua,Gonzalez,joshua.gonzalez.4821@gmail.com,(349) 603-1294,Orlando,FL,South,1975,Male,2024-07-17,Consumer,Bronze,Occasional,Yes
4822,Brandon,Hernandez,brandon.hernandez.4822@gmail.com,(437) 496-3317,San Francisco,CA,West,1969,Male,2024-04-23,Consumer,Bronze,Occasional,No
4823,Ashley,Young,ashley.young.4823@gmail.com,(283) 764-1292,Atlanta,GA,South,1953,Female,2025-03-17,Consumer,Bronze,VIP,Yes
4824,Edward,King,edward.king.4824@icloud.com,(455) 709-5618,Dallas,TX,South,2004,Male,2024-12-16,Consumer,Bronze,Regular,Yes
4825,Justin,King,justin.king.4825@protonmail.com,(315) 941-4548,Portland,OR,West,1983,Male,2023-09-13,Consumer,Silver,Regular,Yes
4826,Emily,Martinez,emily.martinez.4826@icloud.com,(527) 513-2518,Nashville,TN,South,1984,Female,2024-04-05,Consumer,Bronze,Occasional,Yes
4827,Andrew,Brown,andrew.brown.4827@yahoo.com,(560) 396-3996,Miami,FL,South,1989,Male,2024-11-18,Consumer,Bronze,Occasional,Yes
4828,Susan,Clark,susan.clark.4828@protonmail.com,(828) 320-5545,Los Angeles,CA,West,1991,Female,2023-11-20,Small Business,Bronze,Regular,Yes
4829,Emily,Miller,emily.miller.4829@icloud.com,(210) 200-5521,Richmond,VA,South,1992,Female,2024-12-30,Consumer,Bronze,Occasional,Yes
4830,Jason,Martin,jason.martin.4830@outlook.com,(370) 606-6657,Houston,TX,South,1974,Male,2024-04-16,Consumer,Gold,Occasional,Yes
4831,Karen,Moore,karen.moore.4831@yahoo.com,(274) 497-4967,St. Louis,MO,Midwest,1969,Female,2023-11-22,Small Business,Bronze,Frequent,Yes
4832,Sophia,Williams,sophia.williams.4832@yahoo.com,(962) 252-3202,New York,NY,Northeast,1968,Female,2025-11-12,Small Business,Platinum,Occasional,Yes
4833,Joshua,Torres,joshua.torres.4833@icloud.com,(475) 767-7422,Richmond,VA,South,1947,Male,2024-06-16,Consumer,Bronze,Occasional,Yes
4834,David,Ramirez,david.ramirez.4834@protonmail.com,(845) 814-4992,Las Vegas,NV,West,1949,Male,2025-03-25,Consumer,Bronze,Occasional,Yes
4835,Christopher,Martin,christopher.martin.4835@protonmail.com,(479) 819-1209,Portland,OR,West,1995,Male,2024-11-02,Enterprise,Bronze,Occasional,Yes
4836,Abigail,Perez,abigail.perez.4836@yahoo.com,(240) 259-2622,Nashville,TN,South,1949,Female,2025-02-27,Consumer,Bronze,Occasional,Yes
4837,Abigail,Flores,abigail.flores.4837@yahoo.com,(206) 771-9592,Cleveland,OH,Midwest,1974,Female,2023-07-16,Consumer,Bronze,Regular,Yes
4838,Matthew,Wilson,matthew.wilson.4838@gmail.com,(631) 506-4515,New York,NY,Northeast,2005,Male,2024-10-22,Consumer,Gold,VIP,Yes
4839,Brian,King,brian.king.4839@icloud.com,(458) 307-9981,Buffalo,NY,Northeast,1945,Male,2025-08-03,Consumer,Silver,Occasional,Yes
4840,Jason,Scott,jason.scott.4840@protonmail.com,(759) 670-4065,St. Louis,MO,Midwest,1982,Male,2023-07-16,Small Business,Bronze,Regular,Yes
4841,Robert,Lewis,robert.lewis.4841@icloud.com,(524) 767-5131,Miami,FL,South,1997,Male,2025-04-13,Small Business,Silver,Regular,Yes
4842,Jacob,Smith,jacob.smith.4842@gmail.com,(630) 866-8015,Buffalo,NY,Northeast,1963,Male,2025-04-15,Small Business,Bronze,Regular,Yes
4843,Joshua,Thomas,joshua.thomas.4843@outlook.com,(715) 918-3909,Charlotte,NC,South,1991,Male,2023-06-18,Consumer,Bronze,Frequent,Yes
4844,Rebecca,Allen,rebecca.allen.4844@protonmail.com,(255) 436-2221,Columbus,OH,Midwest,1998,Female,2023-11-11,Consumer,Silver,Frequent,Yes
4845,William,Hernandez,william.hernandez.4845@outlook.com,(553) 679-9703,Milwaukee,WI,Midwest,1974,Male,2025-06-23,Consumer,Bronze,Occasional,Yes
4846,Margaret,King,margaret.king.4846@icloud.com,(249) 241-2121,Buffalo,NY,Northeast,1998,Female,2023-11-01,Consumer,Silver,Occasional,Yes
4847,Michael,Lopez,michael.lopez.4847@protonmail.com,(873) 262-2252,Seattle,WA,West,1978,Male,2025-12-11,Small Business,Bronze,Frequent,Yes
4848,Elizabeth,Taylor,elizabeth.taylor.4848@icloud.com,(854) 479-6449,Minneapolis,MN,Midwest,1948,Female,2023-07-14,Consumer,Bronze,Occasional,Yes
4849,Paul,Thompson,paul.thompson.4849@icloud.com,(319) 529-9264,Chicago,IL,Midwest,1983,Male,2023-05-17,Consumer,Bronze,Regular,Yes
4850,Charles,Davis,charles.davis.4850@yahoo.com,(309) 369-3647,New York,NY,Northeast,1946,Male,2024-10-23,Small Business,Gold,Regular,Yes
4851,Olivia,Jones,olivia.jones.4851@outlook.com,(604) 678-1680,Philadelphia,PA,Northeast,1948,Female,2024-11-09,Small Business,Bronze,VIP,Yes
4852,Emily,Thomas,emily.thomas.4852@gmail.com,(814) 295-1516,St. Louis,MO,Midwest,1960,Female,2026-05-24,Consumer,Bronze,Regular,Yes
4853,Linda,Taylor,linda.taylor.4853@yahoo.com,(768) 432-5847,Charlotte,NC,South,1949,Female,2025-04-18,Small Business,Bronze,Occasional,Yes
4854,Abigail,Hill,abigail.hill.4854@icloud.com,(828) 832-1916,Philadelphia,PA,Northeast,1992,Female,2025-05-04,Consumer,Gold,Occasional,Yes
4855,Steven,Gonzalez,steven.gonzalez.4855@icloud.com,(763) 397-6833,Portland,OR,West,1999,Male,2026-03-28,Consumer,Bronze,Occasional,Yes
4856,Lauren,Harris,lauren.harris.4856@yahoo.com,(718) 765-2197,Portland,OR,West,1987,Female,2026-07-16,Small Business,Platinum,Regular,Yes
4857,Sandra,Walker,sandra.walker.4857@icloud.com,(334) 672-2168,Boston,MA,Northeast,1972,Female,2025-08-25,Consumer,Bronze,VIP,Yes
4858,Anthony,Miller,anthony.miller.4858@yahoo.com,(439) 775-7398,Portland,OR,West,1946,Male,2024-05-26,Consumer,Silver,Regular,Yes
4859,John,Lee,john.lee.4859@protonmail.com,(593) 319-8026,St. Louis,MO,Midwest,2004,Male,2025-08-14,Consumer,Bronze,Frequent,Yes
4860,Ashley,Lee,ashley.lee.4860@gmail.com,(464) 506-6008,Richmond,VA,South,1964,Female,2025-06-17,Consumer,Bronze,VIP,Yes
4861,Thomas,Clark,thomas.clark.4861@gmail.com,(799) 913-9557,Columbus,OH,Midwest,1983,Male,2024-03-19,Consumer,Bronze,Frequent,Yes
4862,Kevin,Anderson,kevin.anderson.4862@protonmail.com,(363) 673-8555,Houston,TX,South,2002,Male,2024-11-21,Enterprise,Bronze,Occasional,Yes
4863,John,Gonzalez,john.gonzalez.4863@gmail.com,(319) 448-9070,Orlando,FL,South,1948,Male,2023-02-17,Consumer,Silver,Occasional,Yes
4864,Amanda,Walker,amanda.walker.4864@outlook.com,(259) 788-1942,St. Louis,MO,Midwest,1955,Female,2026-03-31,Consumer,Bronze,Regular,Yes
4865,Emily,Martinez,emily.martinez.4865@icloud.com,(391) 848-6425,Portland,OR,West,1986,Female,2026-05-26,Consumer,Silver,Occasional,Yes
4866,Kevin,Clark,kevin.clark.4866@gmail.com,(386) 572-7056,Minneapolis,MN,Midwest,1971,Prefer not to say,2023-01-04,Consumer,Gold,Regular,Yes
4867,Joshua,Hill,joshua.hill.4867@gmail.com,(795) 227-3840,Richmond,VA,South,1987,Male,2025-06-24,Consumer,Bronze,Occasional,No
4868,Mark,Miller,mark.miller.4868@gmail.com,(781) 215-6384,Nashville,TN,South,1973,Male,2026-07-20,Consumer,Bronze,Frequent,Yes
4869,Richard,Brown,richard.brown.4869@gmail.com,(464) 740-7106,Philadelphia,PA,Northeast,1972,Male,2025-12-15,Consumer,Silver,Occasional,Yes
4870,Barbara,Wilson,barbara.wilson.4870@icloud.com,(323) 552-7198,Newark,NJ,Northeast,1990,Female,2024-08-24,Enterprise,Silver,Occasional,Yes
4871,Emily,Miller,emily.miller.4871@outlook.com,(646) 750-3371,Atlanta,GA,South,1959,Female,2025-11-20,Consumer,Bronze,Frequent,Yes
4872,Patricia,Martinez,patricia.martinez.4872@gmail.com,(695) 875-7972,Detroit,MI,Midwest,2004,Female,2025-04-08,Small Business,Silver,Frequent,Yes
4873,Edward,Young,edward.young.4873@icloud.com,(344) 576-1257,Richmond,VA,South,2001,Male,2025-06-06,Consumer,Silver,Regular,Yes
4874,Stephanie,Robinson,stephanie.robinson.4874@outlook.com,(874) 415-2956,Miami,FL,South,1961,Female,2026-04-08,Small Business,Bronze,Regular,Yes
4875,Mary,Scott,mary.scott.4875@gmail.com,(833) 260-4229,Newark,NJ,Northeast,1966,Female,2024-04-12,Consumer,Bronze,Frequent,Yes
4876,Megan,Davis,megan.davis.4876@outlook.com,(676) 586-1352,Orlando,FL,South,1978,Female,2023-06-25,Consumer,Platinum,Frequent,Yes
4877,Donald,Jones,donald.jones.4877@protonmail.com,(400) 824-2911,Providence,RI,Northeast,1967,Male,2025-07-12,Consumer,Bronze,Regular,Yes
4878,Amanda,Hernandez,amanda.hernandez.4878@yahoo.com,(514) 412-5498,Phoenix,AZ,West,1957,Female,2026-01-25,Consumer,Bronze,Occasional,Yes
4879,Joshua,Perez,joshua.perez.4879@gmail.com,(700) 521-8155,Milwaukee,WI,Midwest,1977,Male,2023-04-26,Consumer,Gold,Regular,Yes
4880,Daniel,Young,daniel.young.4880@outlook.com,(365) 262-1156,Cleveland,OH,Midwest,1972,Male,2026-01-08,Small Business,Bronze,Frequent,Yes
4881,Kevin,Sanchez,kevin.sanchez.4881@protonmail.com,(799) 383-9602,Houston,TX,South,1953,Male,2023-09-08,Consumer,Bronze,VIP,Yes
4882,David,Taylor,david.taylor.4882@icloud.com,(685) 859-7251,St. Louis,MO,Midwest,1964,Male,2024-03-24,Consumer,Gold,Frequent,Yes
4883,Mary,Flores,mary.flores.4883@yahoo.com,(972) 704-2740,Orlando,FL,South,2003,Female,2023-06-12,Consumer,Bronze,Occasional,Yes
4884,Betty,Perez,betty.perez.4884@icloud.com,(565) 627-6999,Newark,NJ,Northeast,1961,Female,2025-12-21,Consumer,Bronze,Regular,Yes
4885,Barbara,Nguyen,barbara.nguyen.4885@icloud.com,(506) 571-7799,Boston,MA,Northeast,2005,Female,2026-04-09,Consumer,Bronze,Regular,Yes
4886,Olivia,Garcia,olivia.garcia.4886@yahoo.com,(276) 529-6763,Indianapolis,IN,Midwest,1972,Female,2025-07-01,Consumer,Silver,Regular,Yes
4887,Paul,Rodriguez,paul.rodriguez.4887@icloud.com,(738) 447-1783,Buffalo,NY,Northeast,1950,Male,2026-06-26,Enterprise,Platinum,Occasional,Yes
4888,William,Torres,william.torres.4888@gmail.com,(988) 858-2257,Richmond,VA,South,1976,Male,2023-02-03,Small Business,Bronze,Frequent,Yes
4889,Olivia,Anderson,olivia.anderson.4889@protonmail.com,(344) 706-4368,Orlando,FL,South,1997,Female,2024-08-11,Consumer,Gold,Regular,Yes
4890,Karen,Young,karen.young.4890@yahoo.com,(477) 779-8129,Houston,TX,South,2003,Female,2026-03-18,Consumer,Bronze,Occasional,Yes
4891,Sandra,Sanchez,sandra.sanchez.4891@gmail.com,(697) 292-7311,New York,NY,Northeast,1950,Female,2026-01-17,Small Business,Bronze,Regular,No
4892,Jacob,Jackson,jacob.jackson.4892@outlook.com,(478) 704-1657,Nashville,TN,South,1969,Male,2026-04-08,Consumer,Bronze,Occasional,Yes
4893,Melissa,White,melissa.white.4893@icloud.com,(437) 290-7272,Portland,OR,West,1955,Female,2023-08-25,Enterprise,Bronze,Occasional,Yes
4894,Anthony,Scott,anthony.scott.4894@icloud.com,(527) 402-3083,Nashville,TN,South,1985,Male,2025-08-28,Consumer,Silver,Regular,No
4895,Kevin,Anderson,kevin.anderson.4895@protonmail.com,(507) 319-6076,St. Louis,MO,Midwest,1948,Male,2026-03-20,Consumer,Bronze,Regular,Yes
4896,Olivia,Jackson,olivia.jackson.4896@yahoo.com,(610) 662-1748,Detroit,MI,Midwest,1998,Female,2023-01-09,Consumer,Bronze,Occasional,Yes
4897,Rebecca,Ramirez,rebecca.ramirez.4897@outlook.com,(710) 204-8196,Indianapolis,IN,Midwest,1993,Female,2023-03-02,Consumer,Bronze,Regular,Yes
4898,Robert,Scott,robert.scott.4898@yahoo.com,(826) 719-6353,Hartford,CT,Northeast,1966,Male,2023-04-05,Consumer,Bronze,Occasional,No
4899,Jason,Davis,jason.davis.4899@yahoo.com,(225) 499-4901,Nashville,TN,South,1949,Male,2023-01-17,Small Business,Bronze,Regular,Yes
4900,Christopher,Garcia,christopher.garcia.4900@protonmail.com,(706) 811-3214,Newark,NJ,Northeast,1960,Male,2025-01-08,Enterprise,Bronze,Occasional,Yes
4901,Melissa,Hernandez,melissa.hernandez.4901@protonmail.com,(702) 484-1741,Columbus,OH,Midwest,1991,Female,2023-09-11,Small Business,Bronze,Frequent,Yes
4902,Joseph,Martinez,joseph.martinez.4902@outlook.com,(527) 586-8764,Houston,TX,South,1969,Male,2025-09-23,Consumer,Gold,Occasional,No
4903,Thomas,Martinez,thomas.martinez.4903@outlook.com,(713) 453-5013,Richmond,VA,South,1963,Male,2025-05-17,Consumer,Bronze,Frequent,Yes
4904,William,Harris,william.harris.4904@icloud.com,(866) 562-9645,Buffalo,NY,Northeast,1966,Male,2025-07-01,Consumer,Bronze,Regular,Yes
4905,Steven,Jones,steven.jones.4905@gmail.com,(948) 727-2366,Seattle,WA,West,1996,Male,2025-11-04,Consumer,Silver,Frequent,Yes
4906,Nathan,Martinez,nathan.martinez.4906@outlook.com,(564) 816-9065,Nashville,TN,South,1983,Male,2023-12-16,Consumer,Silver,Regular,Yes
4907,Nicole,Allen,nicole.allen.4907@protonmail.com,(236) 227-3886,Atlanta,GA,South,1994,Female,2025-09-30,Small Business,Bronze,Occasional,Yes
4908,Sandra,Wright,sandra.wright.4908@yahoo.com,(490) 479-6012,Charlotte,NC,South,1994,Female,2024-07-06,Consumer,Bronze,Regular,Yes
4909,Emma,Robinson,emma.robinson.4909@yahoo.com,(745) 418-4322,Las Vegas,NV,West,1995,Prefer not to say,2023-12-02,Consumer,Bronze,Occasional,Yes
4910,Nicole,Lewis,nicole.lewis.4910@gmail.com,(309) 598-6405,Cleveland,OH,Midwest,1983,Female,2024-04-19,Consumer,Bronze,Occasional,Yes
4911,Abigail,Clark,abigail.clark.4911@icloud.com,(235) 562-8826,Orlando,FL,South,2003,Female,2025-06-29,Consumer,Silver,Regular,Yes
4912,John,White,john.white.4912@outlook.com,(574) 604-3734,Detroit,MI,Midwest,1995,Male,2024-04-16,Consumer,Bronze,Frequent,Yes
4913,Matthew,Perez,matthew.perez.4913@outlook.com,(946) 466-2362,Buffalo,NY,Northeast,1993,Male,2023-08-20,Consumer,Bronze,Frequent,Yes
4914,Susan,Rodriguez,susan.rodriguez.4914@protonmail.com,(379) 329-8046,Philadelphia,PA,Northeast,1959,Female,2025-07-21,Consumer,Bronze,VIP,Yes
4915,Christina,Sanchez,christina.sanchez.4915@icloud.com,(490) 756-9845,Orlando,FL,South,1946,Female,2025-09-11,Consumer,Bronze,Regular,Yes
4916,Stephanie,Flores,stephanie.flores.4916@protonmail.com,(979) 539-2325,Richmond,VA,South,1981,Female,2023-07-21,Consumer,Bronze,Occasional,Yes
4917,Stephanie,King,stephanie.king.4917@outlook.com,(653) 577-4119,Dallas,TX,South,1997,Female,2023-01-30,Consumer,Bronze,Regular,Yes
4918,George,Jackson,george.jackson.4918@gmail.com,(448) 943-1214,Phoenix,AZ,West,1948,Male,2023-09-15,Consumer,Silver,Regular,No
4919,Jason,Gonzalez,jason.gonzalez.4919@protonmail.com,(586) 589-6064,Dallas,TX,South,1949,Male,2026-06-01,Consumer,Gold,Frequent,Yes
4920,John,Perez,john.perez.4920@yahoo.com,(819) 350-4143,Hartford,CT,Northeast,2004,Male,2024-05-31,Consumer,Silver,Regular,Yes
4921,Nathan,Hill,nathan.hill.4921@icloud.com,(203) 403-4069,Nashville,TN,South,1945,Male,2025-12-15,Consumer,Bronze,Occasional,Yes
4922,Mary,King,mary.king.4922@yahoo.com,(834) 670-5016,Houston,TX,South,1950,Female,2026-02-27,Small Business,Silver,Occasional,Yes
4923,James,White,james.white.4923@yahoo.com,(365) 714-3372,Dallas,TX,South,1964,Male,2023-01-17,Consumer,Bronze,Frequent,Yes
4924,Margaret,Williams,margaret.williams.4924@protonmail.com,(838) 846-4388,Los Angeles,CA,West,1954,Female,2025-10-04,Consumer,Silver,Regular,Yes
4925,Elizabeth,Miller,elizabeth.miller.4925@protonmail.com,(701) 727-5955,Providence,RI,Northeast,1948,Female,2025-04-29,Small Business,Bronze,Frequent,Yes
4926,Christopher,Martinez,christopher.martinez.4926@outlook.com,(305) 233-1826,St. Louis,MO,Midwest,1999,Male,2025-04-10,Consumer,Gold,Frequent,Yes
4927,Susan,Jones,susan.jones.4927@outlook.com,(368) 684-2302,Indianapolis,IN,Midwest,1965,Female,2025-02-24,Consumer,Gold,Regular,Yes
4928,Jason,Lopez,jason.lopez.4928@outlook.com,(996) 669-7102,Milwaukee,WI,Midwest,1957,Male,2023-11-09,Consumer,Gold,Occasional,Yes
4929,Nathan,Martin,nathan.martin.4929@outlook.com,(625) 209-2204,Portland,OR,West,1992,Male,2024-08-09,Consumer,Bronze,Regular,Yes
4930,Ashley,Walker,ashley.walker.4930@outlook.com,(873) 523-8881,Phoenix,AZ,West,1957,Female,2025-09-20,Consumer,Bronze,Regular,Yes
4931,Jessica,Sanchez,jessica.sanchez.4931@protonmail.com,(758) 304-1096,Charlotte,NC,South,1995,Female,2024-03-09,Consumer,Bronze,Regular,Yes
4932,Sandra,Scott,sandra.scott.4932@yahoo.com,(742) 639-3232,Nashville,TN,South,1988,Female,2024-04-20,Enterprise,Bronze,VIP,Yes
4933,Christopher,Rodriguez,christopher.rodriguez.4933@gmail.com,(464) 851-5500,Houston,TX,South,1964,Nonbinary,2025-05-05,Small Business,Bronze,Occasional,No
4934,Sophia,Smith,sophia.smith.4934@icloud.com,(310) 847-3479,Orlando,FL,South,1971,Female,2025-07-14,Small Business,Silver,Occasional,Yes
4935,Sarah,Thomas,sarah.thomas.4935@protonmail.com,(404) 914-1437,Charlotte,NC,South,1979,Female,2026-06-17,Consumer,Bronze,Frequent,Yes
4936,Stephanie,Clark,stephanie.clark.4936@protonmail.com,(686) 498-6661,Orlando,FL,South,1997,Female,2023-11-04,Enterprise,Bronze,Frequent,Yes
4937,Donald,Ramirez,donald.ramirez.4937@protonmail.com,(533) 907-8473,Minneapolis,MN,Midwest,2003,Male,2025-02-08,Consumer,Bronze,Regular,Yes
4938,Margaret,Torres,margaret.torres.4938@outlook.com,(684) 665-5872,Hartford,CT,Northeast,1947,Female,2026-07-31,Consumer,Silver,Occasional,Yes
4939,Kevin,Wright,kevin.wright.4939@icloud.com,(884) 771-3807,Houston,TX,South,1963,Nonbinary,2024-05-13,Small Business,Bronze,Occasional,Yes
4940,Emily,Harris,emily.harris.4940@outlook.com,(891) 470-3832,Miami,FL,South,1949,Female,2025-12-05,Small Business,Gold,Occasional,Yes
4941,Karen,Clark,karen.clark.4941@gmail.com,(545) 686-3203,Cleveland,OH,Midwest,1986,Female,2023-05-17,Enterprise,Bronze,Regular,Yes
4942,Brian,Scott,brian.scott.4942@outlook.com,(405) 249-8959,Atlanta,GA,South,1957,Male,2023-04-11,Small Business,Bronze,Occasional,Yes
4943,Paul,Johnson,paul.johnson.4943@protonmail.com,(516) 263-6551,Columbus,OH,Midwest,1956,Male,2024-02-04,Small Business,Silver,Occasional,Yes
4944,Christina,Ramirez,christina.ramirez.4944@protonmail.com,(575) 491-5517,Las Vegas,NV,West,1957,Female,2025-02-25,Consumer,Bronze,Occasional,Yes
4945,Betty,Lewis,betty.lewis.4945@gmail.com,(881) 993-7911,Phoenix,AZ,West,1985,Female,2023-10-15,Consumer,Gold,Regular,Yes
4946,Jennifer,Rodriguez,jennifer.rodriguez.4946@gmail.com,(479) 368-2059,Denver,CO,West,1998,Female,2025-09-02,Small Business,Bronze,Occasional,Yes
4947,Elizabeth,Thomas,elizabeth.thomas.4947@gmail.com,(206) 781-9678,St. Louis,MO,Midwest,1996,Female,2025-10-06,Enterprise,Silver,Occasional,Yes
4948,Robert,Clark,robert.clark.4948@protonmail.com,(870) 319-4050,Cleveland,OH,Midwest,1960,Male,2025-03-27,Small Business,Silver,Regular,Yes
4949,Karen,Gonzalez,karen.gonzalez.4949@icloud.com,(257) 332-1639,Seattle,WA,West,1945,Female,2023-11-13,Consumer,Gold,Occasional,Yes
4950,Jessica,Walker,jessica.walker.4950@protonmail.com,(858) 652-8133,Orlando,FL,South,1950,Female,2024-05-10,Consumer,Bronze,Regular,Yes
4951,James,Moore,james.moore.4951@gmail.com,(797) 793-5563,Phoenix,AZ,West,1993,Male,2026-04-26,Consumer,Bronze,Occasional,Yes
4952,Sarah,Moore,sarah.moore.4952@protonmail.com,(649) 824-3492,Detroit,MI,Midwest,1984,Female,2025-01-15,Consumer,Bronze,Occasional,Yes
4953,Lisa,Perez,lisa.perez.4953@yahoo.com,(848) 244-9541,Las Vegas,NV,West,1984,Female,2023-08-08,Small Business,Gold,Frequent,Yes
4954,Mark,Harris,mark.harris.4954@gmail.com,(626) 779-4575,Hartford,CT,Northeast,1990,Male,2023-06-30,Consumer,Bronze,Frequent,Yes
4955,Justin,Gonzalez,justin.gonzalez.4955@outlook.com,(393) 382-7328,Dallas,TX,South,1979,Male,2023-12-20,Consumer,Silver,Occasional,Yes
4956,Nancy,Allen,nancy.allen.4956@outlook.com,(850) 716-7719,Pittsburgh,PA,Northeast,1995,Female,2023-07-16,Consumer,Bronze,Occasional,Yes
4957,Abigail,Flores,abigail.flores.4957@protonmail.com,(458) 784-2564,Hartford,CT,Northeast,1985,Female,2023-02-07,Consumer,Silver,Regular,Yes
4958,George,Johnson,george.johnson.4958@protonmail.com,(743) 939-3714,Charlotte,NC,South,1970,Male,2023-05-08,Consumer,Bronze,Occasional,No
4959,Amanda,Nguyen,amanda.nguyen.4959@icloud.com,(537) 233-1299,Las Vegas,NV,West,1976,Female,2025-04-19,Consumer,Bronze,Occasional,Yes
4960,William,Davis,william.davis.4960@icloud.com,(207) 867-6083,St. Louis,MO,Midwest,1964,Male,2025-05-13,Consumer,Gold,Frequent,Yes
4961,Mary,Garcia,mary.garcia.4961@protonmail.com,(555) 265-3305,Orlando,FL,South,1953,Female,2025-04-23,Consumer,Bronze,Occasional,Yes
4962,Christina,Rodriguez,christina.rodriguez.4962@protonmail.com,(878) 499-9177,Atlanta,GA,South,1956,Female,2024-07-16,Consumer,Gold,Frequent,Yes
4963,Joshua,Thompson,joshua.thompson.4963@protonmail.com,(222) 856-5505,Seattle,WA,West,1962,Male,2026-05-28,Consumer,Bronze,Frequent,Yes
4964,Abigail,Perez,abigail.perez.4964@outlook.com,(825) 295-8317,Chicago,IL,Midwest,2004,Female,2023-10-02,Small Business,Silver,Frequent,Yes
4965,Elizabeth,Miller,elizabeth.miller.4965@yahoo.com,(269) 797-4211,Los Angeles,CA,West,2004,Female,2025-10-25,Enterprise,Bronze,Regular,No
4966,Paul,Hernandez,paul.hernandez.4966@gmail.com,(677) 724-2129,Dallas,TX,South,1982,Male,2024-09-09,Consumer,Bronze,Occasional,Yes
4967,Lisa,Rodriguez,lisa.rodriguez.4967@outlook.com,(324) 267-6097,Buffalo,NY,Northeast,1955,Female,2023-10-02,Consumer,Bronze,Frequent,No
4968,John,Garcia,john.garcia.4968@gmail.com,(463) 838-9739,Houston,TX,South,1985,Male,2025-07-14,Consumer,Gold,Regular,Yes
4969,Joseph,Garcia,joseph.garcia.4969@yahoo.com,(517) 450-3734,San Francisco,CA,West,1997,Male,2024-10-05,Consumer,Silver,Occasional,No
4970,Olivia,Jones,olivia.jones.4970@gmail.com,(648) 499-2313,Seattle,WA,West,1962,Female,2025-11-11,Consumer,Silver,Occasional,Yes
4971,Brandon,Clark,brandon.clark.4971@gmail.com,(745) 774-8963,San Francisco,CA,West,1982,Prefer not to say,2023-01-13,Consumer,Bronze,Occasional,Yes
4972,Charles,Hill,charles.hill.4972@icloud.com,(376) 722-1334,Cleveland,OH,Midwest,1948,Male,2024-07-10,Consumer,Bronze,Occasional,Yes
4973,Christina,Williams,christina.williams.4973@icloud.com,(575) 840-1524,Las Vegas,NV,West,1951,Female,2025-11-28,Consumer,Bronze,Frequent,Yes
4974,Ashley,Scott,ashley.scott.4974@yahoo.com,(635) 570-7068,Chicago,IL,Midwest,1986,Female,2024-12-18,Consumer,Gold,Occasional,Yes
4975,Abigail,Johnson,abigail.johnson.4975@outlook.com,(668) 655-6202,Philadelphia,PA,Northeast,1971,Nonbinary,2023-06-19,Consumer,Gold,Occasional,Yes
4976,Brian,Perez,brian.perez.4976@gmail.com,(752) 616-9473,Dallas,TX,South,1986,Male,2026-07-13,Consumer,Silver,Regular,Yes
4977,Nicole,Lopez,nicole.lopez.4977@gmail.com,(502) 892-5497,Detroit,MI,Midwest,2004,Female,2026-03-06,Consumer,Bronze,Occasional,Yes
4978,Melissa,Moore,melissa.moore.4978@protonmail.com,(581) 674-1594,Richmond,VA,South,1994,Female,2025-04-21,Consumer,Bronze,Occasional,Yes
4979,Mary,Torres,mary.torres.4979@icloud.com,(318) 823-6504,Newark,NJ,Northeast,1970,Female,2025-06-13,Consumer,Bronze,Occasional,No
4980,Barbara,Torres,barbara.torres.4980@icloud.com,(593) 708-4769,Pittsburgh,PA,Northeast,1996,Female,2025-05-06,Consumer,Bronze,Occasional,Yes
4981,Emily,Hernandez,emily.hernandez.4981@outlook.com,(990) 320-6895,Atlanta,GA,South,1989,Female,2026-06-08,Consumer,Bronze,Occasional,Yes
4982,James,Hill,james.hill.4982@yahoo.com,(735) 642-2539,Detroit,MI,Midwest,1956,Male,2025-12-15,Consumer,Gold,VIP,Yes
4983,Mary,Gonzalez,mary.gonzalez.4983@gmail.com,(370) 259-5157,Los Angeles,CA,West,1948,Female,2023-06-25,Consumer,Gold,Frequent,Yes
4984,Brian,Anderson,brian.anderson.4984@yahoo.com,(455) 533-5515,Miami,FL,South,1978,Male,2024-04-07,Consumer,Gold,Regular,Yes
4985,Michael,Flores,michael.flores.4985@icloud.com,(438) 600-4221,Nashville,TN,South,1945,Male,2023-04-07,Small Business,Gold,Occasional,Yes
4986,Jacob,Thompson,jacob.thompson.4986@gmail.com,(948) 666-9110,Atlanta,GA,South,1998,Male,2026-01-07,Consumer,Bronze,VIP,Yes
4987,Richard,Ramirez,richard.ramirez.4987@yahoo.com,(573) 658-6743,Orlando,FL,South,1970,Male,2024-09-12,Consumer,Silver,Occasional,No
4988,Sophia,Williams,sophia.williams.4988@outlook.com,(685) 526-8282,Phoenix,AZ,West,1990,Female,2026-06-01,Small Business,Gold,Regular,Yes
4989,Stephanie,Jones,stephanie.jones.4989@protonmail.com,(707) 781-5098,Providence,RI,Northeast,1967,Female,2025-04-10,Consumer,Silver,Occasional,Yes
4990,Jennifer,Perez,jennifer.perez.4990@outlook.com,(655) 363-6909,Minneapolis,MN,Midwest,2004,Female,2024-08-01,Small Business,Bronze,Regular,Yes
4991,William,King,william.king.4991@protonmail.com,(952) 797-2196,Nashville,TN,South,1957,Male,2023-10-11,Consumer,Silver,Occasional,Yes
4992,Paul,Nguyen,paul.nguyen.4992@outlook.com,(887) 452-5890,Richmond,VA,South,1947,Male,2024-10-02,Consumer,Silver,Occasional,Yes
4993,Steven,Nguyen,steven.nguyen.4993@protonmail.com,(849) 299-3866,Pittsburgh,PA,Northeast,1997,Male,2025-09-15,Consumer,Bronze,Regular,No
4994,Karen,Torres,karen.torres.4994@icloud.com,(231) 899-3902,Charlotte,NC,South,2001,Female,2025-05-23,Consumer,Bronze,Regular,Yes
4995,John,Clark,john.clark.4995@icloud.com,(346) 822-8734,Cleveland,OH,Midwest,1994,Male,2026-02-15,Small Business,Silver,Regular,Yes
4996,Donald,Hill,donald.hill.4996@icloud.com,(767) 379-2200,Atlanta,GA,South,2004,Male,2023-08-30,Consumer,Bronze,Frequent,Yes
4997,David,Walker,david.walker.4997@icloud.com,(497) 381-9731,Chicago,IL,Midwest,1986,Male,2025-11-16,Consumer,Bronze,Occasional,Yes
4998,Nancy,Lewis,nancy.lewis.4998@gmail.com,(420) 574-5724,Seattle,WA,West,1957,Female,2025-07-29,Consumer,Bronze,Occasional,Yes
4999,Amanda,Harris,amanda.harris.4999@gmail.com,(410) 367-9788,Miami,FL,South,1964,Female,2024-08-18,Consumer,Gold,VIP,Yes
5000,Nathan,Harris,nathan.harris.5000@protonmail.com,(927) 235-5781,Hartford,CT,Northeast,1987,Male,2024-04-27,Consumer,Bronze,Regular,No
