AnonymousCustomerKey,DaysSinceLastPurchase,AverageDaysBetweenPurchases,SuccessfulOrderCount,AverageOrderValue,PurchaseFrequency,PurchaseIntervalStdDev,AverageIntervalChange
002bfb24-7f64-4c05-af08-7b298da26a2a,121,93.5,3,201.52,0.016042780748663103,,
003aaf10-81b2-42e6-ba97-2c40c6274de0,378,109.6,6,222.07,0.01090909090909091,,
003cd4dd-5ecc-4fac-a2ce-bd36c35a6fce,133,56.705882352941174,18,246.53,0.018537590113285273,57.26993616405814,-0.5625
0059c31f-40c1-42aa-81c4-2a77debb4479,87,59.1,11,458.53,0.018487394957983194,62.11718316572673,-0.6666666666666666
0060dffe-fa73-44b7-8728-41ba34eb8352,341,26.21212121212121,34,211.02,0.03854875283446712,25.35961057439267,-1.4375
0063976d-4a9e-4043-b751-fac69ae840b9,-10,42.92857142857143,15,323.86,0.02471169686985173,38.706915076317756,-8.076923076923077
0067f638-522f-4163-9b2a-60f77cbe4310,172,41.07142857142857,15,293.31,0.025728987993138937,39.79846206095887,3.230769230769231
00689ed3-25e5-491c-adae-d40f05917b41,395,13.375,9,203.67,0.08256880733944955,,
006d9c56-e1fd-4c9b-b039-211bd16740a1,234,70.0,4,228.27,0.01904761904761905,,
009a0df3-f89a-4367-9734-b1ae3ffd5ccd,362,10.72,26,217.65,0.09352517985611511,9.572181917758703,-0.5833333333333334
00b1fbee-e858-4394-81c5-eb54e27aac4d,71,140.5,3,161.57,0.010638297872340425,,
00c76804-8018-4146-b22c-a9c6cf56bd46,461,55.36842105263158,20,289.73,0.018885741265344664,46.07989502099803,-2.3333333333333335
00c9b050-6fac-48eb-9aee-db512eb6e63c,232,46.833333333333336,13,344.98,0.022887323943661973,59.882966668074296,-0.18181818181818182
00f55ec1-a59d-4646-8452-aee9c9d2e7be,141,51.523809523809526,22,263.94,0.020146520146520148,42.53424390725554,0.65
00ff4fe1-d625-4fc0-821a-92644da792a2,394,8.916666666666666,13,306.32,0.11403508771929824,6.444988656923981,-0.45454545454545453
0106b7cf-daff-4344-a0f4-e75dc074c6d0,389,153.33333333333334,7,255.49,0.007592190889370932,,
010ee57e-14a7-4843-975f-1a6c56c21617,418,61.73684210526316,20,241.42,0.01692047377326565,57.69155735004633,-2.5555555555555554
011b87d6-ec9d-48da-8a60-aa07e55a8349,137,59.95,21,275.86,0.0173841059602649,37.516978612496594,-1.4736842105263157
01329d94-8f9a-46a1-95f7-3a2983df467f,388,50.94736842105263,20,282.83,0.02047082906857728,54.1001886258886,-3.5
013d4fd2-ce95-43b7-8aaa-ecfdbcd7a314,444,55.61538461538461,14,296.71,0.019204389574759947,36.641366562803626,-7.916666666666667
01555450-598d-463f-ab23-ba7382787168,70,11.6,11,227.44,0.09090909090909091,6.866990283636315,2.0
015b1411-f9d8-4db9-9c4c-02307b18cebb,225,52.8,16,193.61,0.02,49.43567248744285,-3.357142857142857
015fcc37-d094-4800-9ee7-a62662dfab03,274,58.333333333333336,7,393.91,0.019886363636363636,,
01619283-8462-4543-8dfc-9daf2e7230b9,62,12.2,76,229.78,0.0794979079497908,15.875359114899638,-0.02702702702702703
017b7a1c-7102-4117-859c-a32cd5cebc3c,181,151.66666666666666,7,382.71,0.007675438596491228,,
01ab8564-447f-455a-8de4-97baf0e76ae3,287,,1,725.56,inf,,
01b29330-29a4-483a-a7c7-b7b8d4888254,336,20.942857142857143,36,238.73,0.047936085219707054,20.30639258538879,-1.5588235294117647
01b307a7-91d9-4d57-aaea-971b07f569c1,65,28.0,8,201.97,0.04,,
01b33827-c2f6-441e-83a3-97d1bfe11149,274,18.515151515151516,34,240.18,0.054313099041533544,16.6397889336847,0.15625
01b69245-54bf-48d8-95dd-d6c899066071,144,109.33333333333333,10,281.25,0.010111223458038422,118.3374412432515,-33.375
01c5f8ac-249e-44cc-9425-91a6f9312e8f,288,59.733333333333334,16,255.35,0.017738359201773836,65.2286819764201,-8.357142857142858
01cca8eb-a10e-4333-9e97-2ce3447c2b37,122,48.285714285714285,15,293.26,0.021929824561403508,38.071650206558544,-1.0769230769230769
01ce5e52-eb3f-4cd0-a3dc-2fd0dae40071,57,22.12121212121212,34,255.88,0.04533333333333334,17.336301464985215,-0.5625
01d6456d-e8dc-4570-9d97-c14972393316,226,55.22727272727273,23,229.68,0.018775510204081632,40.82941495467607,0.8095238095238095
01ed40a0-0c19-444b-82f7-0f5b0fb7422c,173,36.5,7,187.94,0.03139013452914798,,
01eeb52a-f423-4840-a013-5ab989474c37,366,27.0,8,263.93,0.041884816753926704,,
01f5c7c7-63be-461b-bdd9-b72959af18db,61,46.411764705882355,18,175.94,0.022556390977443608,35.261627202118405,-1.4375
01f9a23d-a4b1-48b3-81cc-9e19aa77ff8a,-2,16.555555555555557,10,252.08,0.06493506493506493,13.602491601827136,-1.625
01fe126b-6a48-4c3f-8462-4ce5102ac577,149,270.3333333333333,4,329.16,0.0049261083743842365,,
020968f1-52fa-496e-b483-8203c74abf2f,70,44.8,11,235.30,0.024336283185840708,42.46776555354792,1.8888888888888888
02179305-964b-4062-a5b1-2f17d3b1dbf9,250,221.33333333333334,4,173.30,0.006006006006006006,,
02187c89-fb2c-4823-a000-12a3cf6214c3,133,95.0,4,407.44,0.014035087719298246,,
0219273c-b8a4-47f5-b8f2-60e53bf1067f,112,46.333333333333336,22,239.38,0.022448979591836733,46.81061133261702,-6.05
0221abe9-a011-497e-ba59-5d1be4bd23c1,240,28.529411764705884,35,302.62,0.035496957403651115,22.299932455554245,1.0909090909090908
0224ef48-05eb-433a-9d73-19b80f1c67ce,38,,1,71.34,inf,,
02304199-c5f8-416b-b3c9-a9279c5696b2,386,149.71428571428572,8,213.85,0.007619047619047619,,
023afe85-645d-4020-b3d2-57c777e41f8c,182,108.16666666666667,7,170.78,0.010769230769230769,,
023dc49c-b5f6-451c-a156-41bfca491605,257,,1,181.71,inf,,
024e0957-e440-4216-9ce5-e6d4c01834cf,258,27.75862068965517,30,258.82,0.03667481662591687,24.88639211125773,1.1428571428571428
02500241-409f-41d8-8c5b-edab78250c87,125,22.62,51,265.78,0.04419410745233969,24.133886752778103,0.30612244897959184
02638432-9784-4afa-91b0-abcf7d80ac5b,-7,279.0,2,116.15,0.007168458781362007,,
02648648-a9e9-4b54-88a2-d67258c831ca,258,107.5,7,222.25,0.010802469135802469,,
027e6aa2-e63b-4a76-8c5e-f9ed4bcb4020,157,71.41666666666667,13,295.43,0.015046296296296295,55.70287789747138,-2.272727272727273
027fd31d-d4ac-4f3c-9747-208a059aea3b,138,48.714285714285715,8,255.40,0.023255813953488372,,
02aff5c9-0ca4-4ebd-b54f-255e558b1464,136,192.66666666666666,7,170.79,0.006050129645635264,,
02bce774-1878-496b-8677-6659ce12cd02,70,59.4375,17,262.70,0.017726798748696558,57.56615759280795,-5.133333333333334
02c14261-1871-4aeb-9809-a775ab68c623,133,46.5625,17,232.37,0.02257636122177955,29.17983036276942,-4.466666666666667
02c22f51-0c62-4041-9978-0718fe451416,367,43.666666666666664,13,323.35,0.024528301886792454,36.33013608395636,-7.7272727272727275
02c6f526-9f1f-4908-9a0e-dcd87e9354ca,125,268.25,5,195.59,0.004655493482309125,,
02e38e6c-9b1b-405d-ad30-bc7cb85170be,172,101.2,6,205.58,0.011811023622047244,,
02eb26f2-a067-44e1-8358-7dc7770d4765,189,43.857142857142854,22,246.09,0.023630504833512353,47.18186697692845,-2.7
030134f4-782e-4527-87dc-227f2c0bc2ba,203,10.0,23,310.37,0.09956709956709957,9.461702252967461,0.3333333333333333
03082594-83f1-4618-b26e-4c336951b797,41,267.3333333333333,4,237.91,0.0049813200498132005,,
030ccd3f-7647-4692-ad8d-9217f03f2645,241,31.725,41,255.94,0.031857031857031856,35.106422452820475,-0.3076923076923077
031e60de-9f3d-4f17-889d-f71960f53c45,336,60.0,14,258.52,0.017811704834605598,40.88805856644863,-0.9166666666666666
03253d32-a8fd-411d-be50-96f4997e9cc4,143,47.5,3,371.01,0.031578947368421054,,
0334826c-19f5-4627-8f15-8b75b6e52a7d,181,7.238095238095238,22,260.43,0.13496932515337423,7.71948678284225,1.55
03391c5b-6feb-495c-a46d-6c35ee56cec4,178,,1,256.97,inf,,
034880da-50fa-49fb-823f-ea4507ce19be,131,20.76,26,252.79,0.04896421845574388,15.60256389187367,-1.0
036adfa7-1f44-406a-b32c-81fdf5fe19d1,17,30.4,6,267.21,0.0392156862745098,,
03799616-6b92-43c2-add8-5eefaccafc4d,45,42.63636363636363,12,355.90,0.02526315789473684,39.289369369519605,-11.7
0382853c-665f-4747-9c20-f196b85230be,276,60.94444444444444,19,310.93,0.017194570135746608,62.90279356203901,-4.176470588235294
03947331-c6c5-4b55-8ecd-11ba56dd6d3d,353,13.375,17,268.70,0.07657657657657657,12.26852341020168,-1.4
03a144b8-3878-46fc-9ede-dc34fdcd4ed1,159,27.545454545454547,45,220.81,0.03643724696356275,21.780570118165052,-0.37209302325581395
03b368b0-6db4-4a90-83c7-2538dd431ad6,335,,1,269.97,inf,,
03bc4d48-e7c9-4309-ab32-d0ef0e1e470f,185,29.1,11,221.02,0.037162162162162164,13.649989824986031,-0.7777777777777778
03d3bff7-2c11-49ba-8e1d-6b48e020c3fb,72,48.0,17,221.44,0.021963824289405683,55.31847189983951,3.8
03e34a57-57e3-45cb-9089-0ae7e5181235,330,131.25,5,292.42,0.009487666034155597,,
03f798bf-26c3-4891-93de-2811f7f06243,179,26.923076923076923,14,256.89,0.03932584269662921,32.80107096437945,-10.333333333333334
04388994-d7aa-4219-8ac8-220773228503,356,139.14285714285714,8,218.35,0.0081799591002045,,
0458022d-4c36-4df3-820e-4bf628152f5d,240,40.27272727272727,12,231.17,0.026785714285714284,28.19606677921908,0.4
04647474-be0a-428b-bea9-c7e8e60f527b,-3,46.8,11,196.39,0.023305084745762712,37.747111736455345,-9.666666666666666
047516ca-d943-4bdf-ac8e-03f66a4163d6,267,,1,371.57,inf,,
048c7215-a593-4429-b685-adbf164501d7,311,20.88888888888889,19,232.32,0.049479166666666664,21.600351001747466,-0.23529411764705882
048e8f72-acd3-4f4f-a416-c8553f252cc1,182,19.975,41,254.18,0.050061050061050064,17.814553975144403,-0.48717948717948717
049e18ed-5f60-43da-a54a-c1390cebc708,256,28.0,3,254.71,0.05357142857142857,,
04a4cf5e-e982-4851-9e87-3f2c2cb318bc,227,268.0,2,350.78,0.007462686567164179,,
04b3c721-3e2b-42e4-920b-fc71a4fa7620,127,83.57142857142857,8,191.87,0.013582342954159592,,
04c31b51-6c55-48aa-aca5-8e3ebdfe21b2,370,19.5,19,283.70,0.052924791086350974,25.700194551792794,0.17647058823529413
04c4dd5d-edf7-4aad-a420-739f82ba3479,429,109.0,4,270.46,0.012195121951219513,,
04f1c8aa-e60a-4ce4-9cab-9a1e7e469ebd,344,21.161290322580644,32,277.85,0.04776119402985075,19.06846746891064,-0.6666666666666666
04f9ac57-e448-4f76-b88e-ddca78bca27a,95,20.536585365853657,42,264.31,0.04883720930232558,23.930208483186696,0.075
050103fc-e6d0-4eca-a856-73d082d099c8,380,56.0,4,219.54,0.023668639053254437,,
05052e02-07c2-4935-ad89-11ace069173e,403,115.625,9,213.17,0.009698275862068966,,
05066f2f-2e5a-4813-b224-a2774968d55b,493,125.0,2,219.43,0.016,,
050db2c9-34c9-411c-ba18-9d7a9f4c459a,278,22.07894736842105,39,258.90,0.0455607476635514,30.301531117275392,-0.6756756756756757
052edbd2-42e3-4d88-86bd-cb7b715e2f7d,164,15.923076923076923,14,226.45,0.06542056074766354,27.837209925031217,0.25
053773b9-ca92-4936-ae2f-024897068724,74,46.5,21,312.45,0.022340425531914895,40.33086841822801,-2.1052631578947367
0541bff9-5f7a-474a-ade0-03736c373624,32,59.45454545454545,12,207.59,0.01818181818181818,56.28918836928392,1.8
05485e07-c523-4091-ab3a-5f1ca2212e66,324,49.666666666666664,13,263.14,0.021666666666666667,34.36523966117066,-5.090909090909091
054fd4ac-da11-4513-8c1e-496e0aed5262,222,46.31578947368421,20,198.63,0.02244668911335578,38.340655288521305,-0.1111111111111111
0552cc15-a7c6-456a-8ac7-318e08c539b8,67,10.625,49,281.00,0.09176029962546817,12.238107557778068,0.2765957446808511
055bb5d0-58fc-4bf5-837b-a831aa8ac8d7,524,54.714285714285715,15,288.78,0.01937984496124031,39.817716527326745,-2.3076923076923075
056ca821-3880-48db-b36f-cdf0a850ec7b,77,21.523809523809526,22,189.64,0.047619047619047616,21.5977291575273,2.7
05825e4a-2363-4ffb-96d0-6ee57c695545,202,167.0,2,323.43,0.011976047904191617,,
058a5e1e-688a-459b-b018-c93602ec89ba,173,54.588235294117645,18,307.72,0.0192102454642476,64.87108256335156,0.0
05ae8de3-842d-4acc-895d-3606ee4d85ca,212,158.8,6,370.73,0.007537688442211055,,
05b1d513-67c7-45b4-8acf-53d707ba5bc9,212,23.176470588235293,35,288.61,0.043424317617866005,23.56354476116083,-0.696969696969697
05bcad0b-f6b7-4a9d-a0a0-638b77ecc6c7,376,47.96,26,207.99,0.021469859620148638,34.89326582594413,0.16666666666666666
05be3a76-38c2-4644-8a17-042101de8a38,203,256.0,2,238.01,0.0078125,,
05be4b30-93db-4f60-817e-738b47cde72e,264,114.0,6,184.50,0.01048951048951049,,
05d1d962-fa53-45eb-997c-bdb94879f23a,366,20.333333333333332,4,121.14,0.06451612903225806,,
05d49c48-2edb-4ef4-97d3-f5de142eccb4,205,218.0,3,361.82,0.006880733944954129,,
05dbe62a-0699-4938-bde6-d7dc859d3394,125,206.8,6,278.38,0.005797101449275362,,
05ed257e-e5a0-435e-95ef-5492a99253a4,366,101.0,3,180.13,0.014778325123152709,,
05f5fac8-8478-4379-923f-6fbb7276334f,82,34.2,6,208.10,0.03468208092485549,,
0607d4a3-c204-47a5-848d-cf05531ccd6c,413,47.166666666666664,13,220.66,0.022727272727272728,40.287226338637495,-1.0
062dfd9e-9f7b-4c24-86ce-b861938c61db,211,,1,487.48,inf,,
063b87d5-4aec-4244-969c-c8d996893b3f,145,19.5,3,245.03,0.07692307692307693,,
064170e9-ebc7-4cc7-8021-6e61cbd0b95e,91,114.0,3,166.48,0.013100436681222707,,
0645ac3c-773c-4145-9f57-dc3284ba3d7f,409,47.578947368421055,20,269.68,0.02190580503833516,45.86249471030366,-6.277777777777778
06521379-1f3e-4171-ba76-4701e32224c6,143,136.0,3,144.13,0.011029411764705883,,
067f1117-c81e-4d7c-b531-b8603a27c64f,156,27.0,2,304.28,0.07407407407407407,,
067faf19-ca09-47fa-8be4-835150f6602e,312,108.0,3,194.66,0.013824884792626729,,
06909785-a16f-4403-a0ac-397218ad451a,336,120.28571428571429,8,196.19,0.009467455621301775,,
06929859-8edb-42ba-b9f2-e2590d6f41a0,258,,1,176.13,inf,,
06999052-ef57-4246-9bbd-8b21117c6c6b,385,144.66666666666666,4,250.09,0.009216589861751152,,
06c2b7bb-f9d6-45b7-a6ef-fa0ccdfd2719,360,51.27777777777778,19,228.27,0.02040816326530612,43.55092429025988,-0.5882352941176471
06d1a581-0251-4293-8b71-f899acc03b3f,13,20.666666666666668,4,183.71,0.0625,,
06e93dd2-875b-4052-9808-dad0f0a78ed4,67,57.27777777777778,19,171.86,0.01828681424446583,75.82472478610714,-16.88235294117647
06ee4464-12df-440e-8345-cf0049c1b5be,313,20.072727272727274,56,219.06,0.04942630185348632,20.167680916142874,-0.07407407407407407
06f133aa-4a19-4b5d-a99c-efeb93638cec,97,128.55555555555554,10,281.58,0.008613264427217916,111.19252572802625,1.125
06f3c4da-7768-41bb-b349-641d7e218762,135,71.72727272727273,12,243.09,0.015151515151515152,52.040543634921626,-2.6
06f4c061-fd3a-4fb0-a44e-0a48ddedf4d7,82,39.75,9,204.17,0.027950310559006212,,
06f5793d-13cc-43e1-9328-be68b6a768ce,172,98.8,6,196.92,0.012096774193548387,,
06f71d52-1483-4fc5-a5d1-9998bef86917,212,194.0,2,321.33,0.010309278350515464,,
0713465e-ab09-4994-9e80-6da9d17b4927,283,29.6,31,315.20,0.034292035398230086,22.67704292587702,-1.1379310344827587
07164f64-31bb-47ab-97d1-1bab9c94fbc7,372,,1,134.18,inf,,
0748e6df-4896-48ad-bb51-ced93f667c73,175,27.377777777777776,46,290.20,0.03653693407466243,30.127976193148942,-0.11363636363636363
07591c3d-dd0f-442b-9022-3ae6d971647d,147,79.5,3,217.91,0.018867924528301886,,
076c5fec-a14a-4e99-bc10-3ee36770b369,250,,1,661.47,inf,,
07a1cbab-ff0d-4aed-b0db-913f13b99b20,314,52.166666666666664,13,246.79,0.020537124802527645,55.362989497141555,-0.45454545454545453
07b8be34-f89a-4b86-9f2b-24fa035eaee8,111,39.5,5,265.85,0.031446540880503145,,
07bdea42-ef93-4519-951d-33655f99296b,124,343.0,4,157.03,0.003883495145631068,,
07c84a51-9d69-44e5-9bb2-2dbae670d89f,174,9.0,6,332.66,0.1276595744680851,,
07e6a716-95dc-41b8-aa18-70a6d5bba401,418,164.6,6,324.71,0.007263922518159807,,
07ede3c4-0711-4b8a-8c4d-ed5bfc7a24da,190,45.0,18,196.70,0.023346303501945526,39.408120990476064,-3.875
07f6624d-8473-4af5-ad61-f61fe4b7b95e,150,16.0,11,230.91,0.06748466257668712,21.23414441151065,0.8888888888888888
07f83614-fb0f-4b19-a6a5-b21d42939858,220,40.0,17,327.21,0.02627511591962906,41.960298696108765,-0.6666666666666666
07ff206d-34a4-4496-982d-36741f7dc6a9,78,211.0,3,227.40,0.0070921985815602835,,
08077903-3c68-4bec-ba95-8f2218e856e9,164,20.390243902439025,42,312.10,0.048894062863795114,19.254711175165014,0.275
081d1aab-80c2-4dae-b1db-18f469a80488,172,31.5,3,252.40,0.046875,,
0822cab0-10d3-4fd8-b1d8-3e94c173373d,149,47.166666666666664,7,251.44,0.024475524475524476,,
0828ea19-4c92-41f2-88f0-67704e5c4aba,266,44.8,6,220.06,0.02654867256637168,,
085ec965-71c1-4706-b835-27aff9975072,283,20.48076923076923,53,246.41,0.04857928505957837,23.241688697560875,0.09803921568627451
086a5130-79bd-4132-96dc-37fbe1effe60,232,60.7,11,212.46,0.017973856209150325,46.463964531666896,-2.0
08882115-0ba4-43df-bc49-1c7e64cb19f1,273,,1,252.06,inf,,
0890a9bf-9da3-4b2b-a108-335b443b022e,294,184.8,6,449.44,0.006472491909385114,,
089983c6-eeb1-43b9-a39e-3d7a32ad60b0,287,11.8,61,270.91,0.08310626702997276,9.307915348540359,0.06779661016949153
089a834a-a742-488f-8851-22c06a615cc9,164,46.94444444444444,19,225.31,0.022222222222222223,50.105150870852086,-3.588235294117647
089cd07b-fe78-4cdb-8d35-e9af9825eaa4,212,67.44444444444444,10,298.86,0.016366612111292964,58.568573294709665,-13.125
08a39dc4-d34e-42a3-88f9-c7fff253736b,128,47.705882352941174,18,256.62,0.021897810218978103,28.595814173324285,2.8125
08a3b295-303a-4e71-a174-602d28e595b1,234,143.0,7,320.40,0.008130081300813009,,
08b0c102-97f6-4d4b-a301-af3d0e8cad53,195,10.380952380952381,22,246.08,0.09565217391304348,7.806895608858815,-0.15
08c1d71f-d733-48ab-b3bd-ecdc22809c5a,557,184.0,3,154.01,0.008152173913043478,,
08d4482a-04f7-4ea2-a601-e62c79b0da04,410,53.05,21,293.50,0.019626168224299065,48.797621814355274,-0.5263157894736842
08f1b164-0c36-46a8-8085-a96e3c90b819,510,74.0,4,325.79,0.017937219730941704,,
09065812-90d1-48d3-8d52-c0ce7f68aa81,246,,1,264.64,inf,,
090ffa89-bbe4-4f28-8244-ebb510a4b467,277,48.5,5,194.83,0.025510204081632654,,
0921a4f2-2989-4a36-8d8f-9ae723de88de,70,49.388888888888886,19,216.29,0.021158129175946547,37.81088994843695,2.3529411764705883
092eab8b-28b2-4f1f-b7a7-10468c39f597,4,23.35,21,292.70,0.04421052631578947,22.37544471772102,0.6842105263157895
092f8b7a-b75e-48dc-bfb0-fe97407a36f3,238,47.80952380952381,22,281.29,0.02167487684729064,40.636952454163,-2.0
09349d02-b12b-4176-9f8c-77f6714fa879,353,49.5,27,211.98,0.020785219399538105,60.016830972653,0.04
0968228a-fc37-4c39-85fc-13420537a1cf,-3,6.368421052631579,20,198.18,0.14814814814814814,5.31466029347951,0.3888888888888889
096944d5-c87b-49ff-bf85-f4347d8bcb34,152,34.93333333333333,16,202.04,0.030131826741996232,25.140936073795398,-1.2142857142857142
096de481-d3b7-469c-a1cd-c4a7de31eae8,25,36.55555555555556,10,241.47,0.030120481927710843,27.870733355578892,-8.25
097d3624-a094-4ec9-852b-f3ee888494e1,441,174.6,6,238.11,0.006857142857142857,,
097fe25b-dc06-4196-91e9-8d040005fac4,418,154.66666666666666,4,120.17,0.008583690987124463,,
098a59fe-35a8-4192-9e8e-fd9ce6ae5fe7,403,3.0,2,125.37,0.6666666666666666,,
099b799a-1643-4ffb-96ee-b89035815d24,160,60.8,21,258.60,0.017170891251022075,82.25736249242694,-1.4210526315789473
09aefbc6-9ad3-46f4-9952-f6769a03318a,430,128.25,5,274.42,0.009727626459143969,,
09b60c64-fa65-40fe-bf75-e81a9edfbc67,205,137.16666666666666,7,264.42,0.00847457627118644,,
09cfa970-cd4b-41ad-929f-ed4948468f94,256,,1,164.19,inf,,
09d261a3-92d0-4fa3-b956-59bb5a5a2176,255,34.0,2,287.21,0.058823529411764705,,
09d6b6f5-760d-4222-aead-8dc858951cdd,120,5.0,2,224.20,0.4,,
0a0ba948-7ef4-4628-9e46-5f7ab5de0d0d,234,,1,38.15,inf,,
0a2b97eb-0bf7-4748-9559-ac1e505dde01,357,189.83333333333334,7,307.57,0.006134969325153374,,
0a52facf-4e52-400d-bd27-0bf300aac141,251,,1,293.79,inf,,
0a570eba-7121-4962-b062-bb79eaf03c3a,307,22.148936170212767,48,285.30,0.045283018867924525,19.588127197476865,-0.43478260869565216
0a62c04e-67af-4d73-b937-0418e3e51b37,364,51.588235294117645,18,233.94,0.020385050962627407,42.84865637264693,-0.8125
0a76c8de-4715-4b59-9e11-a15045918fb1,54,75.33333333333333,4,384.30,0.01762114537444934,,
0a8c9413-5901-4b23-aed8-30b82dd44aa0,363,222.66666666666666,4,118.01,0.005979073243647235,,
0a8d4c3a-89dd-4499-b2b5-ce3952bdbb12,130,46.714285714285715,15,276.25,0.022727272727272728,43.28692922532438,6.538461538461538
0a9f8da9-6cce-403c-bedc-b4d42e0e48a5,33,21.959183673469386,50,282.62,0.045372050816696916,21.942120058304784,-0.2916666666666667
0aa33ecf-d571-4d1f-9089-4b2ac43783d2,339,17.16,26,250.38,0.05895691609977324,25.48313167567911,-0.3333333333333333
0abc7f4f-03bd-44a7-bea5-1f591487dfb3,38,42.55555555555556,19,297.88,0.02457956015523933,40.489972937713006,1.3529411764705883
0ac41388-febd-44cf-92f7-1ac48d2ff56f,128,27.423076923076923,27,223.35,0.03729281767955801,37.134537107036174,0.24
0ad08eaa-ba72-4ba6-bec3-900b909ffda1,389,154.28571428571428,8,232.83,0.007373271889400922,,
0ad394bb-42d1-4259-80be-8a72d7782d6b,385,101.2,6,178.17,0.011787819253438114,,
0af7c48d-415b-4137-be5a-d70a76ddcf73,113,225.0,4,211.92,0.005908419497784343,,
0afa679c-2dc1-4cd0-aa25-987e928e96d1,90,14.0,5,170.14,0.08620689655172414,,
0b067c48-b278-4f20-9472-64fcf3a66a06,199,,1,851.47,inf,,
0b13d219-12e8-4046-9095-be89f41c1fa9,127,46.0625,17,271.12,0.022911051212938006,44.144412632480076,3.3333333333333335
0b3d6fdb-e10c-469a-9610-8e36042cbdef,324,11.0,2,84.33,0.18181818181818182,,
0b42cb78-c5bf-484f-bdd1-966630c5eaa9,286,261.0,3,262.83,0.0057361376673040155,,
0b4b214b-fd12-4f9b-babe-2f1b443ed74b,334,20.833333333333332,13,260.07,0.050980392156862744,19.935502061002687,4.0
0b4c8ccf-d580-4d3a-b319-dc4f4fefe509,126,138.375,9,311.52,0.008108108108108109,,
0b530133-c0ee-4713-9f15-8cf4479932e7,226,13.0,2,94.74,0.15384615384615385,,
0b5a3d2b-f3d2-48cb-97db-73803bde94e2,34,113.375,9,248.26,0.009868421052631578,,
0b6220c2-9f24-460d-8350-e21eea1f1e0e,315,98.0,2,188.81,0.02040816326530612,,
0b67b08c-4072-48eb-9130-296b70bac4ee,297,23.980392156862745,52,249.00,0.0416,20.989035419550305,0.7
0b69b1c9-f336-45b6-beec-6c2846a89eba,250,102.66666666666667,4,288.90,0.012987012987012988,,
0b6efec5-18e5-4e27-aa65-0868b0b6deea,314,37.0,10,267.79,0.02976190476190476,22.588713996153036,2.0
0b713aea-47a0-4a91-9294-e4c1ad13ed8c,115,24.757575757575758,34,235.15,0.040865384615384616,30.682884381025755,-1.0
0b8ac31f-deae-47bb-98f0-6e87980cdb25,496,154.66666666666666,4,359.94,0.008602150537634409,,
0b957be7-ad3b-44f3-8e6e-309810f4ad47,421,39.0,2,383.81,0.05128205128205128,,
0bb0f08d-d39b-438e-8ad0-777f50bd19eb,115,,1,276.19,inf,,
0bb8919b-2508-476e-b66e-454012c9a116,340,34.15384615384615,14,235.96,0.031180400890868598,32.07763019573545,-3.4166666666666665
0bc23daa-042d-4a33-8712-a18cba099821,44,27.105263157894736,20,190.94,0.0380952380952381,29.108789693611456,-0.5
0bd0a842-c897-4e6c-8fbf-49793b785b5f,196,45.588235294117645,18,286.66,0.022988505747126436,48.57990688485494,-5.6875
0bd5a22b-7dea-4bcd-a6f1-b33c0d070858,175,58.0625,17,305.55,0.01810436634717785,56.58794777453352,-3.1333333333333333
0be27626-f03a-40dc-802f-a7eb3cd93374,160,56.142857142857146,22,268.13,0.018502943650126155,57.49546565972461,-1.4
0c005166-ad52-4127-bb57-b9de14ddbcc0,34,14.6,6,255.67,0.08,,
0c081377-454b-4cc0-9679-b6ee82cad761,389,131.25,5,254.40,0.009505703422053232,,
0c0e4816-40d6-4384-87f9-58258a5f5887,230,117.33333333333333,4,266.71,0.0113314447592068,,
0c1541fc-a02d-400a-b1f6-32a541c7ad40,111,12.746031746031745,64,244.49,0.07683073229291716,17.789058121150923,-0.08064516129032258
0c18b33b-53e5-40fd-9cae-3b3fff9c1ac3,258,20.0,7,303.67,0.056910569105691054,,
0c2e57a0-696c-47f5-8a97-e7cabd0d9eab,296,44.0,17,317.53,0.023943661971830985,35.49460052834327,1.8666666666666667
0c39e68f-9448-4b28-8b86-380efb207548,290,,1,876.03,inf,,
0c419455-222b-4bbe-902c-a4255865bcf5,154,6.303030303030303,34,263.60,0.15246636771300448,6.8851509083173354,-0.28125
0c4a866f-2b6b-45e8-b20c-786225c6ee8e,192,143.85714285714286,8,393.84,0.007920792079207921,,
0c7ea715-b638-4b7a-8df4-6f8b13d11e1f,60,59.07142857142857,15,249.05,0.018050541516245487,38.31140478060987,6.153846153846154
0c884fba-3177-4884-b64f-6909c01efc40,184,52.0,12,197.20,0.020833333333333332,104.3982758478319,0.0
0c91ceaa-1c27-4b38-a4ad-e053011eda6e,485,61.53846153846154,14,199.61,0.017391304347826087,49.24194584669894,-5.916666666666667
0c9d8012-6552-49da-bdf4-f54a108b633c,105,101.0,3,182.37,0.01485148514851485,,
0cabf83c-a763-4a48-974b-2bbdf1aea502,18,55.333333333333336,19,322.81,0.01890547263681592,49.416596402423345,-8.764705882352942
0cb35e3d-9ffa-477b-ae2b-8b94e559c7c2,186,80.0,5,270.05,0.01557632398753894,,
0cd33c8e-9f2d-40cb-9ee7-68cd69afd0bd,135,56.857142857142854,15,340.18,0.018656716417910446,41.794105478491254,0.6923076923076923
0cd49cd8-b7a8-42a6-9509-899f241b7216,72,20.5,9,248.92,0.05421686746987952,,
0cdd5aee-83e1-4f90-8186-a22ac195929e,31,9.025,41,311.20,0.10761154855643044,10.393507588874893,0.4358974358974359
0ce8e2c9-0b64-41e8-a190-8f31cd50da18,-15,56.857142857142854,22,228.96,0.018257261410788383,49.94925996877803,4.05
0cff448c-4eae-4a23-b21d-f4181a021e2d,301,13.0,2,128.27,0.15384615384615385,,
0d1843c8-2145-4f12-b645-3378fc4b3186,124,12.0,2,316.81,0.16666666666666666,,
0d26bf4f-c1b0-4832-a9e0-bdb2547332fd,250,339.0,3,316.72,0.004424778761061947,,
0d3d8fb0-1a41-47f2-971a-78902f62abea,3,1.0,2,383.73,2.0,,
0d537afb-6ac4-4ebf-aed3-d10ab4b0b4c3,267,195.0,6,427.97,0.006141248720573183,,
0d5720a1-dfe2-49a8-90ef-863aea65a99a,386,131.57142857142858,8,266.18,0.008658008658008658,,
0d58bed5-8a8b-4b69-ba11-67e30890d551,181,93.0,7,319.40,0.012522361359570662,,
0d6d9d2d-e84a-492f-b761-c4230a7cf225,259,52.22222222222222,19,272.65,0.020042194092827006,57.06091229921145,-10.117647058823529
0d716bd7-2fb7-4a5e-bb6a-3c95a31009a2,47,24.743589743589745,40,311.63,0.04073319755600815,23.848996391460417,-0.39473684210526316
0d71a591-cdde-43f0-965f-d36f5835ac41,214,80.625,9,187.70,0.01386748844375963,,
0d7c5645-be12-4d61-b40a-d0fac654f7fa,413,43.0,5,308.66,0.029069767441860465,,
0d87ff84-d89b-4398-a311-370b2a9b0986,96,94.33333333333333,4,314.00,0.014084507042253521,,
0d8d6343-0272-43b1-8904-20ea48e90b90,221,,1,33.41,inf,,
0d92884e-ce00-4fbc-874d-85bb3aff8d05,89,60.42857142857143,8,253.16,0.018779342723004695,,
0d9960af-ee5e-46a6-92af-48f364a73452,95,62.0,6,165.73,0.01929260450160772,,
0da6c9fe-e04b-472f-a8e1-5525eabcacc4,167,38.77777777777778,28,251.39,0.026465028355387523,44.256536530110736,-0.6923076923076923
0dcbd865-5deb-4ec7-989f-bd01ee3d3ca6,91,186.2,6,206.75,0.006430868167202572,,
0dd7140b-6b15-47e7-968a-53dc033d79d9,209,187.4,6,254.10,0.006389776357827476,,
0e09e06f-be21-4a83-8b27-4015d5b92ea7,390,18.037037037037038,28,253.84,0.056,15.095800438638253,0.8846153846153846
0e0d9eed-ad0a-4b51-9557-df79af1d5fd6,180,19.75,5,320.06,0.0625,,
0e3643e1-b366-48cc-959e-781778a4cee2,76,38.0,9,317.42,0.02912621359223301,,
0e387408-4169-40d1-ba5a-0be46b063071,158,159.75,5,306.05,0.0078125,,
0e55a02d-de04-4167-b302-3db9c4e1ed24,292,178.83333333333334,7,228.91,0.006505576208178439,,
0e61287f-d425-4e84-9bf3-b21d022aec7d,194,6.75,5,205.39,0.17857142857142858,,
0e61e232-5020-4980-8114-2a6f71c667b0,126,52.611111111111114,19,255.65,0.019895287958115182,41.72196330737832,-0.6470588235294118
0e63d422-3deb-44d4-bb67-393a083e5f64,204,32.125,9,312.57,0.034482758620689655,,
0e6775df-4f74-4cc9-b3c4-03d5ff0b18ae,220,169.66666666666666,4,401.59,0.007858546168958742,,
0e7064d7-b80c-4aec-b574-e4c57327e1d5,395,48.125,9,262.05,0.02313624678663239,,
0e729d52-aad7-4092-a9b6-994012e2a226,200,9.733333333333333,16,300.52,0.10526315789473684,8.327807691846692,-0.2857142857142857
0e79ccba-989a-402c-bf5c-f1181a13936b,244,119.75,9,338.53,0.009365244536940686,,
0ea0cd23-36c8-4168-9757-63ec2334f16d,205,,1,48.08,inf,,
0ea54cee-bef6-41fb-a030-8bdc20d6ee31,213,19.333333333333332,7,245.06,0.059322033898305086,,
0eb6f236-243c-438b-98e6-6cc741bb11f0,341,,1,119.29,inf,,
0eb7d551-1788-4c92-b3ae-d5f469312d7c,206,199.5,5,239.02,0.006257822277847309,,
0ebc4088-86e7-497a-8d2d-4adf8bbf2c06,92,43.63636363636363,12,294.16,0.024742268041237112,30.28290847086101,-2.7
0ebef76a-bd9a-4b35-80a6-f571cadc8b32,378,23.77777777777778,46,225.63,0.04224058769513315,23.279808739538545,0.2727272727272727
0ec64118-6b08-4081-bf01-4397bbe5be94,405,78.42857142857143,15,260.48,0.01358695652173913,67.2008634167452,-4.615384615384615
0ee980b2-0e1e-41c4-9c5a-7883efed3309,110,29.285714285714285,15,284.13,0.03614457831325301,23.35817620458403,1.1538461538461537
0f049974-469a-4675-b773-732f9fd589d3,200,88.33333333333333,7,155.74,0.013133208255159476,,
0f24c0ba-8dc8-47ca-a506-104ef1caf9f2,188,47.07692307692308,14,297.46,0.022653721682847898,44.88032519649997,2.8333333333333335
0f30392b-e7a3-4461-b119-516c83a99015,48,285.5,5,411.58,0.004374453193350831,,
0f35a241-8d87-41b8-82c1-1cf14ad327c5,454,250.0,4,222.35,0.005333333333333333,,
0f48c044-7df2-40a9-8fb1-e1d71a18be65,209,26.666666666666668,4,189.37,0.04938271604938271,,
0f4f1e60-05b0-4e9c-a1e7-1acad7dd6c2a,224,45.592592592592595,28,223.83,0.02254428341384863,38.709230919827874,1.0384615384615385
0f605acf-35b2-441f-9b43-f3e8db742070,23,20.42105263157895,39,288.32,0.0491183879093199,19.4083174966613,-0.13513513513513514
0f68fa48-6226-42d3-8f5c-5ece305a58ca,325,58.05,21,196.89,0.017948717948717947,57.79680832564701,0.3684210526315789
0f7e2b80-a164-4799-8bd1-908b7d7ee742,358,126.5,9,267.95,0.008858267716535433,,
0f817deb-7cab-4c15-a899-cc1d97f215ac,432,39.05882352941177,18,315.84,0.026825633383010434,40.86176481173337,-8.25
0f84e634-6c7c-466b-8cb1-b9e64ba03a4a,125,56.88235294117647,18,236.08,0.018442622950819672,97.99354720652603,2.4375
0f8b4aff-b491-45e6-894d-fbaa61491f25,390,129.66666666666666,7,219.62,0.008962868117797696,,
0f8ef155-d783-4a53-a4e3-4a7182ebd906,23,29.571428571428573,8,355.86,0.037914691943127965,,
0f9c2263-a1c2-4746-ae4d-e814c335b8ef,410,34.285714285714285,8,357.84,0.03292181069958848,,
0f9fc0ef-5b60-4c4b-ab45-0f63fd78a679,97,13.0,3,190.14,0.11538461538461539,,
0fae5bce-4d47-45ba-947c-462ec9d34d58,184,13.857142857142858,8,275.29,0.08,,
0fbe0927-ae29-41dc-8a6a-b0eaa81feb9f,291,177.25,5,133.84,0.007032348804500703,,
0fc9c900-f74d-4183-8464-fa3b327891f3,343,58.2,11,285.88,0.01870748299319728,50.234560922845844,-6.0
0fd5d886-5fe5-43b0-ae09-6cadb30bdbc0,260,20.5,9,416.38,0.05357142857142857,,
0fd8e08d-9bb0-4c0d-beb4-c7281bbe9140,240,22.97826086956522,47,291.84,0.04351851851851852,23.781869032647332,-0.7777777777777778
0fdd6322-37f6-4eb6-aeb8-834e801363ce,381,130.57142857142858,8,262.08,0.008724100327153763,,
0fdf9918-c5fe-4abc-80cd-797312f2df4e,36,45.92,26,259.31,0.022452504317789293,46.031619567423434,-5.958333333333333
0fdff617-fc5e-4185-940d-5e8921b6869b,248,70.85714285714286,15,204.94,0.015015015015015015,74.72499030327253,-5.230769230769231
0fe5c8d6-5cf9-4895-bcbc-e30743b42e4c,68,12.863636363636363,45,276.02,0.07666098807495741,17.019265293205446,-0.09302325581395349
0fe8fadc-ba03-4334-95ba-9dfc8c786cf5,355,27.88888888888889,10,222.65,0.0392156862745098,16.49579070887816,2.625
0fefff08-4e2a-457d-8ee7-259fed666109,305,151.2,6,172.94,0.007905138339920948,,
0ffaffe8-c53a-430a-af0c-b210192b8d51,93,,1,143.85,inf,,
10062c74-b6c7-4151-9f67-a1247183d059,199,26.583333333333332,25,268.94,0.038580246913580245,28.36856292304636,-0.043478260869565216
100718f4-9b66-4ff2-824c-2e48835beafa,337,107.25,5,248.23,0.01160092807424594,,
100d231f-045f-4589-b2ea-6cded412fb26,220,16.923076923076923,14,311.47,0.06222222222222222,9.98717125834887,0.5833333333333334
100d47f1-692a-4498-8c58-2e0684169eec,196,40.13333333333333,16,293.21,0.026272577996715927,36.75569278874978,0.07142857142857142
10266775-91f4-4a87-9e66-525e54710b31,31,26.65909090909091,45,264.33,0.03765690376569038,24.09568443636038,-0.023255813953488372
102cd366-5ac4-42a7-9281-60446a6bd138,148,309.0,2,133.57,0.006472491909385114,,
1037b2ec-d4f2-4eec-bf8f-c293581fa51d,367,113.33333333333333,7,296.50,0.010279001468428781,,
1066e187-5153-45e6-a36e-5519d1d30e2e,331,26.714285714285715,8,181.08,0.042105263157894736,,
1068c87a-9e41-4f85-9d27-22b94d195e99,142,6.75,9,271.41,0.15789473684210525,,
107a8bad-ad44-464d-9bd3-77083d690eae,84,27.594594594594593,38,227.88,0.03657362848893166,23.8076311989098,-0.5833333333333334
1086b50c-60c3-44b5-b3bc-1cd3bd856d7e,310,,1,122.19,inf,,
1088f494-8cf8-4fdd-b704-cf1d0c41c340,91,110.0,6,251.77,0.010889292196007259,,
108a5444-306e-4967-9918-adf5c456e38b,288,40.42857142857143,8,273.90,0.027972027972027972,,
10965a36-cdc5-4bf4-b2cd-74b02fd22ea1,194,13.150684931506849,74,289.44,0.0744466800804829,13.939025185982851,0.20833333333333334
109de01f-b3f0-4200-b456-772c78a3557d,214,74.66666666666667,4,195.70,0.017777777777777778,,
10a3204c-eb7a-419e-b1cc-aacd944ce4e5,248,51.5,21,339.64,0.020172910662824207,42.218105370239336,1.9473684210526316
10a7ea36-eda5-4d66-a319-74046f518b65,142,36.166666666666664,7,312.67,0.0319634703196347,,
10bf5576-f45d-476a-bcae-9f69ee3fbd6a,314,10.787234042553191,48,237.81,0.0900562851782364,12.298702954258093,-0.5434782608695652
10bf59f0-d33a-40f1-a7cd-e3f03c54a3cb,417,107.75,5,203.94,0.011574074074074073,,
10c81305-92b2-43a9-b302-469de7a46def,36,28.375,25,231.54,0.036127167630057806,31.290799453430118,0.8260869565217391
10ca4009-487b-4d4a-bc6e-bb8c2e66d086,106,46.76470588235294,18,215.67,0.02247191011235955,30.87176989533623,-1.375
10e17432-9795-4467-a908-50abaa245b8b,416,49.5,3,156.10,0.03,,
110de63e-91e9-4f7c-9e46-43389b5e73a0,356,81.72727272727273,12,209.44,0.01327433628318584,74.92808673533699,2.3
111ce5a5-87a7-48d9-8311-84aafc03a0f0,365,25.75,5,340.58,0.04807692307692308,,
112af351-8d85-4f77-bb65-5a8198ae321f,372,50.25,13,238.73,0.021346469622331693,47.52822128148515,-0.2727272727272727
1132f15c-914b-41af-a312-24be6ea0b6ff,143,50.93333333333333,16,265.61,0.020752269779507133,41.094780111115725,-4.928571428571429
113926f9-4cff-40ab-b015-628ca2765531,173,46.85,21,219.22,0.022222222222222223,53.94761103924905,-0.05263157894736842
11480332-99cb-41ba-ae7c-1d404842079c,104,119.5,7,430.07,0.009722222222222222,,
11480cad-cea3-4c41-a60f-4b07113703d5,454,127.2,6,262.59,0.009389671361502348,,
115bb427-aae8-4138-9e61-c3bc9b612b83,116,19.606060606060606,34,283.99,0.051593323216995446,15.237575664166926,0.21875
11634a7b-80ad-4ca1-915c-457dd0843128,128,33.875,9,176.77,0.032846715328467155,,
1197f22c-7015-4c09-961e-537d91da376f,464,132.25,5,109.95,0.009416195856873822,,
1199cc65-b0f2-4458-ba4a-7986eb7bbfa8,126,9.0,2,122.04,0.2222222222222222,,
11a490a0-6b52-4753-aacb-90c27524f117,247,22.0,36,207.20,0.04580152671755725,25.15949125081825,-0.20588235294117646
11f6bb7f-b765-4814-9164-171980efcfdb,93,106.0,6,277.68,0.011299435028248588,,
120776ea-fe90-4e68-b4d3-790e143477d7,290,21.0,21,289.20,0.04861111111111111,22.41005413460194,-0.8421052631578947
120e1c51-fa29-44fd-aead-aeea3513d777,194,,1,229.24,inf,,
120f981f-a399-492d-bfee-59ac7b29527f,237,20.22222222222222,19,205.00,0.05093833780160858,18.510904752908267,-0.7058823529411765
121f578d-9a04-4c77-8b8e-3ea642e4ab6d,17,26.37142857142857,36,214.88,0.03821656050955414,34.65382222725198,-0.47058823529411764
12200120-de4d-4fe8-9349-95d3b9344149,73,54.5,3,316.96,0.027522935779816515,,
122e1f6a-46dc-4bc5-81c4-8e1a6ad2d469,389,43.45454545454545,12,268.20,0.024844720496894408,46.66768397159567,-12.2
123e87fd-a85d-4998-a941-c5abfe4c4b86,336,144.0,5,152.98,0.008665511265164644,,
1271e95c-01cb-4948-8bb9-4cacd1d48a34,292,56.76470588235294,18,284.07,0.018499486125385406,63.81470188342642,1.5
127c7d54-0cb9-4c20-afee-2707bedaa03f,320,154.6,6,206.26,0.007731958762886598,,
12820bac-cf3a-4d50-bfc9-8bc7299b0c84,349,217.75,5,375.64,0.0057273768613974796,,
128e7f48-910c-4fa8-9393-f48b0c60edbb,284,212.33333333333334,4,233.20,0.006269592476489028,,
12aaf599-8099-4b1d-be8b-75ce2cb0dbd7,247,69.9375,17,230.53,0.015057573073516387,48.17809841272968,-5.133333333333334
12c78c51-9411-4a88-adda-c3a066975c8f,346,67.5,3,222.55,0.022058823529411766,,
12c8437d-2e33-4857-b2e9-5925cb130b8f,193,25.177777777777777,46,318.69,0.039723661485319514,28.380762441620146,-1.2045454545454546
12cbcbb5-39bf-423f-98da-f5797bd7bd13,333,69.14285714285714,15,238.68,0.015400410677618069,64.9826688644538,-5.6923076923076925
12d9b59d-a0b5-4ce9-bdf7-931205b4a8d5,357,52.8,11,308.87,0.020637898686679174,55.31485635282201,-0.4444444444444444
130a9815-153f-4ac6-9d79-7fc315ffa0b7,220,,1,538.47,inf,,
131a022c-111a-48de-a9f5-4b6099e9ad2b,143,54.7,21,234.25,0.019021739130434784,54.36436526371218,-3.1578947368421053
131a0d6b-8059-4395-b728-eed077ecb005,158,12.3,21,215.07,0.08235294117647059,10.438289837748428,-0.2631578947368421
132fd071-5f38-4f3e-a950-1ae37de7cd8d,62,41.3,11,229.63,0.02631578947368421,42.71884829908222,3.6666666666666665
135c9ee7-539c-4660-9051-802a727ce343,258,133.8,6,304.43,0.008928571428571428,,
136a0545-a45d-48b0-99e1-b65de60fa561,340,49.5,15,224.05,0.02148997134670487,45.5897255631472,-3.076923076923077
137d92cf-4bb3-4558-8467-7b2950f2a597,332,21.68,26,273.52,0.04693140794223827,36.96250352271429,1.2916666666666667
13832489-1705-4c6d-b4e2-2efae01e908f,27,9.88888888888889,10,227.30,0.10638297872340426,4.371625682868,1.625
139bfdfc-781c-4eb7-a54d-9e739ee96ccf,350,46.388888888888886,19,345.43,0.022538552787663108,37.817112355759065,0.23529411764705882
13a84dfe-6739-4743-a8ea-913fd9f72b61,127,21.392857142857142,29,257.77,0.04715447154471545,23.492062151437114,-0.1111111111111111
13b7e586-e73a-4545-bdda-425fe7d73d55,237,174.83333333333334,7,191.21,0.006660323501427212,,
13ba57d1-5545-4704-b8ba-2924de07f7cf,275,42.5,5,346.12,0.029239766081871343,,
13c4b1b3-a496-4dce-8eea-584c8468606c,92,35.5,9,185.23,0.031141868512110725,,
13cf47f1-bac3-4d8e-bfcb-df649489db78,31,164.5,7,222.67,0.007077856420626896,,
13e2c2b7-524d-4a4a-a630-6585bc240026,123,58.64705882352941,18,213.70,0.017928286852589643,45.66445715278813,-2.0
13f06088-8ae9-496b-8a80-79e7c0f76e2b,367,58.88235294117647,18,230.53,0.017804154302670624,72.67038801408484,-1.5
13fd1b3f-545f-4891-a151-110f28605c79,211,7.275862068965517,30,304.71,0.13392857142857142,9.164748269180034,-0.5714285714285714
13ff1f56-37ac-41e4-bc34-6642397f1ff4,97,124.4,6,259.29,0.009615384615384616,,
14063896-4d66-4b01-950e-53c9aa52f582,58,43.833333333333336,7,269.60,0.026415094339622643,,
14072e78-1c36-4a5e-a9c9-ff1849885b3b,322,24.2,41,258.30,0.04158215010141988,31.36321542908638,-0.5128205128205128
141dd0fa-3528-417d-9a0c-44203bfade10,290,41.35,21,227.19,0.025029797377830752,36.04569468415275,1.1578947368421053
1445a9aa-e94a-4d8d-a50e-ebfc57728a5d,306,,1,444.21,inf,,
14471c8c-ebf3-4b5e-b8ff-6d2573f545fe,208,36.1,11,299.02,0.030136986301369864,36.21678554973585,-7.333333333333333
144e9a41-a2b4-455c-a0b3-2e76b5ccf054,7,71.84615384615384,14,264.04,0.01487778958554729,76.07216546789212,-10.416666666666666
146b880b-51fb-4581-8c16-55ee6116c9a1,62,74.5,3,207.77,0.02,,
147cb644-9a23-4f23-ad51-ca91f464cda1,-10,8.0,5,236.83,0.14705882352941177,,
148bd248-b621-49df-a22f-11874b26a330,2,44.35294117647059,18,212.40,0.02356020942408377,40.86095504340083,-0.1875
149431f7-285d-47b1-806f-7ae3d98ebd2c,117,20.057142857142857,36,267.52,0.05027932960893855,22.63643972362581,-1.1470588235294117
1499add2-86d3-455a-83c9-2a10bc0e7a59,129,52.07692307692308,14,212.63,0.02046783625730994,51.25989585511195,-0.5
149b1553-873a-4f18-af33-625833023fdd,89,12.674698795180722,84,264.35,0.076993583868011,11.897026102816454,-0.15853658536585366
149bfa3b-592d-4ae4-97fd-b38587df8f26,98,10.67,101,279.97,0.09082733812949641,10.376795207956972,-0.1111111111111111
14a21173-8e69-488f-a975-a70d2e6db111,192,137.0,8,151.87,0.008307372793354102,,
14c83c06-9ce3-4b35-a837-b259ca5dc3d5,359,49.8125,17,285.19,0.02109181141439206,44.38050435345081,-0.13333333333333333
14cf4483-817d-4228-a05f-412434238fc2,55,51.333333333333336,7,250.22,0.022508038585209004,,
14d83176-bdd0-492d-81c5-a75a7fae1491,406,48.666666666666664,13,252.57,0.022033898305084745,33.40205038163031,-8.545454545454545
14dd6895-f52d-4688-9241-a5cd5054cbf1,143,,1,31.83,inf,,
14f3ae79-4e27-4dfd-a2fc-b8d630038d48,269,34.285714285714285,8,255.27,0.03305785123966942,,
14fb2f8c-6b95-42aa-ae58-f6239c3be341,225,26.107142857142858,29,244.71,0.038978494623655914,28.523335846823525,-1.2222222222222223
1508b7ef-c8f7-484e-9eb1-417b7a30947a,289,38.75,9,358.10,0.028662420382165606,,
151297bc-9cc7-43ea-afa1-7230c3349616,312,24.425531914893618,48,304.67,0.040955631399317405,24.359396616403775,0.6739130434782609
15171c2c-f6e5-41a2-9f28-c4d8b134b532,288,29.625,33,267.13,0.03426791277258567,27.241749268830123,-1.064516129032258
1528d57b-8076-4846-9b76-408b11e5147e,311,106.0,4,297.53,0.012539184952978056,,
15294d1d-0c5a-4e8d-a7f9-f97075484d25,150,62.0,17,304.98,0.017034068136272545,69.05360236801553,-2.0
152bcb7a-3d27-4875-853c-7373106947ac,221,21.46875,33,235.46,0.047075606276747506,19.19002492055737,-1.5483870967741935
1531582b-a7b3-4a20-8eb6-f1bec3b7aa8b,273,21.392156862745097,52,273.11,0.046553267681289166,18.807528738643523,0.06
154c2def-9a4d-40d2-beff-d109e7af664b,248,93.66666666666667,4,248.07,0.014184397163120567,,
1550e759-790c-41de-aace-ea7f4a50562d,161,52.0,13,221.12,0.020634920634920634,50.161557174611495,-2.0
156c8463-4011-49cf-af00-da241beeff15,268,56.8,21,274.49,0.01834061135371179,67.16875840197702,-1.6842105263157894
158e69a5-a651-4783-ba1a-1a384bbbff5d,113,29.0,9,160.48,0.0379746835443038,,
15915043-e48b-4d32-8cf2-7cf82b44b530,353,123.0,4,381.31,0.010810810810810811,,
15aad09e-5570-4aa0-a9f1-8178924cfa89,0,61.0,15,252.74,0.01744186046511628,49.48970366885186,3.3846153846153846
15b14c24-d429-46d0-9e58-bc638d1e3851,503,61.0,2,213.64,0.03278688524590164,,
15b7b385-456e-4b28-afed-a506c90eb434,159,19.666666666666668,4,224.56,0.06557377049180328,,
15c47e96-13ee-4d52-bbb6-99553773c836,332,134.0,9,288.70,0.008372093023255815,,
15c6f9db-ef4b-4ad9-b7da-77a10ff4e4ea,121,40.666666666666664,4,241.15,0.03225806451612903,,
15ce5b4e-3b1e-43e8-9173-852c2b0333fa,345,23.6,16,216.84,0.044444444444444446,22.871691798253266,-0.9285714285714286
15f956ff-775a-4b10-b8db-47b6b03c3440,146,37.53846153846154,14,240.87,0.02834008097165992,24.774366405000766,-2.9166666666666665
15fb5a3f-91d6-48d8-b1e2-bd3c29f99570,413,59.5,3,330.30,0.025210084033613446,,
161aa477-3919-4c01-b221-086d0722d44a,136,178.16666666666666,7,257.31,0.0065298507462686565,,
163ac646-5a3e-49c0-a28f-9ddafb185986,14,21.125,33,303.14,0.047619047619047616,20.594001632169658,0.0
163c33c3-0401-4eb9-ba59-57166531c6b1,29,21.558139534883722,44,296.40,0.04636459430979979,24.65794793684699,-0.2619047619047619
165a8eee-18de-4e23-af7d-06a900398c10,365,18.972972972972972,38,314.52,0.05277777777777778,17.229636106440562,0.05555555555555555
16627b42-9b67-41ea-9b37-6baed1fb33c2,282,32.666666666666664,7,286.79,0.035175879396984924,,
166d9947-152d-43be-b445-0c266baf3034,225,172.33333333333334,7,223.70,0.006756756756756757,,
1672f443-fc34-4a4e-82fd-c94b3b681c5c,90,34.1,11,214.80,0.031791907514450865,32.46690622772672,-0.4444444444444444
16732355-fefa-479b-be7d-45cdb7ad4b47,270,41.45,21,264.91,0.025089605734767026,31.384667728383754,-1.8421052631578947
167d28dc-5b95-4096-94b2-7ad7e3cec80f,201,125.25,5,320.06,0.009940357852882704,,
168f5b22-323c-4cb7-b15f-31f42d4ac6c9,261,9.555555555555555,64,257.35,0.10126582278481013,10.035063973915337,-0.03225806451612903
169ea413-a2b1-4b52-9ed4-0239e7953901,73,59.142857142857146,22,203.13,0.017614091273018415,58.0640040940045,-1.25
16aa3961-0c11-4b88-a559-df6252b692d5,399,,1,176.25,inf,,
16c20b9f-0f52-4ac6-a6b4-7cc5ee100ff5,12,205.0,4,322.78,0.006493506493506494,,
16c60b68-ea50-4249-9184-e7970ad3b35b,286,150.0,5,180.46,0.008305647840531562,,
16ce6074-1340-42ba-8e4a-dc63bb6ca97d,398,155.0,2,123.68,0.012903225806451613,,
16e390e1-5a13-46bb-8c49-907c5af8f141,236,133.71428571428572,8,208.30,0.008519701810436636,,
16e6f15c-110f-4b80-8f3f-3e04d5d0293f,214,31.0,3,165.14,0.047619047619047616,,
16e7b4d4-5901-424f-afea-d244a7b72635,228,,1,427.09,inf,,
16e93e5f-cdb8-4f33-839f-0bc62ee1af7d,353,27.358974358974358,40,250.09,0.03686635944700461,23.01656975161382,-0.6578947368421053
16f87341-54ba-45aa-afcc-af2abb9afe0a,154,123.0,8,275.27,0.009248554913294798,,
1706f133-dde6-4ee2-adf5-10b4ef567204,385,97.66666666666667,4,120.25,0.013605442176870748,,
1707c0cc-1c3d-4bf1-8028-be5d13926f6d,481,25.666666666666668,4,236.92,0.05194805194805195,,
170d07e4-c012-4adb-8783-4ae08ca62943,22,71.33333333333333,4,234.48,0.018604651162790697,,
170e4d09-6a93-4b5d-85c1-84ba2985d945,315,108.5,5,198.40,0.011494252873563218,,
1719c759-21b9-4df6-a86b-298cf5443272,181,99.5,5,342.01,0.0125,,
1727cb1e-b2f8-4bc8-b4d5-4c1e4114230c,241,,1,284.18,inf,,
173f4962-52b4-4761-a4c8-8743fee45b92,433,317.5,3,138.46,0.0047169811320754715,,
174764aa-3af6-4dc3-b96b-bb347aeaff56,408,,1,294.24,inf,,
1752230e-882d-4da1-bdc0-e4807de94682,99,92.83333333333333,7,229.43,0.0125,,
175a2263-94e4-4e61-a9a5-92bc0fc16e14,255,10.083333333333334,49,272.50,0.09645669291338582,10.74230716003631,-0.2765957446808511
175bf91d-2275-4fa0-9975-2de814f02724,355,57.142857142857146,15,312.47,0.018610421836228287,58.42530687567233,-3.923076923076923
175cd037-0cd4-4296-bd58-a4737913a69e,107,10.625,9,333.66,0.1,,
1774e517-6e1d-4c5e-b622-d43d65999217,43,48.22222222222222,19,279.46,0.02164009111617312,56.01843767436864,-4.470588235294118
177942af-1cb2-495d-8ba9-f297d9890bd5,431,,1,161.52,inf,,
177b9bff-ce7f-4452-a455-623e6587856e,365,16.305555555555557,37,254.75,0.061258278145695365,17.285533909592797,-0.6571428571428571
1782b621-64e5-4ef2-8dd3-d0cc94a42d94,306,6.666666666666667,4,269.50,0.19047619047619047,,
178a49f1-d30c-46df-80bc-05bd1786a55e,294,134.0,5,163.45,0.00929368029739777,,
17915575-4477-4fab-93ab-970953545bde,258,107.5,7,221.75,0.01078582434514638,,
1799833d-cf51-4bce-b306-fad37220f386,60,63.3,21,244.27,0.016457680250783698,68.93406460638958,-1.6842105263157894
179f3edd-7cd0-4054-afcd-97a534bab2da,283,208.33333333333334,4,159.38,0.006389776357827476,,
17a74ba9-61d9-4b67-9bb8-4977e40d84f7,82,,1,123.31,inf,,
17a9d4b3-d826-4506-b144-6830a392347c,203,19.904761904761905,22,232.78,0.05128205128205128,17.899454633884133,0.65
17ae3563-f7c9-41d1-9d37-8bc87cd49af2,110,23.43243243243243,38,252.28,0.042986425339366516,24.186245563842157,0.4444444444444444
17aff30a-f0d8-46f8-85df-61d46a154793,309,53.5,13,292.98,0.020123839009287926,44.62266036647544,-2.5454545454545454
17b344c6-c393-4920-9bff-b79dd6c7cc14,423,139.16666666666666,7,245.91,0.008363201911589008,,
17b3c31b-8685-4255-9033-a7c40e5d0fac,-14,60.8,21,276.97,0.017142857142857144,65.99808609665172,0.0
17bf3700-ea36-44fa-b96a-6511f4fd2cad,244,19.542857142857144,36,241.66,0.05135520684736091,25.680552102759027,-0.6764705882352942
17c07e22-0a30-49e0-9613-70531ca2d4b1,355,,1,82.88,inf,,
17c44961-622f-4eff-aab0-1df107e9a4d7,69,23.575757575757574,34,276.24,0.04292929292929293,21.751480270073433,-0.5
17d35bc9-5f76-49c7-8401-d7e8da145388,221,196.4,6,266.81,0.006097560975609756,,
17daa1dc-b0f0-44f9-9172-7a2afe2f904e,241,73.46666666666667,16,271.97,0.014453477868112014,109.17343126987488,-1.6428571428571428
17e66b26-0a3d-4708-9d64-261a411d68de,154,25.133333333333333,31,302.44,0.04025974025974026,25.81730685670629,-0.4827586206896552
17e91cd2-9576-443d-b888-59283976a439,79,26.41304347826087,47,246.52,0.03799514955537591,25.43364009160267,0.1111111111111111
17f00c73-901c-4d04-b87d-ba0258e00167,405,306.0,3,362.70,0.004901960784313725,,
17f32080-d774-4ab2-8ad0-7d9a01aeb630,340,36.666666666666664,4,310.36,0.036036036036036036,,
17f68b9a-b38e-40ef-b3c6-b0dc1a12ea79,393,148.75,5,164.84,0.008389261744966443,,
17ff8fad-59c2-407d-bf16-62a83262aca8,215,61.75,13,229.33,0.01740294511378849,53.11415664739144,-9.090909090909092
181af360-1334-42c0-b93e-3c3311a0b9d1,165,57.85,21,175.90,0.017994858611825194,55.11831771170471,-4.842105263157895
181e0692-99a8-4f4d-bb86-a24d4265b9ad,344,22.36,26,224.41,0.04553415061295972,20.434611161784638,-0.4583333333333333
1827ff64-e75d-4d61-943a-5ab268104456,159,47.0,3,260.37,0.031914893617021274,,
1836ec98-e09e-46b8-a1c6-fa99e0c74d0a,13,38.5,5,250.18,0.03205128205128205,,
18379f35-fd8f-42fc-a81e-c73f84c7f275,13,108.0,4,334.19,0.012307692307692308,,
1844b0ba-e415-448d-b344-50bea0f4db61,260,139.85714285714286,8,284.78,0.008138351983723296,,
18534689-be8a-4cfb-9c20-8b0f4e8da52a,319,124.625,9,202.13,0.008982035928143712,,
1854837e-8652-4e08-81c4-e59044064661,343,42.57142857142857,15,263.11,0.024958402662229616,32.79942374192263,1.0769230769230769
18551aa8-e87e-4dd0-ab6c-ada024211d33,100,26.645833333333332,49,245.53,0.03763440860215054,24.430090952995474,0.14893617021276595
185d3afd-8d16-4dda-a821-f2b57b6a91df,167,24.137931034482758,30,309.26,0.04201680672268908,20.99953084158078,-1.1071428571428572
1864c4d9-7d53-4b52-aa21-9ca064dae262,206,25.0,13,253.11,0.042483660130718956,32.017040917157054,0.18181818181818182
186899b0-288b-413b-8baf-93914fb5d973,306,241.25,5,288.24,0.005170630816959669,,
1868a691-421e-4935-9a4b-f29a21bd79a7,228,,1,35.47,inf,,
186a8da6-e74e-4a94-ab4c-93e436b27786,232,29.225,41,299.92,0.03454085930918281,21.967910746452485,0.07692307692307693
186d3a52-7061-4035-80d6-ccb820f27416,316,78.5,7,189.89,0.014767932489451477,,
187ab149-4f81-4079-ad99-a85b8ee8c076,265,12.233333333333333,61,268.04,0.07942708333333333,12.010400389417677,-0.01694915254237288
18832a4d-a96f-40cc-961a-e4f786d5abf2,270,,1,866.40,inf,,
188969f9-6b6e-467e-bbdc-9b1c1518f3aa,158,,1,109.80,inf,,
1890e93c-16ce-4917-bb8e-4e172b06086e,181,,1,140.84,inf,,
18b1a839-d053-4862-93fb-473e3132d869,194,17.8,16,333.45,0.05755395683453238,14.492362520602756,-0.42857142857142855
18d923a4-f636-4fa2-9486-3c17aa429d1e,166,53.53846153846154,14,266.70,0.019943019943019943,41.16757499257433,1.25
18d9a4ae-fcd7-4f12-aee9-203d74009f1f,23,22.833333333333332,7,162.15,0.050359712230215826,,
18e4c77c-d78e-4271-8c15-6e2b202d12d1,247,23.26923076923077,53,239.01,0.04284559417946645,23.242215972627275,0.2549019607843137
18e6ce90-9320-4c76-a694-e97eb08ea00d,45,35.0,4,308.88,0.03773584905660377,,
18eb96fd-ffba-40f1-8d97-ead0fe6425ce,174,36.6,6,218.05,0.032432432432432434,,
18f26d55-cbdb-404f-8a6d-2c070454c462,220,19.90909090909091,12,288.49,0.05357142857142857,17.671754556096268,0.7
190acdf0-7768-4b7c-a093-62d658e6abf3,-5,24.2,16,256.37,0.04336043360433604,21.524736600346255,2.4285714285714284
19237f32-42a4-4482-91c3-a8c262925539,334,35.416666666666664,13,225.40,0.030162412993039442,46.28461030963911,-0.09090909090909091
192943bf-9ffc-4021-8e8f-06dde9085ca7,365,190.66666666666666,4,296.53,0.006980802792321117,,
192b8b84-2846-4a57-9532-aaef3bccf92c,-17,45.333333333333336,28,240.06,0.022617124394184167,47.86680237106683,-1.6923076923076923
1937b955-f80f-42ba-bb00-f96ef7d314f3,365,55.8,6,124.48,0.02120141342756184,,
194392f2-df26-4b28-bced-fa4408e3b048,140,25.289473684210527,39,252.14,0.03979591836734694,21.868041465877617,-0.24324324324324326
195082db-53f7-41f6-bd89-4ed1cb328425,-12,22.58823529411765,18,255.68,0.04580152671755725,24.150721582204877,-5.75
196665cc-bbed-4952-ae1f-c8b1e6fc3edc,347,65.0,2,451.55,0.03076923076923077,,
1966dabc-2665-4f9e-a367-1a548c67df01,252,,1,94.74,inf,,
197704ba-171f-4f9d-ab90-9f0d54162e11,334,47.61904761904762,22,325.13,0.02178217821782178,40.62693218848328,0.55
197b96ad-1052-443c-af12-37257790c676,327,15.785714285714286,15,239.30,0.06578947368421052,11.949757457651737,-2.1538461538461537
197fafef-7cd8-47f8-86da-2f496d7483d3,333,,1,393.62,inf,,
1993293f-1dd7-4f3d-b9da-2044504cc9e2,370,71.0,4,264.15,0.018691588785046728,,
199becb9-15f1-44c7-88d4-d8d0354d93ed,73,20.324324324324323,38,212.60,0.0494148244473342,21.781814604101456,-1.0833333333333333
19a45815-e84b-42d8-8a5f-504760c6a8c5,10,22.86842105263158,39,237.98,0.04391891891891892,28.1032565705823,-0.4864864864864865
19b5448d-2eee-48ae-ab4f-9ba21c943dc6,154,203.33333333333334,4,259.06,0.006546644844517185,,
19befcc1-bc5d-4c2f-aafa-99aa2ed07712,283,10.872093023255815,87,244.39,0.08850457782299084,10.816976321698503,-0.3411764705882353
19e582d0-6a92-4680-a6bc-36c8540df546,337,55.05263157894737,20,221.08,0.01899335232668566,51.82070980710589,3.111111111111111
19e823d1-453e-4d78-8f8b-8783bba73c16,294,26.413793103448278,30,297.01,0.038314176245210725,32.752881270616385,2.7857142857142856
19eedc6f-7740-4f51-ae38-02b4e7ddb5ea,22,105.0,3,384.76,0.014285714285714285,,
1a044053-a673-45cd-a652-4ac4dfb5e0a0,100,47.55555555555556,10,229.60,0.02320185614849188,30.13349926208003,-1.625
1a0cb372-1dc1-4102-951a-9ad705fe0dfc,153,26.25,41,260.06,0.03828197945845005,27.842736013508958,0.0
1a31a6dc-057a-4d0f-bbd1-e8b5ff6c5381,72,42.06666666666667,16,291.07,0.025078369905956112,45.66253022628801,-3.642857142857143
1a3ae95d-8072-4a04-8dab-9f1d31c12d8c,124,174.5,7,285.67,0.00667302192564347,,
1a4eccfa-c49f-49f6-bf9f-493facd456d3,400,45.92307692307692,27,256.99,0.022350993377483443,41.83770842378734,-1.92
1a53c5a3-a800-469d-9549-61a71a0b6edc,351,55.6875,17,251.94,0.01888888888888889,55.25301650890505,-1.7333333333333334
1a9264fa-549e-4dfc-82c2-835336267511,353,12.5,5,227.26,0.09803921568627451,,
1a9a12b4-05b2-4ef1-a1f7-1d13237996f3,367,88.6,6,263.77,0.01348314606741573,,
1ab9887b-f531-4ddd-84b6-20a1dcee1ac3,17,48.666666666666664,22,227.40,0.021297192642787996,48.99931972316896,-2.3
1abacfe4-0610-4906-b931-bd77e57cfcb0,195,68.05882352941177,18,268.79,0.015463917525773196,47.48087850418747,4.625
1abd4283-d07e-44b9-a74c-89b75633900a,227,141.4,6,193.53,0.00846262341325811,,
1ac16792-0642-4414-a9f2-39b544e9f814,217,71.73333333333333,16,263.40,0.014787430683918669,47.48603804829173,6.0
1ac90fdd-42fb-453e-853f-7b0ad2ca2efb,29,63.166666666666664,13,316.98,0.01703800786369594,59.79485130363854,4.0
1acb2711-f7e8-47db-9972-b6963db97089,76,67.63636363636364,12,213.38,0.01602136181575434,45.991896519436395,8.0
1af53186-b699-4595-86ed-6dd4125cee71,426,25.333333333333332,13,304.17,0.042071197411003236,22.1496289044774,3.909090909090909
1b1f2e08-f533-4a76-ae5e-115ce8c1aa4e,166,44.42857142857143,8,229.37,0.025396825396825397,,
1b22a01f-cbed-40f8-a1a4-09e2be9c3953,412,124.85714285714286,8,222.86,0.009122006841505131,,
1b2a20d5-db8b-4aac-bab0-fa92db2bc0dd,88,18.2,21,243.52,0.056451612903225805,16.69730517179344,-1.105263157894737
1b4aa64b-7490-4a69-8513-8f98b77c3a83,231,79.16666666666667,7,215.19,0.014675052410901468,,
1b6fc990-e9c7-408b-902a-b2d87870e348,447,126.5,9,210.99,0.008858267716535433,,
1b756614-2bde-4160-84ac-97a7f7ced60a,238,44.22727272727273,23,315.55,0.023373983739837397,39.87949923048757,-0.09523809523809523
1b9ac643-e352-449b-a97e-b746978996b4,309,7.333333333333333,4,379.90,0.17391304347826086,,
1ba680d7-ed7f-4f34-b862-58549b0d52b9,295,,1,299.99,inf,,
1baad08b-2970-40e6-9b0e-afcbe2e2e253,336,37.46666666666667,16,224.79,0.028119507908611598,34.29049569834323,0.9285714285714286
1bad7223-2e6c-4330-960a-bde1d6ded5d9,132,48.25,5,235.73,0.02577319587628866,,
1bb12834-8dc9-4726-96d6-a37a1308e400,105,39.8125,17,179.29,0.02635658914728682,37.13797472489132,1.0666666666666667
1bc946ad-c2f1-4a4f-a585-41346bdeead8,250,100.0,7,298.33,0.011627906976744186,,
1bd519fd-7410-4de8-a1ac-883ef7a0663c,86,49.0,9,364.85,0.02278481012658228,,
1bd58b67-3e11-4387-a251-0acfdac6edae,28,9.142857142857142,8,331.33,0.11764705882352941,,
1bd8e694-ae98-4b53-b335-8f5de0a1ca30,194,26.0,3,282.39,0.057692307692307696,,
1be84e83-0cb8-4aee-a0d7-1723c477a667,198,45.69565217391305,24,238.80,0.022556390977443608,45.96484306966545,1.3181818181818181
1bea9261-6938-4cc8-a818-f57f5f9ceb17,499,50.5,3,291.16,0.029411764705882353,,
1bf7b957-8d72-4088-94e9-1c9f4153b0db,232,9.11111111111111,55,262.04,0.1053639846743295,9.768386952194243,-0.5660377358490566
1bfaadba-27ec-40a1-bf51-97b45771a7ce,331,10.806122448979592,99,233.91,0.0891891891891892,11.16572273482721,-0.010309278350515464
1c1bb0a0-3d08-4937-93dd-bb727a43bd73,374,114.0,2,188.07,0.017543859649122806,,
1c1cfaba-682d-4b41-9597-b5d75ad7c1a1,326,194.4,6,228.18,0.006153846153846154,,
1c2d087f-24d1-4909-96fa-46a03a979a95,202,47.61904761904762,22,354.59,0.02180376610505451,45.300635967363846,-1.1
1c3a6a42-4b27-47a4-8863-df5a5def5add,311,11.75,9,347.07,0.09183673469387756,,
1c3b3317-a493-4589-86f3-173024588c79,18,20.210526315789473,39,286.08,0.04955527318932656,18.19438270119839,-0.2702702702702703
1c40ab4a-824a-4113-ac86-0c97fe9ac80d,95,26.21875,33,321.23,0.038551401869158876,30.044842158390193,-3.161290322580645
1c46e33c-ceab-4603-aca3-1949d673f836,149,111.0,5,300.76,0.011235955056179775,,
1c509daa-ae93-4908-8484-9455d426bf35,258,129.8,6,335.45,0.009216589861751152,,
1c6cbaff-38d9-41c5-bafd-46ab2948dbb6,444,188.0,4,282.18,0.007079646017699115,,
1c76f1cb-c5be-42e4-808e-b9fe98c5b7bb,411,24.264705882352942,35,219.29,0.04156769596199525,20.954942750302354,0.42424242424242425
1c770bb1-148b-40aa-8f0c-ff8183b06227,159,25.390243902439025,42,306.45,0.039735099337748346,26.15805616705921,0.6
1c793f47-de19-4fb1-8576-4df9b55ff448,167,171.0,2,272.27,0.011695906432748537,,
1c7a4864-4202-4600-80b9-9d9dea5bf3c1,-9,11.566265060240964,84,254.95,0.08374875373878365,11.158713942731731,0.34146341463414637
1c87afcf-6745-4a89-8d84-a0039512f7f7,376,60.35294117647059,18,254.10,0.017391304347826087,46.97997070091492,-3.3125
1c9240cb-bbde-4c7d-a688-374d45955f76,57,21.2,6,247.50,0.05555555555555555,,
1ca47769-cff4-4080-b16c-7d06e9a166da,243,244.0,3,486.45,0.006147540983606557,,
1cb38ff2-1352-4ca2-8559-281e74450d1a,243,17.34375,33,287.69,0.05789473684210526,28.977866275331035,0.7096774193548387
1cb785af-c743-48bb-abaa-d85f2b1a7a76,189,20.181818181818183,23,212.91,0.050997782705099776,25.841340750334368,0.19047619047619047
1cbb2188-d0b4-4291-a66c-77bd09865910,174,143.0,4,240.76,0.009302325581395349,,
1ccff0d3-6e8c-4d8a-8761-209944a64bd7,306,11.44047619047619,85,272.96,0.0846613545816733,10.975713814892142,0.012048192771084338
1cd0135d-3d9f-4499-8890-93e7ce29dc6e,305,41.166666666666664,25,244.98,0.0249500998003992,43.8264032654792,0.34782608695652173
1cd0eaa1-d300-4914-98a7-874c1f0ab4bc,377,91.83333333333333,7,274.64,0.012658227848101266,,
1d004e9a-7382-4f0b-848b-6dea0100935e,238,,1,121.18,inf,,
1d0559ea-7851-46d0-9caf-b3e03b7cc4af,509,180.66666666666666,4,267.90,0.007366482504604052,,
1d065c1c-70a5-4b1e-a0ff-2d0b3ba7d16c,130,22.375,25,308.44,0.04553734061930783,19.421665401209076,-1.0434782608695652
1d0ff0fa-7bb5-479d-ba10-ed7c6967e994,228,24.414634146341463,42,266.80,0.041015625,26.916515013794132,0.875
1d43946b-42b6-4e4d-8844-83b8e722f96b,189,31.125,33,241.67,0.03270564915758176,34.55967256415974,-0.6451612903225806
1d6611ea-37d1-458b-a605-d0d9a31f56be,340,231.0,5,203.10,0.005399568034557235,,
1d6df68e-eac1-445c-8c2f-370c93ce9b77,406,,1,193.40,inf,,
1d77cb20-2d00-4302-84cc-4c4690223ad7,272,18.52173913043478,24,264.77,0.055299539170506916,23.615999132362848,-0.6363636363636364
1d79777e-5cd4-4e1b-a15a-3d19d1075a50,83,,1,164.23,inf,,
1d94cc53-b043-460e-98a0-7657fa4c9e1e,200,23.0,3,249.09,0.06382978723404255,,
1d95a70c-6ecf-48e0-912a-2069845a9590,355,191.4,6,365.75,0.006263048016701462,,
1d9e4da4-ee91-4a59-af5e-12c1692ed1bf,-2,20.0,28,234.52,0.050724637681159424,20.023063624807193,-2.5
1da30bdf-4cf2-4968-9025-659b89407a7a,100,124.8,6,306.61,0.009584664536741214,,
1da4f257-945b-4836-83b5-9c5dddee4f75,40,68.23529411764706,18,352.32,0.015410958904109588,46.29056249896503,3.625
1dc0cfe9-479e-4063-927f-6f89f7f17ccb,210,28.25,5,141.07,0.043478260869565216,,
1dced089-ab4f-46a4-a171-30244506bbb4,203,50.625,25,351.69,0.020391517128874388,50.2098314467699,-2.217391304347826
1de64d9b-f33d-4ee3-99b3-862c3d5a5ddd,195,209.0,6,227.89,0.0057361376673040155,,
1de8b4ec-a75e-4a50-9421-bae5550c1e6c,407,24.666666666666668,49,252.55,0.04056291390728477,28.03063167423698,0.1702127659574468
1de9c72d-16f9-472d-b11e-6d5238880969,67,,1,95.20,inf,,
1df59841-de47-4ae0-9f25-217f4eff0395,400,133.0,6,302.95,0.008995502248875561,,
1e0c4bc2-971a-4460-a364-267b85726ed7,300,22.972972972972972,38,281.84,0.04377880184331797,29.184743432986508,1.4444444444444444
1e0ee17e-743e-471b-969c-b8332c836b97,347,38.25,21,218.64,0.027131782945736434,36.41554757604447,1.263157894736842
1e130cd4-10ea-4394-b180-1cdf16b521c3,365,88.44444444444444,10,274.63,0.0125,81.70849269064861,-28.125
1e18fb2e-fa84-41df-8990-2cab867c9ea6,264,155.0,2,229.83,0.012903225806451613,,
1e198d8b-495d-46d5-aaad-115b1c302ece,370,37.470588235294116,18,253.26,0.027906976744186046,36.952871415931305,0.875
1e2e2798-0c04-44e2-9d8a-f03266be7e8a,79,25.8,6,271.01,0.04580152671755725,,
1e437d52-814a-4944-a383-6c195be7e6b9,418,247.5,3,417.83,0.006060606060606061,,
1e65c16e-96de-439a-8a5a-66e97b0338eb,185,142.0,3,197.26,0.01056338028169014,,
1e730b51-1662-4752-9b9e-cef394ff475c,221,,1,107.41,inf,,
1e780c8b-dd7c-4a37-8e58-7d225afa09ee,225,19.975,41,198.24,0.05,17.478906701712766,0.5384615384615384
1e8074f4-b892-46fa-85db-7495bdb98f64,109,22.163265306122447,50,262.76,0.044802867383512544,20.579466848835345,-0.08333333333333333
1e8ceb63-af4e-47d8-b563-1c34388267b3,216,156.83333333333334,7,226.86,0.007399577167019027,,
1e9c7567-d1a3-4498-988b-5cfed41425c1,288,37.0,6,266.04,0.03208556149732621,,
1ebfd917-e604-4f4a-bc48-ba47bbdbb79e,263,20.625,9,302.00,0.05325443786982249,,
1eda5013-8674-46bc-8007-b06930c8bc4a,56,44.76923076923077,14,287.79,0.023809523809523808,40.10850667492256,-1.0833333333333333
1eec50bb-7b82-421c-87ac-18d3e961f4e5,69,68.73333333333333,16,170.07,0.015414258188824663,63.129647400824126,5.0
1f031288-4aae-4b18-a872-eabed30399d3,4,,1,267.76,inf,,
1f072dd4-b220-4073-8415-918592a492d4,293,12.35483870967742,63,262.50,0.07884856070087609,10.900589206805574,0.13114754098360656
1f115663-9dbb-4581-bbf4-8ed8cac465d2,381,78.33333333333333,4,247.06,0.01694915254237288,,
1f2b5301-806e-4b86-af10-4301dab26ec9,288,60.72727272727273,12,183.94,0.017777777777777778,69.02621372940995,-2.7
1f468623-0c9c-44e6-bdaf-db4d379c813f,171,69.11764705882354,18,263.77,0.015215553677092139,73.7070912064616,-2.375
1f4f6076-87be-4b01-876f-37e5fedb1eb9,326,173.0,7,265.68,0.006730769230769231,,
1f515ebf-874e-4a50-9c3c-7f53b9c665f2,63,198.2,6,293.92,0.006048387096774193,,
1f76aab8-4c83-4f92-a436-b7ac2d395d5b,336,57.04545454545455,23,252.45,0.018167456556082148,59.09917191646699,-0.19047619047619047
1f798bb8-4a65-4076-a49e-283d0a9ea3a3,532,75.0,2,292.29,0.02666666666666667,,
1f816ff6-6907-4d44-9448-e36e65d5178d,391,60.25,17,198.26,0.01748971193415638,49.87651417918725,-5.866666666666666
1f85c9dc-8d52-44dc-821f-ded44ebff22e,123,,1,121.56,inf,,
1f8e6424-638e-4f72-83ee-e6b0c3ffcff3,369,216.6,6,307.99,0.005529953917050691,,
1f9ab52a-2711-483b-8a09-598504fb8f00,56,265.0,4,173.93,0.005025125628140704,,
1fa2583a-f4a3-44fd-88f8-d6102657e42f,183,26.75,9,310.41,0.04128440366972477,,
1fa6bd8d-0bd8-4fd2-9e27-c48b9c2bba9b,209,14.0,2,224.98,0.14285714285714285,,
1fafee11-76c7-4b45-ae2f-3cadbc61ecae,28,338.0,2,297.67,0.005917159763313609,,
1fc1aa1d-e6e4-4e65-90ae-bf12ed6c40ae,378,12.161764705882353,69,254.77,0.08004640371229699,13.695636405104558,0.43283582089552236
1fccb97f-4253-44cb-91b3-b170554bfdc0,184,19.652173913043477,24,255.53,0.05194805194805195,20.15307036308087,-2.272727272727273
1fccf109-5e59-4d15-8c9b-cde497736281,194,135.0,5,242.37,0.009242144177449169,,
1fdb8240-15ef-4d37-8647-a5d4bbfd9c2b,206,189.2,6,265.43,0.006322444678609062,,
1fe200de-ae67-4c84-8708-5c69002c9e35,86,33.0,3,319.14,0.04477611940298507,,
1fe7515b-042d-4e76-9982-222eb72c49b3,11,39.6,6,349.31,0.03015075376884422,,
1fea3711-c8f5-404d-a962-c5efa3a643a1,328,49.166666666666664,13,326.50,0.02181208053691275,73.75984782735897,-2.1818181818181817
1fef4c2f-c811-475d-859f-bb88e8ff9541,55,20.0,3,335.55,0.075,,
1ff67409-249a-496f-b327-0bb3eccc6f4b,223,55.25,9,248.32,0.020224719101123594,,
200662d9-9f56-404b-adb3-ab39ba957d9b,279,59.6,6,189.87,0.02,,
2009606c-0207-4b3e-8adc-d4b7788ff517,226,212.33333333333334,4,205.14,0.006269592476489028,,
2009f67b-12d7-47f5-a307-fe8d7ea3c641,75,57.5,13,406.61,0.018651362984218076,46.76925952336253,2.0
2011ebab-8573-4255-8b1d-90e74694c13a,214,,1,217.60,inf,,
20192193-a01c-48d1-9669-efdb56b60149,308,42.333333333333336,10,269.18,0.02610966057441253,31.662280397975127,-4.75
20246205-d14a-4354-ba3b-d8296f3267e6,303,14.375,9,225.28,0.07563025210084033,,
202a609f-24b3-4c0f-b6da-ce4e5c1a8a7e,376,206.33333333333334,7,387.80,0.0056406124093473006,,
203b33c5-5729-420a-bacf-65ae33a1c6f2,128,53.333333333333336,10,215.50,0.02066115702479339,39.81205847478876,-8.625
2079e830-d76c-4d56-94a4-b3a6a2d2bb1a,118,199.0,2,358.97,0.010050251256281407,,
207cf1df-3a0c-44b9-ae7b-0b847fa18773,358,24.142857142857142,15,255.86,0.043859649122807015,18.442664344716253,-1.7692307692307692
208d8179-395b-4122-a16c-51ba9616a847,197,132.2,6,249.39,0.00906344410876133,,
208df82e-a460-4cb8-9885-7e7c9475d3dd,489,,1,196.74,inf,,
2093caf1-33f0-41a0-8346-022150f26e44,943,8.0,2,91.74,0.25,,
209c833d-9c83-4c69-8de8-f57f6272ca5d,320,52.333333333333336,13,259.43,0.02050473186119874,42.197228115198044,3.3636363636363638
20a16686-d317-40a8-a995-a728b194ae87,431,168.66666666666666,4,277.98,0.007874015748031496,,
20bdfb54-03ba-4592-b7ea-4ef6f44cd6de,-16,9.365591397849462,94,273.82,0.10228509249183895,10.791285681387391,-0.2717391304347826
20d7491b-954e-4b2d-906a-d7035bde40cd,346,111.0,2,452.19,0.018018018018018018,,
20df3393-1da6-48bc-bb0a-0457c9f015eb,137,40.9,11,278.60,0.026634382566585957,27.702587123467968,-1.1111111111111112
20e0c102-3aea-46ce-8da6-6f567808b283,393,126.0,5,266.03,0.009881422924901186,,
20eb3961-feed-488a-9926-790dbb96cdad,170,298.0,5,266.25,0.0041876046901172526,,
20ee0938-172b-4da5-9a27-ed2dcb2a0242,355,70.66666666666667,4,245.01,0.018691588785046728,,
210c64be-1e2d-4824-bd33-a4b60c5aee1b,122,23.68,51,268.85,0.04235880398671096,26.054448482251274,-0.2857142857142857
210faa5e-6ac5-446e-b78c-f1f539708963,175,92.0,4,524.19,0.014492753623188406,,
211027e9-ecad-4941-9b8d-938e06767804,394,50.86363636363637,23,259.25,0.02037201062887511,43.11258291026884,2.0952380952380953
2111bfe9-b2af-47b7-84a0-1e37f7bdb953,300,149.4,6,313.69,0.00801068090787717,,
211aec60-81c5-453f-a36a-f58fc91eae86,328,14.777777777777779,19,342.40,0.06934306569343066,19.142055810533904,-0.7058823529411765
21236220-f667-418f-b401-346b546563e4,374,31.714285714285715,8,214.93,0.035555555555555556,,
21252832-4a64-4707-a5a8-29aa030c9349,267,18.666666666666668,7,141.65,0.06086956521739131,,
212bac2d-d32b-4750-a670-3f845c8f2fb3,115,105.875,9,292.44,0.010575793184488837,,
2137a317-20a1-4c65-af88-7e8b6f7e9da7,209,25.195652173913043,47,289.65,0.03979678238780694,23.170498067075048,0.4
214a09c1-2b61-4013-8201-f65844121c22,280,69.0,4,274.30,0.019230769230769232,,
215a90ce-36dc-4bb9-9b11-98de4a62d90e,63,48.23076923076923,27,298.26,0.021360759493670885,39.12370912099996,-1.68
2160bf3f-1e7f-43fc-8047-efd1e66afbc3,360,22.56,26,262.93,0.04529616724738676,26.842255245539015,-4.083333333333333
216bb9e8-d235-4e27-b1b8-a617ec806c76,119,,1,152.05,inf,,
2170ad0e-86e5-45f8-aa81-7afb1a1276eb,174,192.5,7,188.04,0.006050129645635264,,
21730d53-e54e-426e-8581-68246198e788,313,41.888888888888886,19,223.09,0.024869109947643978,45.342992050641904,-0.8823529411764706
217adb3a-d816-44e5-a649-c38b4f96f8a8,18,18.833333333333332,43,247.02,0.05289052890528905,19.85424531203765,-0.6097560975609756
21b11317-e7ba-4d2b-9ffd-0cbab449c674,179,40.0,10,195.06,0.0273972602739726,34.713109915419565,-4.625
21bf4dad-a7c0-433d-8152-2248b195ceb1,226,44.0625,17,255.49,0.023876404494382022,37.11687621554378,2.2
21cd2ce1-fc8c-46c6-98f0-92b706ed1fb6,75,48.61904761904762,22,181.08,0.02131782945736434,47.496816935954975,1.6
21d38e4f-c5ff-4ecc-9db2-4cc856b25943,324,55.0,5,205.98,0.02262443438914027,,
21ec8b49-3148-4f43-9aa3-183ec0a72f91,161,52.04761904761905,22,352.58,0.019945602901178604,45.67217554537575,4.75
21ed8f9f-96c9-473d-b1ea-eaa19c5ec883,379,13.666666666666666,16,259.62,0.07511737089201878,12.754084313139328,-0.35714285714285715
21ef8bef-ea24-4221-95b2-a5b3b9f559d5,231,,1,536.06,inf,,
22145079-1844-4e58-81b9-ea88ed0d23ab,262,11.0,36,290.31,0.08977556109725686,11.190857613143287,-0.14705882352941177
2226672c-281d-4edf-94c2-e715c4321538,6,144.25,9,162.76,0.007778738115816767,,
222801f4-dc1d-484f-8868-a2c85feca6de,293,42.42857142857143,8,290.96,0.02666666666666667,,
222b5216-dd11-4b4e-8bfe-aed47f1a1c9a,259,53.111111111111114,19,284.54,0.019689119170984457,50.62769398948377,-6.117647058823529
222eaa4a-9d1b-4b75-90fa-0e8c9d717a0b,266,19.2,6,252.48,0.061224489795918366,,
222f2794-96c7-4ffb-91ca-b0566736d0a5,226,61.916666666666664,13,220.70,0.017379679144385027,41.30916326551495,-3.4545454545454546
223a0eb7-c1ca-4450-b179-c66d314df906,181,49.19047619047619,22,286.54,0.02109300095877277,45.550652078339176,-0.2
2240217f-5ac6-48c4-bd31-e84a847112a5,176,,1,244.75,inf,,
22438c09-6667-44bf-aacf-743743825ae8,245,45.642857142857146,15,254.62,0.023183925811437404,41.36815412638296,3.0
2249f104-04c8-4af3-abf4-c4369526e3c7,258,60.142857142857146,22,245.57,0.01726844583987441,34.01365272105558,-0.6
224c8602-b1b4-48a8-8655-dc25a2188783,259,179.33333333333334,4,328.18,0.0074211502782931356,,
225fd0a7-545b-42d3-904c-02637330b194,201,94.66666666666667,4,219.58,0.014035087719298246,,
22612316-422a-45e9-993b-5d1fe410cfc8,76,,1,167.82,inf,,
2271fe9c-6b7c-4e6c-bbb0-63143d2696bf,479,40.0,2,535.81,0.05,,
2277acf9-ecde-4d1e-b47b-e09b832a2ce8,327,24.0,3,184.55,0.0625,,
228bb97a-3648-4d9b-bcc0-bcdb8587e3e6,435,44.083333333333336,25,241.23,0.023386342376052385,32.86721197772038,-1.608695652173913
22a800d7-2e88-4d5f-b452-5a7ebf947be4,251,4.0,3,340.36,0.3333333333333333,,
22b27b42-c4ef-41af-8d5d-c583f5117486,187,11.316666666666666,61,239.01,0.08543417366946779,11.570698917797822,0.22033898305084745
22ca2543-1be3-40a5-80bd-bd79dae002d6,387,44.30769230769231,14,277.36,0.024054982817869417,49.1076786517557,0.75
22cae7d6-f1a7-414c-a7d9-dfb624207a34,151,13.428571428571429,8,390.50,0.08163265306122448,,
22ce331a-1ce4-47c2-acd3-e8ff7966c5c6,54,20.16216216216216,38,234.46,0.049738219895287955,18.30074909443374,-0.5
22da9668-0cfd-4481-a5cf-5b911adfd391,145,10.0,2,472.48,0.2,,
22da9a3d-76da-48cf-a942-9e5c518c8d27,184,12.0,47,294.45,0.08159722222222222,13.28491207682192,-0.044444444444444446
22dda9ec-04e0-4d59-be84-7f4c0e32873d,97,272.3333333333333,4,221.76,0.004889975550122249,,
22e33724-0d87-498a-b4bd-41716d871ed7,23,19.833333333333332,25,254.23,0.051440329218107,17.17092250608991,-0.043478260869565216
22e7513d-7a55-480c-a48e-b6ca62229ce6,168,54.4,11,342.98,0.020072992700729927,50.00044444246915,-13.222222222222221
22e80d93-6cb2-4a96-80b4-259aa8068094,172,117.0,3,293.56,0.01276595744680851,,
22ebe764-00b6-4e20-8686-856095ffe85c,361,14.0,2,403.83,0.14285714285714285,,
22f6a7ed-9c8e-47b3-8d09-4f16e82f6be6,39,105.66666666666667,7,110.69,0.0110062893081761,,
2308a0e7-2cc5-41ea-806d-5844001c565b,318,22.51851851851852,55,240.58,0.04421221864951769,24.67275691147745,-0.05660377358490566
231e98c3-acd7-40f8-b2f7-8fb5e2a5ec99,276,55.4,11,230.49,0.019748653500897665,87.98509974863798,-1.4444444444444444
23351959-bb21-4e51-97c4-bf9fd6849c73,204,23.742857142857144,36,245.47,0.04240282685512368,31.093164424831063,0.2647058823529412
234394cc-f0dc-41c9-994a-d93ec2966d16,221,45.42857142857143,15,300.67,0.023291925465838508,27.213442056664356,-3.1538461538461537
23486d3e-b08e-4759-aa66-91dbee4678c8,155,40.666666666666664,4,221.70,0.03225806451612903,,
2357df49-6785-403c-aaa7-7b3f444141ba,148,,1,76.01,inf,,
235a946c-902a-44ad-a996-92b740806170,80,158.0,5,301.89,0.007886435331230283,,
235f0708-551d-4f9f-8de5-1925f89b3ee9,379,30.0,8,246.31,0.03755868544600939,,
236ad877-77ad-4fda-b5b1-c8aa570dd92a,115,29.41860465116279,44,329.48,0.034161490683229816,25.97639272414523,0.023809523809523808
2371a0e4-bf4a-480e-bcb3-3c0c5e989bb3,18,26.535714285714285,29,218.20,0.038461538461538464,24.223469095619958,0.1111111111111111
23829548-7b0e-4cea-a278-e0790e298d8a,284,22.94,51,276.37,0.04358974358974359,21.73158145770945,0.061224489795918366
238f80fd-fd78-412d-97b8-e0a85cac61bf,91,141.14285714285714,8,298.34,0.008064516129032258,,
23941195-73b4-432d-ba7c-04a6c52f641c,113,235.66666666666666,4,239.19,0.005641748942172073,,
239539c0-17ca-468a-951d-eccdc79ff9dd,377,59.05555555555556,19,315.54,0.017740429505135387,55.0395282792523,1.411764705882353
239740e8-aca1-4303-a6a1-335c9aadcca5,-8,45.333333333333336,13,285.32,0.023636363636363636,58.1992398159247,0.7272727272727273
239fc5de-5693-4500-9ce9-82d106f23ebf,350,26.85,41,254.37,0.037545787545787544,25.007229723852628,0.02564102564102564
23a1b4ee-16e7-4239-8851-08bcc70324aa,149,,1,546.50,inf,,
23c38186-0835-400c-9e7f-62615cee3458,98,52.833333333333336,19,235.25,0.019791666666666666,40.53502479700879,-6.588235294117647
23cdc87b-31e5-447a-bd7b-846b64825b01,17,40.333333333333336,4,209.58,0.03278688524590164,,
23dc68da-25aa-42e1-aeef-7d068274bc03,97,144.625,9,321.62,0.007765314926660914,,
23e19ac9-c3ad-4f44-917d-c36210fb64ef,414,152.0,4,188.82,0.008733624454148471,,
23e9673d-ac65-4f8a-ad5b-013c7570cb23,145,24.21212121212121,34,194.36,0.041820418204182044,22.76065351620749,-2.96875
23f2fbc7-00f7-4c8a-97a2-b7f85073c201,65,40.857142857142854,8,205.55,0.02768166089965398,,
23f4ca4f-d3b4-48d4-bcf7-70c0c46f0509,273,75.85714285714286,15,304.70,0.01403180542563143,63.82049000951767,-5.076923076923077
23f760b1-7273-4ed9-b241-b38fb56e167f,326,23.13953488372093,44,279.36,0.043264503441494594,22.294117732998583,0.09523809523809523
2413edc8-5e3f-48ef-a676-afcee0db1f0d,65,,1,439.16,inf,,
2416ceab-198e-4075-a978-711f5affb8ca,4,68.33333333333333,19,205.91,0.015347334410339256,50.98096530597878,-0.35294117647058826
241b96e6-fe0e-4994-8943-d5969d90bb53,237,44.111111111111114,10,206.09,0.025,32.270127224898125,-7.0
241eca7c-3ce7-43a4-afe3-161201b45b47,257,58.75,5,268.04,0.0211864406779661,,
242af86d-4a20-4def-a89b-aeeb6db0c3bb,156,40.0,16,299.61,0.02631578947368421,30.69899951836495,0.7142857142857143
244b734d-2340-4959-a3a4-5286bb1f046c,294,128.5,9,218.79,0.00872093023255814,,
244e28c7-a47f-4702-9292-86b9df516246,45,176.66666666666666,7,303.82,0.00658513640639699,,
24694162-c54f-4ea6-8ed7-0a4fa6a06b8d,144,147.0,3,296.59,0.01020408163265306,,
2478fc59-4ebc-4f3f-949b-fa0b35140ceb,85,128.83333333333334,7,287.96,0.00902061855670103,,
248af6a7-22a9-4dd5-9799-7ae459b9d2f2,53,218.0,2,117.50,0.009174311926605505,,
24989097-1c62-4935-9dad-3af435552772,314,248.75,5,346.82,0.0050150451354062184,,
249ad654-40f9-441a-9a83-9331229906b5,275,25.903225806451612,32,237.16,0.03907203907203907,23.847228823925125,-1.7333333333333334
249f3619-3a4b-4e56-af7e-f0bb3ac7eade,243,117.33333333333333,7,222.83,0.009915014164305949,,
24ad3f81-e919-4dd4-8c43-4e0410c927bb,316,73.8,11,232.63,0.014864864864864866,74.35171671036102,5.888888888888889
24bd539b-2ff1-42c0-a302-c72cb6a980eb,170,27.302325581395348,44,247.44,0.03685092127303183,23.485086335314737,-0.42857142857142855
24bf46f0-1238-4b65-bd99-9cdbba40ccf9,22,42.8125,17,259.41,0.024531024531024532,40.21313011111338,0.7333333333333333
24c14eb7-4fa5-4a9d-96d0-0ddf09561db2,149,158.33333333333334,7,272.55,0.007345225603357817,,
24cd4735-3627-4ae5-8ded-5e1fe68d921f,216,58.54545454545455,12,217.27,0.018461538461538463,43.10768756582435,2.0
24d15b00-0621-4a0e-8fad-d534df232e97,484,57.0,3,156.44,0.02631578947368421,,
24dab128-bb27-47a3-91f5-381e6538108c,13,32.0,8,308.19,0.03524229074889868,,
24eb98a0-9210-42e1-b848-2a27b26dc475,180,26.0,22,249.45,0.03949730700179533,34.10131962256006,-2.05
24ed73ff-72de-49ad-bcd7-2bf4bee1ab0a,91,23.37735849056604,54,251.24,0.04275534441805225,23.406299624652615,-0.3269230769230769
24ed92ae-0e96-4ca8-b105-ad1d3dbd14e5,419,64.92857142857143,15,259.45,0.01639344262295082,78.32915194201992,-2.769230769230769
25125672-7a82-4eaa-bedf-9a86234a7b65,178,36.0,7,290.57,0.0319634703196347,,
251e69a8-c239-48a5-9f42-eead6c24318f,410,17.0,13,269.82,0.06190476190476191,18.800386843215367,0.09090909090909091
25201149-8dec-43b1-8696-d72ea2973316,141,66.625,17,301.78,0.015843429636533086,64.72699076377128,-15.466666666666667
252a86e6-ea76-46ee-a556-6cf336e88089,192,6.0,2,265.48,0.3333333333333333,,
25360f0e-d55c-4dfa-8ad5-e3230b85192a,6,19.0,31,249.37,0.05326460481099656,19.592398244357867,-0.41379310344827586
254305f7-8279-4277-bc5d-fdadf264898a,331,281.0,2,330.03,0.0071174377224199285,,
25499762-459a-4e69-ac08-f8a987384a7c,293,121.0,5,261.95,0.010309278350515464,,
254f8bdb-e5f9-42d6-9d6a-3c8c7c22c01e,274,55.714285714285715,8,295.07,0.02040816326530612,,
2554f8f6-308e-4e1f-83d9-6fe6d98084aa,351,50.5,23,262.93,0.020535714285714286,45.78911286695624,-5.0476190476190474
255692d5-4d4f-4ad9-a193-37d1d75c7289,117,38.19047619047619,22,276.63,0.02706027060270603,29.09917360960453,0.9
25592444-8041-49e9-af8a-a96f3b68b57c,147,58.6,16,247.26,0.018018018018018018,54.773299021642714,2.857142857142857
257178b3-2c68-47e8-9292-b9360faefc4e,2,32.5,3,346.69,0.045454545454545456,,
25832fcf-0986-4c6f-a361-99adafe5d4bf,279,201.0,5,326.42,0.00620347394540943,,
259611ad-a487-47bd-8620-2dca4d80fa88,129,20.466666666666665,31,279.74,0.049206349206349205,19.43287888114356,0.1724137931034483
25a95865-611f-46ac-8989-60d2737419d6,119,24.414634146341463,42,304.37,0.04129793510324484,22.138174732524924,0.875
25b67d1e-bdf6-435b-bfb9-1a855884c2f4,291,107.0,3,175.52,0.013953488372093023,,
25c3aeba-16ec-4048-8739-ad8f1098cfca,232,265.3333333333333,4,206.81,0.005018820577164366,,
25cb4a73-7297-43ab-af0a-90621e7061f0,54,15.95,21,203.43,0.06363636363636363,17.030854353202603,-1.263157894736842
25dfbb74-b76c-4a36-a699-b626cefa8061,306,70.5,3,420.41,0.02127659574468085,,
25e0aa6a-209b-4152-b707-36b5b7305d63,268,59.07692307692308,14,331.95,0.01806451612903226,56.12257647100309,-2.25
25e3511b-bac2-4468-8599-c930baef7f34,276,63.6,21,255.01,0.01639344262295082,45.76645519430833,-0.7368421052631579
260f36f0-ee46-42fc-9752-446c91043303,358,177.16666666666666,7,249.08,0.006566604127579738,,
260fa85f-75c2-4b4e-9f60-ab389d4b9ee1,116,,1,41.86,inf,,
26166e66-d6ec-4a63-9f20-74d1d866a054,241,115.0,3,317.35,0.012987012987012988,,
261f8336-b0b4-4703-b2c7-7616c81055cc,325,233.75,5,220.67,0.005341880341880342,,
2636fbdc-0e97-4884-adb0-1c71b49c9887,192,103.0,6,174.73,0.011583011583011582,,
2652e468-576d-421d-b275-9e95adabbbb0,194,53.6,21,251.70,0.019408502772643253,67.72265422099788,3.736842105263158
265d7abf-0056-4d28-9463-3a2b3c332b58,395,21.52,26,223.05,0.04735883424408015,15.777410011363294,0.0
2662b966-dfa2-4fc4-9481-c4c3d2d566c8,-12,44.05882352941177,18,257.39,0.023809523809523808,46.77401868056039,2.6875
2676d646-995c-4c7e-a85f-f5f2bc975fe6,108,211.0,2,233.59,0.009478672985781991,,
268056e6-fa04-4c0c-b11f-4da08a26f1f7,48,52.5,5,251.23,0.023696682464454975,,
26831309-2201-4333-a72e-d8acd53b118d,124,8.25,5,226.21,0.15151515151515152,,
26a39bcc-ba4b-4606-b305-6027a5f8ded6,240,,1,223.23,inf,,
26c463a0-85d6-4b4c-85ab-b42e20e5ac80,113,29.0,2,595.83,0.06896551724137931,,
26cc5f50-f687-4475-9954-3edfa29e6446,357,149.0,2,288.01,0.013422818791946308,,
26e110f9-ea6f-469d-8eef-e4b9c1d33817,143,46.0,11,230.40,0.023655913978494623,53.49766350038102,-13.666666666666666
26e741fe-97a2-462f-9a78-c92940b28612,311,9.23076923076923,53,254.57,0.10578842315369262,7.957276567838641,-0.0196078431372549
26efbf48-8b34-42bb-b0f6-3b2a009b6b86,13,47.6,6,271.04,0.025,,
26f14085-dde0-4936-8c77-ea8bb3a0b786,-11,30.5,7,279.44,0.03783783783783784,,
270a9428-94e8-4dde-9c9d-7ae7e71a1595,22,49.90909090909091,12,246.48,0.0216998191681736,36.20346542930537,0.2
270ce9a6-3136-43cd-929c-c0368059501d,185,,1,150.43,inf,,
2711758b-c3ee-4282-995c-f47e98c17477,50,67.11111111111111,10,330.92,0.0165016501650165,60.83264839797057,-20.0
27146366-dfd8-4cb3-8506-186284997fec,368,57.45454545454545,12,314.66,0.018808777429467086,63.378803454094395,-2.2
272e9f56-220b-427c-93f0-53a2b925d2e5,295,14.612903225806452,63,264.09,0.06737967914438503,15.78373809192283,0.0
274ca4bb-64f5-4beb-9b86-baaa0cef28ea,219,10.08,76,288.02,0.09547738693467336,9.676888041212534,-0.2702702702702703
2764a96c-7439-4a3c-ae20-e7ebea3e16aa,191,14.814814814814815,28,339.24,0.06796116504854369,15.452251608489934,0.23076923076923078
278e27ff-8460-44ad-b8d3-312e43fc9219,394,,1,221.40,inf,,
27954aa0-f94a-4ab1-83b3-f9d5781adf66,227,53.083333333333336,13,324.05,0.02021772939346812,44.02986245582409,-1.5454545454545454
279bf3f7-cc78-4397-80c2-da76fa3d2339,156,128.42857142857142,8,300.52,0.008869179600886918,,
27c41a7a-b2ad-4da9-929b-d0185019fbc9,66,8.268292682926829,42,264.12,0.11666666666666667,7.287058357951795,-0.025
27c574ff-a74a-4fd5-8a2d-2ee30a1104ba,234,22.0,3,242.72,0.06818181818181818,,
27c898ef-b892-4e43-b0aa-36187cb335e8,115,53.0,17,206.85,0.01985981308411215,56.142675390472796,-0.6
27cd1bb3-0e47-4d50-b2b9-dc778b9afda9,318,13.333333333333334,16,236.51,0.07729468599033816,16.774413622566733,-3.142857142857143
27cd6f56-9222-449d-a79d-2e665b78fce8,388,150.0,8,312.60,0.007597340930674264,,
27d4000b-ef89-414a-ad34-fffb4115d577,365,,1,354.33,inf,,
27e1ecb8-b288-4f9e-99bb-5066d9b7cb1b,116,,1,75.23,inf,,
27f2fd43-6158-4b16-803c-46d56d15a9f8,276,24.673076923076923,53,221.97,0.04042715484363082,22.290172945824157,-1.1764705882352942
28049653-68ef-4f1b-bd15-9949aadc8a12,393,47.0,9,337.72,0.02368421052631579,,
28055148-ed0a-4959-96e5-26da03a7efd1,293,45.38461538461539,27,307.84,0.022651006711409395,43.54682713868088,1.52
28058c77-48f7-4bef-90a9-834597c36c5c,234,31.333333333333332,4,297.90,0.042105263157894736,,
2808a265-d159-4d2a-ba8b-9a516b313968,192,13.442857142857143,71,276.03,0.07297019527235354,17.854188575497936,0.42028985507246375
2814ff48-781a-4597-8bf4-0f92bc7c20fc,310,57.65,21,282.01,0.01810344827586207,69.1552601036248,-7.421052631578948
281ce6eb-7f2d-48bf-9e28-7368b8b75d11,228,28.92,26,224.72,0.03523035230352303,34.53490987392322,0.08333333333333333
2824e7c0-49b5-4e69-9705-4a1021828a6b,270,167.33333333333334,7,202.51,0.006958250497017893,,
282901e8-9365-43bb-8381-7104d369a165,233,,1,576.24,inf,,
282bca33-5ae9-429a-b479-36c3743df34d,150,18.833333333333332,13,244.27,0.056768558951965066,17.460778558781048,0.6363636363636364
282c2c0e-360c-4d15-83f0-ac27f5b9ad13,288,52.93333333333333,16,266.84,0.02002503128911139,60.912661909921326,0.7142857142857143
284ed851-2e0c-4b8d-91d5-c075d09c751a,130,162.66666666666666,4,290.91,0.0081799591002045,,
285564b9-aec0-47e8-a28e-8fc2621a142f,161,20.666666666666668,4,318.51,0.06349206349206349,,
285bdc00-3c2d-4a8f-9e18-03f2eec20984,24,45.875,17,247.63,0.022911051212938006,54.48164828637254,-1.4
288527d5-738e-4a1b-a51d-101d3a8ebaa2,192,50.588235294117645,18,246.01,0.020785219399538105,55.99113637836953,-0.0625
28aa8df3-5218-442d-9d6c-1a125bc5a004,66,10.123076923076923,66,264.06,0.09565217391304348,10.846237383748125,-0.125
28da4a43-11f2-428a-b970-b5e9b655971d,88,36.666666666666664,4,387.40,0.036036036036036036,,
28e8886c-4eb6-4e8c-9cbe-d31e2975f12e,148,25.2,41,242.88,0.03988326848249027,22.975125902950133,0.8717948717948718
28f32df8-1a5f-4eba-8d20-de6b382d0ae4,302,113.0,2,302.27,0.017699115044247787,,
28f3faaf-a5bc-4ea4-817d-8eabb9daa84e,358,53.8125,17,241.25,0.019562715765247412,43.37774967269126,6.4
29061c09-5f1f-4d69-a222-a9d8d8f58c9e,85,19.0,2,89.43,0.10526315789473684,,
290f2a7c-f643-429b-98ba-76dd55e740e6,243,128.16666666666666,7,277.05,0.009067357512953367,,
291563c2-2d3f-466f-9cb6-22505108aa19,242,23.066666666666666,16,201.11,0.045454545454545456,20.080077783951033,-1.2142857142857142
291bfa07-7b3f-41ac-aaff-869cfa66a299,186,28.285714285714285,15,263.13,0.03712871287128713,28.896176407770824,1.6923076923076923
291cc337-e09c-4375-8739-4060d87f9526,65,46.333333333333336,22,285.19,0.022357723577235773,36.17227299097104,-2.95
291cdb1b-0566-4a90-98f3-b692f1f4225f,263,22.140350877192983,58,231.49,0.04499612102404965,24.479173798857808,-0.10714285714285714
293b6960-65dd-49c0-952f-ff3ec9b1c7ba,222,10.160377358490566,107,275.66,0.09452296819787986,10.395179095507347,0.047619047619047616
293ba58d-9def-4283-90eb-ccfb4e063c84,86,37.0,2,128.48,0.05405405405405406,,
29469ec0-c540-43dc-8be1-9252f427cbee,120,64.0,3,272.53,0.023255813953488372,,
295db3d8-f06e-4267-bdb2-41cd3aa74346,341,228.66666666666666,4,218.46,0.005813953488372093,,
296264a6-84f5-4c66-ad9b-bee1f7928dec,84,53.72222222222222,19,303.70,0.019507186858316223,61.284107483632,4.9411764705882355
2963a5e3-9a6d-4c20-974e-48fe21df58ed,91,42.1875,17,235.44,0.024853801169590642,45.15191948669883,-0.13333333333333333
29788e8f-05f2-4b72-8c14-a47fa392c381,407,82.5,3,201.22,0.01818181818181818,,
297bec4f-b60d-4dc0-b5da-916751129fc5,19,22.785714285714285,15,261.41,0.046296296296296294,17.075301873347193,-4.0
29a13bf2-8ccd-4ac3-88f5-620d2af29fd2,314,0.0,2,357.84,inf,,
29e1aa6b-9c03-4bda-934b-c0568556c125,395,146.66666666666666,4,163.54,0.009070294784580499,,
2a047367-5bab-4966-9caa-bce7dd9fd4cb,321,45.57692307692308,27,274.96,0.022518765638031693,43.769553871999264,-2.2
2a06d8d3-4358-4bdc-8704-82c8bb12114c,111,19.565217391304348,24,292.72,0.052060737527114966,20.455775105770634,0.13636363636363635
2a0949e3-3990-4161-b093-7683bbcde08d,326,33.142857142857146,8,268.35,0.03389830508474576,,
2a0b4150-49ac-452a-a3e3-044635ce26b5,101,48.9,11,202.17,0.022267206477732792,70.76322020183461,-23.555555555555557
2a13a56c-316b-4814-9168-dbf842776d57,144,65.3,11,370.74,0.01669195751138088,40.65040658536585,-5.333333333333333
2a1b0f2d-418d-46f1-85b9-346f07aa55dd,105,,1,46.13,inf,,
2a2f9200-ba5b-4257-9de0-79b43b8e75d7,143,9.757575757575758,34,256.79,0.10089020771513353,9.708341461825183,0.125
2a33b13d-9c86-4bd7-acc0-53ea1af09fd4,375,44.5,3,269.38,0.03333333333333333,,
2a3b8333-a295-4b7c-839c-b6d0bd2c9c72,377,62.05882352941177,18,278.28,0.016965127238454288,56.37094840012372,-4.0625
2a3b92b3-254e-4113-a304-bc66fe00d03e,343,17.125,9,305.16,0.06338028169014084,,
2a40f5df-1717-4e3f-b603-0c1f0932f568,334,54.55,21,269.57,0.01907356948228883,50.19485714902002,-1.631578947368421
2a4d1566-4cb5-4821-a5db-c4ce34e30af5,294,64.1,21,196.23,0.016253869969040248,51.86815268696095,-6.578947368421052
2a4f2a84-fd52-48b0-a79a-59956da3d57c,126,11.846153846153847,14,243.94,0.0875,19.13481187890348,-2.0
2a4f89c7-2ff4-4660-8b3a-141950f1daf3,290,25.885714285714286,36,231.20,0.03896103896103896,28.363990663983703,0.2647058823529412
2a525e10-6e19-42d7-9c54-bf2e62be0da8,92,64.75,17,304.16,0.016283524904214558,66.96914712512522,0.6666666666666666
2a79518e-f4b8-4578-97fb-8f6d51363c35,197,46.25,9,318.31,0.024193548387096774,,
2a85e74c-9280-4036-8ef9-f59086f4b69f,150,18.0,2,601.16,0.1111111111111111,,
2a8d9369-cc4c-4b19-bf72-5cb4da9f5f4f,374,42.53333333333333,16,230.36,0.024844720496894408,38.20782766970788,-0.07142857142857142
2a8e4651-72ae-4217-95d2-2b40524fd7a2,287,52.111111111111114,10,273.13,0.021141649048625793,36.102092891009946,2.125
2a976c38-19e0-4e46-a3cb-827c8740b6a1,190,138.75,9,333.94,0.008086253369272238,,
2ab1b327-15e0-4cd7-9a9c-0c9e4c802fdb,328,9.5,35,284.38,0.10263929618768329,10.124228365658293,-0.06060606060606061
2abf4b0f-eaf0-4b55-ac9e-be5f342e0329,22,57.1764705882353,18,282.50,0.01834862385321101,35.24953066020463,-1.6875
2ae8a88c-d364-4bd1-ad46-1889d9ea920d,302,237.6,6,220.73,0.005042016806722689,,
2af20eb0-a3f2-4dff-b80e-1574619f534c,367,55.94444444444444,19,297.09,0.018700787401574805,44.62058641508585,-4.352941176470588
2b172f80-abcf-4c7b-b75c-d61df5a36c33,108,206.8,6,351.13,0.0057859209257473485,,
2b524cbb-7dd6-415c-be9d-604a5189bd11,410,134.0,4,159.80,0.009950248756218905,,
2b69b721-ce1a-47ed-b7d2-470c13aa4c67,193,28.78048780487805,42,248.86,0.034970857618651124,23.4270273350269,0.075
2b6a3f44-3478-4f9f-81b7-d21cdf73ea57,263,96.5,3,172.33,0.015544041450777202,,
2b7453ab-1b04-4d29-a124-fcfc635db931,227,114.75,5,312.73,0.010869565217391304,,
2b77d6f1-df52-4d27-9461-f196df0e8ab1,260,195.5,3,250.84,0.0076726342710997444,,
2b9a677e-142d-42b2-b808-c43ce4a6df16,315,37.3125,17,256.31,0.02809917355371901,40.58689238329702,-3.6
2b9c2318-1575-453b-bcd2-84420dc23aec,310,129.22222222222223,10,300.28,0.00856898029134533,63.73534689985177,-9.5
2bb3a355-32d0-4b2b-8838-22ee8e53f8d3,402,48.666666666666664,13,310.83,0.022071307300509338,44.29515330214589,-7.454545454545454
2bd6f405-4316-47e4-9dc9-bdbf3d1b63eb,275,57.333333333333336,13,174.53,0.01870503597122302,55.45896654010936,10.090909090909092
2bd739e2-cd9f-4b7a-8468-0080e5fb614e,279,7.642857142857143,29,234.80,0.12663755458515283,7.568033580470707,0.37037037037037035
2bdba8b0-c327-4db5-98b4-2e4d10cf270d,167,57.57142857142857,15,304.78,0.01847290640394089,69.9106179739137,-1.4615384615384615
2be30905-6ffc-40e1-a6a9-d27776828afc,74,103.28571428571429,8,449.44,0.011019283746556474,,
2bec518e-0b5c-4bb8-8981-df1c3f7fbc8d,258,44.5,3,352.83,0.033707865168539325,,
2bee079f-0ab1-479e-b8c7-214adfa3146e,97,83.6,11,228.31,0.013064133016627079,74.77551589777083,19.666666666666668
2c2f9363-fea7-4689-830d-c55bbf75b365,386,245.0,2,190.68,0.00816326530612245,,
2c3156b8-6eaf-47ab-892d-0b15bc158961,454,31.25,5,180.69,0.03937007874015748,,
2c44a613-bbf7-4fba-86b4-d30c2306fe72,47,33.0,3,200.87,0.04477611940298507,,
2c626f6e-dd23-4bed-815b-0664ef33ce33,70,71.7,11,297.54,0.015256588072122053,72.83321891676749,-2.6666666666666665
2c644e92-5957-4432-ab01-d1886e11abb1,437,112.0,5,199.93,0.011135857461024499,,
2c88b7f3-2954-4ebe-9031-86998fded82b,135,22.3125,49,266.26,0.04470802919708029,23.77031605872995,0.14893617021276595
2c98c58c-3cfe-484a-8e79-6b1fe6256740,75,54.0,4,236.48,0.024539877300613498,,
2cdc0275-72b5-4d92-b1fc-00ded290d764,286,23.060606060606062,34,323.27,0.04381443298969072,22.620426877519623,0.25
2ce7d0d0-a5a6-4a14-9547-cb786e04e00a,74,24.0,3,272.66,0.0625,,
2d09a2ea-37ad-49f4-88c7-da103c2dbf8e,85,53.05555555555556,19,196.83,0.01970954356846473,57.809496698178684,-0.7058823529411765
2d0a43af-45b9-49f4-ba79-15b3060ba82f,125,145.25,9,221.79,0.007731958762886598,,
2d0ff50a-b458-4e04-a8b1-659dd701ed30,354,60.27272727272727,12,255.04,0.017937219730941704,31.45501838845722,0.1
2d2148eb-47cc-43d9-8ad9-a0bbdfbc1cb8,400,49.8421052631579,20,242.35,0.02092050209205021,43.115172835731165,-0.8888888888888888
2d259546-3dfa-439a-8afb-34b9fd431e7d,211,72.66666666666667,4,199.02,0.01818181818181818,,
2d397380-0831-4984-8240-924dda5a633b,348,99.66666666666667,10,316.10,0.011111111111111112,61.87285349812145,1.75
2d7df1dd-d263-43db-8e1b-fd9672296403,118,49.36363636363637,23,322.42,0.020947176684881604,39.422673503292316,-5.285714285714286
2d7e4fd8-84f5-443e-9af8-77a7e595579a,402,124.75,9,332.91,0.008991008991008992,,
2dbb7d0b-5150-4d82-9ed8-b5d90d9b8e3f,73,10.833333333333334,91,242.57,0.08895405669599218,11.70061940163949,-0.2247191011235955
2dc26ed4-465c-4809-8b12-0db6e1debcaa,338,165.75,5,116.69,0.007541478129713424,,
2dd284f3-1cf3-423f-a5c0-9af2ab39bd12,286,90.5,3,254.84,0.016483516483516484,,
2de2aaed-9f6c-40a3-b5cf-29864b5d60f4,266,8.732142857142858,57,269.98,0.1102514506769826,9.482023319617296,0.0
2df74cb9-fbd9-4ca4-93bc-b86a5181c86d,120,,1,162.24,inf,,
2dfb22f0-04af-4974-9dc7-b0be57ae2623,313,180.66666666666666,7,374.51,0.006439742410303588,,
2dfce000-ce9c-429c-8293-33b037a5de9c,147,28.90909090909091,12,285.16,0.03715170278637771,38.482345420866814,0.0
2e0499da-577b-406c-b7a4-b8e6e7df4759,64,246.75,5,298.80,0.005060728744939271,,
2e04f6df-8bc7-40c0-8cce-0432657832f4,247,129.25,5,238.95,0.009633911368015413,,
2e1501f3-16f1-4eff-8266-0f2d73602171,150,145.0,5,218.01,0.00859106529209622,,
2e162157-1666-4599-8c8a-288ce2b952c2,274,20.80952380952381,22,272.19,0.04943820224719101,21.8623398738997,-2.95
2e174c97-b52e-4331-98a5-16c88c633ecf,74,95.66666666666667,7,218.06,0.012131715771230503,,
2e203b3c-c759-4c77-bc5e-d8e13c04c100,378,55.3,21,211.97,0.018850987432675045,44.6048144675461,-2.473684210526316
2e204692-9386-49b2-b16b-9cdc30e5f54b,3,124.8,6,235.64,0.009584664536741214,,
2e22be46-d565-422a-8f1d-e5798982e5c6,395,14.0,2,98.01,0.14285714285714285,,
2e2ef49d-e087-43b5-bb56-da7d6d499853,290,28.242424242424242,34,253.52,0.035864978902953586,32.58165732339891,-1.25
2e371c26-f38e-4195-9104-3de166636c99,322,44.84615384615385,14,266.71,0.023688663282571912,45.67246828204448,0.8333333333333334
2e469b46-bd50-476b-9d8e-0bfda45338ad,206,174.5,7,247.45,0.006660323501427212,,
2e48e523-b395-4bb3-86da-d2db65f28165,29,19.41860465116279,44,242.04,0.0514018691588785,19.18485583069989,-1.5952380952380953
2e4be3d1-0503-4d48-ab0d-cdf818aa9ce9,300,35.69230769230769,14,212.50,0.029914529914529916,27.902761558026878,4.25
2e4f4ad0-807f-4c5b-8065-392cf42d5ec9,160,63.05882352941177,18,199.90,0.016666666666666666,39.456416759880916,-0.625
2e567dd2-91ff-4cc8-b965-30dd16a0b6af,286,46.07692307692308,14,309.84,0.023064250411861616,44.15401366893981,-5.333333333333333
2e58c4c9-e7b7-475c-8116-e149c164ba61,446,52.7,11,236.67,0.02071563088512241,58.3153305553332,-5.0
2e5af2a9-2676-446e-a748-de399bd067b2,71,20.894736842105264,39,245.90,0.04791154791154791,33.03952544787482,0.40540540540540543
2e74ab15-1a98-4617-ad86-a51a9b968374,194,21.916666666666668,13,235.07,0.048507462686567165,23.23186813344327,1.1818181818181819
2e7e1f39-7a30-4a23-8304-5f61751d94a9,264,159.0,6,319.14,0.007537688442211055,,
2e93403b-968a-41ea-b1ed-fd6451010cca,33,16.90909090909091,23,227.19,0.059895833333333336,13.059968245090436,0.2857142857142857
2eadff0e-e797-4645-8ce6-d81f8aec5d0e,70,53.91304347826087,24,284.56,0.019184652278177457,56.1175009515167,1.7272727272727273
2eb4a545-4583-43a6-9a05-d4c93a518bb6,331,42.833333333333336,13,231.63,0.025048169556840076,35.39602785453175,2.727272727272727
2eb83312-444e-47ef-bce1-7afb910deac7,272,235.75,5,366.67,0.005296610169491525,,
2ed6699c-e7fc-4d7c-b06d-8900eaecfe41,291,,1,202.26,inf,,
2edd7086-31d5-4574-a753-7ca907d67c3b,259,41.07692307692308,14,339.62,0.025925925925925925,33.40773747318012,-4.833333333333333
2eeb49f2-27f9-468a-b5bc-f0cc4bc64db5,211,48.88235294117647,18,307.53,0.021454112038140644,42.54392194095001,2.625
2f0588da-6a97-4991-bc6c-78614795bebe,37,18.5,13,234.35,0.05726872246696035,27.874719729532707,-3.4545454545454546
2f065cf8-e721-487b-ae05-513c62b7d77c,302,149.75,5,199.07,0.008333333333333333,,
2f0d6593-0be3-4abb-9702-b56b4da12434,271,82.0,2,93.09,0.024390243902439025,,
2f12dbc7-b8a9-4a62-8528-85072bb84e14,0,24.74418604651163,44,256.54,0.040515653775322284,27.66473862179402,-0.07142857142857142
2f2bfa94-fb4b-4dc6-beae-a48cd2ee3913,158,61.2,6,172.20,0.019417475728155338,,
2f4de5c6-6785-4b4d-ba43-965ca99e786b,49,14.047619047619047,22,269.28,0.07260726072607261,12.31858835449984,-0.55
2f767c6f-c58c-44bf-9a3a-127247c65b5b,296,21.0,2,216.99,0.09523809523809523,,
2f79e955-4ea6-41c0-81a6-7a7a62f9be4f,411,280.3333333333333,4,409.83,0.004750593824228029,,
2f860d3a-745b-44b9-885f-dded219684bc,129,27.782608695652176,47,228.57,0.0361260568793236,30.772941247847566,0.6
2f87df09-6594-48c8-9582-4ba30ac8427c,255,72.66666666666667,4,209.76,0.01834862385321101,,
2f8b6c3d-48c8-4514-b891-016b7f33d6e2,315,20.318181818181817,23,288.27,0.05032822757111598,17.97984682289846,1.1428571428571428
2f8faa0f-c9c8-435d-b362-bd5b02d6341a,365,108.44444444444444,10,287.06,0.010214504596527068,57.15354562735175,1.5
2f9db1fe-5c35-47b6-8663-43eca7aa0c31,250,94.5,5,240.92,0.013123359580052493,,
2fa2f4bc-1d38-48b2-b979-f1367813c31d,57,42.57142857142857,8,195.12,0.026578073089700997,,
2fa98016-c998-4412-bb5c-fc786ea7604e,253,60.94444444444444,19,193.37,0.017210144927536232,56.33458056398629,1.588235294117647
2fbd9295-44b4-4a2e-b2ed-1394a1ece7b6,269,15.717948717948717,79,269.98,0.0626984126984127,19.404041241886098,-0.6623376623376623
2fd64210-dd8a-47fc-b9c6-281ce5fe5516,92,19.666666666666668,4,224.22,0.06779661016949153,,
2fd6da9e-cbea-4fc5-b0cf-44800ba0a572,89,27.5,3,337.69,0.05357142857142857,,
2ffc7484-75c8-423c-82c3-abd8bb09b4d7,100,126.2,6,388.31,0.00949367088607595,,
2ffc8cd7-ae26-4ddb-b4ff-d7701621d6b6,206,,1,89.79,inf,,
300dc936-28b8-4f58-a91d-5ec6a611938e,327,24.6,6,407.30,0.047619047619047616,,
300f6f8e-27cf-45d9-92ca-e49667f31b2b,438,55.5,11,160.27,0.01967799642218247,62.213342620373645,-8.444444444444445
3015cee2-447f-4760-87bf-791ed9d47176,266,25.428571428571427,29,252.28,0.04,17.998824182642373,-0.14814814814814814
301b65bb-8476-443e-a5db-8ecce7ba90d2,140,171.0,4,436.49,0.007782101167315175,,
30336b42-fc9a-4c89-9918-0f9454394b11,426,53.68181818181818,23,292.31,0.019311502938706968,52.46530496535996,1.8095238095238095
3045662d-ed95-4f64-b80b-631477d180cc,19,,1,500.58,inf,,
30465a2f-36d5-4ff0-9aa2-5a6d82e9b356,362,75.33333333333333,4,96.54,0.017699115044247787,,
304c7b86-b0eb-4b47-89bb-faf417333521,221,149.2,6,258.29,0.008021390374331552,,
305fe2a2-dba3-4fbd-8e9c-20f0bf9241e9,224,47.24,26,283.64,0.02179379715004191,47.271626444059095,-6.5
3062a4b9-f696-4649-81c6-1c2f8741de84,277,274.0,2,124.33,0.0072992700729927005,,
30670906-f107-47c5-bb81-45897cf00d4e,224,56.07692307692308,14,227.21,0.019021739130434784,58.707554224962585,-4.166666666666667
3079aa75-5c24-40bf-b3b9-7b55fda4c380,272,52.63636363636363,12,269.35,0.020512820512820513,49.93249989189952,-12.2
307ca96e-5ce0-45c3-9bb6-4271a723ceb6,134,,1,205.43,inf,,
308008aa-8ec9-446d-8084-c4c08b7561ba,321,66.13333333333334,16,286.33,0.01603206412825651,56.407783995102086,4.142857142857143
308e513a-ad1f-4adf-afd9-2a2f5e76f6d6,381,,1,167.82,inf,,
30946c59-e3ca-4ef7-bece-b0b383ad6143,96,65.3125,17,226.38,0.01619047619047619,53.434968263613044,0.2
3095e47b-5c56-4098-b4b9-1f590a08e5a0,69,,1,46.13,inf,,
309f7468-4cf4-4034-a4a9-2a331ea9412b,108,23.263157894736842,20,320.45,0.04434589800443459,28.685734172742375,-0.7222222222222222
30ac2962-af44-499b-9e96-12ad20751aea,276,41.5,11,345.25,0.02619047619047619,30.089680770803948,-4.444444444444445
30bb1cfb-89bb-4a00-a5dd-754c84a806c2,275,,1,151.76,inf,,
30bdb3ff-bd14-4a9e-b73b-719ba9dabfc4,227,54.05882352941177,18,274.16,0.019417475728155338,70.24641502261458,-7.4375
30d8ff22-d6be-49fa-90be-060aca5ecddc,155,83.33333333333333,4,165.05,0.015873015873015872,,
30dde304-2874-4d3c-87d3-f360450e55e9,224,140.5,5,383.95,0.008865248226950355,,
31012b91-afaf-4f38-a46e-d9c4c586a16e,278,102.0,4,264.37,0.013071895424836602,,
31103330-5b2c-4b53-bf72-4058d2891ded,106,91.0,7,210.49,0.012773722627737226,,
311939fb-d796-46b5-aa2d-a22f18be3e7d,387,149.57142857142858,8,267.19,0.007619047619047619,,
311c548c-01df-4046-965e-7092cbe243bc,151,28.666666666666668,13,282.74,0.037142857142857144,20.90382015253903,1.4545454545454546
3120a020-725e-4e2e-9aa0-cf91f1b3ba10,35,56.375,17,297.64,0.01868131868131868,52.815244011554086,-6.6
3123e617-cd1c-4ca1-af37-18bb1a176eed,278,273.75,5,234.81,0.004557885141294439,,
31255892-1220-4a8e-ae46-774b43a59838,169,21.857142857142858,50,267.63,0.04574565416285453,21.403854793003994,0.2916666666666667
315fd88c-3a1a-4e51-accf-dd4eef010014,118,49.285714285714285,15,280.84,0.02158273381294964,41.98796269157401,-0.7692307692307693
3166a941-debe-4210-aea0-8cc0509e335d,186,40.333333333333336,7,255.92,0.028688524590163935,,
31683701-8624-43f9-b8be-e755608b8945,312,25.833333333333332,7,268.62,0.044585987261146494,,
317691af-ed76-47ff-8f40-bf7d132c1cf6,174,53.18181818181818,23,267.80,0.01947502116850127,44.72097235040141,-7.095238095238095
3176d131-8398-41f1-a4b6-6b4a97c1aaf6,137,236.0,5,198.72,0.005285412262156448,,
319ec616-435a-4f1c-b2cd-83ec94530509,68,,1,121.74,inf,,
31a5e6a8-327e-4e30-af80-3cb500c39a69,345,68.0,2,153.17,0.029411764705882353,,
31a8d06d-3cea-4db5-929a-72c91045e197,74,118.8,6,250.16,0.010050251256281407,,
31b1009b-26b3-49cf-9318-e56bef27f18d,175,179.2,6,285.62,0.0066815144766146995,,
31b2409d-60a0-4025-9f16-c5f0c660f8a6,176,112.2,6,218.42,0.010657193605683837,,
31c2781a-7595-4252-b045-b455f73e0000,331,143.5,5,328.66,0.008680555555555556,,
31e156dd-3098-4df0-bad3-c1ec07357590,255,41.56,26,282.71,0.024761904761904763,43.9745001866612,0.9583333333333334
320354eb-0d70-497d-b7df-63ca4f9f55e2,224,17.0,3,297.22,0.08571428571428572,,
320f6d62-3cdf-448d-8593-a21b3ce34cde,304,295.25,5,171.59,0.00422654268808115,,
323dd660-629e-41ac-8153-4a4cc3599cce,123,54.95652173913044,24,291.84,0.018823529411764704,53.59229783608628,-1.2727272727272727
3263f7a9-2899-4f11-b05c-c2711bfc31c7,110,26.857142857142858,8,226.03,0.042105263157894736,,
3273306d-4bdc-4d58-9abe-83d33834bbf2,45,61.333333333333336,10,178.22,0.018018018018018018,43.91753636077506,-10.625
32745641-3c0e-4221-a92c-43a38d5059a7,367,148.5,5,215.98,0.008389261744966443,,
3290529a-8360-4af2-a1fe-04eed78390cc,353,279.5,3,230.42,0.005366726296958855,,
3292946f-f921-4167-9b8f-601cd1977084,399,133.0,2,223.12,0.015037593984962405,,
3297c62f-4e77-4843-b755-29a87d287a00,162,53.05263157894737,20,261.38,0.01966568338249754,50.86198502288164,4.833333333333333
329f90c3-de86-4c23-af0e-65809371432d,66,13.0,13,277.01,0.07975460122699386,15.53880772307018,0.45454545454545453
32ae8a7b-4b29-473e-b647-3c02b277f084,303,26.270833333333332,49,247.72,0.03813229571984436,26.941022728800753,0.02127659574468085
32bbe1e0-e6dd-4cd7-add0-015354b0eb29,334,10.0,20,247.94,0.10204081632653061,12.396235987858034,1.3888888888888888
330d4dc7-dd3e-4e60-8e0f-d23743da7cc3,367,78.33333333333333,4,183.28,0.01694915254237288,,
33385059-b782-4ca6-9ece-03d9f5b97759,396,97.5,3,336.84,0.015384615384615385,,
333ec06e-8a7b-4fba-bcf0-e12401ec3ad7,112,,1,58.74,inf,,
3354ff7e-8363-4b02-b0fd-3838d8811dd7,160,41.94117647058823,18,240.23,0.024965325936199722,36.87558573811963,-5.625
336e89f5-7b5a-44fe-812a-5e4452b69b37,268,,1,343.30,inf,,
33800db9-26a5-460d-8386-c16add06d079,371,147.0,7,127.64,0.007909604519774011,,
3381dbd2-8f26-4178-8e31-a292ac2241ae,285,32.5,3,159.12,0.045454545454545456,,
338ab261-b66a-4363-a32b-a1e4d541af20,231,51.3,11,264.10,0.02127659574468085,66.56834416180445,3.888888888888889
33a69ca7-a37d-4ff4-97c2-87b3788a8e6d,147,44.666666666666664,7,247.59,0.025830258302583026,,
33a7b99b-e695-4009-beb3-d99e0fda442f,335,137.0,3,214.63,0.01090909090909091,,
33db89bc-e92a-4a55-bf0e-bea952e9a1d2,36,20.022222222222222,46,232.73,0.049783549783549784,22.61786189646751,0.6818181818181818
33dcf6e4-25bc-4ab0-be46-34fd75792ad4,100,183.0,3,150.68,0.00819672131147541,,
33dfbddc-bf11-4f67-9ea2-e4d0d6f9e3aa,314,10.561643835616438,74,227.25,0.09158415841584158,12.293840261341659,-0.20833333333333334
33e17225-9c16-4b55-b661-49189ecf28ac,99,45.125,9,184.26,0.024657534246575342,,
33e50bea-5999-4dc5-9005-4fdcf8ea105e,114,196.2,6,399.90,0.006097560975609756,,
33f0bca0-3453-4770-8048-76cba4d452b9,220,16.0,3,489.79,0.09375,,
33f465c8-cbcf-46d7-bbee-32f088ebd98d,19,29.066666666666666,31,236.98,0.03494926719278467,22.23841555589745,-0.896551724137931
33fb9f57-a856-458d-ae00-3c870ee7a153,144,21.428571428571427,8,293.06,0.05228758169934641,,
340155fe-d2c9-4747-8b9e-34b5fc4eec69,227,217.66666666666666,4,121.47,0.0061162079510703364,,
34111ff5-c45e-43db-a57f-0277b76d697b,260,25.0,2,315.10,0.08,,
34157507-8375-49f0-bc57-14e3e0639ee7,325,36.7,11,346.13,0.029649595687331536,44.76121833313596,5.777777777777778
341a247e-5711-4f67-918d-a761fe3200e7,214,45.666666666666664,16,328.60,0.023121387283236993,44.269735980797584,-2.857142857142857
342188e4-d989-4c4a-83af-f0f4873f122a,345,48.30434782608695,24,216.02,0.021409455842997322,46.060666302574845,-2.090909090909091
3426687c-ea39-4332-8633-587885d446eb,178,58.0,21,233.84,0.017964071856287425,67.07340833194,5.0
343b82e1-11af-46c0-a870-04ef63878ba2,82,,1,167.08,inf,,
3441b99f-4ad5-4156-862f-117622d0aaba,271,31.5,3,228.95,0.046875,,
3443239f-3017-4277-844c-94c346def29f,2,11.45945945945946,38,261.46,0.08656036446469248,11.059421811777087,0.05555555555555555
34473799-dc92-4951-b42e-cc52bace23e5,209,22.0,7,237.90,0.05185185185185185,,
344a9daf-f2ee-4e38-8de7-527a1d6ca425,388,142.14285714285714,8,184.63,0.008016032064128256,,
344f766d-c99a-4984-b0f1-51f83ee73639,374,34.266666666666666,16,235.40,0.030592734225621414,37.93126615842071,-0.5714285714285714
34524b41-8753-4fba-a04b-c69092e87ca2,86,182.2,6,278.29,0.0065717415115005475,,
3468a964-16dd-4039-bfc7-81d86ed46362,52,28.0,3,192.09,0.05263157894736842,,
34787edc-90f3-4107-bc03-d2d1b89d06e0,377,241.33333333333334,4,218.97,0.0055248618784530384,,
348cc809-f455-44b4-8e38-fd9160aebcd6,406,39.53333333333333,16,206.06,0.02666666666666667,42.125436270172685,-0.8571428571428571
34917a12-5d2c-4939-90f0-e5f353717a0e,352,49.42857142857143,15,217.93,0.02145922746781116,65.90402612390731,0.0
34987bfb-4093-4e5e-8172-4d38d98f019f,335,85.0,2,118.91,0.023529411764705882,,
34c9b6f3-a8b5-43c0-ab93-f9b5b00e8239,320,,1,235.86,inf,,
34cd99e3-3c9a-47c5-889e-865891ce13c6,360,23.24,26,283.30,0.0436241610738255,20.62215636962666,0.7916666666666666
34db51f1-205c-4ba4-8c68-9f1db3a36077,314,41.0,3,379.06,0.03614457831325301,,
3508cc78-06f4-4b53-958a-bc24235c21d0,392,116.0,8,198.04,0.00980392156862745,,
35206d52-ed8e-4033-8d1a-511f84b6e3ff,-5,154.75,5,374.05,0.008051529790660225,,
354267f4-5dc3-42fb-9365-39c47e48d735,168,33.55555555555556,10,196.27,0.03278688524590164,30.2783384249826,-6.625
35696f99-6522-4453-ae5e-09e7c0971fa9,299,91.0,6,190.58,0.013100436681222707,,
3569c89d-67a1-4d9d-a155-9ecfa574fb41,258,164.25,5,238.49,0.007598784194528876,,
357e6288-a112-44a2-9092-edb505bdb927,331,11.5625,81,240.77,0.08411214953271028,15.228091754419285,-0.0379746835443038
3587da1f-e96e-481d-bc82-6fda19e54702,342,45.4,6,176.24,0.026200873362445413,,
35998176-810d-4af8-b621-a442d15a853f,173,208.0,4,137.41,0.0064,,
35b9333d-3296-45a0-8626-2be98588f54c,-10,18.8,11,306.78,0.05699481865284974,18.474005761850595,0.5555555555555556
35d96685-03e9-4e45-84aa-792dc809bbf9,1,15.75,13,264.07,0.06666666666666667,16.299051840800157,-4.181818181818182
35e386a7-0956-4744-a6a6-79b02c6fcf49,397,129.33333333333334,4,247.79,0.010256410256410256,,
35e7a01b-50b1-4f91-93f2-d41e96ed654c,379,51.45454545454545,12,302.23,0.021015761821366025,51.340751136623695,4.6
35e8fcac-c159-4874-a87f-7e6a86762534,416,11.0,2,278.65,0.18181818181818182,,
35ed14bc-5d95-42bc-bd2c-e8e8ada6e2fd,331,76.0,2,171.52,0.02631578947368421,,
35f5c9ca-04ab-45d0-99fe-ecdd2f3d3bf0,301,167.5,5,228.96,0.007451564828614009,,
35f90f32-de90-48e0-b33e-046abce37504,234,70.16666666666667,7,198.82,0.01650943396226415,,
36087a79-1507-449b-a509-d0680ef65c74,54,41.714285714285715,15,220.97,0.025380710659898477,32.678924215954346,-4.3076923076923075
3621416e-5154-4d80-9216-ceaa26511397,95,151.75,5,202.94,0.008223684210526315,,
363c9c5c-615d-4ceb-8437-a0df5c0ef84d,271,34.588235294117645,18,291.67,0.030252100840336135,27.92189737358793,-0.875
3645ec6f-6055-47fc-b2c7-9f5eababf724,128,26.066666666666666,16,211.59,0.04030226700251889,24.806297203580808,-1.7142857142857142
365db82f-55e7-455f-a163-cf2268872c62,346,108.6,6,130.69,0.011009174311926606,,
3672bf1f-41f1-4792-8ba2-f0b268b65538,54,134.42857142857142,8,205.72,0.00847457627118644,,
36821fd9-cb66-416d-b89d-2ef0e5cf6230,140,28.392857142857142,29,292.40,0.03584672435105068,27.321595427785265,0.0
369ee1a7-a4c2-47e3-bb99-0f10adf459a5,287,16.11111111111111,19,201.95,0.06354515050167224,17.91446634915937,-0.4117647058823529
36c34006-dcbc-4829-842f-7865cc1ecee1,382,204.5,3,432.64,0.007334963325183374,,
36c58108-18d2-482d-a642-24459d44fda5,206,134.0,5,382.60,0.00929368029739777,,
36c68b36-1099-41a5-879c-d65cef878cee,90,59.3125,17,335.38,0.01780104712041885,56.979199421075286,-2.0
36ceb7b6-d494-4c39-8084-fdc74191fe3b,353,52.0,9,287.35,0.021479713603818614,,
36d2fcbc-9e7b-4043-8315-c97d223b8efe,323,67.0,9,274.31,0.01675977653631285,,
36f2c1e7-e9a5-41c1-8f0f-06af34147d3d,7,162.25,5,264.65,0.007704160246533128,,
36f42e3f-c097-4d9f-907a-36a6435f3d56,108,293.0,2,275.49,0.006825938566552901,,
36f6b7f5-6475-46fe-bb48-4270550b26b9,256,4.0,3,178.66,0.3333333333333333,,
371f4300-d472-46bc-a672-bb58d8a44be7,103,40.0,4,295.68,0.03305785123966942,,
37220dca-b6c8-4c11-b224-cfc0c83e5ab5,153,172.66666666666666,7,289.77,0.006737247353224254,,
37227349-0d00-4f3c-90e4-3188d6108869,249,21.761904761904763,22,264.20,0.04680851063829787,24.421107186007685,1.9
372719ca-6008-4fe0-ad9c-12837db92bdb,335,0.0,2,390.67,inf,,
3728992a-c34e-43f3-92aa-9cb0916da4f8,29,8.0,2,134.06,0.25,,
37360115-3acd-4bd6-82da-daad8c90e9b5,375,14.5,17,235.61,0.07112970711297072,12.165525060596439,-0.6666666666666666
373c3a9e-1751-4c57-a69c-b894c481537d,317,228.0,3,199.54,0.006564551422319475,,
373f7d84-2e88-493e-baec-4f267861cc61,387,8.0,2,355.53,0.25,,
374007a7-3854-4971-a9c0-af4f5d42a2c6,248,65.0,13,215.44,0.016581632653061226,54.28376619881189,-5.909090909090909
3745371e-fd87-4359-a69d-f2b474bc40ed,97,49.78947368421053,20,248.73,0.02092050209205021,55.30579530349461,0.4444444444444444
37494f13-a179-41c1-9633-6ab2237bdfca,251,,1,143.86,inf,,
3776c424-3984-450d-ae05-5a259d540b80,264,188.66666666666666,7,222.05,0.006172839506172839,,
378abc25-98d0-4eb8-9afc-7703c34af024,390,151.875,9,250.62,0.007395234182415777,,
3791d7d6-aabc-4b5a-bfc0-cd557bb79cd4,112,156.0,5,199.59,0.008,,
37c6b97b-8775-453f-a449-ed8d8309700d,363,53.68181818181818,23,297.32,0.01929530201342282,84.39836737511226,-2.761904761904762
37c8cf95-3ea9-4e95-a8ba-a421253eaf73,416,48.08,26,229.93,0.02145214521452145,51.42949866888976,-2.6666666666666665
37d6d7a1-b001-4667-93b9-2e9406cf44fd,343,61.31578947368421,20,227.51,0.017094017094017096,84.11041198037715,-0.5
37ebfaca-3a36-431d-ba79-895bff066460,402,187.75,5,264.96,0.006648936170212766,,
37edcd13-6305-4556-aba2-0991b05af38a,94,48.833333333333336,13,210.74,0.022033898305084745,33.601497080645174,-4.7272727272727275
37ef60d4-936a-4bba-a086-b6f0c260b75a,432,251.5,3,147.22,0.005952380952380952,,
37f45669-584c-42eb-bb57-d8d20f3d174b,321,37.0,2,384.95,0.05405405405405406,,
3803523a-5f3f-42a1-879c-a8bd5dfb9ccc,142,144.4,6,246.70,0.008275862068965517,,
38163e67-3cfd-4e21-a760-d9e834fd47ed,286,67.58333333333333,13,300.32,0.015931372549019607,60.00826963213007,0.9090909090909091
382a8465-a408-44e6-80d2-8399ec3b176b,202,210.6,6,321.93,0.005687203791469194,,
38317d5e-ae96-498a-a705-268e2085002f,49,188.0,5,174.79,0.006622516556291391,,
3831bd51-91e2-4666-a20c-ca72289c0a72,67,,1,322.74,inf,,
383212ef-3697-47d1-8fb0-6cf7647f71f6,387,51.0,10,246.10,0.02159827213822894,31.741140496207755,-4.75
383d34cb-75bc-47b2-b335-b367820270e6,148,113.33333333333333,7,263.68,0.010263929618768328,,
384c8a4a-6553-49ff-a470-6e2c7f1b3b76,147,95.66666666666667,7,306.41,0.012131715771230503,,
3854c614-1ade-4ec2-9d17-77377b7f732f,258,245.0,2,186.10,0.00816326530612245,,
387ca2a1-156a-44ac-a4ff-2227a6fd1cc2,281,119.875,9,182.17,0.009355509355509356,,
389fea92-4efc-42be-97fe-2dad69df5333,-24,21.55,21,259.51,0.04783599088838269,24.7396442981705,-0.47368421052631576
38b20fb9-7bd7-40d6-b5d7-b910070a903c,289,55.857142857142854,22,294.74,0.01864406779661017,62.20392729907471,0.5
38b81ec6-8100-4ea0-95c1-49fcd2ff81b1,506,289.6666666666667,4,394.81,0.004602991944764097,,
38c6944d-efe0-4a78-886a-dd4dc0e9177c,363,62.333333333333336,4,359.97,0.021164021164021163,,
38d8adc9-5321-4be8-85d8-d8b5dd60180a,126,58.22222222222222,10,200.92,0.018975332068311195,73.04583796798038,-2.125
38d9d190-b14b-47d2-95af-1cde4f87abc1,403,13.222222222222221,10,298.81,0.08196721311475409,10.022197585581939,0.125
38dfd65f-24fd-4321-a1df-c4a5293177ca,342,19.4,31,271.41,0.052100840336134456,20.25118131931039,-0.7241379310344828
38ec42c6-3a61-4d47-a1de-dd8b30e4e790,344,21.46153846153846,40,271.13,0.046620046620046623,24.934489065133686,0.631578947368421
38f788bc-769b-4cb9-804e-58e96434a2d8,111,44.0,5,223.77,0.028089887640449437,,
3916a6e1-c9a9-45ca-8f7d-0ce4a92d66a5,191,91.0,2,130.44,0.02197802197802198,,
393b5042-ef21-497a-a4a3-6fe292a05eb3,321,,1,254.37,inf,,
393e281f-2300-49aa-90dc-d7eabbdff65d,51,30.142857142857142,8,303.10,0.037383177570093455,,
39428aca-6cff-4bf6-b6a6-f8a248c9b716,123,158.5,5,139.00,0.007861635220125786,,
395feb06-37f3-4d58-b4c2-da988168d625,120,87.5,3,146.89,0.017142857142857144,,
39663a92-ee07-48cc-9fe4-96bbc24c0f2c,351,43.3,11,299.37,0.02522935779816514,19.195196158298447,-4.222222222222222
396a187d-081b-4c93-ae64-815fa3c718e5,250,22.413793103448278,30,216.08,0.0453857791225416,31.102959484106183,-0.03571428571428571
396e2d35-6e26-4fe4-9ac9-1cce4efc861e,281,13.150943396226415,54,213.89,0.07468879668049792,14.241591616992672,0.057692307692307696
3977ffb3-834e-4ef1-be41-da72a2a439f3,129,49.05,21,266.74,0.02119071644803229,41.37565391437464,-6.421052631578948
398d8e28-6cb7-4820-adae-a4c085d8a1d6,223,6.0,21,259.47,0.16279069767441862,6.4236405483757295,-1.2105263157894737
39a2bf39-bc1f-4e9a-98ed-f574f292c7d2,67,10.60377358490566,54,219.58,0.0919931856899489,10.605404323778856,-0.057692307692307696
39be15be-a5bd-41c1-98cb-89f5f06e8e23,42,184.0,4,179.30,0.007246376811594203,,
39cc5ddc-7a16-4ec0-b649-2ba09133348c,251,11.951923076923077,105,220.24,0.08133230054221534,11.857061152684143,-0.39805825242718446
39d36a4b-2462-4303-8798-53b983d9596e,121,41.18181818181818,12,264.77,0.026200873362445413,58.57954964288849,1.5
39ea945f-f2e5-4b1b-93ee-801a0e057046,48,56.25,17,208.91,0.0187018701870187,47.12748667179272,-7.266666666666667
39ef7ef7-8032-43da-a410-20aab4e93dbc,172,35.142857142857146,8,231.80,0.032,,
39f47a36-7687-4639-8cc7-b7b7672ae568,425,139.4,6,274.27,0.008595988538681949,,
39f56ca0-137a-403b-9eb2-84bbfc516b84,92,8.333333333333334,4,339.07,0.15384615384615385,,
39fd1bfa-f280-4203-9df3-9878bfc0fd6d,48,46.5,5,264.08,0.026737967914438502,,
3a08bbe6-4a8a-4719-b38a-421de39cc87b,162,27.96969696969697,34,240.06,0.036131774707757705,34.527602045759025,0.90625
3a0cefbc-db31-46b3-95c1-5614c76111ac,339,156.5,7,304.11,0.0074309978768577496,,
3a1dad1b-8ebb-4aa6-9131-4480783babde,374,48.0,3,304.26,0.03125,,
3a25b63b-660d-4734-9db5-77a3d6f31637,57,75.66666666666667,4,309.79,0.017467248908296942,,
3a2721fa-640e-4628-b6cc-943beab6df23,153,,1,100.90,inf,,
3a36e0c5-52c0-4806-b484-3d865a68b5b0,159,14.222222222222221,10,273.60,0.07575757575757576,19.96733443513291,0.625
3a37a9cd-e0e2-4c1a-ac44-4be8ebe45dcc,288,13.08433734939759,84,278.22,0.07466666666666667,11.944184031464454,-0.18292682926829268
3a3a6bbe-c774-4e83-b0a1-c4b95780143f,174,49.875,25,201.89,0.0206782464846981,47.101474637674336,-0.30434782608695654
3a3b1051-6281-4ed1-9cf6-a34b7919997e,93,29.0,2,308.35,0.06896551724137931,,
3a5dd90d-26f9-4ceb-a368-5a05ee8d0f0a,319,59.35,21,273.14,0.017543859649122806,43.60260132268789,-2.6842105263157894
3a653f9d-7db9-409e-aea9-b5b1813e53b2,55,25.055555555555557,19,261.21,0.04148471615720524,23.61323712073932,-2.0588235294117645
3a6b4858-1491-45c3-abd3-887b1f60e7ae,249,333.5,3,197.50,0.004491017964071856,,
3a79a863-3594-4663-973a-0fa02b293275,330,51.0,23,233.32,0.020282186948853614,56.805432335799914,-2.4761904761904763
3a8dcdb7-3468-467b-a267-d737a343e124,219,,1,196.85,inf,,
3a90e1cf-bceb-46fa-b225-d08f699d22fa,383,107.0,5,349.08,0.011655011655011656,,
3a97be90-27f7-4d0b-8333-dc8ed4d4da04,112,41.608695652173914,24,229.73,0.024793388429752067,52.402063743568156,-0.09090909090909091
3ab0bc3b-d092-4f74-ba8a-889aed196245,67,135.71428571428572,8,447.78,0.008403361344537815,,
3ab2c65d-ed26-415c-9edb-8df757973a19,406,176.0,6,262.88,0.006795016987542469,,
3ae683ae-b686-4f1d-a303-b0d0f1d5b554,390,66.75,13,180.98,0.016149068322981366,61.17950488670056,-6.909090909090909
3aeb670c-a193-4d11-8de9-48a7257e37f4,237,57.26315789473684,20,234.18,0.018214936247723135,35.45081429132664,2.7222222222222223
3aec29e1-1567-49fd-8836-49c6b9bec73c,232,11.936170212765957,95,238.13,0.08161512027491409,12.134380650744713,-0.10752688172043011
3b096181-7092-417c-8512-1292619d33dd,322,124.0,4,322.12,0.010723860589812333,,
3b0a40e2-795c-4406-9d1e-317e1f694b1b,69,36.0,13,256.14,0.029748283752860413,36.1763358112354,0.0
3b5c8a42-5d87-43ba-8196-e076a602aa1c,116,63.833333333333336,7,235.95,0.01808785529715762,,
3b5ecca5-a81d-4eb3-9185-c05ebae398b8,176,18.7,21,264.28,0.05483028720626632,19.23292133706928,-0.2631578947368421
3b5fecb6-8e06-4775-a9b8-940b0d676a38,222,87.0,2,154.87,0.022988505747126436,,
3b830ad0-5b9e-42f5-a04c-8cf64add5505,181,113.5,3,247.44,0.013157894736842105,,
3b88fff0-2167-4a5a-9cd7-e75ba76cc5d6,312,20.7027027027027,38,255.90,0.04846938775510204,25.900305516071153,-1.3333333333333333
3b9b858e-0243-4bb3-83a5-528e0e31e526,109,115.88888888888889,10,273.29,0.009551098376313277,79.50227110662381,-17.75
3ba23eae-db2d-483f-887e-6c05d5bc8e31,249,31.31578947368421,20,239.58,0.03316749585406302,30.9875470177205,0.3333333333333333
3ba60511-b08a-4dbb-a0eb-1ddf0dcac4d6,523,119.5,5,358.01,0.010438413361169102,,
3bd992ae-0a25-48f1-9229-3283439a825f,257,226.0,2,274.74,0.008849557522123894,,
3bdcfbaf-67a1-4be6-9f7b-1bc858c9b895,59,67.35714285714286,15,256.44,0.015789473684210527,64.25502930673046,6.923076923076923
3be5b6f3-98e6-4b29-b829-ba11f02cca63,244,169.66666666666666,4,134.56,0.00784313725490196,,
3bf7d2c5-e74a-48db-8daa-05c9588ab294,334,44.0,12,242.52,0.024539877300613498,49.62660576747114,4.9
3bfae619-d7dd-4cc4-9243-cfeec26bb00f,-15,160.0,5,168.80,0.00778816199376947,,
3c039307-8227-4dcc-b96d-0e3169348b1b,335,64.0,2,176.92,0.03125,,
3c0a3eec-c21e-4d6f-95df-1b310061cbc3,150,12.233333333333333,91,279.34,0.07926829268292683,12.277731737956058,-0.033707865168539325
3c144973-a493-48e5-b0ed-406f33bfc7b8,260,12.681818181818182,23,251.92,0.07958477508650519,12.241173160539816,-0.14285714285714285
3c1475ec-ca18-40cb-b4a8-36ad749d1427,96,148.28571428571428,8,227.85,0.007677543186180422,,
3c153641-f260-4230-b343-26a89986bd65,41,19.306122448979593,50,272.18,0.05165289256198347,19.01228120806901,-1.6458333333333333
3c205407-4a20-421f-a5e6-e81d7374cd8b,328,50.27272727272727,23,235.66,0.02060931899641577,51.1916862838952,1.0
3c22873b-e361-4e83-92cb-1491746b4b8a,21,11.363636363636363,56,258.28,0.08536585365853659,11.785684405343497,-0.46296296296296297
3c23c6ee-1051-4089-88ac-2808864c0368,344,225.0,3,226.77,0.006666666666666667,,
3c3c8df0-1d72-485a-9f5c-1d56e8739f2c,109,26.872340425531913,48,280.71,0.03735408560311284,28.558572170249167,0.2391304347826087
3c565940-7281-4c29-ae59-9f38aacd11d9,277,52.214285714285715,15,318.84,0.02029769959404601,51.16064979954894,-5.153846153846154
3c785d30-9ea7-4c80-b1e1-37dc09b27663,139,,1,287.10,inf,,
3c891d8e-359c-4023-a29f-c0eb0315c816,250,,1,131.72,inf,,
3c8dcae4-3335-42cd-aec5-0c549117fa98,108,62.44444444444444,19,270.43,0.01678445229681979,63.47043982852288,4.0588235294117645
3c8e2cef-26fc-43d9-9efe-5d7c0802ad04,245,164.0,3,277.24,0.009146341463414634,,
3c967297-0305-4114-bdb4-b9e0f41960f8,99,21.80851063829787,48,262.74,0.04580152671755725,18.422149119154437,0.4782608695652174
3c9cd187-62e5-476d-8a91-64648c3d089c,148,28.571428571428573,29,256.93,0.03567035670356704,26.67975869099126,0.8888888888888888
3cb5be4e-1681-40dc-87e4-7e61c757cbef,431,32.5,3,177.61,0.045454545454545456,,
3cbb3d40-a47e-4224-85df-0bb1e9d6f8cd,290,8.0,13,276.32,0.12745098039215685,6.980492298346351,0.0
3cc1a4b0-cfb0-428a-ac35-76a029933c60,143,52.733333333333334,16,280.62,0.020050125313283207,47.178183012712054,-1.0714285714285714
3cd70e81-65a8-4789-87c7-ac386e7b23a8,27,,1,144.59,inf,,
3cdd6758-5b66-4bab-a4ad-8161af4416f1,-3,76.66666666666667,10,315.38,0.014450867052023121,69.68500556073738,-3.875
3cde5287-b27f-47e2-87d1-4b8046f1c169,162,50.611111111111114,19,212.54,0.020674646354733407,92.26058931022109,-0.7647058823529411
3ce0926b-c338-4bd0-a4fa-d0d1e45e65a6,63,120.875,9,194.78,0.009287925696594427,,
3ce0d68e-88c4-4804-a71f-428a28b89ca1,325,37.25,13,309.23,0.02869757174392936,36.9769584274512,-5.0
3cf87dcc-e298-4425-971d-a79dc52ad654,61,32.0,2,387.99,0.0625,,
3cfc1666-eb66-4961-8aab-b0a4a9cdada1,184,168.66666666666666,4,244.46,0.007874015748031496,,
3d0f312e-1fd8-4c9c-9542-83f0d7e79adf,49,77.0,4,202.53,0.017167381974248927,,
3d1078f2-5dd5-4ce7-a086-acccc15c054f,237,48.75,5,244.92,0.025380710659898477,,
3d179a34-d912-4d89-a578-539ed52e94c9,93,11.028571428571428,71,260.22,0.08830845771144279,9.871598006653683,0.014492753623188406
3d300912-d88e-41be-a49e-bd1cd353ef00,262,41.388888888888886,19,274.45,0.025198938992042442,27.951931194755396,-1.588235294117647
3d4b04e0-cdf5-4fd8-9c34-54780665f8c6,108,41.285714285714285,15,205.57,0.025684931506849314,37.583606433223956,-6.076923076923077
3d57b321-6889-43e7-8f5a-3d8ec6b075ea,400,22.419354838709676,32,270.80,0.04519774011299435,14.86556242584044,-1.1666666666666667
3d5f3968-08de-49df-a302-cc73ec716d94,358,137.0,7,257.17,0.00850546780072904,,
3d716d53-52ce-4ddd-ab3e-24d53fb19016,115,21.76923076923077,27,306.02,0.046632124352331605,26.58918230003727,1.4
3d736b8d-6bbc-4981-ac6a-de9be4568b14,303,53.34782608695652,24,285.87,0.01938610662358643,39.79333966159318,-4.136363636363637
3d7a6895-54aa-4c06-a9d2-dff7d8c07715,340,138.5,3,386.36,0.01079136690647482,,
3d93a4be-726b-49c5-90be-f1f93d35bcbb,84,58.4,6,273.86,0.02040816326530612,,
3d96861a-ebe7-4722-9b89-778604a44e8e,89,91.375,9,331.03,0.01226158038147139,,
3dc7620b-cd74-48dd-96ff-5c0f2f1284d0,83,100.66666666666667,4,224.48,0.013245033112582781,,
3dda2268-9411-411c-ad0a-035251bf75d1,299,133.85714285714286,8,294.85,0.00851063829787234,,
3ddca76e-40a2-4492-8a84-2b33a033bd63,13,46.142857142857146,22,216.34,0.02247191011235955,36.64326092787828,-0.5
3ddeec8d-bd8c-4d77-aef9-6d9f24dae0b9,205,,1,385.79,inf,,
3de6f0b8-c1fc-4eac-95ca-ec7168939048,38,,1,73.85,inf,,
3deccf15-3fcf-4e0e-bc38-a53ee436af19,373,21.294117647058822,18,291.66,0.04878048780487805,26.5959693982997,-1.1875
3defc915-fdb2-4c2d-9d25-c364f03b0a9a,29,56.0,11,285.63,0.01950354609929078,44.38217860558197,-0.4444444444444444
3df01b8a-0bc1-4dca-a50f-8c85a49df561,64,46.1,11,320.35,0.023655913978494623,50.88647495487709,-0.6666666666666666
3df6923f-356f-4c92-a584-67d515a3cf0a,256,115.14285714285714,8,195.16,0.009888751545117428,,
3e2bd5ba-83ba-4d3d-8c37-1b58e5ad7d80,75,20.547619047619047,43,242.46,0.04858757062146893,23.532232571572024,-0.1951219512195122
3e32fcfc-368d-47c9-a2ad-139e50f638bd,210,28.0,12,243.74,0.03858520900321544,31.874754901018456,-1.8
3e36a096-0af7-4ced-a1af-b199906c38bd,311,22.866666666666667,46,238.01,0.043726235741444866,30.372385783501073,-0.18181818181818182
3e449b8f-f474-460f-aac9-e5230b55742e,295,32.42857142857143,8,310.25,0.034782608695652174,,
3e4ec70a-04f6-4d46-a6d0-1e1ee492a0cb,100,46.42857142857143,8,228.36,0.024390243902439025,,
3e6d9c25-c9d4-4e6c-a7ab-ae401fee102e,48,25.510204081632654,50,232.67,0.03933910306845004,24.05040059349289,-0.10416666666666667
3e7257ec-81d7-4e64-b811-4bddfd391f14,299,59.2,16,204.89,0.017897091722595078,69.24820781590154,-3.2142857142857144
3e847b71-6287-40a9-b947-3b3c723215fc,225,48.06666666666667,16,277.48,0.02197802197802198,38.26125729146664,2.357142857142857
3e948e66-8396-4b05-aa5c-84b27980fa86,254,21.615384615384617,40,287.74,0.046511627906976744,24.175471893957866,0.05263157894736842
3ea8a8b3-579a-4247-a112-f44fa3474df1,199,14.2,11,197.75,0.07482993197278912,12.514880032274469,-2.2222222222222223
3eb2dc03-bf99-4e7f-9158-0f5a3f20477f,196,59.95238095238095,22,248.64,0.01732283464566929,60.78032263033505,-1.2
3ec330fd-3ebf-49a9-ad40-b7ceb93cf14e,378,192.0,4,232.36,0.006932409012131715,,
3ed1d8d6-7d16-4a8d-91c1-e8fe6e96c115,93,49.0,7,268.25,0.02364864864864865,,
3ede6e79-5c5f-4662-927e-c3cfe727ae62,256,42.5,7,279.30,0.027237354085603113,,
3ef87e87-c445-44d2-9734-d48b1dec919c,142,48.72222222222222,19,243.33,0.02142051860202931,41.55054406886028,-1.2352941176470589
3efb7515-d7ae-4a93-835b-024942353724,280,54.285714285714285,15,171.56,0.01950585175552666,33.3868434968225,0.8461538461538461
3f0202ec-c108-44e9-9a18-fddc6f65d75d,96,144.57142857142858,8,305.75,0.007881773399014778,,
3f02defe-f784-4a4c-a5e1-2d9744f0b054,232,114.75,5,439.21,0.010869565217391304,,
3f033818-2e4c-47e1-b652-b12592276233,345,,1,210.29,inf,,
3f09da95-e37d-495f-984d-9ea36284cd78,214,95.2,6,305.96,0.012552301255230125,,
3f4256fd-5f28-4fa7-be8f-8322ea018152,390,57.0,3,229.23,0.02608695652173913,,
3f45cb2c-23fe-49cd-827a-09a2e5a6fae0,352,16.5,13,274.05,0.06403940886699508,17.370298579105448,0.5454545454545454
3f6238ad-5801-4e13-93e4-32506e68a106,347,55.92857142857143,15,225.00,0.01903553299492386,49.258289869616064,-2.5384615384615383
3f82b575-c4c0-40ba-a39e-2698bf983ce8,171,33.857142857142854,8,228.26,0.03347280334728033,,
3f91bedd-247e-4b56-8487-dc5e0d4b44d8,169,,1,117.80,inf,,
3f9d84b6-256b-4b74-9973-0e7a8760f9b3,45,149.5,5,295.83,0.008347245409015025,,
3fa61bbd-bfeb-4425-9f49-a34fe82c1867,380,39.666666666666664,4,232.28,0.03333333333333333,,
3fbe4517-9a6b-45b1-99ce-1f894a356d44,8,10.950980392156863,103,286.46,0.08818493150684932,11.953190427896324,0.0594059405940594
3fd378a2-f8af-4c80-8fb8-b836b7403890,157,51.888888888888886,19,279.71,0.020169851380042462,68.39753081962989,-5.235294117647059
3fd9765a-fd72-4937-8d6e-e5c9dbf2b78d,145,158.0,8,262.77,0.007220216606498195,,
3fdb95e3-e7e2-484c-bdbd-bd07a1305d39,0,73.0,2,224.90,0.0273972602739726,,
3fedd379-d375-4341-8dfb-329df0823c7a,210,217.33333333333334,4,308.63,0.006125574272588055,,
3ff14c1c-cc56-4546-835e-8614c3cfa850,368,166.33333333333334,7,213.01,0.006993006993006993,,
3ff34c4d-5fb4-4169-bf2d-0bc02e131839,320,12.133333333333333,16,205.83,0.0851063829787234,9.195236862222798,-0.8571428571428571
3ffb4103-af5e-460f-92ff-29e9b349a532,286,133.66666666666666,4,128.52,0.00997506234413965,,
3ffb7fe4-19c6-489c-b045-0ab9d3a54f3c,217,65.85714285714286,15,195.33,0.016163793103448277,48.51781138899427,-7.153846153846154
40005c1b-50b4-48ed-aad9-97a1e864342d,219,27.5,5,352.59,0.045454545454545456,,
400b9416-0ca7-4360-b809-05209d35f96f,196,24.866666666666667,46,258.94,0.04035087719298246,26.54207637284276,0.6363636363636364
4014c1b4-1dc9-4314-9613-4a70fd0bbc05,147,20.051724137931036,59,273.13,0.04949664429530201,21.58737643940551,-0.8070175438596491
404f24fd-f765-4adf-a738-63e8b5ed5689,272,55.3,11,315.95,0.019748653500897665,53.38133256735605,-8.777777777777779
40660a88-da78-4415-ad52-165a6435227c,253,169.0,2,259.76,0.011834319526627219,,
4068b185-d789-427f-ac9d-45cc2ba31025,361,171.0,2,202.22,0.011695906432748537,,
407049ae-bd7c-410e-8ca5-e07a6edf862a,429,110.75,5,304.02,0.011235955056179775,,
407a4901-1ab1-4669-a244-41f9c3ec7f95,169,194.0,4,217.36,0.006872852233676976,,
4097a01f-0ddf-45ee-8f27-00b032f22b4b,223,33.0,2,368.16,0.06060606060606061,,
409c188c-b4a3-4857-9fe1-864b37ffacba,16,97.0,2,322.22,0.020618556701030927,,
40a39b28-d58c-4a49-ad62-e99120d7e2d0,145,9.321428571428571,29,312.76,0.10507246376811594,8.406582832556573,-0.8518518518518519
40b130ef-5251-4e23-96f1-a06f8db2f103,79,82.5,3,282.09,0.01818181818181818,,
40c70e10-730e-4570-8dc9-61ffd51c7c1a,388,,1,329.39,inf,,
40cda2dd-7f5f-4bed-a9e8-336923bc3347,13,20.11111111111111,37,249.97,0.04986522911051213,24.714111385750883,0.05714285714285714
40d6c743-e709-4964-a2c3-d3e75de14f69,357,119.0,2,348.28,0.01680672268907563,,
40e209bd-aade-4cbd-9796-c18720ca6ace,290,28.857142857142858,8,308.28,0.03940886699507389,,
40f3a9b8-a842-424f-9d25-04efbe854522,97,22.0,20,282.48,0.046948356807511735,19.37065363435685,0.1111111111111111
410359c7-e84c-41a0-bd60-a1d4017b0c56,116,12.26,101,256.42,0.07909162098668755,14.625714175776688,-0.010101010101010102
41128e07-fe08-42b8-8bea-f404089669be,309,58.84615384615385,14,266.64,0.018134715025906734,49.30322192623615,2.0833333333333335
4122f943-3c8b-4605-927b-1f42da1514ab,319,44.95454545454545,23,278.60,0.023,42.57148304711933,-1.2857142857142858
4123e294-8634-4391-9450-6dee9f4cf05c,124,11.666666666666666,82,296.76,0.08333333333333333,13.216467001434232,0.225
413af0f4-480c-49cc-aae8-adebdf0f6529,76,18.0,34,233.35,0.05573770491803279,17.62632973707232,-0.4375
414a0d27-d3d6-4d65-bfd0-12506a533bc2,199,,1,206.35,inf,,
415a9a15-2ab5-45bb-bfc9-16042f925c76,104,117.0,6,170.90,0.010221465076660987,,
415c640d-ade4-4961-85ec-85ffaab61a9e,250,56.36842105263158,20,226.89,0.018518518518518517,36.66850075157724,-0.3888888888888889
41710cfb-28af-4ff1-a4c1-0d9c641bf00d,183,122.2,6,279.40,0.00980392156862745,,
417f580b-81cf-4fda-8d19-1ffb5ed80546,76,20.666666666666668,34,215.09,0.04878048780487805,16.470933994970252,-0.28125
4187c896-b1d2-4de0-84ff-5fe0e84d3d0a,356,76.0,14,203.47,0.014084507042253521,68.57234622401852,3.5833333333333335
41905406-213f-4a80-8bcc-118456049802,411,,1,150.25,inf,,
41a5d77f-e97b-4722-8e4d-3bbc0e99a7d3,128,48.4,16,308.23,0.021917808219178082,46.532323634836274,-4.5
41b160fe-aec4-44e5-abba-e3f97cdbb660,239,51.857142857142854,15,387.14,0.020491803278688523,46.12667698491113,0.0
41c54a10-3535-4e38-8eb0-0fb9e8f2c680,110,120.5,3,218.66,0.012448132780082987,,
41c6a088-631c-42e7-8126-c22092e04f0b,96,26.68421052631579,20,208.09,0.038834951456310676,28.70937251448451,1.3333333333333333
41c7c775-ea2d-4471-972b-afe23a08f6cd,373,196.0,5,403.99,0.006369426751592357,,
41cd4c40-dd5d-424a-a971-003f3a41c734,142,20.88888888888889,37,238.23,0.048051948051948054,18.21424525361208,0.7142857142857143
41d0554c-37e8-457f-8d1a-dc77a1502756,297,56.857142857142854,22,242.67,0.018302828618968387,58.64493645173956,-3.05
41d50b8a-a6af-4a35-8074-e9bdbd774fc5,364,109.0,5,144.05,0.01141552511415525,,
41d55e2c-55d4-4eb8-8d9d-d7c4e68ed6e7,191,60.63636363636363,12,236.19,0.01788375558867362,59.64775390117004,-4.1
41fc4785-d332-40a7-85ed-53a0daac47dc,194,45.578947368421055,20,287.62,0.02288329519450801,48.50923828334567,-0.05555555555555555
420b557d-3f73-4bbc-a44b-2a54c4d03931,71,208.0,4,171.46,0.00641025641025641,,
4215ad7a-1d63-4e7e-88ab-03df41f02bf0,299,28.45,21,274.75,0.03626943005181347,18.466114058487037,-1.5263157894736843
421cc894-9eeb-4357-a56b-837356b73bec,276,114.4,6,322.82,0.010434782608695653,,
4235406d-dd03-4c0a-bf32-f66b159b85fd,282,73.8,6,382.91,0.016129032258064516,,
4256a384-97cf-4228-8287-5c3af60f96ce,288,272.0,3,264.79,0.005504587155963303,,
4263d9d2-a4fc-4574-98c0-6a0a250ed774,271,40.55555555555556,10,283.16,0.02710027100271003,27.157462653528178,-1.125
428fc3d0-a972-4bd1-b3f5-7506cffbed93,57,21.0,2,409.84,0.09523809523809523,,
42924089-05ee-483a-8ce2-81da682f49bb,206,47.111111111111114,19,241.36,0.02211874272409779,45.450540524694844,-3.9411764705882355
429bec21-a995-418d-8855-9cf9e947e0e6,225,47.111111111111114,10,173.06,0.0234192037470726,54.418389457159705,8.875
42a4cc8c-5756-4000-a570-7a2aa8d3bd22,124,156.5,7,228.43,0.007423117709437964,,
42a579c7-f0ae-4feb-ba41-ce100d558ea6,259,22.89189189189189,38,259.02,0.04387990762124711,20.795009796401455,-0.1388888888888889
42ae75f1-9769-4eca-b8c8-d8dac8dd96ab,378,132.28571428571428,8,270.99,0.008611410118406888,,
42b2a150-a37d-410d-ab3e-65a564aaed4d,263,6.064516129032258,32,207.54,0.15763546798029557,5.234090076100256,0.0
42c526a8-ebbd-450d-8ad7-3deb7d61bf04,283,55.84615384615385,14,218.15,0.01912568306010929,51.86335596842623,1.5
42e38ce9-8e9a-4c7f-9263-505fc5dd9db4,294,14.125,17,226.12,0.07296137339055794,10.025800051201234,0.4666666666666667
42f70bdd-4729-4797-9b56-6d7e0953fed0,156,49.0,22,274.58,0.021235521235521235,38.88444419044716,0.5
4308862d-848b-4049-bf4b-8c9b1aea3c4b,-1,11.625,65,247.23,0.08397932816537468,15.090730887871493,0.2222222222222222
43257578-e078-4a6d-b66a-100a34b68f96,356,66.0,2,142.74,0.030303030303030304,,
43298d0e-e110-4a48-9b20-66daf1f9bb50,318,7.909090909090909,56,296.43,0.12147505422993492,6.73100269695365,-0.18518518518518517
435d1f88-ef40-46d1-b435-7796e06899a2,246,67.23076923076923,14,273.92,0.015891032917139614,75.62093388094094,-19.25
43610783-6345-485e-9181-435bfe4e8622,336,55.95454545454545,23,263.35,0.018518518518518517,54.457914963433026,0.8095238095238095
43678f50-a132-4bd4-baec-30e051c71b29,146,17.666666666666668,7,255.36,0.06422018348623854,,
436940a8-d68d-4a5e-99c1-d9c7d3ded393,97,23.333333333333332,4,171.93,0.056338028169014086,,
437c6a24-37b9-40e0-a9e5-d73f283d58c4,84,16.692307692307693,14,245.70,0.0625,24.084519977863426,-1.0833333333333333
439db108-bbb2-45f0-9cee-82e67bc0ea70,188,133.0,6,427.73,0.008995502248875561,,
43a1f44a-953e-4557-b834-6b564c6a97e2,166,19.363636363636363,56,297.87,0.051470588235294115,18.81032383634803,-0.3333333333333333
43aeb86d-69be-40ab-bc42-dfa8450419b5,159,65.66666666666667,4,245.60,0.020100502512562814,,
43e20d16-9043-4911-9398-1c07f7f528c1,34,59.1764705882353,18,168.11,0.01775147928994083,68.0277841162323,-1.1875
43e2e5b1-be02-41bd-b61d-150e296cec42,251,186.0,4,197.43,0.007155635062611807,,
43f434d5-60f6-45b3-bf25-3f4b985fa705,195,107.0,3,195.64,0.014018691588785047,,
43f9bcad-524b-4a3c-bcd8-e730b0387d8e,311,54.470588235294116,18,230.75,0.01929260450160772,39.2334641076002,0.3125
44095bba-f2c5-40a4-9b7d-ab4413baf031,174,129.625,9,204.65,0.008670520231213872,,
44210580-90db-4edc-8769-458d16fdb279,316,56.8,6,349.21,0.020905923344947737,,
442e7119-107a-4612-ae34-b3e00a3df79b,209,136.0,2,334.77,0.014705882352941176,,
4433a365-8da7-49e5-a75d-75496dc5cd88,174,126.5,9,287.16,0.008849557522123894,,
4436f182-64b1-4afc-a771-6274250393f7,393,24.0,3,380.85,0.061224489795918366,,
44393d9f-96ef-4c56-b950-1a9c9f252df4,224,26.666666666666668,7,326.71,0.043209876543209874,,
444f8a48-597c-48ce-988e-4982edd0f5f6,106,41.54545454545455,23,216.55,0.024864864864864864,32.88034189476872,-3.7142857142857144
44553494-be76-43b4-896f-17dad3d767e8,65,51.95,21,257.85,0.020038167938931296,44.24629035892518,-0.5263157894736842
44558a5f-c43e-46a2-890e-de1bee083659,74,19.0,2,522.35,0.10526315789473684,,
445f05c5-8b7a-4f5a-93db-f8a7a11d1351,321,,1,331.52,inf,,
44825be8-7ed6-46e0-b0ef-ad588fe5fdba,132,98.0,3,386.24,0.015228426395939087,,
44862ba4-3c7c-4298-8836-f23dcda56b4c,246,23.5,9,216.84,0.046632124352331605,,
44a65d72-fb0f-42a5-8482-d953c981ef1b,342,46.875,9,224.37,0.023746701846965697,,
44ab46f0-6755-4337-9451-a26b2520056e,370,184.66666666666666,4,252.73,0.007194244604316547,,
44b259be-9c8d-40b2-b1fc-d1d121051251,315,10.0,2,92.10,0.2,,
44c4761d-60db-4b9e-a4d5-40d0f4a8d6cc,380,51.94444444444444,19,347.47,0.02014846235418876,43.79561114490304,1.8823529411764706
44d86e80-8cd6-4c3b-b381-3ae568badde5,130,9.270833333333334,49,254.56,0.10492505353319058,9.418721924711202,-0.14893617021276595
44df2aac-458a-4a94-9647-80a3779dbc4a,248,51.0,14,385.43,0.020864381520119227,60.166435825965294,-0.9166666666666666
44e0a016-8304-4f39-b9f7-f14bf29f7a6f,0,24.73913043478261,47,235.98,0.040482342807924204,26.989244592457524,0.3333333333333333
44f4d88b-48d3-43fe-b8f9-4c7702310778,73,55.785714285714285,15,286.02,0.01905972045743329,59.640175632291275,-7.615384615384615
4501e9c4-767f-40f6-b680-5a8455752494,438,,1,167.82,inf,,
450b7b70-9c0e-4916-bb21-a616f3e63996,436,128.66666666666666,4,349.51,0.0103359173126615,,
450cfcee-f5e2-4127-bd06-1f20d41c1c64,211,57.46666666666667,16,251.05,0.01839080459770115,42.23043362090335,1.3571428571428572
4516d1e3-e4e8-4fb8-8e2b-075997f040e8,238,43.642857142857146,15,268.64,0.024390243902439025,34.11881308887234,-1.1538461538461537
451c8d21-d801-4a31-a2ce-25f7542a91f9,40,133.2,6,287.32,0.008995502248875561,,
453bd7d1-b53a-44d0-b88c-7528800a82b8,97,53.42857142857143,15,261.59,0.01989389920424403,40.05134067805833,-3.1538461538461537
453ed2bb-53be-4d44-b903-88e8a0833867,515,140.85714285714286,8,340.83,0.00808080808080808,,
455a9cdc-a5fb-4a2a-9c02-b4efb365da0b,266,223.0,4,199.44,0.005970149253731343,,
455afa55-dd19-499e-bae7-31c00d9a5f2c,360,18.177777777777777,46,265.87,0.054827175208581644,15.78014991415263,-1.2045454545454546
45632a70-5c1b-4933-8f4d-03f48bf92bf1,105,22.857142857142858,8,252.56,0.049079754601226995,,
457bb81b-9313-460f-bbab-d845b0440aa5,262,24.106382978723403,48,267.39,0.0415944540727903,23.26616692945508,0.6956521739130435
457fb142-0560-437f-b22a-6994d7885861,399,,1,112.50,inf,,
458b2d0c-a1e8-410f-b4c9-d5fc669f94ae,38,220.5,5,288.05,0.005656108597285068,,
459dd9b3-09de-4a11-b74f-ef041d407104,215,42.142857142857146,15,285.68,0.025167785234899327,29.847966411484368,-5.153846153846154
45a6f2b3-5931-411c-865c-8a5889830ea6,52,26.605263157894736,39,271.94,0.037900874635568516,33.49589686343139,-0.08108108108108109
45ab8890-274e-4f27-9c51-b135bf1f23eb,99,225.0,5,293.92,0.005549389567147614,,
45c06d4b-4531-471c-bcfb-8e4b055fa398,40,62.22222222222222,19,177.87,0.016843971631205674,56.379549437462174,-0.9411764705882353
45c71175-a8d2-46c5-ba95-77b3395d4828,287,133.75,9,194.55,0.008379888268156424,,
45d799da-16d5-40d9-bfc3-98ad44ab7b7c,13,47.375,9,222.90,0.02349869451697128,,
45e1296d-93dd-48c9-90d7-fee59c6ed601,349,38.666666666666664,16,202.16,0.027210884353741496,42.04023016565148,-0.42857142857142855
45e31a08-bc4a-432a-9f10-7cf5f3a7da67,254,36.666666666666664,13,200.01,0.029213483146067417,36.40762490900981,-0.8181818181818182
45f876ec-bc83-42f7-b122-db533cb3f7e1,422,30.0,2,477.07,0.06666666666666667,,
460d3f7f-2f06-41a0-9174-a0ae02b87c53,143,56.72222222222222,19,241.49,0.018410852713178296,58.45843727717059,-0.6470588235294118
460d92b1-6441-48de-874a-ad711f29bf03,159,34.125,9,200.57,0.03237410071942446,,
460eb96b-191c-45c4-ac0d-65d207c65e18,171,118.25,5,197.00,0.010526315789473684,,
462febd0-5b75-426b-8c78-40a08432cf46,376,23.96153846153846,53,258.55,0.041633935585231735,22.59790163645821,-0.5490196078431373
46351afe-c9b8-4869-8ee4-63770f3ff16d,281,59.61904761904762,22,260.75,0.01746031746031746,47.73099222777187,2.45
4637f156-2136-4b8e-85a5-f6ed4afef565,222,68.63636363636364,12,286.50,0.015810276679841896,57.51742818880678,-1.7
4639cd2b-f22e-4b0b-b765-75ffcacdd95b,400,44.714285714285715,15,277.78,0.02377179080824089,43.932515681052614,-5.076923076923077
46456157-a16a-45df-b9be-37609b844e36,426,206.4,6,201.50,0.005802707930367505,,
464f08b9-31fc-4eb6-9f53-6d107839ef6b,367,12.46808510638298,95,286.25,0.07799671592775041,13.400130096992898,-0.20430107526881722
465a9cf5-17db-45be-a29e-a732d92215bf,485,143.0,2,263.64,0.013986013986013986,,
465c582e-790f-4d42-a059-4ecc9721ddbb,184,182.0,4,298.48,0.007312614259597806,,
466aa936-c327-4c39-b63c-dbb7709adf10,251,61.9375,17,292.46,0.017,54.819058425575555,-6.866666666666666
468440bd-f2ad-482d-9190-f896f1d35e10,113,81.72727272727273,12,313.01,0.01327433628318584,39.48440428597324,-7.0
4692ac5f-2527-41b2-b2ce-cae62fa32b3d,215,68.1,11,179.02,0.016058394160583942,41.90584684742691,0.4444444444444444
4693921f-d825-44ae-af7a-35ca8fbd61d1,200,66.57142857142857,15,312.10,0.015957446808510637,70.53391359504283,0.5384615384615384
46a64e11-bf7b-4b5d-8692-5d70ad74ae14,214,138.0,3,249.47,0.010830324909747292,,
46a9e206-acaf-4d16-8c73-9bf2e49eb48b,182,198.6,6,212.90,0.006024096385542169,,
46bacc7c-f685-4dc9-997a-ff8f376c06a6,42,39.333333333333336,4,169.99,0.03361344537815126,,
46c3b161-7522-4a6c-8847-07fb5e84b656,55,33.9,21,226.31,0.030523255813953487,56.292375850974416,-0.6842105263157895
46cfc4df-3672-426c-8f36-7ff6998f1314,8,35.5,7,237.73,0.03271028037383177,,
46cfcf95-daf3-4a12-8fa4-7846eba72750,304,45.857142857142854,15,266.24,0.023183925811437404,52.43143088887566,9.384615384615385
46db3f6f-9946-499a-aa21-31d0dbd0eb42,98,23.625,25,237.16,0.04325259515570934,22.600139476291425,-0.34782608695652173
46df526d-ff36-4779-b1b3-9f2865a58981,305,33.0,3,244.68,0.045454545454545456,,
47041c8b-24ad-4fc8-bceb-7cf7c3838df8,221,201.25,5,158.50,0.006188118811881188,,
47058d65-6aea-42b7-a397-12204d9e7e9a,273,134.66666666666666,4,278.70,0.009900990099009901,,
474241a7-3e5c-4e55-af98-ca1b786ae48c,81,23.0,2,219.12,0.08695652173913043,,
47472584-8e8f-4733-98b3-0c6fd82657e4,306,22.375,17,336.32,0.04657534246575343,17.598768896336658,-0.7333333333333333
474bfd15-c860-46ef-afdd-b709dabd47e4,189,53.388888888888886,19,340.37,0.0196078431372549,45.27710613399758,0.11764705882352941
47663197-b8b5-4ec2-9f26-0ba273c82d5a,117,25.6,46,244.26,0.039182282793867124,26.197154599133643,-0.11363636363636363
478a4c56-3856-42fe-afa1-9606c3e678cc,28,14.8,21,253.38,0.06907894736842106,11.36754382580419,-1.0526315789473684
478d79ba-7008-42e4-ac79-f9aea2c7f033,172,,1,138.46,inf,,
479288cf-4c86-45ba-b848-534820d056e9,254,33.666666666666664,4,178.33,0.0392156862745098,,
479a032a-e841-4e7a-b1a2-c37a45a890de,193,158.8,6,197.04,0.0075282308657465494,,
479af3fe-deeb-46d2-a38b-ef2fbf06326b,109,54.80952380952381,22,248.12,0.018949181739879414,57.650341757546464,1.1
47a9f6df-cd6c-4964-bad0-a75de690ac75,32,192.0,6,308.01,0.006243496357960458,,
47bb77d5-657c-4d45-922c-b27c2a5dc96d,129,135.33333333333334,4,285.79,0.00980392156862745,,
47d36894-9585-484f-ad1e-70281b8d4495,518,116.0,2,455.07,0.017241379310344827,,
47db2198-d6c8-443c-8f2e-6135918c2e73,286,41.8,6,191.34,0.02830188679245283,,
47eb03a5-046f-4e2d-9367-3b0fb662c288,71,63.666666666666664,7,208.44,0.018229166666666668,,
47fc5da1-55c1-476b-b0b3-9fa238b9f918,49,55.0,6,347.93,0.021660649819494584,,
4809a5bc-b935-4a48-902f-2f3f061241af,311,,1,33.41,inf,,
480ff83a-a8e7-4650-9e74-a0c9c9bf372e,55,82.0,3,263.62,0.018292682926829267,,
4826add2-380f-493f-aa57-c21181002e85,15,22.92156862745098,52,238.09,0.04351464435146443,25.15459650819699,0.6
48279fc0-6587-4dcc-8d1e-d7054f83d0d9,276,132.71428571428572,8,230.81,0.008583690987124463,,
48286e08-2cfe-4fba-bb66-5d5a3052b275,315,5.4,11,241.46,0.1864406779661017,3.687817782917155,0.7777777777777778
4830fa71-8d0e-40ab-b314-675052353c01,402,41.833333333333336,7,256.14,0.02766798418972332,,
4831b0d9-cee1-409c-b22a-1a13dfec4869,209,58.54545454545455,12,224.00,0.018518518518518517,63.8143614500116,-2.3
4839e0e5-b99f-4963-ab44-eda35ba22beb,42,24.404255319148938,48,225.20,0.0410958904109589,24.137882525253957,0.2391304347826087
484b2264-31bb-423c-b239-ed6999bb4ee9,354,10.0,2,323.27,0.2,,
484c836f-a3c9-439b-b44f-3cc1e9ee526d,95,54.904761904761905,22,247.04,0.0189328743545611,49.55895959552093,1.55
4861b51c-c3e7-4932-8d58-3bc2762dd67b,311,,1,42.16,inf,,
4870ca26-8dfd-41a8-8daf-95e4d48dd1c6,5,68.5,3,361.47,0.021897810218978103,,
488a358e-0ce8-4dda-8689-68b77fc8f801,364,166.8,6,295.41,0.007177033492822967,,
48acf920-bcf7-421e-a151-e5629b2831b7,337,149.25,5,381.08,0.008361204013377926,,
48bc94f7-ee34-4e6d-8bbd-4ab892e0f1d9,378,70.0,5,304.56,0.01773049645390071,,
48bc9552-d1c8-4776-b370-b0886152fa6b,209,48.7,11,226.92,0.02240325865580448,31.580760669186617,-8.0
48be59d3-417f-48b4-8153-1c13b3f5574f,415,179.0,6,376.95,0.006688963210702341,,
48ce7ba0-0bb6-4d1f-9307-8c7089e55f72,378,126.0,4,289.62,0.010554089709762533,,
48e7042a-14f3-492f-9988-3bd0fdaccd3c,399,13.666666666666666,4,234.80,0.09302325581395349,,
48f0d694-af02-41a9-9da0-02829449a2cd,360,40.125,17,250.17,0.026153846153846153,30.21892343107764,-0.26666666666666666
48ff841e-860c-41fa-bb26-52567b3aee26,109,,1,255.53,inf,,
490376fe-b22e-4ee3-9ff0-e75ebfb94b4b,330,20.076923076923077,14,237.45,0.05204460966542751,17.437801555153765,1.6666666666666667
49044650-8a69-4f16-ab3c-69871c8a4754,116,44.36842105263158,20,386.71,0.023474178403755867,33.90871819445028,-1.4444444444444444
4905ccdb-86e7-49d6-a856-f30abfa60913,124,23.214285714285715,43,231.05,0.043259557344064385,20.150090133897198,0.04878048780487805
4909fe0c-31ae-4b26-a717-fdb53aa2a690,348,109.4,6,281.37,0.01090909090909091,,
4912c21f-7b91-4418-9f54-084732ae40a1,371,38.5,19,224.51,0.027065527065527065,49.437125844497736,4.176470588235294
491328d6-5b29-4260-b535-39844215be59,350,45.0,22,263.99,0.023036649214659685,40.38564101261734,-0.45
49315aa0-12ea-4c84-9bbe-1fe00cc0dc64,61,,1,367.48,inf,,
493b3150-d084-478f-9dec-a035407bf439,237,13.25,9,180.73,0.08256880733944955,,
49407ac0-3247-4e0f-850f-83b281a598f8,275,44.407407407407405,28,294.13,0.023140495867768594,44.47061195481042,0.5769230769230769
4941432c-573f-41b7-b7a3-e2036075f3d2,354,58.142857142857146,8,195.52,0.01951219512195122,,
4945d306-c5c4-4d83-96b1-59402d5edf5d,358,65.83333333333333,19,244.11,0.015899581589958158,55.5245043943239,2.0588235294117645
495083b3-b5b2-4749-a0b3-23eae85902fb,236,39.833333333333336,7,195.02,0.029045643153526972,,
49677d27-c95f-42ae-9830-d508e4d8c880,138,290.0,3,304.16,0.005172413793103448,,
497e87e4-1e56-4101-942c-43f5426102cd,91,149.33333333333334,4,376.74,0.008928571428571428,,
49863f11-1e8b-4b4b-90f7-d8bea71ec8ca,74,24.923076923076923,27,204.12,0.0409711684370258,19.79479341023407,-1.48
49934e06-adc7-446d-b643-2eaf2298d538,353,50.72727272727273,12,153.08,0.021352313167259787,46.31650010329129,-13.1
499e311e-6e57-483e-b3cc-90427538372b,74,21.03030303030303,34,222.82,0.0480225988700565,21.939526043884882,-0.1875
49a62b53-114f-4278-a1ac-9807a8a971e5,174,224.33333333333334,4,201.09,0.005934718100890208,,
49a791b1-dca9-4fed-8ee5-785db4637bf2,308,10.666666666666666,52,243.29,0.09187279151943463,9.815633788333114,0.02
49ac9c91-ec42-4853-a9d0-36db0c1f4e57,7,11.782608695652174,24,251.78,0.0851063829787234,12.66332040953187,0.09090909090909091
49c245a3-a47e-4940-ae02-3764ecb53b1c,97,35.111111111111114,10,217.00,0.03125,26.01174948193818,4.125
49de6d5e-9f44-495c-8354-e199e87bc08c,274,62.0,20,262.81,0.016863406408094434,57.148928248918196,1.8333333333333333
49e8aefc-c606-4f8f-bf8e-c7cd0227f661,-8,,1,35.41,inf,,
49f0200c-f73d-448f-98fb-f4d6bdaa58cb,168,139.375,9,273.60,0.008050089445438283,,
4a000f45-90e5-47d6-89b6-722532a87a19,-9,,1,160.91,inf,,
4a08d3d4-99e8-490d-b196-bbb86ce0a92c,45,48.214285714285715,15,171.86,0.021961932650073207,38.01250517198977,0.15384615384615385
4a129a88-69cc-4bff-a61e-e02ba531347d,82,40.0,19,315.15,0.026134800550206328,35.8542802432946,-0.23529411764705882
4a2153d3-6a6a-4454-a857-5b4c40197edf,305,55.529411764705884,18,261.06,0.01892744479495268,63.44792909057279,-3.6875
4a30e0e3-d36c-42a4-a97b-552f188e2381,201,52.64705882352941,18,309.89,0.019955654101995565,49.68895900558618,1.5
4a411b23-70f2-4d1b-848b-5e2d9ad366f4,191,19.88888888888889,37,269.98,0.050271739130434784,24.35778288969641,-0.4
4a4187a0-b470-4613-900a-e43b601b49ad,290,91.5,3,210.33,0.016304347826086956,,
4a42e7b8-f97c-4fe2-a075-80e88a4ee54e,250,29.228571428571428,36,252.44,0.03474903474903475,29.537698458954125,1.6764705882352942
4a5c5158-31c0-4244-8dd7-eb6f26b587ef,102,40.111111111111114,19,333.61,0.026027397260273973,35.027533521148236,-4.647058823529412
4a5ef6a3-2fad-482c-832c-1806c73ed260,281,,1,149.96,inf,,
4a7ffb47-e711-4493-815b-b49807e1a08a,231,18.72222222222222,19,214.99,0.05491329479768786,14.16626297002663,-0.058823529411764705
4a821e09-8935-457a-873b-a5ff6fafa9d2,257,,1,139.21,inf,,
4a822204-a856-448d-99a5-e4bf437693da,77,26.272727272727273,23,235.80,0.0391156462585034,20.619412531887836,-0.7142857142857143
4a866861-8d1e-43e0-b852-83e700831996,496,174.0,6,381.54,0.006872852233676976,,
4a88e2de-12e3-4154-8280-3366ce86cefd,287,6.366666666666666,31,304.57,0.15121951219512195,7.563448097689094,0.3448275862068966
4aa408c5-f550-4754-a524-c4eaadf5023c,261,172.0,6,379.87,0.0069605568445475635,,
4ab1cab7-5e49-45a2-9706-bc140d09ea05,271,155.33333333333334,7,281.78,0.0074866310160427805,,
4ab5dd0d-c28a-4b67-9615-bbb8ceff08db,158,58.5,19,264.85,0.017890772128060263,88.5313171575294,-0.6470588235294118
4ade6c3f-cd98-4ca5-b312-4cadd10620a8,188,17.52173913043478,24,187.25,0.05783132530120482,20.277326265420406,0.0
4af49f74-7b5b-425a-b4c5-07bc51a1555b,373,48.625,25,277.83,0.021204410517387615,51.634006741428784,-5.217391304347826
4b083539-5e2b-4e4f-8ecf-18015843f8c7,98,10.274193548387096,63,262.46,0.09487951807228916,11.027788082598967,-0.04918032786885246
4b271ae5-8ae7-4d00-b115-e4a4f0107230,253,23.076923076923077,14,206.38,0.04560260586319218,21.711984165668884,1.1666666666666667
4b3fcc68-c506-41d3-a804-ac651a6b1fcd,289,206.5,5,223.52,0.006045949214026602,,
4b3ffcd0-b19c-428e-bf1b-a97e605c2928,28,215.8,6,310.37,0.005550416281221091,,
4b5fd8da-ecac-4450-a55d-c095b3ae44dd,341,160.6,6,232.18,0.007453416149068323,,
4b6098ad-4cc1-42eb-8a0a-289934bfa655,11,154.57142857142858,8,158.99,0.007373271889400922,,
4b6cbdf2-e701-40da-8316-b6af876a49d3,42,22.55263157894737,39,227.75,0.04446978335233751,27.110083262676383,1.135135135135135
4b719b36-cf25-49bf-a907-820c1a6780f3,348,19.0,9,324.24,0.05844155844155844,,
4b781f85-ab8d-44f6-8163-dcd547ccbd1e,170,86.0,5,289.78,0.014492753623188406,,
4b78c675-6de7-45a2-862f-b22f4b1b0472,115,47.470588235294116,18,258.60,0.022113022113022112,32.7836042234888,3.0625
4b7b6132-3789-4d72-b02c-489211b5350a,166,52.0,3,201.20,0.028846153846153848,,
4b995784-557e-480b-970b-c7c308ba6dd0,109,,1,25.13,inf,,
4ba9ab6c-5c1b-47ce-98c1-c4eade201b29,6,68.5,15,218.24,0.015495867768595042,79.44979062759845,-19.76923076923077
4bbbf904-2235-43a4-9606-e426172178c2,98,22.333333333333332,34,260.47,0.045272969374167776,24.865471374310737,-1.78125
4bc802ac-282d-4707-958a-30477ce3efe4,335,9.90625,65,239.82,0.09818731117824774,10.890098531773992,0.031746031746031744
4bc97801-0a3c-428d-90eb-23ecb3649920,338,26.23076923076923,40,281.08,0.038461538461538464,26.144800769702748,-0.8157894736842105
4bcf5b3e-831b-43dc-8925-c99957d45e65,201,,1,119.03,inf,,
4bd3857d-ebf1-402a-9187-b3596668ea86,43,10.837209302325581,44,316.85,0.09090909090909091,14.537194057802115,-0.2619047619047619
4bd6c9ec-e074-48ef-bb42-67afd495c445,108,4.888888888888889,10,158.87,0.2127659574468085,6.173419725817378,0.125
4c070379-2a3d-4e85-b09a-c21ade9e34b5,468,234.0,4,261.31,0.005681818181818182,,
4c0b3a0e-fc5e-4591-baee-cd087e9b3724,335,132.16666666666666,7,313.34,0.008816120906801008,,
4c2b89d5-d0f7-446c-bf80-61d13ea750d7,175,23.7,11,248.06,0.04564315352697095,22.598180851072453,-3.111111111111111
4c3f64c6-c9b4-4484-8377-f7131a211d45,114,50.333333333333336,7,350.69,0.023026315789473683,,
4c4de89a-fd09-4df0-8e00-f916d9f02540,41,228.0,2,244.93,0.008771929824561403,,
4c58aa34-2235-4588-abbb-9b6a16a27959,137,29.272727272727273,34,221.11,0.034658511722731905,31.87306143837685,-1.1875
4c5cbdf1-f09e-4e79-b7fc-43e3be09ac53,28,48.8,21,238.38,0.02125506072874494,39.60010632627937,-1.4736842105263157
4c716c6d-733e-4a10-93e5-88a67b323c68,327,7.133333333333334,16,265.14,0.14035087719298245,7.298401651503339,0.0
4c7faa21-c465-422b-ac68-d3a28744acd0,223,,1,158.37,inf,,
4c8cd164-43ef-4173-82df-1be25c86ef72,15,86.0,4,129.48,0.015384615384615385,,
4c967c99-295e-4edf-a8d2-28b2189a4e59,155,138.66666666666666,10,190.77,0.007987220447284345,93.70565617933637,2.5
4c9fd4dc-d91f-457b-bde7-931ca57ea9c2,295,17.88235294117647,52,280.73,0.05555555555555555,16.994878121155832,-0.44
4cab590e-978a-42e2-9e7e-87ee5ee7f9a9,35,23.785714285714285,29,309.68,0.04264705882352941,22.747172625050844,1.1111111111111112
4cabf3cd-054a-475a-883e-823005c839ac,48,40.1764705882353,18,307.46,0.02604920405209841,38.93461713905385,-2.25
4cb2588c-ece7-4d3c-8111-a41d24f76cd7,366,21.135135135135137,38,212.51,0.0475,24.315246888140603,0.1111111111111111
4ce065d0-7db9-4502-b792-ac1fa64c67c1,148,12.333333333333334,4,156.29,0.10526315789473684,,
4cf893c2-9924-4b8e-b447-f4e7514d7bf8,83,62.5,7,215.17,0.01856763925729443,,
4d0ce09d-2b54-468e-9f0e-1bef6e332ec1,17,13.103896103896103,78,259.12,0.07442748091603053,14.127785627121671,0.0
4d160133-2a61-44d1-a13a-0e42528176c6,378,120.5,5,195.18,0.010330578512396695,,
4d1983c9-d452-4522-bfa5-388f6c009209,353,157.5,7,189.61,0.007399577167019027,,
4d33f4c2-dd27-4d00-85fd-3906506877e0,128,38.09090909090909,12,304.01,0.02823529411764706,35.24614743615122,2.6
4d3c10ca-a91e-4057-863b-7d0dd433cd79,224,22.555555555555557,19,185.25,0.04589371980676329,26.710258488017896,-0.8235294117647058
4d4a3d84-8252-4de6-997f-f618402d76de,322,,1,205.43,inf,,
4d607c4e-fd8e-4911-bf77-f5781d01d8e4,182,18.5625,17,272.06,0.05573770491803279,20.33705567021277,-1.2666666666666666
4d619ec1-26a1-4282-87a4-246fc1951f7b,231,31.571428571428573,8,369.88,0.03571428571428571,,
4d6f7174-860b-4689-8fc5-0f4c0a07d4e2,387,80.0,4,266.53,0.016597510373443983,,
4d703a0f-244a-4b89-8e65-853599ed8e75,205,22.612244897959183,50,257.84,0.04424778761061947,26.6628770691657,-0.5208333333333334
4d72a3a4-343a-4a3b-be4e-98916016d605,30,128.75,9,312.50,0.008704061895551257,,
4d946b1c-b6c7-4581-9a55-591ed7251b8d,47,,1,132.61,inf,,
4d982f6c-1f03-4302-ba20-26235e1d56ac,337,152.5,5,191.62,0.008169934640522876,,
4d9905a7-0afb-4d44-9716-71c908f1d7f0,362,51.8,11,231.06,0.02099236641221374,31.618559950341403,-5.0
4d9c4d14-5b0b-419b-be0d-f07f7d5600b5,28,14.194444444444445,37,229.30,0.07020872865275142,13.6775508343196,-1.3142857142857143
4da9dbe9-0e5f-4f97-a9bf-6db7d245b3ef,251,35.888888888888886,10,206.67,0.03058103975535168,25.141819964177436,4.625
4db285b6-f90d-4777-86bc-b51c01d3d8f0,58,35.0,2,352.97,0.05714285714285714,,
4db98483-0f00-4f0e-acd0-d725e65a2898,309,53.81818181818182,12,212.87,0.020100502512562814,38.963619395066935,-9.8
4dc3861a-1e52-49a8-a7a1-01cdc01c13b3,78,48.4375,17,289.41,0.021739130434782608,36.9936368402279,-2.7333333333333334
4dcc38b8-6e09-4438-954d-ffaf5765bbb4,-15,,1,362.13,inf,,
4dd1e46b-f577-443b-91df-abffa3bbcc8c,56,51.42857142857143,22,203.72,0.020128087831655993,46.96548884933641,7.75
4ddc0a53-9114-4ed2-9088-03e41bb3682c,87,183.83333333333334,7,318.95,0.006334841628959276,,
4df84333-2996-4921-8524-5ab6c6bbb393,219,21.863636363636363,23,228.49,0.04684317718940937,25.74470903486857,-0.2857142857142857
4e1f2f5f-1cf2-4a46-b0b8-087ef93c102e,117,170.66666666666666,4,187.27,0.007797270955165692,,
4e2875ab-53fb-4af0-b66f-bf6cdd380e06,245,47.90909090909091,12,306.73,0.022556390977443608,50.43501669565411,-14.3
4e290129-17d1-45c3-9eb9-0d47fe3fd1c0,334,47.1,11,170.18,0.023060796645702306,37.20946713464793,5.0
4e3b5741-49ac-40eb-ac08-c2ed95acbb67,360,46.57142857142857,15,262.16,0.0228310502283105,66.94396541507312,-0.15384615384615385
4e406e80-f87f-4343-86a9-c145d4ce0a1f,244,52.68181818181818,23,245.80,0.019658119658119658,74.19882322493645,-4.095238095238095
4e4a516a-9ddb-48f5-b8a6-57271f4289dd,143,187.0,5,542.86,0.006666666666666667,,
4e650dd0-73ea-4d96-bf2b-16c5f00e2238,44,58.85,21,328.26,0.01770657672849916,47.55083152740201,-3.1578947368421053
4e730f94-01e7-4dce-949e-4b2e27387f63,140,,1,91.72,inf,,
4e77409f-3950-49ac-a8e9-a62368f3c085,249,70.0,2,142.16,0.02857142857142857,,
4e8358be-1f0e-48cc-a8ff-2204efa67848,138,92.0,2,185.85,0.021739130434782608,,
4e8bae9a-e06c-4461-a608-f4a06464d002,113,53.76470588235294,18,282.42,0.01950162513542795,38.743595296133634,0.125
4e93c49a-e9ec-405d-85c8-a58a7c32414b,123,57.083333333333336,13,204.29,0.01881331403762663,48.97951024910747,2.5454545454545454
4e960888-62e7-49d6-af50-4271c29f8e3f,71,51.25,25,237.11,0.020145044319097503,52.38839068210503,-0.6956521739130435
4e9fa742-0594-4e65-a1a8-3cc9500aa9c5,293,12.25,5,264.69,0.1,,
4eaa5fff-e89f-4a96-8863-c700a19024c4,69,57.63636363636363,23,264.36,0.01796875,49.93571625175469,-0.2857142857142857
4ec3f8a7-1730-4c70-abe5-063ff00e753f,101,21.29268292682927,42,257.69,0.04697986577181208,16.56237287111817,-0.725
4ec91342-5ff4-4541-b06b-86aabe7f4252,201,,1,131.31,inf,,
4ee29567-86e3-476a-bfa4-14dea73b446d,72,12.56,26,261.44,0.08,13.726737898471484,1.0833333333333333
4ee7900d-2b6e-482a-9120-48192933ccdd,400,166.66666666666666,4,118.52,0.007984031936127744,,
4efa3f9a-7655-4729-b07c-a181e2ac753c,164,39.666666666666664,10,204.28,0.027777777777777776,38.11167800031901,5.875
4efecdeb-32c6-4651-aea8-9caf2868d88a,20,24.622222222222224,46,250.50,0.04056437389770723,22.874448715551683,0.29545454545454547
4f27b539-7141-41ea-a16e-5a3450b9c358,47,48.857142857142854,15,295.51,0.021739130434782608,30.20661451469794,3.1538461538461537
4f2d173d-49c5-4bdc-a362-1b08a11bab60,18,25.76086956521739,47,260.89,0.03887510339123242,24.260791214182692,-0.6666666666666666
4f370b83-5840-4613-9225-2701925483cc,35,,1,440.24,inf,,
4f6e158e-f990-417d-919f-c10df0e2a9d4,-2,109.0,2,415.76,0.01834862385321101,,
4f6f67ae-9cb8-4b3c-8dc7-2d8ea1d5b8e0,77,14.25,5,325.39,0.08333333333333333,,
4f77eccb-b444-4155-90a1-0ff89813452a,320,154.0,7,290.96,0.007551240560949299,,
4f89ec60-2995-40fe-a906-b9f1a0ab8e53,211,47.86666666666667,16,309.05,0.02203856749311295,45.16614830136562,-13.071428571428571
4f8d99bd-2fe3-40d9-b398-7918504d1c63,302,57.875,17,295.13,0.018201284796573874,48.42709296802084,-2.8
4fabddf9-a9c7-470b-87b9-962996936145,134,177.5,5,249.11,0.007022471910112359,,
4fadc601-823d-42f0-b5b1-b194e4ecefc1,49,22.939393939393938,34,273.50,0.04398447606727038,28.294146251852382,1.1875
4fc5d95e-5236-4af9-aa98-1801c5c10676,201,269.0,5,234.63,0.004646840148698885,,
4fcd7bdf-bc36-4552-9671-15723abfad36,234,,1,200.24,inf,,
4fe31dc4-721c-4202-82cd-204057242c6c,235,44.94117647058823,18,235.63,0.023316062176165803,44.60587207453086,-6.75
4fe6636d-70d1-4334-a678-b60655a654f8,293,9.045454545454545,23,242.31,0.107981220657277,9.534285364021647,-0.42857142857142855
4fea8b6a-c351-4f5f-adbd-7a23653ea7eb,239,67.14285714285714,15,309.74,0.015822784810126583,55.31706808913522,-3.923076923076923
4feaeb5b-245b-4699-a1c9-2a34402d0cde,450,36.2,6,321.53,0.03278688524590164,,
4ff37ff7-601f-4a45-b0b8-ac20b72c5804,169,54.4,6,271.92,0.02181818181818182,,
4ffffb27-0df1-4d05-95c2-e6fb261ca05b,148,59.11764705882353,18,245.54,0.017733990147783252,53.95933926687434,1.5625
50013c3e-5164-4fe7-847c-0cc03592ba43,357,61.2,21,305.86,0.017017828200972446,66.42653242888956,2.736842105263158
5006c227-e963-4889-a5e1-b0400246ca00,3,12.733333333333333,31,277.16,0.07788944723618091,11.575638310644063,-0.6551724137931034
500c2d46-c958-489a-bbb7-25600077f009,237,195.4,6,279.62,0.006122448979591836,,
501af9f2-6b24-463d-9256-06b95c1da2dc,308,23.75,29,233.16,0.04264705882352941,29.042274423737954,-0.8148148148148148
503ec2fd-00d3-440f-9e51-631396f7ac5f,336,25.444444444444443,19,233.75,0.04068522483940043,27.717529433708496,0.0
506d36b5-f744-4c3d-bf28-052c9023d350,151,23.2,41,259.92,0.04334038054968287,30.146820217574675,-0.358974358974359
50717607-a3d1-4962-9df4-965714245012,259,15.473684210526315,20,272.93,0.06578947368421052,18.331419357827006,0.2222222222222222
50791a89-4407-459d-86da-31d6247db5c8,276,,1,94.74,inf,,
508a170e-0157-4f5d-b07c-aaa91a41b096,152,11.0,73,211.07,0.08837772397094432,12.102845667008921,0.028169014084507043
509684e1-07ac-4a11-95b9-d5fe11a3703d,425,39.4,6,328.44,0.03015075376884422,,
509fbcf3-e6da-4536-8ade-772a66357001,250,149.42857142857142,8,280.22,0.007633587786259542,,
50b1ce6c-78c3-476d-af5e-cce7eb3f3905,196,,1,122.00,inf,,
50c42dde-04b5-40dd-801d-97db10e93bf6,282,23.7,41,278.71,0.04239917269906929,23.047553961098423,-0.1282051282051282
50c44f66-002d-4ed1-8a80-eaee8a2f58b3,416,,1,450.44,inf,,
50c745df-1a94-420b-b27d-55c964f214ee,345,49.27777777777778,19,276.88,0.021229050279329607,34.05152765952965,-3.764705882352941
50c7bddf-4581-4fd7-b862-01704cc8bb55,374,56.64705882352941,18,235.22,0.018518518518518517,46.33700084229474,-7.5
50fead8f-4704-4ed9-97a0-55ff4eeb07e5,41,52.75,9,142.75,0.02127659574468085,,
50ffa5a7-799e-4b57-ad3d-21f223e819c8,220,55.5,23,219.44,0.018668831168831168,47.33844707453522,-1.0
51095f70-4045-4808-96af-9bdf63e596f5,269,31.217391304347824,24,253.78,0.03305785123966942,29.975681843392394,-1.2727272727272727
51111ed3-be55-4b6a-8901-e9a00f2970b2,256,34.285714285714285,8,243.38,0.03292181069958848,,
513516d6-adae-486b-b7b0-b050093ae38a,8,76.2,6,286.28,0.015665796344647518,,
51482cd2-e7c8-45a8-842a-d67d51f00265,302,47.23529411764706,18,236.31,0.022222222222222223,46.04281894574427,-0.375
51538c11-549c-40ca-a058-4542964c12e3,575,200.5,3,253.67,0.007462686567164179,,
515eec04-e803-4792-926a-4fa5d830161e,102,13.18867924528302,54,243.79,0.07458563535911603,12.457707845367159,0.17307692307692307
516026fb-11c9-4b64-a58e-bcde9624ac62,160,42.5,7,261.00,0.027131782945736434,,
5176d2a2-78fa-4ed4-8a64-518e8ab35c23,340,203.5,5,160.03,0.006127450980392157,,
517c3019-7d98-4b45-90dc-ae1968f8ee56,279,51.81818181818182,12,164.23,0.020869565217391306,55.24639025641075,4.2
519809a7-d844-41e8-a0a8-03e8141ed125,141,142.0,9,281.78,0.007908611599297012,,
51a0e9f5-611b-42dc-9728-babdc770b660,57,49.42857142857143,8,206.28,0.022922636103151862,,
51ae761e-3fb0-41cf-abcf-9d33073f55a0,214,27.0,3,102.59,0.05555555555555555,,
51b546f8-4bd1-4de1-8ba9-2dc61841c506,376,188.0,2,97.41,0.010638297872340425,,
51b93a48-45d1-4367-822f-e199e9ef0ba3,277,20.333333333333332,22,261.59,0.05011389521640091,24.89645222382767,-0.9
51c34382-b412-460d-867d-9955fe6da251,323,31.0,10,353.84,0.0353356890459364,19.397164741270824,0.625
51cbd1f6-a33a-4528-ba9a-48cb8084c38b,64,39.35,21,280.19,0.026348808030112924,29.995218917266413,0.9473684210526315
51d25b2d-6725-49b1-9d36-0e2ec2e2562f,221,32.0,6,267.94,0.037037037037037035,,
51e75500-1c3b-4d5b-b58b-05ba0cc017da,216,7.294117647058823,52,240.86,0.13131313131313133,7.473403823284431,0.04
51f0446b-189d-4764-b73b-e501b585ef14,298,179.2,6,159.97,0.006674082313681869,,
520f0d68-f859-4ab6-be50-9d095e35c6a8,108,,1,147.71,inf,,
521e7080-a509-4865-944d-a67bc9c12aaa,297,166.42857142857142,8,227.40,0.006855184233076264,,
522f1e6a-966d-432d-bf8f-b908303c81d6,192,57.333333333333336,7,222.37,0.02023121387283237,,
522f9f97-6eec-456d-9798-fcacadb587c3,353,21.40909090909091,45,261.58,0.046632124352331605,23.1790986258703,-2.1627906976744184
523be3d1-a4e2-4f85-8dc4-2bcd8af16b29,147,132.0,5,323.14,0.009433962264150943,,
523fe00f-8b67-4986-8745-8b3a45c745fd,301,39.25,17,244.31,0.026687598116169546,32.063478705010574,-0.6666666666666666
5251df90-55a5-425c-9fdd-465146df1d38,233,7.76,26,254.93,0.1262135922330097,6.508199955953003,0.3333333333333333
525b951d-b73a-45c9-8b18-b5673288af4f,86,18.933333333333334,16,283.29,0.05517241379310345,16.272091211056814,-3.0
52776b84-369c-416c-86f9-d3d1d33f6349,100,24.653846153846153,27,256.74,0.04141104294478527,24.20899387862669,1.56
5289058a-0a8d-4cea-a7d0-f5c4ad72c6a2,219,10.561904761904762,106,255.91,0.091458153580673,11.906626960132982,-0.009615384615384616
529cff83-b6a6-4ae5-9224-df1d9152a251,207,24.956521739130434,47,272.37,0.04013663535439795,24.5799887186839,-1.5555555555555556
52b2bae1-4900-43da-aa2c-d08913b75a1f,169,25.28205128205128,40,261.85,0.03980099502487562,26.9296830144816,-0.07894736842105263
52d0aeee-a02e-454e-a4a2-ece14df52259,155,110.6,6,252.45,0.010810810810810811,,
52d6ae88-3bbf-4bb9-b4bb-62d7d729a10e,124,20.35483870967742,32,218.72,0.04961240310077519,19.17732756337854,-1.1666666666666667
52eed2d6-8abd-4673-87c0-3ce37b0474d4,121,51.45454545454545,12,353.73,0.021052631578947368,48.925174780196,2.4
5317dd2c-23bc-4f5f-a83a-4e360d5f6bec,277,44.375,9,184.23,0.025,,
5325fb05-3a60-45ed-b8fb-8bc5ee7e4ad7,32,46.0,6,240.98,0.02586206896551724,,
532a6b1a-4180-4667-b024-94fd39567286,404,205.0,2,395.62,0.00975609756097561,,
53686592-0c64-4582-a85f-6c67a2d3f72a,256,156.66666666666666,4,282.03,0.00847457627118644,,
536b95e2-0eb2-4f62-ac52-30068538c1f5,143,19.58823529411765,35,257.93,0.05116959064327485,20.92427566113004,-0.12121212121212122
537c1dc9-6153-4bb9-bbfc-a212a1153e0f,444,43.0,5,338.39,0.028735632183908046,,
53829c30-6898-4f7d-af0e-d427b248821e,189,37.5,3,120.38,0.039473684210526314,,
538cddbf-cc12-4251-8a7a-a54be0cd77f8,179,58.714285714285715,15,235.91,0.018159806295399514,48.22930575973423,-0.23076923076923078
539140c8-260a-44da-98ce-c79103c9ffcb,27,,1,378.58,inf,,
5391f30a-7078-49ac-bad2-bcff95b078b4,842,128.75,5,171.07,0.009671179883945842,,
539a3c84-cfb1-46bd-97b0-c83bf0835157,212,38.0,7,147.49,0.03056768558951965,,
53b7c615-c6ee-4bf1-b2ab-ae845be057ef,97,177.66666666666666,4,131.07,0.00749063670411985,,
53ccbf10-fd11-4252-bfc9-78d6d52037cb,410,43.36842105263158,20,242.35,0.024009603841536616,47.48006660848528,-4.055555555555555
53f9d276-a6a4-47a8-ab67-537588ed9311,207,62.0,16,292.74,0.017094017094017096,41.76806709163627,-5.571428571428571
5407acd7-276c-4b84-8bd3-8f2a77ebda90,374,125.33333333333333,7,218.58,0.009271523178807948,,
540b1910-a5aa-4d2c-a7f6-ef7e6c93a867,224,36.875,9,293.81,0.030100334448160536,,
5416ae77-72c3-44ff-b9e3-a87f108873aa,2,15.285714285714286,22,233.82,0.06666666666666667,18.180051862255112,-0.15
54381cbc-68db-4c7f-a118-faffd27f6817,273,,1,217.60,inf,,
545c43ca-0bbd-4b74-8df3-bfea4462cd95,100,49.5,3,314.54,0.030303030303030304,,
5463d108-aa93-4941-aaf2-2f1eb01db033,356,171.66666666666666,7,256.12,0.006776379477250726,,
5475f98c-d37f-4e2f-811e-9c3e2cb2d2df,368,,1,575.14,inf,,
5478f6d8-cc53-4dc2-b903-381153f07567,267,14.523809523809524,22,255.29,0.06984126984126984,10.920709901920514,0.55
547cb9ec-c944-4a1b-955a-1f76943ef12e,59,59.666666666666664,22,208.01,0.017391304347826087,58.14321399211892,2.7
54a11084-2183-41e8-93b9-497c029390d9,377,15.8,6,215.05,0.07407407407407407,,
54a11a47-8fe3-4adc-85cd-88f94bd8a237,172,109.0,2,290.48,0.01834862385321101,,
54a8a8e6-37ca-49c6-95e5-46494703be89,219,40.714285714285715,15,280.78,0.025996533795493933,41.07671728968496,3.230769230769231
54b83a7d-eead-45b9-8d16-4336c820b1f2,353,27.0,4,294.75,0.04878048780487805,,
54c750df-eb3b-43da-a232-7ce08c02596d,256,62.1764705882353,18,216.31,0.016917293233082706,42.96398970957779,-2.5625
54c7d747-6aea-4f63-a987-02504a41ded1,481,130.66666666666666,4,378.32,0.010178117048346057,,
54cd57ab-b3a7-4f17-a978-3a38a2ea8561,321,139.0,8,340.93,0.008188331627430911,,
54da2b67-ff9f-4007-a82a-d40f52186235,271,19.625,33,231.81,0.05132192846034215,22.92589745666565,-0.5483870967741935
54eb311d-662a-4c9c-8a97-2d12be668686,74,4.0,2,143.12,0.5,,
54eca6d8-0921-45fe-aee7-d9a3ca9218b6,372,,1,372.37,inf,,
54f92380-1190-49aa-a802-93ff6f09e864,163,62.9,11,239.24,0.01740506329113924,58.73376844333722,-3.111111111111111
54ff7e71-141f-4098-b1e8-77607af57437,265,51.333333333333336,4,206.64,0.025806451612903226,,
5503b75d-b812-4591-b75c-cda0dd201100,73,48.55555555555556,10,305.73,0.02262443438914027,49.46744159321137,-1.75
551e7afe-0a8a-4f3b-bd54-c1b8c1819988,147,58.80952380952381,22,205.62,0.01765650080256822,49.785157474511465,-1.0
55284388-0164-45c0-bcab-cfe0207f8c2b,79,9.978260869565217,93,279.78,0.09637305699481866,10.72736898283249,0.03296703296703297
55299dfd-7632-457a-b3cb-66cb77afb8ca,120,6.131578947368421,39,228.03,0.1541501976284585,5.571020832416666,-0.40540540540540543
55446c43-a61d-482e-9df6-44bec00d6611,113,5.0,2,247.52,0.4,,
554859d5-3c16-4b11-a321-c5a9454ad79b,410,152.33333333333334,4,285.83,0.008733624454148471,,
5549b6b7-40c9-400a-834f-5340345e045a,339,29.10810810810811,38,272.71,0.03463992707383774,34.06756667417119,-0.6388888888888888
554fa705-aec0-4301-aa71-66697c9b309a,317,98.71428571428571,8,140.90,0.011544011544011544,,
555b5cca-3cdc-4ec2-b658-684789bf5c45,60,24.484848484848484,34,235.43,0.04116222760290557,22.30908056728416,-1.0625
55604c2c-97fc-4e16-8cdd-925787a56ab8,10,50.625,17,239.94,0.020833333333333332,49.967822979726996,-0.13333333333333333
5563308e-362a-4fc8-ac71-f9f73af8a052,488,171.0,6,212.96,0.006993006993006993,,
556804fd-4c57-4e78-8ce1-655d4f586b5b,206,44.96,26,207.35,0.02292768959435626,44.47609844999147,-0.16666666666666666
5577f189-0976-49a5-ad4d-db951781bc9a,483,197.0,4,284.55,0.006756756756756757,,
55870289-0578-49b0-b9bb-c0c18e3d378d,165,37.333333333333336,4,397.61,0.035398230088495575,,
5590191b-422d-4944-92b5-dbf4388e67e2,268,25.676470588235293,35,250.94,0.039414414414414414,28.989779377875518,-0.06060606060606061
55a47880-f889-4eda-8a44-42294dc6658c,293,60.857142857142854,15,239.57,0.017482517482517484,58.87386404960921,-3.3076923076923075
55c25b41-ba96-479d-b728-08bb168b0485,328,37.625,9,152.31,0.029605263157894735,,
55cc4161-b785-4023-b9a8-ceedc5b3543c,211,20.327272727272728,56,256.46,0.04895104895104895,24.23500265185365,0.07407407407407407
55d65a1e-d290-4fd1-8c6c-0330c2dbc034,290,157.66666666666666,7,231.29,0.007376185458377239,,
55e06b55-a8fb-4a95-af4f-fa4e9817614a,52,23.5609756097561,42,252.58,0.042726347914547304,26.653375752883353,0.85
55e5d324-dd09-4a19-9c0a-82d7e6cb8402,292,54.083333333333336,13,193.60,0.019817073170731708,71.38813032651262,-2.3636363636363638
5605d867-3d83-4abb-b9a4-1237e1bc4b5e,146,22.45,21,291.65,0.0457516339869281,30.023631043773364,-4.894736842105263
5616ee4c-6f28-46dc-972d-72f83ea5b644,393,154.0,4,388.78,0.008658008658008658,,
561d6a83-5388-4017-b100-5405cf014d91,176,28.666666666666668,7,294.92,0.03977272727272727,,
56215384-2383-4357-92b6-c9e410925cc7,42,42.8,6,242.05,0.027777777777777776,,
562d90b3-f6f1-40ba-92fa-8315baddfe41,380,57.92857142857143,15,254.90,0.01835985312117503,68.6971775097216,0.3076923076923077
563177e4-70a8-4f31-854a-6c79381af58b,215,45.25,13,232.80,0.02376599634369287,38.70899590064774,7.0
5635320c-fdd1-432f-866b-ca752f6d539b,180,120.25,9,258.01,0.00932642487046632,,
563edae9-7722-4c9e-bdd2-229edcbc6866,135,9.765625,65,249.87,0.09908536585365854,9.937490640906045,-0.031746031746031744
5640cdaa-0049-4a23-889f-454d2ff7a448,49,20.375,17,303.39,0.050746268656716415,28.702787321094792,-5.6
5647292b-b0f6-4f6a-95fe-132e1dfe519f,272,66.0,3,296.88,0.022556390977443608,,
564b3c02-88e9-4b7a-961e-bc4dd806307a,179,,1,50.48,inf,,
56547b8b-21cb-4ea4-ba3f-3695529e23fa,75,186.4,6,169.96,0.006423982869379015,,
565f2c1a-f0cc-4356-86b6-fa4a59ccd1c3,319,249.0,4,356.20,0.0053475935828877,,
567827ac-d769-4e76-96a8-66c77bb796df,194,34.416666666666664,13,287.50,0.031026252983293555,48.41197885822989,2.1818181818181817
567dd378-f487-432b-876a-6310d3e0dc36,220,157.6,6,326.53,0.007594936708860759,,
567e55f8-0358-4672-ac84-ab23ab5e18b9,159,74.0,5,405.34,0.016778523489932886,,
567e9a91-71d4-4578-9263-bc1b443b905e,311,99.8,6,391.84,0.011976047904191617,,
567f5cde-5947-4c75-917d-a5bd15e6e624,37,47.65,21,239.73,0.021806853582554516,32.59524505200107,0.8947368421052632
5691223a-13af-4885-b997-d82d7846e87f,153,99.16666666666667,7,184.42,0.011705685618729096,,
569360ca-e4fa-48e9-be97-8c996ffe5bb2,63,54.0,2,98.70,0.037037037037037035,,
56a5bd8b-b748-4796-9bb3-1b5aa52f63dc,191,106.33333333333333,7,228.49,0.0109204368174727,,
56c97425-f024-4532-bcf5-6e53d66ff3c2,47,9.421052631578947,39,301.75,0.10455764075067024,9.769316496457972,-0.21621621621621623
56cc1e8d-1cc2-44bb-b839-b9954beffa78,189,25.128205128205128,40,219.60,0.04012036108324975,21.75603907349271,-0.5263157894736842
56dc7bc3-b52a-4105-b935-c2bb6c3fd464,232,57.388888888888886,19,233.81,0.01826923076923077,46.63265567350201,-2.3529411764705883
56e6df3f-7303-4e66-ab67-aedced34873b,98,142.5,5,358.12,0.008756567425569177,,
56f8f567-6372-45f2-bbca-3c49a367bd1c,204,84.21428571428571,15,273.86,0.012658227848101266,61.65434487331969,-1.0769230769230769
56ffe78e-e35e-46e4-aa34-c4575d38cd59,49,53.529411764705884,18,216.08,0.01958650707290533,60.9960220496579,0.125
5702665b-b027-4591-b103-6152fdd66482,139,42.4,11,230.95,0.02564102564102564,43.06635706803062,-0.8888888888888888
57292146-b430-4905-82b2-1bff478c55ec,430,138.83333333333334,7,232.43,0.008383233532934131,,
572d3022-9550-450a-b37f-6f41fd3f9d7b,171,157.5,7,250.12,0.007391763463569166,,
573f0a0d-bc3c-4287-baf2-954738094b77,185,19.735849056603772,54,276.37,0.05027932960893855,16.4271713743235,-0.4423076923076923
5755918f-d825-4634-8080-c25caf5a8730,291,95.16666666666667,7,260.49,0.012195121951219513,,
577cfd0b-c18a-4c40-a46f-1b3027aa0281,341,20.9375,33,334.54,0.04796511627906977,27.196937090355856,0.3548387096774194
577d6749-4c63-4a1c-a1ac-f226e5613cb3,229,95.83333333333333,7,182.74,0.012131715771230503,,
57825653-899c-4687-b36f-eee4a6f89bc4,280,13.016666666666667,61,249.81,0.07558859975216853,13.353716763973596,-0.22033898305084745
579b4447-9911-4eda-849c-52f257abbc4b,0,,1,75.11,inf,,
579dabf8-6471-4278-a5b4-d571b9ba3627,150,11.568965517241379,59,261.41,0.08428571428571428,13.681992351282194,-0.14035087719298245
57a9cf9a-17ad-4167-acb1-b2b89d69de21,213,127.5,5,288.88,0.009784735812133072,,
57b74eea-aebe-4cb4-8d65-c861041e6b14,409,52.23809523809524,22,255.28,0.019909502262443438,59.367419315568,3.25
57bb251a-f3e0-467b-b83b-d998cb15738e,305,120.4,6,275.18,0.009933774834437087,,
57bcd1fc-feeb-4ce7-8023-660b895a8912,359,57.523809523809526,22,285.96,0.0180623973727422,38.25129938658169,0.45
57c0128c-c705-45ed-b94a-a8fff995463f,282,25.54054054054054,38,222.49,0.0395010395010395,25.6543201847982,-0.4166666666666667
57c0d508-82fb-4160-ad25-7067a835d04e,103,51.72727272727273,23,233.48,0.02,41.62552080976264,1.0
57c135ce-912d-47d1-b917-678a7ef28a98,430,42.0625,17,266.33,0.025,37.71731476833065,-1.5333333333333334
57c36ec3-22ba-4727-a304-1ab1a18155ed,429,104.375,9,378.29,0.010752688172043012,,
57c687cc-d392-45ef-95ae-a0f71cbc729f,375,48.46153846153846,14,226.60,0.02204724409448819,32.100403384317424,1.75
57d19585-699c-4798-89e8-df5ed6716593,320,,1,401.00,inf,,
57f3e148-6f9a-411c-8402-21d714ca87a0,266,,1,75.11,inf,,
57faad83-33f8-4cd8-a398-504d821de900,289,18.5,21,216.24,0.0549738219895288,16.589470344642997,0.42105263157894735
57ffa310-09a4-465f-9446-37c089ad23c2,179,147.66666666666666,7,357.17,0.007874015748031496,,
5809e4a5-6303-4349-b18f-2a914cc8d831,151,,1,198.21,inf,,
581b503d-0614-4807-ab58-714bdf95483a,313,121.5,3,161.49,0.012295081967213115,,
58202b8a-4a6b-4c21-ab1a-cacb7ab62b93,383,65.35714285714286,15,273.10,0.016286644951140065,70.554514812587,-4.923076923076923
58229f03-24f3-4b04-a86c-f903776b6597,69,17.82758620689655,30,262.74,0.05628517823639775,22.202105700517368,-2.392857142857143
5838772e-439e-484e-8a9e-8ee8b632eaef,271,42.0,4,182.62,0.031496062992125984,,
583dc131-ac4d-4131-adb5-0d08e2f2054a,175,145.42857142857142,8,210.42,0.007835455435847209,,
5864a9f7-80b3-475d-b81f-0d0be27c37b1,391,111.0,6,318.05,0.01079136690647482,,
58749d1f-5b05-48fb-b82c-26431fd3c8d2,371,130.0,2,333.64,0.015384615384615385,,
5883b712-27c7-43e3-97b4-1599d2e85eb8,233,36.0,4,420.21,0.037037037037037035,,
5896cc6b-b59d-45ba-abc7-f605b9f9947e,92,21.666666666666668,10,271.58,0.05025125628140704,22.44994432064365,-1.375
589c046b-3c35-4df3-92d7-26aebc46dadb,180,18.5,13,247.27,0.05726872246696035,20.42947959111138,5.7272727272727275
58a03a2b-d71b-41e0-98ca-961492da71d0,295,94.66666666666667,4,231.76,0.013986013986013986,,
58a5c6e9-8bcf-4988-8660-4aac952ce329,291,12.714285714285714,15,210.50,0.08064516129032258,16.273756936711475,0.15384615384615385
58ad31d1-56d6-4b6d-9bf7-3cc675b3e1f0,280,200.5,3,290.17,0.007462686567164179,,
58af2fcd-0193-443b-86ff-86856e728a35,382,110.0,4,280.92,0.012121212121212121,,
58b21485-0723-4c73-8e46-e638112ae829,116,39.2,11,288.25,0.027707808564231738,51.6909620296968,3.4444444444444446
58b34512-2999-4a9b-bbc2-b689a58bef50,212,27.5,9,342.25,0.04017857142857143,,
58be26a4-0361-4419-aa66-f097bad95550,116,143.66666666666666,7,189.48,0.008101851851851851,,
58c07930-086b-4099-ba10-b386b1a6ac0f,206,59.0,11,202.25,0.018487394957983194,48.75790534193746,-10.222222222222221
58d8400e-7483-4b45-a786-ebfb259a29ec,96,44.53846153846154,14,232.98,0.024013722126929673,33.338204772241376,4.416666666666667
58de2b51-1c4e-442f-9b30-c3f02400af69,379,112.0,4,382.56,0.011869436201780416,,
58f69335-cb2d-4ab6-b5e2-0a5e3be36459,309,149.66666666666666,7,223.96,0.0077777777777777776,,
58f6abdc-83ec-4585-9ed5-8201adc3e573,35,26.555555555555557,28,268.22,0.038356164383561646,23.162192890293863,0.6923076923076923
58fe3db9-2ab3-46a9-a7da-bb015ab8fe87,12,55.19047619047619,22,236.31,0.018835616438356163,56.99440239849791,2.1
5903b8cf-ee91-426e-af1b-5903a63bb93d,2,45.6,16,316.96,0.023154848046309694,31.502380862404674,-0.9285714285714286
5905dfed-18c7-42d6-97ec-085627480e6e,114,184.4,6,255.85,0.006493506493506494,,
5907a117-1fcc-4dc8-bc02-4ee3f14bb429,218,23.229166666666668,49,244.57,0.04305799648506151,20.87983816613461,-0.1276595744680851
5917082c-f2ec-4365-a4ab-6bf67608405b,251,89.66666666666667,4,219.90,0.01486988847583643,,
591a9e7f-d4e7-4960-bea5-e4860a6fe8b1,288,10.0,3,197.20,0.15,,
59265dda-b082-4c15-ae32-28a616fcd892,54,38.0,16,242.11,0.02772963604852686,31.948619464920323,-2.142857142857143
59510a30-61fa-44d0-9d58-e3859adc51a0,201,56.27272727272727,12,286.52,0.0192,50.88239559826347,1.0
5955e0ad-adc5-4fc2-962a-e318178eeab3,155,36.0,8,241.77,0.03125,,
596a38ad-1e66-4ffa-ab55-cbf344d21684,286,19.44736842105263,39,241.59,0.051587301587301584,19.347040235152186,0.1891891891891892
596f4b78-5094-4953-97b0-6ac730f84b8c,202,132.33333333333334,10,245.94,0.008368200836820083,87.43569065318806,-9.25
59789eb9-6a33-41d7-842b-733fb8b87809,354,51.166666666666664,19,258.49,0.020364415862808145,34.81421278392929,-2.411764705882353
597d359a-4b26-465a-85bf-3a0508696793,97,55.25,13,353.68,0.019402985074626865,39.16660219208104,1.6363636363636365
59806028-21d6-4550-a4d9-2b9e84fe1b7e,198,20.633333333333333,31,257.49,0.048818897637795275,25.567332785160175,-0.2413793103448276
5981de0f-81b2-4ed3-87c5-25198d0ca7fa,250,117.4,6,386.42,0.01020408163265306,,
59a860be-d0ce-433f-880a-6682218aa76c,210,75.42857142857143,15,338.81,0.014111006585136407,52.582117881263784,0.8461538461538461
59aa400c-d46e-4ee9-a4b7-dbb2f72c751c,344,64.2,11,310.11,0.017001545595054096,69.6591702505851,15.0
59be97a6-303f-4a81-b337-253418e03905,83,10.0,3,192.83,0.15,,
59c5133f-fb19-404b-94ea-ead64c7bd2f4,161,,1,196.82,inf,,
59d46724-7336-41bf-80c5-ce26a29373e1,283,141.875,9,297.79,0.007908611599297012,,
59db34ec-8955-4cc2-bb67-a455f919f48f,113,21.173076923076923,53,250.99,0.04698581560283688,24.395211000495006,-0.0784313725490196
59dc3f23-7790-445c-8dd1-45db07b33e4f,538,19.0,2,143.55,0.10526315789473684,,
59e0b540-e5cf-4dd4-87c3-c15f2b768818,255,,1,190.30,inf,,
59e15040-5724-41d3-92bb-c2c86d87ba2d,38,21.8,56,313.57,0.04567699836867863,23.91218502338489,0.24074074074074073
59efd5b2-7c1a-4150-becb-693d886fbbd3,275,131.0,2,170.61,0.015267175572519083,,
59f2161d-3c4e-4224-b2d5-95d25f46f0c3,367,60.333333333333336,13,275.80,0.01783264746227709,51.89383101072512,-2.0
5a002ef1-235a-4917-b7a8-ff789f15df96,53,21.058823529411764,35,286.03,0.04801097393689986,23.148978872002093,-0.9696969696969697
5a0d6a2d-8a81-4063-84ef-07d5b833d956,310,42.09090909090909,23,237.96,0.024494142705005325,28.5722294260055,0.0
5a115a3f-c9ad-405b-978c-1f8aa7bef56b,235,17.666666666666668,4,247.91,0.07407407407407407,,
5a16b2e9-0f85-4541-a662-3764ee96a53b,174,74.0,3,182.43,0.02027027027027027,,
5a47b9e5-111d-4fbc-87ce-dbfbc5cd86f6,218,13.395061728395062,82,277.95,0.07288888888888889,16.6580903860149,-0.075
5a62c39c-ec20-463c-b059-0cec0b3b854c,204,11.0,2,295.68,0.18181818181818182,,
5a90c40f-d006-468f-be91-09947e87f0d8,161,15.333333333333334,4,342.43,0.08333333333333333,,
5aa86590-3130-4026-8f22-ad8edaa8e974,42,27.818181818181817,23,333.98,0.03697749196141479,26.054222514258814,1.380952380952381
5aab5a5a-cec9-473b-827f-8704d1f608e1,15,46.285714285714285,15,313.51,0.022865853658536585,56.21035843689663,-4.923076923076923
5aac490b-5b23-4d15-8b31-04dfc39ca37e,191,,1,196.08,inf,,
5ac1bbe8-ebfb-4077-b9ae-aa3685204659,351,58.11764705882353,18,301.81,0.018072289156626505,55.60449886580803,2.5625
5accb55a-95ee-4d83-90b8-e6af5c7209f2,44,112.0,3,189.99,0.013333333333333334,,
5accb9f9-1f33-4007-8fe5-d472a2afe025,390,47.208333333333336,25,245.91,0.021834061135371178,54.129457676996886,1.608695652173913
5ad4864c-cdb6-4cb4-b737-c3a7bc1be3fa,323,,1,170.75,inf,,
5ad5d6d3-aac2-4f39-87bb-0ecd8b0352b1,118,29.833333333333332,7,262.39,0.038461538461538464,,
5ad64c9b-7c3d-4cdd-8b4a-40689646eaac,282,55.18181818181818,23,277.87,0.018760195758564437,77.17305004779618,2.9523809523809526
5ad7fd82-69e5-4572-b2b8-0166ed096ba1,63,33.833333333333336,7,258.48,0.03414634146341464,,
5ad8610e-e72a-4179-b290-971c1f7b6766,324,184.0,5,320.56,0.006775067750677507,,
5aded659-6fdd-4aae-9ec7-d4c289b55639,194,22.333333333333332,49,271.43,0.044585987261146494,20.326414355891103,-0.1702127659574468
5ae47d8d-8983-4869-80a9-2e7bc8cb8a0d,415,132.0,3,232.12,0.011363636363636364,,
5b0fd559-f9a5-4092-93cd-dc11635dee4e,197,,1,328.91,inf,,
5b37e07d-10b7-4d5f-87cd-c343176f6f56,255,48.666666666666664,4,247.26,0.0273972602739726,,
5b3c8cb0-2ba7-4027-b138-a52fe4d26142,368,32.375,9,138.00,0.03435114503816794,,
5b551b80-4dcf-4dde-a327-ea500594ead2,186,51.0,14,226.22,0.020958083832335328,47.388465544546456,-8.333333333333334
5b5aaae6-8515-4c13-a89c-d7416f1c992b,346,,1,335.08,inf,,
5b68e38b-9124-472a-a7c4-801c3a0d0b6d,292,56.90909090909091,12,270.63,0.01901743264659271,49.476165060470365,-2.0
5b6c15b9-a477-4a91-8a16-a884b08f6770,37,31.736842105263158,20,218.69,0.03257328990228013,43.67409873809413,-0.5555555555555556
5b70f00b-b1ad-463d-9cae-c7b144076733,314,25.25581395348837,44,280.64,0.039711191335740074,32.452230845069884,0.23809523809523808
5b7c5a8b-8dda-4730-9cd2-959a56a279fa,13,27.03448275862069,30,262.12,0.03759398496240601,25.31865878672527,0.5714285714285714
5b849586-82c0-430b-84d8-75d15a1231e6,142,19.3125,17,227.74,0.05362776025236593,10.396914606426915,0.2
5b8849ff-80d6-4999-98f8-a7c12804b3c5,541,97.625,9,265.22,0.011450381679389313,,
5b8b7f31-651e-45f3-8419-ae10ffca6c05,261,67.77777777777777,10,225.62,0.016286644951140065,68.07124535693794,-3.0
5ba5bdad-4fa4-4a55-9a6f-052046d96f58,166,147.5,5,235.96,0.008460236886632826,,
5bae98a7-2c4a-4ba4-af33-388936fba1ea,189,59.85,21,261.36,0.0173841059602649,60.464234752542154,-3.6842105263157894
5bd89b0e-6e59-4e67-a32f-00f431cf4708,127,46.214285714285715,15,281.17,0.022970903522205207,39.62939579389283,-0.15384615384615385
5bddcc66-ed45-4a5b-bc11-e87b3edd3fa5,168,36.0,4,290.72,0.03669724770642202,,
5bdf333d-c2bc-44d5-ac3e-91935c2759e3,231,76.66666666666667,4,237.53,0.017391304347826087,,
5be39c91-ecdb-4332-9f6c-b2051bc91c56,157,29.4375,33,220.43,0.034482758620689655,30.843975205080376,-0.7419354838709677
5bec81dd-4a36-4e21-867c-a17324394de6,155,157.33333333333334,7,342.09,0.007391763463569166,,
5bff3128-b133-43b7-94d4-a36eb71481c4,317,157.6,6,201.71,0.007585335018963337,,
5c07d503-9028-4fa0-83ae-c794cc116921,283,48.357142857142854,15,277.39,0.021961932650073207,40.45435631739732,-3.1538461538461537
5c0b5c5e-e89a-4f5c-ac6b-a88586727a3c,327,47.76470588235294,18,236.54,0.02197802197802198,46.89820014105646,0.3125
5c2a98fc-0c0f-4534-aae4-7cfa22ad37af,332,61.05555555555556,19,239.32,0.017210144927536232,65.00630939714935,-0.29411764705882354
5c3c0fbe-56cc-4a31-820a-1129c2617c6c,-2,56.5,5,251.30,0.022026431718061675,,
5c3cafc3-79bb-4a7f-9656-9ccd717b5d9e,272,188.33333333333334,4,194.99,0.007067137809187279,,
5c5166a4-9994-4774-8fb5-1c695aa593ba,339,32.0,8,385.52,0.03524229074889868,,
5c5e00f4-7aac-433e-8873-fd256ba7916e,153,103.5,3,304.54,0.014423076923076924,,
5c823ef6-8dff-4f88-bf21-d3f7106adc6f,315,247.5,5,290.67,0.005040322580645161,,
5c992e98-8e57-4d3b-9ce6-ad2251fdf69b,378,,1,143.02,inf,,
5c9c3978-991e-4b23-a199-2e01afb6010d,91,53.05555555555556,19,267.34,0.019689119170984457,48.080168618455204,-4.411764705882353
5ca3cfad-34a4-4783-a4d6-d33689b18fe1,3,70.70588235294117,18,232.65,0.01487603305785124,56.644466527943344,5.75
5cb30272-2b46-4626-ae41-234426c7ec27,123,118.5,7,212.11,0.00980392156862745,,
5cd1c0e0-2488-4eb8-a411-074c231ab948,18,162.0,7,266.91,0.007172131147540984,,
5cd5a6dc-b7d9-4371-a8f0-f5c0f1e32fa7,84,22.195652173913043,47,278.03,0.045062320230105465,21.9024296625003,-0.08888888888888889
5cd8dc14-c13d-4245-a1dc-59d09876ddf2,105,2.0,2,169.45,1.0,,
5cddf2e3-e926-4083-aaa2-f917325eb634,351,42.666666666666664,7,345.45,0.027131782945736434,,
5d10ab61-f319-45cc-8fd6-87792df6ec13,328,18.540983606557376,62,282.67,0.053402239448751075,18.024588548694442,-0.5166666666666667
5d152461-aa6b-471d-910a-ac8bcf8dc7bd,191,60.0,3,446.07,0.024793388429752067,,
5d2476fc-354a-4168-a206-2f1369e048ae,207,64.72727272727273,12,221.68,0.01675977653631285,68.26725556090695,-0.1
5d25d332-7afe-4085-b860-9401457f10ac,341,47.523809523809526,22,288.35,0.021825396825396824,46.475390313174394,-2.65
5d2b5bfb-8717-4485-bb8a-0ba270449e49,84,21.564102564102566,40,286.44,0.046565774155995346,24.221342124353747,-0.07894736842105263
5d34b60b-cd55-4fec-bc28-3b7412243cbe,381,62.0,16,267.61,0.017094017094017096,88.96628574915331,-23.785714285714285
5d435e53-8038-4066-ba30-5c0fa9208f9d,30,67.53846153846153,14,219.16,0.015855039637599093,62.21416690837035,-1.75
5d49a97a-a9f4-42d8-b12f-083671207622,2,220.5,3,123.18,0.006787330316742082,,
5d640dc4-ae03-4a53-98da-149d46609b71,108,186.5,3,175.39,0.008021390374331552,,
5d71d387-0cac-4cb3-80ec-3a336ee3f0ab,356,198.33333333333334,4,287.00,0.006711409395973154,,
5d7ad0a5-aa2a-428d-8088-56b5128f584c,264,129.0,6,210.35,0.00927357032457496,,
5d81c1cd-7a27-42b6-8813-fc760a7b14e8,190,50.375,17,224.20,0.020910209102091022,38.30034812722551,-4.2
5da27a0f-99bd-443c-a283-339dc56494dd,292,36.0,3,204.22,0.041666666666666664,,
5dac7ad9-42bd-494e-ad41-9057dda97c60,222,52.333333333333336,10,272.67,0.02109704641350211,25.903667693977237,-2.5
5dd36b0f-ea80-4809-8406-90367ab5c059,30,31.555555555555557,10,311.01,0.03484320557491289,25.407238688566252,1.0
5dd5708c-3a2a-45ad-a15a-f3d12ba3f71b,246,53.5,15,198.58,0.019815059445178335,39.35587142199516,6.076923076923077
5e07bae0-7e8f-4021-a5b6-cb34c6caa4de,173,32.22222222222222,10,350.31,0.034013605442176874,20.78928677094153,3.5
5e27e95f-f69a-4891-a22f-249c3d00ae9c,304,22.565217391304348,47,262.80,0.04421448730009407,23.714648238226136,0.0
5e28d1fe-a092-4cb5-8a9b-39bdd72b1f2c,115,64.0,19,275.92,0.016379310344827588,63.51377803280167,0.23529411764705882
5e365067-c13a-4ff2-85a2-9ea906f5ef08,218,9.4,31,222.76,0.10508474576271186,10.183150383066037,0.27586206896551724
5e3ef995-ac04-4455-a515-371c2d9a7f4b,294,,1,50.73,inf,,
5e415330-632e-41a2-9ef2-c3ad7d638b1e,321,47.25,5,290.40,0.02617801047120419,,
5e532136-7e23-4b8d-b416-180f9c930ba2,360,11.255813953488373,44,255.42,0.08712871287128712,14.221199840974863,-0.8809523809523809
5e553d7c-1a01-434b-841c-a5c6304da9ec,216,150.66666666666666,7,248.69,0.00772626931567329,,
5e78b0d7-d27d-48ff-b942-5bbe30cd0343,383,59.5,3,286.13,0.025,,
5e9076cc-5e10-4b9d-8336-87e28ecea017,34,57.0,2,328.03,0.03508771929824561,,
5e97b750-2329-41f0-8db3-63f0e9305238,179,,1,428.80,inf,,
5e9bed60-291d-4504-afef-e48d68a54eb1,312,5.0,2,336.90,0.4,,
5ea32e2a-ad9c-4ea5-ba25-bc57cfa884c7,208,181.0,2,255.78,0.011049723756906077,,
5ec597f9-8e5b-46cf-a8b2-afd3f6bbab5d,145,,1,340.88,inf,,
5ec7a9a4-f3f9-4bf2-ad75-c2f16110e54b,7,33.0,11,270.79,0.03283582089552239,25.451478891761433,-4.444444444444445
5ed09a2b-fb82-45b6-8b40-42d9304a848a,290,48.142857142857146,8,212.95,0.023529411764705882,,
5ed6c728-a2d7-4992-8950-e0448c9ff54d,112,62.5,5,299.11,0.01984126984126984,,
5f02e40e-bb83-48f8-8cdf-63b240df6e44,338,17.4,16,219.38,0.0599250936329588,11.60541745417692,-1.7857142857142858
5f135e48-441d-40d1-b045-24f6e975683d,413,179.0,2,180.58,0.0111731843575419,,
5f1e90b2-1bb4-48d9-9268-70157134b21c,316,225.33333333333334,4,422.86,0.005917159763313609,,
5f255b01-7dec-4011-ab40-66ee5e7efc2c,176,9.925,81,254.21,0.09700598802395209,10.825164073361194,0.02531645569620253
5f27a51f-555d-4d13-87f0-2bd0c1925eb6,388,,1,130.24,inf,,
5f2ad9b0-f00c-4c60-896a-8a3ca5ad15e2,284,18.871794871794872,40,266.64,0.05312084993359894,15.510912096394533,-0.02631578947368421
5f431899-6b11-4b40-93a4-b5744977ab32,67,22.666666666666668,4,173.93,0.057971014492753624,,
5f5387b2-02d6-49eb-a3f7-73b0bf65cc3f,265,26.058823529411764,18,294.61,0.039735099337748346,27.40773291480731,0.625
5f613b99-3a49-4995-b8da-e85d872434b1,375,291.6666666666667,4,229.95,0.0045662100456621,,
5f76a041-a62b-4353-8133-e2b9921d7468,28,26.973684210526315,39,233.86,0.0375,25.163773663317325,-0.35135135135135137
5fad73cc-7fb4-41fe-8919-d99a0424fa82,369,46.0,15,238.42,0.023112480739599383,48.2046917601628,0.9230769230769231
5fcfa0c4-a6da-4562-9528-8799b281f1cc,-10,401.0,2,335.98,0.004987531172069825,,
5fd91fb3-d2e5-4d1d-a6ff-66c836d8258c,201,70.0,2,282.91,0.02857142857142857,,
5fdb56ff-8643-4ab3-8695-70a4963a7faf,350,243.25,5,212.81,0.005122950819672131,,
5fdd09b0-925d-4a22-90e9-a4799d79dd36,82,30.724137931034484,30,198.21,0.033185840707964605,28.10553650557146,-0.39285714285714285
5fec3073-d5b2-46d1-82c7-1ec068d75789,292,52.43478260869565,24,263.67,0.019704433497536946,46.31888097933569,-1.3181818181818181
6018231f-8a8e-433c-9cec-fd2cdf9cc523,297,231.0,2,196.25,0.008658008658008658,,
6029e2dd-5c1c-4f45-ab71-7e86ed735057,368,39.0,11,187.05,0.027918781725888325,31.619262764615147,1.4444444444444444
6036d812-6647-4068-a89b-eecb73bdd7d2,52,21.083333333333332,13,187.56,0.04980842911877394,20.588868719565802,0.2727272727272727
60408e82-a5f0-4b06-969d-0b316fd25756,169,39.44444444444444,10,235.16,0.028011204481792718,24.05260438658936,0.375
6041986b-1f02-4b57-8381-248d1b899222,229,,1,353.46,inf,,
606dfed1-ee56-47c8-b1a7-4cb2ffbeeb97,118,99.0,4,172.26,0.013422818791946308,,
606fc850-73d1-4f4d-9f9b-c8f7d2760437,166,121.0,3,236.21,0.012396694214876033,,
609a5033-9fc5-4441-8c50-1830dc3c5099,299,23.6,11,266.87,0.04564315352697095,42.23531960601485,-15.11111111111111
60a3f9b4-a567-40cc-8d1c-e0c64bd31da5,190,49.608695652173914,24,321.82,0.020815264527320035,37.42233063345368,-1.6818181818181819
60b32e3d-8757-4ca8-8229-b4c805dd3222,167,5.0,2,286.96,0.4,,
60c93c4e-8cbb-4757-bca5-6db9cf29a50c,243,36.333333333333336,4,341.74,0.036036036036036036,,
60ca3d8a-0ab2-4fb1-96d5-927d8ea5c709,43,17.5,9,284.39,0.0625,,
60d179ce-3aaf-44e8-8018-8b5ad0995222,112,54.666666666666664,22,289.01,0.018998272884283247,55.049371779642804,-0.8
60d76d5d-cc43-4e83-b47b-b2a0bbba6118,107,186.2,6,206.54,0.006430868167202572,,
60d85a8e-5d58-44a3-88e5-d5fbc90eb2b8,271,50.3,11,296.97,0.021696252465483234,44.93958907985994,-2.111111111111111
60dfe53f-42bc-413a-be86-5557a6f94e18,490,90.25,5,264.80,0.013812154696132596,,
60fe98f1-1bb6-4c16-93c0-9efd8bf36e59,378,14.40625,65,245.47,0.06820566631689402,13.608725900499305,-0.09523809523809523
61007f82-9f09-469e-92e5-8ad3b3720074,384,220.5,5,218.28,0.005656108597285068,,
6124d5ca-909d-41a8-a34a-7722d735acba,177,49.57142857142857,15,212.58,0.02142857142857143,38.25564671384481,5.461538461538462
612af7a0-6f4e-441f-8d93-0ce35b0af8fc,320,19.428571428571427,36,248.12,0.05164992826398852,21.292481017935877,-0.38235294117647056
61403953-bcbf-496d-b606-336d4751f5b3,239,19.5625,33,277.31,0.0514018691588785,23.908343124686454,0.3225806451612903
614972b9-b8a8-4f87-94ee-93c502cd71b2,155,278.25,5,270.39,0.004492362982929021,,
61697040-fee4-4887-91fc-62875b0fae8d,38,50.0,5,289.62,0.024752475247524754,,
616c8cc6-0bc2-4bcd-9c04-69a5ea76b479,378,44.5,5,294.23,0.027777777777777776,,
61709fa8-a727-4522-8a0e-05bd40d70b9d,154,86.0,13,258.74,0.012560386473429951,81.03646766061,-24.09090909090909
6182849a-41b5-4ad1-bc89-c685adb14eaa,368,191.0,6,291.82,0.006269592476489028,,
6184ec81-05d1-47f6-85cb-28f9c99d62ef,393,60.88235294117647,18,244.64,0.01727447216890595,72.39896611221494,-0.5
618b385d-14ff-49db-9ade-e85b53d0a6fe,59,46.2,6,177.59,0.02575107296137339,,
61914cf6-2750-44e4-a811-88e4bb038044,151,135.4,6,235.49,0.008836524300441826,,
61cd0b21-cb4d-47b3-88d1-98849f17240d,189,56.1,11,184.67,0.01950354609929078,37.02086498779364,2.7777777777777777
61e9ebde-7dad-41fe-8d85-211e6278e857,388,52.31578947368421,20,300.87,0.019940179461615155,50.021165111024025,-1.3333333333333333
61f5ba89-e7cb-4a06-b222-ac1cd6437371,262,129.5,5,151.43,0.009596928982725527,,
62031281-3db8-4b86-9202-f46252951e7c,25,15.6,6,203.35,0.0759493670886076,,
620829cd-68f2-4f2a-9b54-3dc78291bb57,60,51.166666666666664,19,263.81,0.020474137931034482,50.67804954694245,4.588235294117647
62094b9f-0503-419b-b356-a272649683ae,353,60.92857142857143,15,217.50,0.01744186046511628,62.08984096974602,-10.384615384615385
620d04ff-0c1a-400c-a258-3dc829377fc0,210,9.742857142857142,106,269.13,0.09842154131847725,10.135645942973674,0.07692307692307693
620e6009-321b-49eb-a51d-690d2f2f10ee,191,88.83333333333333,7,238.31,0.013059701492537313,,
62270eeb-22ea-497c-94a6-888aa7dc1216,215,57.642857142857146,15,156.64,0.01845018450184502,52.56440319756788,7.3076923076923075
6227bb79-1126-4c06-948b-088ba34ca423,253,17.23076923076923,14,323.94,0.06060606060606061,14.312895386991912,1.25
622f53a6-0511-4c83-ba16-48fc223ad24f,152,62.666666666666664,4,240.16,0.02127659574468085,,
623e54c9-cad8-4de7-9c71-06bbff98bbf5,148,66.41176470588235,18,263.60,0.015817223198594025,53.16255592934915,-0.375
623fa14d-4495-4937-97d7-2869d92dfe10,225,41.833333333333336,25,256.96,0.024630541871921183,35.52055946810996,-1.7826086956521738
624b31e1-cbc2-4ef0-b819-e419540d89e4,267,116.2,6,148.01,0.010291595197255575,,
625000e7-c40d-4633-990d-c9da573ba0f0,203,3.6,6,249.72,0.3157894736842105,,
625b522c-7b4c-451d-97f5-ed1ca428c783,162,39.57142857142857,15,248.77,0.026737967914438502,38.627838279016984,-5.538461538461538
627f8864-3090-4f49-b62d-cbc74084c928,165,45.86666666666667,16,187.77,0.023054755043227664,48.70298709916007,-2.0
62831412-9629-4749-9346-25166b5ff7da,132,48.833333333333336,7,341.50,0.023728813559322035,,
628e278f-a9fb-49f0-90a5-6c987d87fe92,288,56.0,23,261.88,0.01850362027353178,54.76095237267066,-3.761904761904762
6293d4c4-1f47-4e9e-97e5-36be9a374271,203,12.416666666666666,61,321.67,0.07870967741935483,11.125313427946942,-0.4406779661016949
6297cbc3-ce57-44fa-9cb5-528927435e9a,326,24.0,3,405.49,0.0625,,
62bd1efa-57ef-43af-84cc-149291ad294f,331,,1,318.70,inf,,
62c18b4f-bbb4-4381-a88d-860438bceced,50,60.05,21,263.03,0.017369727047146403,82.13882664188272,0.05263157894736842
62d49566-9ffc-4eb0-8121-badac5e3b057,322,33.333333333333336,4,378.45,0.0392156862745098,,
62dc876a-8fba-4c47-a2bd-e9bf3f2f2da4,226,197.5,5,197.55,0.006313131313131313,,
62ff5fb9-2233-4189-bd50-f4dc095c321e,300,18.88235294117647,18,224.13,0.05454545454545454,13.692526944200148,-0.9375
630aa5f8-b663-4693-b02e-ee59d17a8f31,402,178.2,6,257.94,0.006718924972004479,,
631121df-8a1f-4adf-9812-9542589d889f,-5,52.416666666666664,13,241.29,0.02050473186119874,54.570152236836535,-2.090909090909091
6324e8e5-65f5-45b1-8ad1-f6eb80505548,180,46.857142857142854,15,190.52,0.022658610271903322,41.73148072518496,-5.538461538461538
632e6d60-a6e6-4ff5-a159-3914b7f99b60,93,215.4,6,307.74,0.005555555555555556,,
633221da-e51b-4ca4-b318-42700eec56f5,192,29.666666666666668,4,369.07,0.04395604395604396,,
633f8b6f-5b12-4a03-a924-828633549c4b,131,8.841269841269842,64,271.97,0.10884353741496598,9.100170769766603,-0.1774193548387097
634466d1-c5ae-481f-81c8-b280f150738e,314,72.2,16,277.26,0.014692378328741965,46.463810802448336,-2.5
6349c799-46bc-4200-a247-49e0e11ea39c,191,154.33333333333334,7,204.48,0.007534983853606028,,
63546d0a-e9e5-4fac-bc19-292f26a48926,150,121.0,6,390.28,0.009884678747940691,,
635cbd4f-4613-4114-877f-e2b1166eaf9f,278,46.95652173913044,24,301.64,0.022058823529411766,41.89757886351556,-3.227272727272727
636847cc-8899-4563-a575-ca3f31a586f6,132,54.72222222222222,19,237.41,0.019095477386934675,46.67636453855364,-2.3529411764705883
636c51c4-9946-4156-ae70-b0fef25b24e2,213,,1,76.01,inf,,
63717db1-a5a2-4183-862a-7a09e660dc20,260,37.42857142857143,8,207.31,0.030303030303030304,,
6375df58-02f7-415a-bb07-c76e08fff0ac,241,27.333333333333332,4,280.73,0.04878048780487805,,
63a3dec8-c8ed-4048-adea-ff296c3c9158,194,21.925925925925927,28,273.64,0.04612850082372323,24.5402744733035,-1.6923076923076923
63a63571-2bff-44f5-96d5-cd90164e1b4b,205,156.0,5,192.35,0.007987220447284345,,
63b150b3-3950-4d47-91bc-54601788df95,263,,1,476.06,inf,,
63ba1c04-9c76-4e37-93eb-1d017343add8,230,15.833333333333334,19,245.30,0.06484641638225255,15.030361429649066,0.8235294117647058
63badcd8-03ba-41b2-a4c8-6f9a4d08ed60,199,26.666666666666668,10,288.73,0.0411522633744856,23.759208741033444,3.0
63c9b0c0-fae7-4a00-a7ae-9c21fbd4b2ba,246,198.16666666666666,7,281.43,0.00587248322147651,,
63cda5bb-2d9b-406e-93a7-55330a8fbe93,379,139.16666666666666,7,204.73,0.008373205741626795,,
63dc8807-742e-48d3-a126-3032a5d6d00b,300,39.714285714285715,8,292.73,0.028469750889679714,,
63dcc61a-cf4c-4dc0-94b8-ed7786afbb5b,182,142.0,8,299.58,0.008032128514056224,,
63e96b13-e771-4601-ad2f-8aece61eb63c,26,23.68,26,259.64,0.04297520661157025,23.2248430206392,-2.1666666666666665
63efe31f-e7a8-4303-a0ee-2c416233b68f,150,14.52,26,315.25,0.06951871657754011,11.24025503862494,-0.5416666666666666
64112b8b-63a6-41e1-880a-52715e2943b2,248,25.170212765957448,48,242.19,0.03983402489626556,28.219881327313544,-0.41304347826086957
64206b25-26b6-4332-b8b6-23f91b927b30,209,12.0,2,254.05,0.16666666666666666,,
6426df83-b392-48fe-84bb-dae1d3b71ddd,266,43.541666666666664,25,303.34,0.023696682464454975,34.34477261239476,-0.4782608695652174
6433d114-839c-4d47-bf39-c645eb0a95bc,397,,1,252.35,inf,,
643cd5fb-726b-4d6e-a747-5ae0bcb1676c,165,40.925925925925924,28,320.73,0.025,41.18245138398517,-3.769230769230769
6443f59c-b392-4cfe-b2f8-6996ac3600e2,22,13.161290322580646,63,261.45,0.07429245283018868,14.184028825323564,-0.13114754098360656
645f8fa9-c3b3-4e3b-853f-1f18d94e4509,127,149.125,9,277.59,0.007531380753138075,,
6473788b-a127-4d7a-ba56-ffd102b9b3f6,265,58.35294117647059,18,310.52,0.017982017982017984,41.133838224250646,-0.5
6493cef2-85c3-4c8e-bd11-833978e23454,44,14.310344827586206,59,262.87,0.0689252336448598,15.084797618040936,-0.5964912280701754
64b73c4a-da45-46c5-a7d5-ff9be1743893,121,61.10526315789474,20,250.70,0.017050298380221655,56.297715304779565,-3.5555555555555554
64c2b281-ea9b-4f04-91b2-24861f2ab24c,63,113.0,3,156.06,0.013215859030837005,,
64ca6da4-3f72-45c6-bac8-a3570850a53e,81,57.416666666666664,13,192.07,0.01870503597122302,67.67631294133372,2.5454545454545454
64e6f7ee-859e-4655-86e7-09637abe2536,89,20.02857142857143,36,318.81,0.0502092050209205,21.173631929256498,-0.11764705882352941
64e75471-6324-4a5a-8f59-8c42a6c396d8,247,,1,452.42,inf,,
64ed7c87-67f3-4af4-978f-17c928f0036c,38,20.76923076923077,14,228.01,0.051094890510948905,23.12701827644399,0.4166666666666667
65144797-ce56-4d1f-ab29-188af5e07163,185,27.264705882352942,35,275.80,0.037037037037037035,32.690753788253446,0.48484848484848486
6517cf78-1d2f-46f4-a6ac-f16bd52249ac,101,,1,512.20,inf,,
651c4d58-ff43-4298-9928-cff39a82fb60,331,190.6,6,181.26,0.006289308176100629,,
6529c43d-d834-4bf6-b000-711e5e5aac5e,119,24.914285714285715,36,264.06,0.04040404040404041,28.074869889773865,-0.6764705882352942
653d33da-f4c2-4ca1-a82e-262e03d4fb17,-19,28.4,41,290.39,0.03546712802768166,34.534115425259245,0.10256410256410256
654cca91-a5a8-4192-a88a-8373987211b3,206,113.0,6,175.19,0.010582010582010581,,
65501b4b-a3b4-4c60-a61a-7406f464cbb1,179,25.466666666666665,46,270.73,0.039383561643835614,29.764683160355723,1.1363636363636365
6553ae1e-1017-4acf-92cb-8f677e9c092b,129,15.666666666666666,19,206.30,0.06551724137931035,11.224972160321826,-0.6470588235294118
655d37e4-4a85-490a-9d82-965eea160cd3,185,204.0,3,275.25,0.007334963325183374,,
6560b114-0479-46eb-a997-1b9ecafc83a5,298,61.45,21,248.50,0.016976556184316895,52.17528654751969,-5.2105263157894735
6563968b-d79d-4f80-823a-367542afe582,16,18.4,11,170.79,0.05851063829787234,10.823841996054616,-0.3333333333333333
65698196-4e04-4f49-9db2-b9653ce911b7,367,15.538461538461538,14,237.27,0.06763285024154589,13.420229659084232,2.25
659b36f8-201f-443f-b1e4-4ceedd3832a2,121,43.125,9,280.26,0.025787965616045846,,
65ba12e8-12cb-4828-9de8-cd84b9bcc5ff,130,128.16666666666666,7,210.44,0.009067357512953367,,
65bb11b3-c688-4d75-bbea-b8d725e4abe2,295,13.095238095238095,22,247.81,0.07746478873239436,15.309816334315581,0.05
65e22a1e-f9b0-4137-9466-21710044724c,189,109.14285714285714,8,232.41,0.010443864229765013,,
65fa04f4-f496-45f6-a7aa-efd65b2d4f62,176,84.0,2,479.22,0.023809523809523808,,
65fc0d0d-3d77-493a-801d-3e634b1f53e7,170,123.22222222222223,10,401.06,0.008984725965858042,103.16707054309745,-13.875
65fdb8d4-1d70-4d5e-b365-f76798b25073,133,58.714285714285715,8,250.76,0.01937046004842615,,
6619feee-564d-4d74-8b06-889838d22599,267,80.0,3,397.82,0.018633540372670808,,
661e0975-1b8b-4774-ba4f-931a808d94d9,365,41.529411764705884,18,284.34,0.025210084033613446,53.81927819919506,1.625
6633e7a2-4145-4636-9afd-ea816312486b,192,49.54545454545455,23,299.70,0.02089009990917348,48.531508932933036,-2.9523809523809526
6636549b-0d9d-4dcd-8296-7f7583cac7bf,165,39.266666666666666,16,246.68,0.02680067001675042,40.35461854726468,-10.571428571428571
6653b7b1-2100-461d-9922-113a3c6307bb,76,22.976744186046513,44,244.23,0.04365079365079365,22.444098144684702,0.5714285714285714
666a13b4-e9ef-4cf0-873c-ea22a82354f3,123,99.0,4,154.80,0.013422818791946308,,
666e2701-9cf8-4aa9-984f-2ef1e2f03b84,85,,1,116.63,inf,,
6699ebb7-b9a2-4f49-ab43-be25e9c8d903,206,44.0,8,292.78,0.02572347266881029,,
66a08e2a-2a38-4423-aa8c-f991477b5a16,258,46.125,25,258.34,0.022321428571428572,45.8753628110283,-0.7391304347826086
66ad9102-e597-4e0a-997d-50dec9c58ebe,330,62.72222222222222,19,414.08,0.016725352112676055,53.54361120295861,-3.3529411764705883
66cc1a4b-ac84-49b0-a899-58520edec7f0,152,25.829787234042552,48,295.98,0.038803556992724336,28.950722112294738,-1.6304347826086956
66ddb701-2fc9-44c8-9b72-5b75968e231c,387,12.0,7,326.28,0.09210526315789473,,
66def56d-a566-459a-a5bc-24863cef7b5f,296,46.40909090909091,23,198.68,0.022286821705426358,73.99334531912416,0.3333333333333333
66eaae76-7d88-490b-956c-46c135fb7c61,323,223.75,5,262.08,0.005574136008918618,,
66fdf0a3-3fa8-4c94-98d3-e29da328f222,229,123.2,6,215.67,0.009724473257698542,,
67002768-5aac-4544-9a04-934ab79ce2b4,47,19.733333333333334,16,232.74,0.05245901639344262,18.15987203646965,0.6428571428571429
67042c78-ac21-4ba4-ba68-bb1202d79867,21,29.88888888888889,10,320.82,0.03676470588235294,26.38865496972347,2.25
67184a5e-f940-4f8e-a036-31d0aa2777b5,164,43.0,5,197.92,0.028901734104046242,,
671fe652-8062-4c43-aca1-9d5f3eca77ca,173,23.5609756097561,42,262.31,0.042682926829268296,27.40533595897686,-0.15
67208139-2274-4f8e-9a87-ee00fc478537,166,137.875,9,293.13,0.0081374321880651,,
6735a559-19a7-4a3d-b301-96880d772f6f,286,78.6,6,193.99,0.015151515151515152,,
67362ca8-2a08-4655-a35f-ee6fa2610c21,359,181.0,4,255.50,0.007366482504604052,,
673655f9-c84f-4137-ada8-8b64eee4a8e1,343,41.18181818181818,23,268.32,0.025081788440567066,36.25785479909194,0.6190476190476191
674c0ac7-610b-48be-92f8-0c04fa770e29,34,49.73684210526316,20,279.46,0.02092050209205021,37.167551716312914,-4.0
67653716-0c91-4668-b1fa-0aff9dc45df8,165,38.666666666666664,10,246.29,0.02849002849002849,35.035696082709705,-8.0
678a29f1-c11c-4089-9972-237d14e661df,9,,1,79.33,inf,,
67950ecb-51f5-4af7-a968-da5507bf31b5,344,14.224489795918368,50,267.07,0.06934812760055478,17.445468974925898,0.22916666666666666
67982616-a157-4f55-bbdb-f3917c66a0bc,219,54.857142857142854,8,243.00,0.020671834625323,,
679d0506-7baa-40f5-b98d-078e30722faf,307,24.093023255813954,44,264.06,0.041627246925260174,20.859865718291683,-0.047619047619047616
679ed708-2cf8-4623-8ab6-0a85acf360a4,61,122.22222222222223,10,308.22,0.009066183136899365,65.66159032832243,15.375
67ab5550-f83c-42d0-8873-dd5ab037547d,51,17.652173913043477,24,214.79,0.057692307692307696,16.51337941200235,-0.36363636363636365
67b7387f-d579-46ab-b3fb-1d612e299bf7,47,194.8,6,270.75,0.006147540983606557,,
67ba3929-a638-47a2-8b8e-ab94cd5fafe7,73,41.05555555555556,19,218.00,0.025503355704697986,25.714432253965686,0.17647058823529413
67c40aeb-91c5-4a8e-b072-4e520acb3440,23,10.5,7,229.45,0.1076923076923077,,
67c4141f-cefe-4e08-b3d6-d5485af4448d,194,187.16666666666666,7,306.68,0.006222222222222222,,
67d37dbf-265a-4aee-a58e-b0381e1c3e43,340,23.925925925925927,28,290.26,0.0425531914893617,19.289147857570722,-0.038461538461538464
67f90852-a379-413f-a6c2-44db768d7f2c,364,55.2,11,237.64,0.01971326164874552,48.702726366760565,-2.6666666666666665
6809d9da-c012-4506-8368-3811bd6f1c1c,280,12.666666666666666,16,198.94,0.08163265306122448,14.529116906929962,-0.21428571428571427
68255ed8-4327-464a-9d5a-2e36dd880ab5,59,37.94117647058823,18,200.48,0.027522935779816515,46.919439718835214,-2.375
682d4c16-e879-4f1d-a52f-13a200c1a33e,187,143.66666666666666,7,222.26,0.008101851851851851,,
683bff70-60a7-4d71-afe4-20132d52e05b,254,162.0,7,175.99,0.007194244604316547,,
6840bc94-dea0-4e3a-aa14-73444f3e08a5,2,65.5,3,198.55,0.022727272727272728,,
6846129d-4f47-4ad0-b27f-6491686f49df,403,175.0,6,225.92,0.0068415051311288486,,
685831a2-56f6-432b-918f-006245071f4e,272,56.1,21,259.17,0.01856763925729443,62.497073615700735,-3.263157894736842
6860fa77-f235-42b2-ac38-9dea18a7c362,128,58.35,21,271.16,0.017872340425531916,70.44914178999889,0.05263157894736842
686766cd-48bd-49bd-9be8-c078636138f4,243,128.0,4,221.55,0.010362694300518135,,
68744c52-7b6b-4c79-970f-52fa1a45505f,152,107.0,4,153.81,0.012461059190031152,,
68867b8d-0ea6-43ca-9784-c158e5d8ea57,113,45.4,11,237.24,0.02391304347826087,60.524008092289755,0.2222222222222222
688ec0cb-68cb-4d25-a941-7145590213cd,351,21.21153846153846,53,306.14,0.046944198405668734,23.956117183882355,-0.19607843137254902
689a0eb8-87ba-4ca8-aef9-9b1cde0b05c5,289,102.0,7,261.39,0.011382113821138212,,
68d00439-ed2a-4b8a-90d6-b0c82459f7c6,136,419.0,2,125.62,0.00477326968973747,,
68d3a395-d267-4ea5-a257-385cd8fab66c,242,7.333333333333333,22,270.12,0.13496932515337423,6.110100926607787,-0.05
68dc659b-e433-4c46-a504-c2d5f41f78c1,56,205.66666666666666,4,298.92,0.006472491909385114,,
68e15be0-3ade-4e7a-ad43-c8bf1d81b638,71,138.5,5,314.92,0.009009009009009009,,
68e6f3c8-2ff4-4589-a78a-a947a2fc1939,303,,1,164.19,inf,,
69228dc4-6def-4f33-8308-9ca4da6536c1,269,23.333333333333332,4,341.03,0.05555555555555555,,
693f0bc2-99a5-4b82-844f-7df68478e538,498,,1,302.54,inf,,
6965d84b-8f6b-4a9b-b8bd-3bcb426f7b9f,217,23.224489795918366,50,256.91,0.043029259896729774,25.71013524705323,-0.7291666666666666
6972e5ce-edc8-4f5c-9eb3-7ea439ed9d60,325,22.894736842105264,39,281.11,0.043968432919954906,20.901040286646296,-0.35135135135135137
697df163-cd5d-407a-8397-d259e446e6ff,300,104.0,2,211.49,0.019230769230769232,,
69814e7a-9f22-484a-a748-40de0f43520d,217,,1,513.94,inf,,
6982f1b4-2a2c-45ec-bee8-bfd0d0f0b157,88,47.45454545454545,12,246.30,0.022770398481973434,40.56196158068206,7.5
69841b65-d4b1-49d6-b409-f968edbc84f2,418,148.75,5,253.50,0.008375209380234505,,
6985266a-1d34-4f2a-bb14-8ad3a72671fd,44,47.91304347826087,24,243.04,0.0215633423180593,41.0043379561882,0.6818181818181818
699d88bc-2bf7-424b-a75e-4f9382693954,240,36.0,9,259.57,0.030927835051546393,,
69b0b669-b7be-4367-9b2e-91d2a632d447,288,152.25,5,233.27,0.00819672131147541,,
69b90bb7-8148-47ae-b32e-5cab4ae004bb,35,26.58823529411765,35,261.43,0.038002171552660155,19.510863558321653,-0.696969696969697
69c7439c-7581-468f-9467-8fd0908011b0,56,32.142857142857146,8,188.49,0.03508771929824561,,
69d5036a-d9ad-4228-8593-42b5948c9a9e,215,18.625,9,314.22,0.058823529411764705,,
69d74b49-dd1b-4d12-a253-9edee3099f3a,216,63.89473684210526,20,248.10,0.016366612111292964,60.59418264784363,0.2777777777777778
69db5885-8e4d-4ffa-b18d-b221855f2deb,403,14.88888888888889,10,189.42,0.07246376811594203,11.43945414393148,2.0
69ec8256-0cf7-4d99-9a9f-1b06d3738fa8,142,10.970873786407767,104,247.69,0.08776371308016878,12.557675811153576,0.0196078431372549
69f1bc79-7f76-4051-b86f-99eb6f0a7e16,101,21.745454545454546,56,268.92,0.0457516339869281,19.891574786193964,-0.6481481481481481
69f3ba1f-cffd-4e31-8a53-6c4091cdb045,117,11.078947368421053,39,241.69,0.0888382687927107,10.348995457054178,0.1891891891891892
69f4e299-acae-4b8f-83a6-4a962091547f,56,61.111111111111114,10,316.45,0.018083182640144666,44.46752872727594,-9.75
69fceb80-1032-402a-8955-ff4000c7bc84,268,137.85714285714286,8,183.54,0.008255933952528379,,
6a1956aa-e8fe-49b7-97d4-38e78f42ffa0,251,65.0,3,260.32,0.022900763358778626,,
6a386109-9aa0-4268-8653-2f5ec8f4fe48,280,97.0,5,296.08,0.012853470437017995,,
6a439706-06da-4441-97eb-278f3b1e80bd,259,42.0,5,419.20,0.029411764705882353,,
6a4fed89-c034-4bc5-af18-da39152fe5a5,356,50.77272727272727,23,233.62,0.020426287744227355,53.33267721457885,-1.4285714285714286
6a5443d7-d72f-47a8-9dc8-7cb2381f5ed7,404,48.0,11,208.45,0.022727272727272728,58.87651861688533,0.8888888888888888
6a5c5869-d676-432c-a3f8-357b0871a648,155,97.66666666666667,4,238.91,0.013605442176870748,,
6a633152-ea2b-483d-b858-21c7e1e9a580,62,21.0,40,300.60,0.047505938242280284,20.049937655763422,-0.34210526315789475
6a693874-e86e-461e-b8ab-04172f303c12,22,116.0,2,264.90,0.017241379310344827,,
6a861743-e27c-456a-9a3b-3eada57cf1f4,357,15.615384615384615,27,260.87,0.06443914081145585,17.22109618596197,2.52
6aa5eba6-09c9-4726-8b21-7f4bccf92269,359,109.66666666666667,7,301.93,0.010622154779969651,,
6aaa78f0-66f0-46e6-989a-ad3035c33d50,81,47.166666666666664,25,239.94,0.021834061135371178,40.674387482806054,0.9130434782608695
6ab074ec-e613-45f3-b222-85816d3e5f37,382,19.5,3,288.65,0.075,,
6ab27772-ffca-4779-8b2d-104e1515cdde,304,19.875,25,285.95,0.05091649694501019,21.84990796916247,-0.9130434782608695
6abfe4e5-76dd-4ce1-9f08-9934005d788f,169,44.52173913043478,24,255.28,0.023143683702989394,45.47713667849273,0.09090909090909091
6ac6996f-0ff0-48bf-8637-4092b390d4f2,137,212.33333333333334,4,181.42,0.006269592476489028,,
6ac8a87d-3c66-4d34-8b23-09f40a3e5b14,9,8.928571428571429,15,332.50,0.11278195488721804,8.642153272582776,0.23076923076923078
6ada37d7-11a0-418d-bd74-39563d6a22e0,72,67.72727272727273,12,186.96,0.015978695073235686,62.586086167919,2.0
6aef1e29-f620-4c60-89e1-ff5494162f1f,10,15.625,25,255.61,0.06459948320413436,16.977766791229975,0.2608695652173913
6af7e34d-782e-4c5c-a2db-065e98f8614a,180,204.0,2,117.22,0.00980392156862745,,
6b0d6576-0927-4cc6-898a-0b497d8b67bf,401,46.526315789473685,20,309.30,0.02242152466367713,41.390240960685716,2.888888888888889
6b0fccf8-3e41-4ccc-955d-f868be0d4da4,122,78.33333333333333,4,405.23,0.01694915254237288,,
6b254a04-b4ff-4d77-b706-d4fe9e020027,214,41.0,12,253.50,0.02631578947368421,32.357379374726875,0.4
6b2b24de-cf58-461d-8dff-f0428888b537,106,149.0,2,169.71,0.013422818791946308,,
6b2d1448-6fa0-452b-a0b9-786ac7c6952b,174,56.30769230769231,14,289.08,0.018944519621109608,55.60033665273472,-1.8333333333333333
6b3a2d35-2be6-4d80-9330-22b04aa268c3,90,44.7,21,236.51,0.023230088495575223,55.167782360054275,1.263157894736842
6b40493f-7217-4881-8fc9-b38556709d3b,50,63.0,4,210.73,0.021052631578947368,,
6b57addf-acc9-4f67-b02f-a05a76674471,249,42.42857142857143,15,262.14,0.025,43.025420546309746,-0.9230769230769231
6b63b6ce-d2fb-4f02-a6ae-2ec9cd2fb955,90,1.0,2,95.52,2.0,,
6b74b907-cd77-45a7-afa4-c1d5316dbc38,5,27.547619047619047,43,230.16,0.03659574468085106,35.804484240856965,-0.04878048780487805
6b7a243c-9ba3-475a-82c5-54bf2a67e64c,104,50.4,6,191.05,0.023529411764705882,,
6b93559a-89a4-484b-97bd-4b7cb6007aac,98,33.92857142857143,29,261.12,0.030176899063475548,24.414519922963528,-1.2592592592592593
6bbc24b2-e255-423a-bb9d-7127d32fba17,385,49.333333333333336,10,245.47,0.022321428571428572,75.1015978525091,0.5
6bc63c41-2472-403c-bc01-8112986f3d24,351,48.75,13,279.69,0.022033898305084745,38.85433168784519,2.4545454545454546
6bcf8313-6ad6-4104-b583-7974953b36cc,139,141.0,2,280.62,0.014184397163120567,,
6bd95ac6-c0fe-4fa0-89f9-8bc0edb93429,247,16.428571428571427,15,271.94,0.06302521008403361,12.37686604867376,1.8461538461538463
6bff600e-473a-4c6d-a450-cf1e5a36372f,424,,1,221.40,inf,,
6c095e26-9d9c-4911-915f-686fd07378f7,267,147.375,9,329.54,0.007620660457239628,,
6c1c9eed-d8c5-4690-94c4-06a05422d54d,323,6.5,3,500.27,0.23076923076923078,,
6c28c3b3-eaae-4808-8ff8-0a8f0015c57c,335,13.0,2,128.70,0.15384615384615385,,
6c2d445c-4d52-49c5-9ffd-e88ef65c33b2,333,19.27777777777778,37,232.71,0.05196629213483146,24.322371960353248,-2.2285714285714286
6c3ad540-fc4a-4767-b9c4-50a81ad76e1e,161,48.81818181818182,12,273.28,0.022181146025878003,29.212388405668516,-3.7
6c488ee1-098f-4711-96f2-48fb1a757fb2,183,118.0,4,247.43,0.011267605633802818,,
6c62e9ef-1ac6-4472-91ed-35635528764d,53,52.857142857142854,15,247.38,0.020080321285140562,37.06305882776447,7.923076923076923
6c769c7e-ca01-451d-8ce5-98685cf3d722,294,,1,278.65,inf,,
6c773154-3c6d-429b-a3c2-b3c7e95062d7,117,25.0,8,291.87,0.0449438202247191,,
6c77acd9-7e5b-4b9c-84a3-c3cf0c3a82e7,288,93.33333333333333,4,441.06,0.014285714285714285,,
6c77bca5-19d4-4f4c-ba8c-e593088e6be1,4,31.428571428571427,8,187.02,0.03587443946188341,,
6c7ed3a9-cb98-480b-9261-5fc867796371,197,77.33333333333333,4,219.50,0.017167381974248927,,
6c86466a-e09b-49d3-a2ae-f272f1a1e4d3,101,84.66666666666667,4,172.49,0.01568627450980392,,
6c8d535a-c540-494b-8675-d1fbfe13978f,352,49.95238095238095,22,256.76,0.02071563088512241,50.96614188897978,0.45
6c948910-8d98-4284-bb7a-04bf5f4f5830,129,118.66666666666667,4,244.28,0.011204481792717087,,
6c9b94b6-cf98-4e35-a885-c887128b83a3,267,214.66666666666666,4,290.44,0.006201550387596899,,
6cb3ce70-93ba-4837-8f9a-f3f38dc3398c,410,45.5625,17,340.69,0.02312925170068027,41.24393894865038,-5.8
6cbc16f0-c988-422a-9c34-b4049223fde2,152,129.0,3,261.18,0.011627906976744186,,
6cc02981-cad2-4d34-b8a6-9de36172ca5b,254,51.36363636363637,23,234.13,0.020122484689413824,44.80704180897234,-3.1904761904761907
6cc791ae-2376-41de-8894-1f99f2564def,62,11.0,4,80.48,0.11764705882352941,,
6ce63b49-4910-47be-a9fb-e40d93c16b21,82,65.7,11,203.23,0.01661631419939577,73.7127306960383,-3.2222222222222223
6cf4f413-8c76-450f-930a-58a4a93e5b6d,32,18.8,31,267.47,0.0535405872193437,17.1874051721522,0.4827586206896552
6cff24ae-1ee8-4904-810e-debb5828d5d6,105,60.666666666666664,4,239.48,0.02185792349726776,,
6d141041-ebb0-41ba-9eb0-ed7979428860,259,40.333333333333336,7,203.17,0.02857142857142857,,
6d1ab8b5-aae2-4556-bddc-aeb05e68151e,294,33.0,3,364.69,0.04477611940298507,,
6d573ebf-d18f-44b4-b26e-c828e0044a26,141,31.5,9,300.00,0.03529411764705882,,
6d5b8446-4791-4fbd-bac6-38e4fbfa7f72,312,21.96875,33,247.25,0.04602510460251046,20.73875035119118,0.03225806451612903
6d5c587d-6a55-4925-9317-4810ce64fea5,138,111.16666666666667,7,373.66,0.010447761194029851,,
6d5ccf83-a8e7-4901-8ac3-7bec02abaa64,255,52.333333333333336,4,136.48,0.02531645569620253,,
6d64c06f-29bf-45ee-a183-949ca0ba2cbf,302,128.0,3,250.73,0.01171875,,
6d8f00cc-2cf4-443a-893a-b3e0e74ddb61,81,3.0,5,204.23,0.38461538461538464,,
6d98cbc8-bea4-4050-9f12-1249ba168bc8,248,61.3,11,281.87,0.017828200972447326,55.05966460728458,-15.666666666666666
6d9d5f33-f60d-4815-a6a9-d553f6b00535,280,33.666666666666664,13,211.04,0.03178484107579462,27.48002029023114,-0.7272727272727273
6dbb68cb-58e7-4d0a-9cbe-b86d51c50bf9,116,38.04761904761905,22,339.39,0.027227722772277228,40.02058993877551,-1.75
6dd16a82-f4e8-445f-931e-da08738ba8a5,356,58.0,14,269.55,0.018396846254927726,51.05715751325502,-0.8333333333333334
6df85e0c-e645-4ec6-91de-fd1319f59c13,235,25.63888888888889,37,265.59,0.03919491525423729,23.691050483587112,-0.5714285714285714
6dfc3757-e6f5-43b9-9fd6-5722f5e7f9cb,202,21.725,41,249.13,0.04617117117117117,24.629550210869535,-0.7435897435897436
6e3174f1-e568-4224-a722-2d36a3e4bd87,317,116.75,5,147.28,0.010660980810234541,,
6e351569-51a4-4ecc-8772-f259270707dd,423,162.33333333333334,4,123.83,0.00819672131147541,,
6e4d7010-0e29-47d3-b902-95613feb4f99,147,251.0,2,278.28,0.00796812749003984,,
6e604e4a-e3a0-4a15-81b3-3ab3e3b7f523,349,92.33333333333333,4,181.56,0.014388489208633094,,
6e6f28b6-1d95-4ce6-a4a7-71eea7f5d522,152,16.71794871794872,40,273.29,0.05961251862891207,15.008679450218338,-0.05263157894736842
6e784dda-0baa-46da-8d48-d683df0fae87,4,50.92307692307692,14,296.61,0.020958083832335328,33.51482641673069,2.75
6e85f87a-f0a9-4282-97d6-a85d0b0e4ed3,307,12.384615384615385,14,236.52,0.08333333333333333,15.639365191392635,-4.083333333333333
6ea2a515-058a-4265-81db-7bac7c14c1ed,404,26.263157894736842,20,271.75,0.0392156862745098,24.03895474077939,2.1666666666666665
6eb8d630-d457-4653-95f1-8609d659bc0a,233,15.5,5,324.17,0.078125,,
6ecced5f-ac41-43bf-a4c6-230c7c1d4dc1,232,42.785714285714285,15,343.24,0.02471169686985173,46.633066134909654,1.7692307692307692
6ed14230-ee31-4b6f-9161-bc21e4bd0d49,40,41.36363636363637,12,227.07,0.02608695652173913,56.935529728409,-15.8
6ed2521b-a335-47e5-b453-c06728e703a4,222,46.25,13,228.55,0.023214285714285715,53.48937872478644,-9.363636363636363
6ed55b41-5c9e-49d3-89a1-3fca224cea76,449,54.666666666666664,4,174.21,0.024242424242424242,,
6edc043e-004a-4c4b-b963-eace8060c701,149,23.733333333333334,46,266.04,0.04224058769513315,26.59152291443818,0.06818181818181818
6edf65d8-b0a2-4eaa-8866-41f89506753f,278,138.0,3,220.76,0.010830324909747292,,
6ee1015d-27a6-42ee-9ec9-6583729bf6ba,162,33.22222222222222,10,192.38,0.03278688524590164,31.79535256046777,-4.25
6efe8612-8078-4364-9ffa-842e0b8be862,148,24.863636363636363,45,260.88,0.04035874439461883,23.210453648353532,-0.023255813953488372
6f05feab-912a-4dcf-ae29-fe59d894ba46,71,56.94736842105263,20,294.51,0.01833180568285976,51.162566268068524,-1.1111111111111112
6f072c31-02a5-4ae9-ac8f-d9eba8bb5d7d,279,,1,142.00,inf,,
6f1643f9-9ffc-4c71-8d2f-a8509506634b,86,57.166666666666664,13,324.33,0.01881331403762663,49.72256362390553,-3.1818181818181817
6f3a6e2b-9e0a-49be-8e8d-1fab2ab29dcb,243,26.428571428571427,8,208.38,0.0425531914893617,,
6f44b73c-73ca-4e00-bcb2-a7d18fea2d52,453,256.0,3,129.32,0.005847953216374269,,
6f51eda1-5c65-46c7-b74c-eddd3a94b0ee,511,153.16666666666666,7,285.61,0.007592190889370932,,
6f5fa27a-707a-4956-9ff9-e7cec91e4034,281,175.0,2,319.82,0.011428571428571429,,
6f6b6798-e00f-44b4-b6b6-1c59dfde7505,169,136.28571428571428,8,216.59,0.008350730688935281,,
6f73ce51-f0b1-4f16-b174-160d3ed40895,201,,1,305.97,inf,,
6f91670a-196c-4b5a-ae71-650a2d8d6299,58,22.930232558139537,44,225.38,0.04360753221010902,19.261848980175948,-1.1904761904761905
6fb27dfc-4f40-4018-8b6d-74b604707498,404,36.1578947368421,20,268.90,0.028694404591104734,31.127449761504245,3.2777777777777777
6fb42c59-72ea-4f54-aae5-ffa8a398606f,100,15.521739130434783,24,221.20,0.06557377049180328,16.81414330317673,-0.4090909090909091
6fb61d26-f82a-42d7-a413-90c15d973a0d,48,50.666666666666664,22,288.85,0.020484171322160148,38.343621807718336,1.3
6fb7b42c-ea1e-4bb1-84a9-5c05c9311e0c,83,53.61904761904762,22,236.69,0.019349164467897976,43.05052402756114,-3.35
6fbfda48-33c6-42cf-973a-7b2dccc04908,243,16.35,21,288.69,0.06231454005934718,16.361942363140656,-0.42105263157894735
6fc13849-df49-4a94-ba46-62844c7ca7a0,182,139.83333333333334,7,209.85,0.008323424494649227,,
6fc22211-2069-48dd-8973-25e90426a92c,35,51.21052631578947,20,308.41,0.020387359836901122,47.91146806276995,-4.166666666666667
6fde1d0d-ab68-4fb3-953b-1c197d85ecdb,357,224.33333333333334,4,279.45,0.005934718100890208,,
6fdfcd58-25ed-4508-825d-4a1f24a3053e,134,43.714285714285715,8,227.00,0.025974025974025976,,
6fec1341-f994-4015-902a-cf3459dc2954,246,,1,479.10,inf,,
6fec2f56-4dfc-4bd3-9207-9cb33d5d7caa,368,60.5,3,322.98,0.02459016393442623,,
7005c5bd-09ce-423b-a17e-a8bb6e2c6339,189,19.933333333333334,16,202.98,0.05228758169934641,24.440793378128724,-2.2857142857142856
7007736c-b884-4647-b9a5-489594dcd856,455,86.5,3,270.47,0.017341040462427744,,
700f1f08-4ff5-47d2-8bd1-1d6aad730f58,155,177.6,6,217.59,0.006734006734006734,,
7021c3b7-ca34-40ee-a580-2bad2658f6fc,168,38.2,16,234.77,0.027538726333907058,29.079202189881347,-3.7857142857142856
70334e2a-0f8e-47fd-9bd5-8c0fcd87cbae,92,38.666666666666664,16,295.09,0.027210884353741496,42.744534599118495,-0.2857142857142857
70378475-7469-48b7-8681-23f88f7e114c,289,11.0,5,342.80,0.1111111111111111,,
704897df-5fc8-4d27-8886-f11ff5a7379e,440,,1,246.98,inf,,
7054ea08-4895-4b50-9bbc-d9106c5fa475,180,165.0,4,121.74,0.008064516129032258,,
70570921-adc5-47c7-9661-a76b3998091f,102,69.8,11,361.69,0.015647226173541962,79.69636824292003,-1.2222222222222223
705880a4-c5db-4e34-9655-ce37a33bd325,181,105.5,3,155.68,0.014150943396226415,,
7064ae1f-0005-46dd-9b50-584bfef9fd0b,299,51.083333333333336,13,337.06,0.02106969205834684,49.4358322995731,-0.09090909090909091
7073a840-8c15-42d1-96a0-e1d82ffe77c7,294,25.541666666666668,49,275.29,0.03910614525139665,22.388217202438117,0.2978723404255319
70800f60-bfc4-473c-8352-29d896438faf,103,70.85714285714286,8,150.04,0.01606425702811245,,
70911bd8-d58b-4ffa-b3b2-d0fb71c3afa2,154,36.666666666666664,10,175.14,0.029850746268656716,46.33303357217181,-18.375
70a2632a-448e-4198-9e9d-67e21cb93a03,-11,21.98148148148148,55,224.74,0.04519309778142974,21.090542225099554,0.09433962264150944
70ada8e6-6351-4766-bc0d-fcd2b425d184,-2,60.77777777777778,10,305.29,0.018148820326678767,57.17686983776258,0.625
70adbfd3-0423-424c-9878-42b636807e26,246,,1,374.96,inf,,
70c204a6-83a9-4b37-9d7a-c7b2295fef0d,322,14.5,3,197.48,0.10344827586206896,,
70c397ed-2923-4d99-a061-e231c0b36798,321,321.3333333333333,4,262.18,0.004149377593360996,,
70c52a00-0d74-4bd7-94ea-01dc2c42d7b0,227,57.84615384615385,14,213.38,0.01844532279314888,50.648866643861766,12.166666666666666
70ea290a-7d23-475c-b0f3-78f449f26db9,24,61.611111111111114,19,283.91,0.01699463327370304,50.852889198837865,-0.7647058823529411
70fedaeb-8173-448a-83d3-785177cc2fb5,260,24.976744186046513,44,248.70,0.04007285974499089,27.671963094949355,-1.119047619047619
7100ecc5-4e9d-4a29-aced-99b1d1ffe3c3,334,11.88888888888889,100,247.68,0.08196721311475409,11.499679577513781,-0.3469387755102041
7106bf6d-3d51-4e7b-a2a5-ddcc641f0603,174,164.0,3,264.80,0.00911854103343465,,
710ec033-e958-4733-b78c-8b61d314d839,192,136.0,7,295.00,0.00853658536585366,,
7111701d-c286-4072-9aec-18500e684cfd,102,58.25,5,205.03,0.02127659574468085,,
71157a29-ec16-42da-84f9-8f4145b05345,13,111.85714285714286,8,289.59,0.010178117048346057,,
711c253e-df68-4309-b526-86fd84468adc,320,134.83333333333334,7,210.59,0.008631319358816275,,
712b97fd-45a6-4cfb-9229-24f15595c4f9,128,21.914893617021278,48,221.00,0.04567078972407231,22.872833503709955,-0.4782608695652174
7133d95d-3f92-440b-a227-7d07490fda5c,285,11.482758620689655,59,284.02,0.08513708513708514,15.246790147449495,0.03508771929824561
7144d13a-97f9-4485-99a6-6e165d7fb992,139,82.8,16,307.95,0.012830793905372895,67.37337329072538,-10.785714285714286
714d5585-d3f0-47d1-8e25-27c01789f97a,-9,21.94871794871795,40,267.82,0.045714285714285714,24.148606495645076,-0.7894736842105263
71521fba-1c30-4828-bb92-98dcc380a936,407,114.5,7,192.35,0.010159651669085631,,
7158e5f0-da75-4dbf-bb0f-a3913bfc501e,259,13.670588235294117,86,272.47,0.07131011608623548,12.988445630172812,-0.14285714285714285
716e17e2-6504-4e06-af2c-64f479493626,143,18.3,21,251.18,0.05585106382978723,23.61333254083825,0.10526315789473684
71a2bebb-8e4c-4f82-a773-ec53a68167e3,289,,1,157.94,inf,,
71ad1fd8-219e-417e-a3dc-1f1d2a319b92,249,44.333333333333336,7,153.01,0.026022304832713755,,
71c3599b-a73c-4ce7-b176-4bc4e4c0a127,325,151.66666666666666,4,310.69,0.008771929824561403,,
71c39d70-16c4-4578-800b-7da4b46b670c,-23,65.83333333333333,13,276.43,0.016331658291457288,58.56283856342741,-1.1818181818181819
71c52672-8a5d-439a-8b3d-c6508696e072,54,,1,30.71,inf,,
71dd10ba-c8d5-40af-b243-ad5a87d06c1b,287,29.375,9,268.43,0.0375,,
71f47af0-e628-45d8-9a0c-021e1b1ff2da,268,107.0,4,294.70,0.012422360248447204,,
720ba157-366b-4bb2-a0b1-cd229cd14767,331,51.2,6,222.80,0.023346303501945526,,
72116211-99b8-4a77-b370-bc7296c05b64,289,21.694444444444443,37,290.15,0.04630788485607009,23.45064049621118,-0.5714285714285714
7212ffe2-59a1-448c-a7cd-ba1f6a6aa386,182,245.5,5,289.70,0.00508130081300813,,
7257e0f0-a88f-424c-a2fe-ff7c03b7c240,160,55.666666666666664,16,284.45,0.018957345971563982,40.104625074683746,-0.07142857142857142
725a080a-43ec-47f6-9e0d-e84e01d50855,-11,11.14102564102564,79,239.27,0.08700440528634361,8.906038166183423,0.11688311688311688
7264fcde-e21a-4d9e-84fb-d835b5a26dcf,227,47.13333333333333,16,327.28,0.022377622377622378,46.51093061492821,-1.8571428571428572
726db9ff-6c62-48e7-827e-f521b9f6daaf,109,22.514285714285716,36,229.52,0.0448318804483188,26.452367211507497,-0.47058823529411764
7278aa94-7634-4c49-9e6b-896b69b47910,67,14.333333333333334,4,364.69,0.08888888888888889,,
72858227-95a9-4e6a-bf7f-1d81b474ea96,449,208.0,4,147.83,0.0064,,
728de895-f27c-4aa1-a2f5-bb013dee872b,186,31.5,5,240.66,0.0390625,,
7290e39c-f81d-4885-b528-b4125fce14f4,268,84.0,12,243.36,0.01293103448275862,47.40675057415347,-9.7
7295b7a1-73fa-48f1-bc21-0121df3e2da1,112,162.33333333333334,4,370.23,0.00819672131147541,,
7295e64a-08cc-4b8f-a75e-449e8c6ff719,353,14.666666666666666,19,261.52,0.0695970695970696,14.295206930173155,0.47058823529411764
72b41100-2543-45ca-86bd-e340985cdafa,166,20.25,13,274.03,0.05241935483870968,25.588083163847973,-0.8181818181818182
72bec48b-30dd-4f1c-894b-19103324f3b2,343,176.5,5,221.80,0.007062146892655367,,
72d41d17-48a4-4d8a-b27f-93e1141d31b6,4,44.0,20,188.89,0.023668639053254437,35.83759664560855,-1.4444444444444444
72e2a45b-be29-44cf-a45a-7ffc7c47ddd3,139,46.25,17,240.48,0.022727272727272728,45.9412668523627,-0.06666666666666667
72f60d88-b85f-4795-9a52-a9167879acff,244,26.125,9,250.14,0.04245283018867924,,
7303cddc-45ca-40f5-94eb-d32850f9503f,263,58.55555555555556,19,200.33,0.017907634307257305,82.62332829827764,-1.4705882352941178
731412b1-6461-44b3-94fc-8b2e52084849,95,,1,130.71,inf,,
73208962-53ec-4b5b-9029-53a1427a8c6e,160,20.896551724137932,30,293.42,0.04838709677419355,20.036297112252136,0.14285714285714285
7324b3d3-8468-4e78-82f8-1e9f4e0c4cbf,313,66.25,5,331.39,0.018726591760299626,,
7330ee18-fe5a-4617-ac36-3271499af4aa,241,51.0,6,304.31,0.023346303501945526,,
73485a71-a035-4d39-b0c8-fdbefa5d13a5,389,46.05882352941177,18,271.10,0.02284263959390863,37.265048282934124,0.6875
734c30c3-8866-4ce6-abb7-3f534b649896,249,53.25,21,292.88,0.0195712954333644,43.69496538504179,2.4210526315789473
734c6403-aa13-4fb7-b7e3-1eab8959bfde,62,18.2,6,197.83,0.06521739130434782,,
734e0809-e018-4dd6-9dfd-86ca9f17f9a7,268,18.0,3,172.68,0.08333333333333333,,
735d215f-86e1-425c-8393-d8fc8dfe46a7,187,45.26315789473684,20,241.38,0.02304147465437788,42.225376921234826,-6.0
735e6cda-d419-43f5-8c91-5c06660fd4b5,279,11.666666666666666,10,263.18,0.09259259259259259,8.689073598491383,0.375
73620e54-3bae-4094-b189-f245c3198703,232,21.63157894736842,39,263.95,0.04642857142857143,19.98840346589043,-0.3783783783783784
73891e73-9aad-475c-a343-4ed00fca60a6,115,143.0,3,157.56,0.01048951048951049,,
73972292-da12-4e9b-82c2-e536b0b254a5,52,56.94117647058823,18,265.94,0.018442622950819672,65.1042150980212,-2.625
73a2b5ec-0007-46e2-ae68-a3fbdfb60cae,358,60.9375,17,233.07,0.017258883248730966,57.20311034667025,-2.4
73c5bfc4-14ff-4ca7-8aad-9c21c683465f,371,62.833333333333336,7,217.73,0.018421052631578946,,
73d788ea-46b6-4a36-bd3c-af88c5c9b7c5,144,20.19047619047619,22,211.05,0.05057471264367816,27.04185468420953,-0.4
73f8c78d-a1fe-4699-886b-6186103aa362,388,72.75,5,173.61,0.017123287671232876,,
73fe9142-b70a-43fd-8820-7f43600a63fe,470,97.0,2,158.52,0.020618556701030927,,
74087603-a9af-47ae-8525-3acce2f28936,339,22.923076923076923,27,264.55,0.04455445544554455,21.209286790315375,0.24
740cacf5-80af-442b-b2a4-7a19d247d6a5,154,29.9,11,181.13,0.03642384105960265,31.17139001641658,-0.5555555555555556
7423503e-0f77-414a-a2a3-0cb9deece7c5,341,25.872340425531913,48,242.52,0.0387409200968523,24.588453477258998,-0.06521739130434782
74449456-9a0f-4806-8765-64b007495efc,304,61.3,11,243.42,0.01779935275080906,40.64493955108202,-8.222222222222221
7444bc2d-0ab3-4b6a-ac6a-1b7ac4909501,18,42.333333333333336,7,263.34,0.02734375,,
74485971-872d-43ec-9384-bc4c8b98a2ab,287,37.57142857142857,8,275.54,0.03007518796992481,,
7448f6a1-44fd-4096-a865-c2c6078713dd,331,33.5,7,225.97,0.03414634146341464,,
745b452d-f02e-48df-8a8d-5d25a8d16225,256,32.36363636363637,12,309.68,0.0335195530726257,19.293899177059714,-4.5
74674ecc-0474-412f-9289-e640e1cd21e7,204,267.0,2,87.41,0.00749063670411985,,
746b8fe5-12e3-45e2-b2c5-211360bb27a7,383,,1,649.05,inf,,
74749e86-2aab-445a-8a3c-e79782ecbfce,397,158.0,7,241.83,0.007368421052631579,,
748114b3-700d-40eb-b4ca-20c5e3aad631,243,156.71428571428572,8,353.37,0.007272727272727273,,
7483d2f8-b5c4-45d2-834a-05b27d71fcec,375,167.4,6,384.73,0.007151370679380214,,
748ec479-8abe-455b-ac25-eb1c93e57a7e,210,50.57142857142857,15,240.29,0.02100840336134454,53.86266622798034,7.538461538461538
749ea2c6-b876-46ec-864a-e7821d52f564,49,26.242424242424242,34,279.79,0.03854875283446712,24.65515958048931,-1.96875
74a32d37-0e6c-41b2-8ddf-64350439caef,179,56.888888888888886,19,327.94,0.018410852713178296,62.303704817506066,-1.0588235294117647
74a3d0eb-e2ff-4351-98b9-de0e87f37ffb,109,28.3,41,250.29,0.035652173913043476,26.23385950666399,-0.15384615384615385
74ca494f-9af1-4460-ba13-cb2d8ee7c054,53,63.53333333333333,16,286.53,0.016684045881126174,42.552264782209164,-5.5
74dc90a7-7075-4197-9f69-b10449a69d21,335,27.333333333333332,7,175.73,0.04216867469879518,,
74e05752-6341-474c-b234-1a3bc3b1980c,83,40.833333333333336,7,217.39,0.02834008097165992,,
74efbda5-970a-4145-8e30-43958aed59d7,232,75.33333333333333,4,211.33,0.01762114537444934,,
74fa2e47-8b8f-4293-80ad-9b0165d40955,241,112.25,5,140.94,0.011086474501108648,,
74fd77a1-a23d-4360-940a-d4da952f0990,345,101.2,6,368.89,0.011811023622047244,,
75071b9f-b344-477b-be6a-488dd38202d2,381,138.0,8,218.38,0.008255933952528379,,
750f0522-de34-4277-bc3e-04786ada8fa5,323,60.31578947368421,20,257.93,0.017316017316017316,52.262215617849094,-0.3333333333333333
752cbc85-05c8-4c0d-9546-52dc5f00ad83,39,17.18918918918919,38,258.30,0.057926829268292686,24.297734048258075,-1.0833333333333333
753045fe-e9fc-4dae-ad8f-a1c0d2107d1c,362,88.8,6,167.11,0.01348314606741573,,
75362fbf-54a4-4262-99b5-8ee631536bef,15,94.57142857142857,8,198.20,0.012030075187969926,,
7539d546-98c9-46a8-b9ce-4f3d6df3c7a3,422,196.0,4,162.59,0.006791171477079796,,
753b6503-64d5-4375-9dcf-d09cf5e377d6,369,89.0,4,308.42,0.014925373134328358,,
75418c8d-308a-476a-ada5-45e13a6753d8,228,12.133333333333333,16,356.15,0.08602150537634409,11.388381715381605,0.07142857142857142
7547cf9f-0b9f-44d7-b2d4-d2c239d0dca7,215,153.5,5,303.45,0.008116883116883116,,
754cd1ed-a4eb-4b44-b1c3-693a8643f374,117,47.25,21,272.18,0.0219435736677116,34.238905233359134,0.9473684210526315
75568007-12b7-4906-aac7-906df42c7ea8,3,30.875,33,385.38,0.03286852589641434,26.044317069428086,-0.22580645161290322
756adb7d-eb19-4ff9-8929-074ab3071c03,85,44.5,15,268.85,0.02384737678855326,39.08324449172561,-2.1538461538461537
7589f9a3-803d-4c42-85d1-a0591bac0fcd,207,50.375,17,251.28,0.020884520884520884,44.33640340247128,6.6
759a4bcf-9efd-4f80-8834-e22c69ac8d6e,173,,1,112.94,inf,,
75a6d89c-29be-4282-82e5-d2430e894123,278,29.06896551724138,30,235.28,0.03496503496503497,22.475273769956235,-0.25
75b0e0ea-ab43-4d23-b8e3-00a6f440cd4f,183,131.83333333333334,7,212.21,0.008827238335435058,,
75bed218-27bd-4345-8982-2174f2d1a5e6,88,265.0,5,322.58,0.00471253534401508,,
75c9ee8a-0801-42db-937c-8d9d969b0860,61,40.5,11,306.73,0.0267639902676399,25.365111647475334,-0.8888888888888888
75d0fe15-3901-4a89-b2d0-d282f78a3b47,401,22.9375,17,266.37,0.04533333333333334,34.53398084978524,-0.9333333333333333
75da6dab-bc9a-4850-be69-da1c7b361618,290,54.95652173913044,24,265.74,0.018823529411764704,61.91524871722164,2.4545454545454546
75e2d01e-7319-441e-94ab-389aa1fb75b8,97,28.0,2,349.43,0.07142857142857142,,
75e39897-5f24-4d98-be18-64cc972180a0,221,51.5,15,317.38,0.02063273727647868,55.795988275971126,-2.769230769230769
75f8ae0c-26ab-452f-90d1-8874c6351a62,78,20.09090909090909,23,212.54,0.05088495575221239,23.472190416399638,-5.095238095238095
7625839c-f12b-488a-8040-07b4f7074c6f,224,17.384615384615383,14,285.26,0.0603448275862069,18.310008472319456,0.25
7628c764-90ba-4223-a6b2-6ae05e994436,260,178.83333333333334,7,314.69,0.006505576208178439,,
762b502f-8f3b-47ee-98d1-39e6b5f0ebe4,476,,1,42.28,inf,,
7649b534-23ad-478b-8972-75378de29d2c,360,199.66666666666666,7,318.50,0.005833333333333334,,
7665d392-4300-439e-9f7a-a19b6ca5cd15,-6,21.84090909090909,45,289.06,0.04573170731707317,20.351496352983403,0.627906976744186
7667c99b-26a0-4a3b-907b-f234618e2d3a,273,74.25,5,217.56,0.016722408026755852,,
767558bb-13d6-4b48-9509-39b11ce1b3e4,-9,89.0,2,398.37,0.02247191011235955,,
768b17be-6ff7-4a93-9eae-bdd6d033c805,72,36.0,10,209.82,0.03048780487804878,22.5,-4.25
76a96a03-c887-4fee-80e3-dc9c2669a9e7,272,41.42857142857143,8,199.25,0.027303754266211604,,
76bba03b-4c9b-44ea-a94d-40eb9b7119c8,13,76.44444444444444,10,144.27,0.01447178002894356,56.886094766452175,-5.0
76c239f9-14b1-43c7-baba-138e83085f6a,357,36.0,2,328.29,0.05555555555555555,,
76ccffc1-453a-4bdd-8302-091def325c28,87,28.166666666666668,7,210.74,0.040697674418604654,,
76e44779-c86f-4dea-85c8-443f77101a3e,340,192.6,6,240.30,0.006211180124223602,,
76e87d2d-c393-425a-a419-40abaecbb28e,247,53.0,4,318.17,0.024844720496894408,,
76ea434f-9947-4f0c-b17d-91a10aaab5f9,278,36.0,3,358.29,0.041666666666666664,,
76fc6abc-1cd3-4103-9517-7b735a4f574e,33,47.3,21,241.55,0.02198952879581152,45.77071000909689,-1.4210526315789473
770535df-cbc4-47a3-a0aa-66c9c38902d5,489,162.66666666666666,4,149.10,0.0081799591002045,,
770e3e99-3275-4bc9-92ad-9d75531668c3,190,57.5,3,332.01,0.02586206896551724,,
7710cde1-1e0d-4509-839b-ad9519d4721d,277,163.66666666666666,4,125.40,0.008130081300813009,,
771929bf-3a23-445d-ad11-988f4e5e635f,439,113.0,4,249.40,0.011764705882352941,,
772ca246-16f1-49ab-8824-8ae60414797b,245,73.0,7,347.43,0.015909090909090907,,
7733eaf2-d7d0-4eaa-b759-18c0bade3ae3,368,53.285714285714285,22,246.23,0.019555555555555555,37.738763701455376,-2.8
77342ce4-837c-47e7-aa4e-daad98ea806d,4,128.6,6,191.08,0.009302325581395349,,
77536692-c9a2-4811-bd4d-10464eb7b5a0,361,49.36363636363637,23,297.01,0.020966271649954422,38.7919302537764,5.142857142857143
777d719e-b069-4c99-9d26-516c6410a89b,215,63.375,9,259.72,0.01761252446183953,,
777e01da-4e55-46e3-943e-5c3cac9c30b3,107,45.92307692307692,14,279.53,0.02321724709784411,28.543713664195657,-1.4166666666666667
77846c8d-4bf8-46c9-a30c-63c5a5b23d5f,62,10.388059701492537,68,245.62,0.09315068493150686,10.298507134944508,0.045454545454545456
77855416-72bd-477c-b80b-a43b7153ca5a,199,19.979591836734695,50,267.15,0.0499001996007984,16.57242915698436,-0.0625
77a9d4d7-2bd3-4933-9f42-d3d45affda87,170,15.535714285714286,29,279.28,0.06473214285714286,16.93447533956854,-0.037037037037037035
77b14a8d-0104-45c6-ba92-f51daed8f338,212,161.0,2,65.89,0.012422360248447204,,
77e694d1-f555-4b2b-a61d-7226af96d851,25,130.5,5,140.66,0.009541984732824428,,
77ec5419-8339-4ae7-bd6d-1067a4576822,50,,1,287.62,inf,,
780bd473-cd07-4b87-b2a8-6450f1713c72,194,165.33333333333334,7,308.19,0.007035175879396985,,
7821b41c-f04b-408e-b97f-2f4c75befcd3,332,10.333333333333334,7,222.29,0.1076923076923077,,
7825f923-171c-46b9-8659-879251b2385f,304,137.28571428571428,8,263.96,0.008298755186721992,,
782d2dfa-4c46-4f3a-ae28-9ed6ecf1552d,359,72.33333333333333,7,301.35,0.016018306636155607,,
782e753e-75cc-4f86-83b1-ef7ef01bc42e,139,60.142857142857146,15,305.61,0.01768867924528302,63.66964878043679,-13.538461538461538
784a4ab5-7e72-4bdc-89c3-ee5a17d61caf,144,58.75,9,277.81,0.019027484143763214,,
78570639-d75d-45c0-b37e-670488084bde,187,51.15,21,228.72,0.02032913843175218,50.003447249585754,2.1052631578947367
78817c2b-3e88-41f9-b217-8644d383fa72,222,19.53846153846154,27,258.81,0.05202312138728324,12.146541134761843,-0.44
7885244d-0091-4219-9a89-b237528e14a3,368,51.608695652173914,24,274.98,0.020016680567139282,33.528467050654115,-1.7727272727272727
788ad751-f74d-47f5-8632-dfbd6578528b,377,224.0,2,186.45,0.008928571428571428,,
788c8e1b-e1c4-414a-a825-dd8b53b299f5,182,148.0,5,251.20,0.008431703204047217,,
78997bbd-f098-4af4-a5ab-1586a397fc62,276,46.4,11,248.77,0.023454157782515993,53.36082624714293,3.6666666666666665
789eac25-a105-43ae-9e8f-b14315023883,283,,1,565.05,inf,,
789f7438-d44c-413c-9cb6-15638c139609,168,32.666666666666664,4,248.26,0.04,,
78c39864-2081-4517-a7c8-7afe33d4f2c8,65,54.72727272727273,12,322.62,0.019769357495881382,60.99359131759813,-6.4
78eaa442-3e20-470e-9150-0a9d66239fd1,298,14.75,9,346.95,0.07377049180327869,,
78ec17ed-8f1c-44d3-9074-077e4e2cb9fd,315,41.125,9,323.48,0.02710843373493976,,
78ec4808-92e3-4f0b-85de-5c93409979cb,80,16.0,8,323.05,0.07017543859649122,,
78fa31e4-14b4-4f5f-8514-d776135ce5f6,71,36.833333333333336,7,231.36,0.03139013452914798,,
78fa9c3d-5ff9-49fa-ac8b-f560a8e6b88b,211,20.236363636363638,56,291.04,0.04912280701754386,18.91791590232767,-0.14814814814814814
78fcde3a-ba13-44cd-85e2-3fad725314ac,252,40.64705882352941,18,312.46,0.02575107296137339,40.07483807900942,-2.6875
791784fa-c088-4423-a627-35d7ccbaa5c4,15,19.166666666666668,31,234.55,0.05254237288135593,20.691633047222723,-0.5172413793103449
79377b7b-6952-4b31-b69f-084f1a0d5af9,230,86.0,2,318.49,0.023255813953488372,,
794e70b6-55f1-439a-a352-a84345cf3ee2,181,52.476190476190474,22,267.31,0.019766397124887692,53.01001702284111,-3.8
795f9df2-ce61-4a51-841a-2d3cc8cffc5f,181,169.42857142857142,8,222.72,0.006734006734006734,,
795fdaf5-6c17-49d2-b3e3-a4ab810ad421,185,8.2,11,272.74,0.12941176470588237,8.40370288755036,0.8888888888888888
7975e149-7aa2-447e-8b9f-fe9167e5f248,62,15.0,2,317.44,0.13333333333333333,,
7983fbe9-6e94-4d9a-987d-bc6343f554e2,78,33.64705882352941,18,224.69,0.030927835051546393,31.723298174351658,-1.3125
799469ed-2cef-4107-b37e-7f7cecbbd22b,55,34.76923076923077,14,205.19,0.030303030303030304,25.439974600858147,1.25
799c9262-0b1d-4edb-89eb-33322a431cd6,130,12.833333333333334,7,279.79,0.0875,,
799f4693-a538-40d7-923c-6c97e711d3d5,224,92.5,3,222.99,0.016129032258064516,,
79a7514b-9e76-4c87-a63d-4111d222c965,32,46.6,21,248.35,0.022245762711864406,45.459525086087645,0.15789473684210525
79a8288b-5fb7-49ff-967d-b5319b1db898,284,31.333333333333332,4,195.55,0.042105263157894736,,
79ae0477-8b3c-4c78-b7f9-b81e1568f00b,213,46.25,13,242.89,0.023214285714285715,38.84497159455543,-11.454545454545455
79baca63-c110-4695-9275-3559192c5f12,87,97.0,7,351.39,0.011965811965811967,,
79bc5dad-d215-436a-ac6e-168e66660184,434,111.0,4,300.37,0.011976047904191617,,
79bc7715-e790-40ed-918c-f07d6045e686,198,221.5,3,292.53,0.006772009029345372,,
79d758bc-7654-4b78-9bbd-47347773849e,253,19.866666666666667,16,270.67,0.05263157894736842,17.585979263796105,-1.1428571428571428
79dc0e98-ef80-410e-978b-d6fbc9ab3fed,309,63.6,16,278.07,0.016632016632016633,76.05336472316189,3.5
79ed955b-d040-4f4d-8678-0aa91de2dc7c,279,230.66666666666666,4,83.40,0.005772005772005772,,
79fc4091-dc7e-44d1-bc63-890333d8cac2,492,45.75,5,166.02,0.02717391304347826,,
79fdb205-a701-4043-a7cf-f8926b99bda3,69,57.42857142857143,22,272.37,0.018121911037891267,36.26923135189306,3.7
7a0af006-ee0b-4dd5-a55f-57c76b647575,351,247.0,2,289.02,0.008097165991902834,,
7a0e2a9f-bc7e-462a-9d44-76c08d189a50,177,60.733333333333334,16,294.49,0.017429193899782137,57.975939180055754,-2.142857142857143
7a10aee7-5e32-46d7-ad44-91ca5bfa5d04,288,19.88888888888889,37,241.93,0.050340136054421766,18.334631988636428,0.2571428571428571
7a121af2-f757-4904-bbbd-dfdc3dd86dfc,361,23.261904761904763,43,262.57,0.04317269076305221,26.7162684737491,0.926829268292683
7a127127-07eb-43ba-bc78-53d5da4eab4a,75,35.0,8,266.86,0.032388663967611336,,
7a135780-7d85-462f-8932-4d4d78002a3e,73,28.0,7,232.99,0.04093567251461988,,
7a227a26-a376-43fb-87cd-e61aac2a13c3,182,109.2,6,304.75,0.010968921389396709,,
7a5e4a8c-f893-44bb-9233-e34e6a571485,414,115.75,5,203.25,0.010752688172043012,,
7a5f6d76-7df0-47e5-bbdf-a5c2e2f5559e,203,217.25,5,333.00,0.005747126436781609,,
7a7c228a-ad33-4e01-8ff6-5f4cb3707f64,176,58.8,6,246.48,0.02027027027027027,,
7a84db92-2bd6-4685-8064-8c819766cd2d,102,114.0,3,292.36,0.013100436681222707,,
7a8ec465-7794-4dee-8e68-ada4052e0e65,117,87.0,2,253.60,0.022988505747126436,,
7aa249a0-c9dc-4584-9a70-6fdc6040a734,128,28.0,3,206.21,0.05263157894736842,,
7aa30903-2d23-4e05-99ae-1b18a1eec395,256,,1,572.71,inf,,
7ad8f29d-1efa-4769-ab38-92b281799cd2,401,92.5,7,216.57,0.012544802867383513,,
7adcac3a-92b2-4153-9e5e-422b4807406f,15,56.5,5,225.44,0.021929824561403508,,
7afebc9e-9f89-4235-ad8d-56d48e3c389e,249,119.4,6,203.66,0.01001669449081803,,
7b02fe3c-5e1d-444e-9be8-03f95ab84f24,344,10.162162162162161,75,242.63,0.09505703422053231,10.17790654124827,-0.3561643835616438
7b080665-883a-4d6b-86c7-24ed57f92580,215,12.923076923076923,14,250.48,0.08,14.343764838548829,-0.08333333333333333
7b0a1ebf-d7d8-4813-b7cd-7ad2b26403b2,390,63.0625,17,243.52,0.01673228346456693,54.614367767709865,0.7333333333333333
7b16db07-d589-4405-bbdb-30a360df59ad,398,178.0,4,176.12,0.00749063670411985,,
7b24991f-a807-40db-b51e-ae33063d2137,145,19.956521739130434,24,296.59,0.05106382978723404,16.650083977046116,0.2727272727272727
7b3016c2-ed69-42e4-9cac-dcdeb780066a,209,50.81818181818182,12,334.68,0.02127659574468085,51.8455748966451,-6.6
7b30a864-7d25-4ac9-87b4-720eed79eb6e,261,19.35,61,237.84,0.051390058972198824,19.851845322585618,-0.4915254237288136
7b3aedee-6f81-4081-8796-4969e4e7ff4a,186,48.73684210526316,20,212.63,0.0213903743315508,36.27340946090026,-3.3333333333333335
7b4f90f0-ed1e-4e57-ab36-2d49a41f46a3,89,30.0,2,236.36,0.06666666666666667,,
7b50336f-db34-42da-a0b6-cd93f83fd065,36,22.23076923076923,14,197.10,0.04713804713804714,22.02708123406975,-1.5
7b5246fd-5594-4480-ad62-0ca69beb734d,87,,1,176.85,inf,,
7b6de5d4-e7a3-4409-9e93-2f58dd89c226,288,227.75,5,203.53,0.005470459518599562,,
7b7c73b3-61fe-47a3-b8cf-a6ac21e53f4b,366,111.2,6,266.93,0.01073345259391771,,
7b8d7e44-5295-4619-8b14-5ad97b18e401,4,,1,136.71,inf,,
7b8d7e8e-c150-40df-a86a-dde78dc98698,174,,1,652.55,inf,,
7b9631aa-baa9-454f-aaff-0ceebb3165ad,319,127.0,2,254.69,0.015748031496062992,,
7ba22e44-47bd-46af-b6ff-b40b7aa04513,3,192.0,3,311.89,0.0078125,,
7ba7696d-8a86-495d-9f03-fde89dad3eca,166,37.714285714285715,22,264.47,0.02743142144638404,36.2755328798115,0.65
7ba993a3-ffc4-4a7e-b85b-be6a342f725b,273,61.8125,17,357.41,0.017085427135678392,38.1893855235544,-2.533333333333333
7bb20bf6-d802-4099-ae36-1dfc88f61fa0,15,148.0,5,252.28,0.008431703204047217,,
7bc467c1-28de-4cb7-9f3c-f0ce1daa92c0,157,,1,279.82,inf,,
7bdac6c8-a6f8-46f5-aafa-0425357ee9d4,441,81.0,2,414.96,0.024691358024691357,,
7be7b3f0-2db9-4b91-b464-d01a1623370e,166,54.53333333333333,16,257.59,0.019393939393939394,40.7235745460725,-3.7142857142857144
7bf07587-9e55-4cc7-8d73-449888cd233b,123,46.13636363636363,23,232.17,0.0224609375,47.689766751514455,-1.9047619047619047
7c0badf7-8826-476b-b540-a2f48b80fdc4,345,29.75,17,233.80,0.035196687370600416,26.395706721611628,-1.0
7c1d5b8f-c5b2-4e93-a622-3ec0c0df93ce,405,98.5,7,224.55,0.011784511784511785,,
7c234b23-352e-45ee-9d83-135943c61cac,337,29.73913043478261,24,265.74,0.034532374100719423,23.275459943320616,-1.5
7c26c0fd-e2f0-461e-8014-b5551a98508f,22,38.0,5,259.38,0.032679738562091505,,
7c3b2a7d-7256-4ba2-9259-ee456cf425d0,95,11.517241379310345,59,247.32,0.08489208633093526,12.234895993665068,-0.7543859649122807
7c4332b4-45a3-47af-8a18-4bbc90de8cb5,124,139.6,6,241.78,0.008571428571428572,,
7c55713c-1c9f-4d9f-9fb3-e0dbf880e658,353,179.0,6,284.24,0.006688963210702341,,
7c60ed3c-c02d-401a-85ec-50bd0216d6da,389,32.75,13,272.63,0.03258145363408521,52.50303021558072,0.0
7c7592dc-d8fe-4073-b89c-d0751e74aa74,314,147.71428571428572,8,120.53,0.007714561234329798,,
7c834e39-dff2-45cc-ac9a-9d95f1ee8be6,101,109.0,3,176.14,0.0136986301369863,,
7c9f6b91-39b4-4d7c-859f-55f037742b74,196,23.80952380952381,43,280.96,0.04207436399217221,27.81580362806419,-0.8780487804878049
7ca3b06e-9275-46c0-86d3-ed9fb78a485b,168,242.5,5,108.39,0.005149330587023687,,
7ca495e9-cb9d-4934-a35b-e04e06de2b29,117,251.33333333333334,4,457.98,0.005298013245033113,,
7caf3cb0-d9a7-4baa-ba4b-e334925411b6,76,11.232558139534884,44,244.46,0.0873015873015873,11.894050552196504,-0.6190476190476191
7cbf34d5-e841-466c-b5ae-b05fe6da16ef,-9,20.666666666666668,58,247.28,0.048013245033112585,20.842378988607848,0.0
7cbfb210-6e4b-4c19-bd2e-179a79fe6cb2,61,14.0,8,219.12,0.07920792079207921,,
7cca3030-334b-48a1-a272-67854c6e7c6e,418,74.0,3,167.50,0.02027027027027027,,
7ccd8eaf-e717-4601-a23b-37113a9844fa,301,28.22222222222222,10,260.53,0.038910505836575876,27.657629045969294,2.0
7ce413a4-80e3-4011-b406-1f1a96ab70e6,553,198.0,5,229.45,0.006305170239596469,,
7cee7ee2-c27a-4e21-af98-049e81074c6d,239,7.428571428571429,29,274.59,0.13063063063063063,7.505201018496595,-0.4074074074074074
7cee9cd1-194b-4b70-abae-76ade3cd21ee,8,21.06122448979592,50,253.69,0.04748338081671415,25.82586571900455,-0.041666666666666664
7cfb16b7-efb4-4e77-a4fc-4646440073da,198,48.0,16,270.91,0.02203856749311295,41.081799932747415,3.2142857142857144
7cfc2cd6-08e1-4c90-a113-68fd3c415347,317,22.57894736842105,20,194.11,0.045662100456621,21.73148200057972,2.2222222222222223
7cfd6e3c-10c3-40c9-abe1-942e38f046a6,315,84.0,5,301.69,0.014792899408284023,,
7cfd8779-5c68-4db6-a9b1-53752b2440b2,7,389.0,2,178.29,0.005141388174807198,,
7d03cbf5-a92f-459c-9af6-f621285ee840,306,111.22222222222223,10,244.11,0.009950248756218905,106.20119794260535,-13.75
7d06ad36-c2de-48c3-b47a-243287257c25,216,113.4,6,353.27,0.01054481546572935,,
7d1c27eb-9359-4286-bc99-28fe9cd2aab0,63,59.0,4,248.11,0.022598870056497175,,
7d1c2a1f-fa95-4a4f-805c-333bf706291a,294,274.0,3,124.63,0.00546448087431694,,
7d2f438e-b4d4-4c01-9652-f72995750364,172,27.375,9,215.35,0.04017857142857143,,
7d32990d-2dda-48e8-8b06-d9600b8030f1,242,37.8,16,227.29,0.027923211169284468,28.78541297254566,-4.285714285714286
7d334fe7-deee-4a68-9685-3fd40b8c34f3,295,23.166666666666668,55,273.01,0.043137254901960784,24.917032137998252,0.16981132075471697
7d352047-0540-497e-8ca8-2e2e3964fc53,127,400.5,3,434.62,0.003740648379052369,,
7d4349f3-4f86-4937-b66d-c4f152612f21,366,147.0,4,205.46,0.009070294784580499,,
7d58fbe1-e6ec-4d89-aba9-fe24c0a210b9,189,8.822222222222223,46,255.35,0.10926365795724466,9.780055978852829,-0.11363636363636363
7d5d065d-16c5-4738-9ac1-c7314952e404,67,23.6046511627907,44,254.56,0.04251207729468599,22.688511394099375,-0.38095238095238093
7d873110-04fa-49b3-9ac3-3a74be19fc58,89,49.22727272727273,23,269.34,0.02102376599634369,32.8444121770418,1.8095238095238095
7d92c16c-93ed-40bc-abae-00b34439bfa8,264,52.54545454545455,12,186.30,0.020618556701030927,50.4824001734538,4.4
7d9ad967-e9aa-4898-90b1-1f5280e7e644,159,26.108695652173914,47,227.88,0.03833605220228385,23.818973073179908,-0.26666666666666666
7dbab7f9-59d6-491e-b638-fddb406cf72f,235,158.66666666666666,7,233.94,0.007337526205450734,,
7dbdb7df-70fd-4c3b-bd31-c5fe7701d2d9,119,22.0,30,242.79,0.045871559633027525,23.116166266427978,-0.07142857142857142
7dc64ab9-dd52-4dfd-bf54-f1fbbd9a2b7e,59,58.25,17,254.98,0.01814300960512273,70.47978433565187,6.933333333333334
7dda7a38-fa3d-4e5f-a87b-a6e4b764de3c,320,93.85714285714286,8,256.92,0.012139605462822459,,
7ddbe9be-9cc1-4330-9377-bcd25d0074e9,132,20.295454545454547,45,257.70,0.04907306434023991,19.339776513769156,-0.3488372093023256
7e10adea-7ef2-482e-aff2-e9e229c099b5,324,18.352941176470587,35,277.97,0.05443234836702955,21.505295123761293,-0.09090909090909091
7e2715d2-c7a6-4c58-90f7-f8c57143ce47,297,22.375,9,333.82,0.04945054945054945,,
7e2bb0e8-bf49-422c-87df-0c9e2421a280,401,172.5,5,198.40,0.0072254335260115606,,
7e3c4130-027e-4de7-b1e2-2f257843bf75,234,12.0,11,293.75,0.08870967741935484,11.718930554164631,1.0
7e5ae20c-5ec3-4934-97c8-f9ed496bdef7,357,12.083333333333334,13,272.46,0.08666666666666667,7.537281078784715,0.45454545454545453
7e771ff9-7d90-452d-98e5-cffeff0702fb,336,136.5,5,222.57,0.009157509157509158,,
7e8d03ab-b211-467e-93df-602be56f87fa,18,9.314285714285715,36,252.33,0.10557184750733138,8.101457488957042,-0.14705882352941177
7ea2a9a2-038d-4a0b-a1db-63acb02b264e,152,143.33333333333334,7,234.78,0.008120649651972157,,
7ea6f9e6-ed2e-4526-a813-51aa575503ca,299,15.0,15,238.06,0.06944444444444445,24.30257979341668,0.07692307692307693
7ebc8195-da32-456a-9367-b5ae3b16f6df,324,160.28571428571428,8,321.63,0.007104795737122558,,
7ecc7c83-c48c-43b3-b5ab-cebebb4e58d7,106,210.0,6,247.80,0.0056925996204933585,,
7ed63b9d-5aa4-48bb-b1f6-1b726541d9d9,91,65.33333333333333,13,199.01,0.01643489254108723,81.36934125928326,-0.5454545454545454
7edcb291-201e-4ae3-b63e-da0c4a188479,52,183.5,5,385.32,0.006793478260869565,,
7f00cbad-4e1a-4c0b-b9df-9ada786883fa,276,22.22,51,243.38,0.04481546572934974,22.666427569767368,-0.04081632653061224
7f13bbec-1196-432e-9154-75d5783125fd,336,159.83333333333334,7,301.27,0.007284079084287201,,
7f13d471-02f6-49c5-abdc-c6d87d0c9f1f,205,133.0,8,415.14,0.008565310492505354,,
7f1933c1-2e2a-4195-a794-54ce465e0bf5,297,,1,105.72,inf,,
7f1e5bdd-9b2e-4889-b476-c5a25ed22298,167,147.28571428571428,8,220.93,0.007729468599033816,,
7f2fa77c-1b3a-4ad4-8da8-8a27beb37b24,72,26.11627906976744,44,218.80,0.038461538461538464,28.46987489085996,0.42857142857142855
7f32dea9-e668-4788-918e-01865cf6b1b6,142,18.529411764705884,18,276.79,0.05555555555555555,15.564854830108533,0.1875
7f3dffef-c082-4442-bcd8-2614f789a1ec,186,75.66666666666667,4,126.63,0.017467248908296942,,
7f3ea8bd-64f2-40c8-8f43-6192d59472f2,142,45.2,6,291.32,0.02631578947368421,,
7f4435c4-7425-49a6-9c51-9aa70522fb64,222,154.0,5,282.24,0.008103727714748784,,
7f468e45-93af-43b9-9881-4ff0e25937c0,-1,13.5,3,196.67,0.10714285714285714,,
7f46b2f5-8b0e-4375-9f61-cebdaa7322f1,310,21.62162162162162,38,229.45,0.046625766871165646,22.200289476780544,-1.6666666666666667
7f49955b-b241-4843-b112-53de6067ff1a,307,73.4,6,203.61,0.01634877384196185,,
7f552bd2-6ff2-49d3-908c-6a066aecab7b,276,202.0,5,223.20,0.006180469715698393,,
7f656e70-a606-4dbe-94c0-41353e267154,275,7.0,2,149.77,0.2857142857142857,,
7f8db33b-6024-4713-abdf-3f62b50e4600,445,165.0,2,335.27,0.012121212121212121,,
7f8ea68e-19c7-4d65-a47d-1b957b308ea9,459,100.0,2,407.90,0.02,,
7f9b0af3-9ce1-408d-8a15-29b64de148de,195,40.84615384615385,14,346.80,0.0260707635009311,43.93147344415345,-1.5
7fa534a1-310d-4c8c-a052-36f6d7163b65,356,412.0,2,166.50,0.0048543689320388345,,
7fa8ad6a-2e37-4448-a227-d6aeea032e19,61,91.0,3,340.53,0.016483516483516484,,
7fb3bcd2-ca4b-4a2f-afee-0532dc66e2cb,399,41.333333333333336,4,272.40,0.032,,
7fb7549f-3b9a-4174-b4a0-00b7ebe0822e,323,30.8,6,372.21,0.03821656050955414,,
7fdece07-d0cd-4c8c-92e0-4627b8de82dd,2,44.25,17,228.21,0.023776223776223775,53.56055762716939,0.06666666666666667
7ff06501-9770-418f-8ab3-ef7e22e103d0,346,,1,46.88,inf,,
8001c4d3-3d7c-4690-a4d4-009fcf1a45f6,360,11.319444444444445,73,266.01,0.08578143360752057,10.733423365907063,-0.014084507042253521
8002a1d3-32ec-4baf-9827-9b8a74c052be,28,21.0,6,514.98,0.05660377358490566,,
800a0de4-92a1-41c6-a7bf-d79e9af559eb,360,90.5,3,253.94,0.016483516483516484,,
8016e3b5-01c0-484e-a2b1-b69d274f6150,208,30.142857142857142,8,230.78,0.037209302325581395,,
80170fdd-3bc7-4cfe-b7a2-b489e38eb7e0,7,68.5,11,250.41,0.015988372093023256,107.42154760051118,0.3333333333333333
801c23a6-bc3f-41cc-92f9-caa6c44c7261,292,44.38461538461539,14,333.40,0.024054982817869417,23.66269377993716,2.5
8035e784-5eaa-4d1c-9ea5-b1966d9a68be,64,46.0,8,191.41,0.024615384615384615,,
80467e0d-f00b-4df2-984d-4fa6ccfebf46,107,4.0,4,525.42,0.3333333333333333,,
804dd359-61ba-4396-bc90-ba6a85fee45e,309,10.436363636363636,56,249.36,0.09302325581395349,11.870853874813374,0.037037037037037035
806174c6-4bf8-4ae8-b3bb-8bff7823228e,245,58.0,2,441.80,0.034482758620689655,,
8061e460-bc6d-4f19-a9a2-55e4bb347bd6,62,35.84615384615385,14,297.95,0.02959830866807611,50.81641164336275,1.6666666666666667
806be85d-d3d9-4bb9-94bd-a18ea2d06c29,93,149.33333333333334,7,322.00,0.00778642936596218,,
8077ef14-9754-4deb-8376-c22e78448549,103,18.2,6,264.54,0.06451612903225806,,
807e469b-299f-40a5-b9c4-c9de18f94730,160,27.125,25,254.05,0.03770739064856712,30.036662380439704,-0.2608695652173913
807e6da0-8e4e-4d1f-a45d-9e21a8a0bfd1,10,47.77777777777778,19,243.56,0.021939953810623556,30.3694032472614,-4.235294117647059
8080b640-3be7-4b44-b4db-bb1c39a56810,376,41.86666666666667,16,258.74,0.02511773940345369,38.644657118539996,1.1428571428571428
80aa710d-5b69-4daa-a23c-14836fe6e16e,186,51.25,13,326.64,0.020967741935483872,52.511687010867135,-3.8181818181818183
80b001ff-16f5-4240-b5f3-99fc94d520fa,174,12.23076923076923,14,272.22,0.08383233532934131,18.267246855843048,0.0
80b14f94-6ca6-4997-bd6d-ffe550f23684,45,12.405797101449275,70,225.24,0.07918552036199095,14.4835797904545,-0.27941176470588236
80b5dd1f-13af-49d8-9912-f97a8b87825f,282,120.0,5,131.47,0.01037344398340249,,
80b7fcbc-38df-4dfd-8702-4b74761c0729,165,21.82758620689655,30,215.29,0.046511627906976744,14.803640878217475,-0.21428571428571427
80c523cd-fc7f-447a-9797-d8848e5ebe95,148,61.21052631578947,20,220.77,0.017050298380221655,44.76801803292716,-2.111111111111111
80cb7569-90a9-41a7-bb76-17e447429c95,301,26.543478260869566,47,290.56,0.03784219001610306,30.670801548587708,-1.0444444444444445
80cd0716-0056-47fe-bb85-a74079e47eab,44,66.0,7,279.19,0.017632241813602016,,
80e6627d-c5c7-4d28-a33f-dd335b28403b,160,233.0,2,278.41,0.008583690987124463,,
80ede660-fd46-4a9d-8411-9356e6674187,177,19.63157894736842,39,237.95,0.050980392156862744,20.17413523734487,-0.32432432432432434
81003fd3-b223-4d1b-aa7a-6fbb73da881c,143,17.88888888888889,10,287.49,0.060240963855421686,22.65195601070934,-8.75
810e114e-aab1-468e-a3c2-868d2f59cbd5,255,27.972972972972972,38,267.58,0.03601895734597156,25.19753789392757,-0.5277777777777778
811c68bb-fb3e-40b2-b770-cd9a1368a3ef,341,20.8,6,252.61,0.05660377358490566,,
8120742d-78e3-48eb-b78f-8de1124066b0,356,201.0,4,275.36,0.006633499170812604,,
81212729-d953-4896-9c01-f2f2c6b62b7c,405,60.0,2,109.31,0.03333333333333333,,
813f737b-bfb1-435d-88a9-b54a9ad42c71,283,159.16666666666666,7,246.53,0.0073145245559038665,,
815a5e69-5476-480c-b63b-06f37fd87442,256,21.625,25,297.27,0.047080979284369114,18.626331291784336,0.13043478260869565
81851bcb-cfce-4a34-a3c8-9118d671c1b2,343,46.294117647058826,18,256.09,0.022670025188916875,38.911381217264626,1.75
81951038-0c74-4a39-8be2-64d8c93f10de,91,,1,464.18,inf,,
81a5e396-e5e4-4285-86c4-ed6303503d1b,326,46.2,11,300.17,0.023706896551724137,37.51384929447908,0.1111111111111111
81d9bb6f-6842-4222-b04b-0adb70938fd3,90,41.285714285714285,8,288.55,0.027491408934707903,,
81e41e8b-ea84-481d-9748-bdff8da908bd,286,23.136363636363637,23,215.26,0.0444015444015444,24.679460236718256,-0.47619047619047616
81f172cb-f88e-4c46-b585-33421c999713,190,54.7,21,255.90,0.019056261343012703,45.02174913013534,-4.157894736842105
81f7cb47-b7c2-40ee-aebf-36427f1b5d47,154,248.25,5,248.78,0.005030181086519115,,
8222b3e1-42c5-4b13-9c17-2d2f0c6750d1,317,149.0,2,82.18,0.013422818791946308,,
82251391-295c-4014-9c43-9365febaf317,289,218.66666666666666,4,261.73,0.0060790273556231,,
82362068-a78d-4b5f-a72a-5656286977a4,354,7.416666666666667,25,248.06,0.13227513227513227,8.495096624916439,0.34782608695652173
8241c296-a928-48c6-b353-16ec197e61ac,316,46.916666666666664,25,229.20,0.021929824561403508,46.45981589237761,-4.956521739130435
824a9c61-c287-4f5d-b96b-9023c35276f1,286,18.054054054054053,38,235.99,0.05539358600583091,15.295144374651764,-1.0555555555555556
824caf4e-bd2a-4d7b-8fa5-01e0b162beb9,317,121.2,6,293.90,0.009884678747940691,,
8255bc8e-e361-4b53-abb2-c2f884691246,168,36.38095238095238,22,246.18,0.028314028314028315,37.57056852175142,1.2
8265aea0-ebeb-429d-8cb6-cf86ab1920f5,244,24.90625,33,297.20,0.040690505548705305,20.677803862611842,-0.45161290322580644
8274d4b6-a804-4142-a060-5f859bad22bb,113,22.17391304347826,47,281.33,0.04523580365736285,23.08660443520931,-0.8222222222222222
827ad54f-154d-4f48-96b7-ae31f9f1c4aa,259,57.8,11,333.20,0.018867924528301886,56.477724222327986,4.111111111111111
827f7f5f-3a61-48e6-9e58-547cc2d5b53d,297,18.814814814814813,28,239.03,0.05363984674329502,30.456825731159736,-3.8076923076923075
82811d8e-4c98-48e2-9a5c-d4f40f0f1d81,100,26.76923076923077,14,323.54,0.039660056657223795,23.16302314089508,1.1666666666666667
829eb807-8ee4-43ca-b39b-15894717243e,56,68.0,2,232.86,0.029411764705882353,,
82aaab93-1634-4eb7-8fd6-1d4a7d276cb9,337,20.444444444444443,10,269.62,0.05319148936170213,28.623028801609685,0.625
82ba5ad1-6a41-4803-8e3b-3b53fe6d195c,290,45.30434782608695,24,255.39,0.022835394862036156,37.203903488513255,2.772727272727273
82bee4f1-7f20-442e-a193-5b32b56518dd,195,16.0,2,142.50,0.125,,
82c209b3-785d-4ac9-baf9-7c5fbf0a2048,390,176.2,6,189.65,0.006802721088435374,,
82cd8260-7e79-4378-8620-105c74394361,244,20.928571428571427,43,232.54,0.04767184035476718,19.040896752225716,0.14634146341463414
82d47afc-a40b-4553-ad87-aac1c937534d,277,13.818181818181818,12,296.56,0.07643312101910828,12.967792270222267,-2.4
82d9d1e8-c220-4b4b-ae1e-b62b9356a0e1,76,281.0,2,402.03,0.0071174377224199285,,
82e0372b-166c-4816-9947-65b9187b7918,266,72.66666666666667,4,274.05,0.0182648401826484,,
82e0e52d-a5ea-41f5-8215-32dd01f61d91,269,50.10526315789474,20,222.92,0.020768431983385256,38.75262677382457,-2.5
82e4ae1e-b230-466f-a5f7-e04934078d0d,180,248.0,5,303.83,0.005030181086519115,,
82ea6196-8825-46da-aa45-2131ed398ca2,259,60.05555555555556,19,316.32,0.017463235294117647,67.73779223396662,-1.5294117647058822
82eca82b-0851-4397-beac-1cd9bd2c5df7,58,23.11111111111111,37,271.11,0.04352941176470588,26.638079915551373,-0.2
82ee89df-38d6-45ce-bce1-d7485146cf6f,535,91.0,6,462.59,0.01312910284463895,,
82ff49c0-9fa7-4de8-b40e-bad10179be47,74,46.666666666666664,25,217.74,0.022026431718061675,55.35550455065848,1.2608695652173914
830fcef0-4927-423c-b334-71b3a4b9e3af,191,160.75,5,407.33,0.007751937984496124,,
831fec3a-12e7-45b8-98dc-62d704e387d4,58,24.06382978723404,48,287.30,0.0415944540727903,20.136927203220182,0.9782608695652174
83203a59-e45e-4cb8-8de4-e8075e8c4b1a,202,30.333333333333332,4,251.87,0.04395604395604396,,
8326ee0b-7330-4e6d-b2a2-31e102394df3,152,48.85,21,269.68,0.02125506072874494,37.29861716076433,-6.473684210526316
832e9f5a-7b88-4dce-ad48-1379872022f8,361,194.0,2,174.34,0.010309278350515464,,
83317961-440c-49cc-8310-6569d3224f5d,361,21.88888888888889,37,243.50,0.046134663341645885,29.968343085689394,-0.34285714285714286
8345e201-b33d-4a7e-a4bc-cfeed87ad1c1,151,136.0,3,177.16,0.01098901098901099,,
8350d6f6-cc48-4f31-97ee-de0c387dd19b,157,,1,185.65,inf,,
835489a7-ea09-4c4c-ba51-e5d40860a66e,234,123.66666666666667,4,296.65,0.010752688172043012,,
836e0e05-6110-4059-9a55-1de9f1319392,144,18.0,20,214.08,0.056818181818181816,16.76305461424021,-0.8333333333333334
83a04da3-c5bf-4949-a9bf-6a721b0f176a,400,46.083333333333336,13,271.66,0.023255813953488372,44.250235404270256,-6.454545454545454
83ca8635-060c-4594-9906-d6a5180e0cc2,108,,1,298.06,inf,,
83d179bd-80d8-4ad4-a74d-c5d21e70a448,399,21.5,3,200.66,0.06976744186046512,,
83ebf3e9-7910-4f82-a7e9-0a0fa0d081dd,214,99.85714285714286,8,284.37,0.011379800853485065,,
83f7358f-4973-40e4-b752-0796b03115a5,388,49.2,11,270.91,0.02217741935483871,28.24023921837616,3.888888888888889
83facfd2-601c-4495-8e6b-bc1aa22aa80a,278,24.692307692307693,14,280.80,0.042682926829268296,33.48229535984805,0.4166666666666667
83fea896-b698-449f-b9fc-1630e38834e7,97,12.166666666666666,19,201.67,0.08333333333333333,15.997242409424267,-0.4117647058823529
84033b3a-ff87-45ec-8b6b-b61f03422261,244,75.5,3,212.02,0.019736842105263157,,
8408c1ea-994b-432a-b63f-1a1adab600a2,88,23.28846153846154,53,254.41,0.04291497975708502,22.301267473398465,0.5490196078431373
840a20a7-0f7f-47b4-927a-f4225544f018,443,304.0,3,356.27,0.004934210526315789,,
8420ff07-55c2-4d40-8992-a15f5e33960e,110,49.61904761904762,22,290.60,0.020892687559354226,52.945704443775405,2.1
8428a4b3-bc76-4c22-a126-322c65a41b6a,302,68.875,17,287.05,0.015315315315315315,56.514157518271475,2.7333333333333334
842db003-6789-4c0e-9c72-037ce3b29afa,105,117.6,6,210.74,0.010169491525423728,,
84301eab-7c47-45c6-a208-a359367bf0c3,188,50.42857142857143,15,269.36,0.021037868162692847,39.8723237070803,0.38461538461538464
843abffe-b919-4327-a54a-5516dbc0d9d8,409,87.75,5,241.49,0.014164305949008499,,
844ca207-7489-4f53-9cb9-275e2075ef00,192,36.0,9,309.99,0.030821917808219176,,
8456aa61-43fe-48d4-a298-997c4d8a3a97,409,217.0,6,316.51,0.005519779208831647,,
845bc7de-057e-4914-a2db-4d30bfc4e2bf,21,42.0,5,175.93,0.029411764705882353,,
847cbb7f-f73d-4035-81a0-99cdeeed9a35,123,135.0,3,168.84,0.01107011070110701,,
8482afe7-608b-489e-bd54-b3f5b27bc21f,349,21.0,2,396.34,0.09523809523809523,,
84a47ebb-bd72-4124-832c-c2da2ef4343f,464,59.0,3,300.49,0.025423728813559324,,
84b32a26-b7ea-4a19-a4ef-cb4c724c5576,137,,1,604.66,inf,,
84bf571f-feae-4ca1-abb4-bd72f545cdfd,219,,1,294.05,inf,,
84c6983b-90e7-491f-bc61-06f3847fa48f,36,17.136363636363637,23,259.56,0.059431524547803614,14.44627305552561,-0.5238095238095238
84cd5bb0-b955-4bca-b6b3-08ddca4962da,298,38.4,6,262.39,0.030927835051546393,,
84d53035-1fc0-4405-bcef-abfd0bd2ff52,169,11.0,3,244.26,0.13636363636363635,,
84db5013-ebef-415b-a29b-25dee178cc1f,229,38.666666666666664,7,293.43,0.029787234042553193,,
84e4a574-a623-4113-b7be-91e82eab3811,395,,1,150.25,inf,,
84e94b42-cc47-44c6-ba44-bf43888aac43,397,188.4,6,384.41,0.006355932203389831,,
84ef2e38-e072-4292-9751-350af2f1e1cd,139,22.24,51,265.04,0.04473684210526316,30.51166387880316,0.22448979591836735
84f90677-45bc-4270-bcda-41e1ed7eed09,271,23.0,47,258.51,0.0436397400185701,24.139409916381783,0.1111111111111111
84fadbda-b110-433d-bfa2-f09f35555ed5,385,226.0,4,300.26,0.0058823529411764705,,
851a19b6-37d0-4d3e-8bfe-a21017bb00e3,369,22.733333333333334,31,281.13,0.04460431654676259,24.633777390115124,-0.06896551724137931
8524c79f-537d-4ed4-b6e8-381f47c98c65,211,183.16666666666666,7,258.17,0.006346328195829556,,
85340785-c70b-4979-b5cf-71597566d1ee,377,102.5,5,240.59,0.012165450121654502,,
85436551-b37a-49f2-aceb-e59232cd007d,330,8.615384615384615,27,238.16,0.1134453781512605,9.777839937642355,-0.56
854433c6-0385-4e6e-bee2-6cf58750105e,286,31.4,6,184.59,0.0375,,
854d19dd-8a42-47c5-8714-0305b154e176,97,56.3,11,209.36,0.01936619718309859,51.77740820087464,2.0
85573b15-7576-4230-b4ba-0ed0d3686f7f,321,60.75,5,297.55,0.020491803278688523,,
8561160a-1242-423b-a3c2-0b7f510058a7,90,10.810344827586206,59,269.38,0.0900763358778626,10.803600596279008,-0.08771929824561403
856ba1a1-17da-46a3-bfb1-0bc4d6b80eb6,20,10.279411764705882,69,271.38,0.0942622950819672,10.168499189566655,-0.14925373134328357
857b33eb-1d41-43c6-a043-324f3857fd43,268,55.421052631578945,20,239.37,0.01885014137606032,55.660993512786035,-5.277777777777778
858a6fa6-66a7-481b-874e-35b4af7ecb6f,258,27.31111111111111,46,250.75,0.03677058353317346,23.557301726778146,-0.25
85a635ae-5f8e-4823-9649-92134a2c09a0,123,47.0,11,375.39,0.023206751054852322,42.2532050066422,8.11111111111111
85aaedc2-e0ee-4c25-a347-8d1f54aed166,165,74.53846153846153,14,244.11,0.014344262295081968,72.31714340852541,1.5
85bafc99-5ffa-41ea-badb-953d5cacea9e,95,34.44444444444444,10,337.91,0.03184713375796178,30.270080571048663,0.75
85cde1d0-2a94-4839-83ee-aa40e2a4bf7d,0,40.166666666666664,7,327.78,0.02880658436213992,,
85dcda0f-4f9e-44c3-b22a-106e9cbbc97e,344,62.705882352941174,18,204.85,0.016775396085740912,63.63250418013811,-3.3125
85e0d131-4cd1-442a-b0b1-af45c8a979c3,174,62.42857142857143,15,221.47,0.017064846416382253,34.42207316358387,-9.0
85e0e6f7-68d3-4168-b3d6-3989ec3f4e6c,249,236.8,6,239.88,0.005054759898904802,,
85e3a641-b6d2-4ba7-ae86-4246b4d9f037,196,72.33333333333333,4,198.07,0.01834862385321101,,
85e7446a-d06f-4b56-bada-6ea174284a9a,209,46.5,3,377.56,0.031914893617021274,,
85e75db3-5520-49ae-97dc-be1d4ea4ad07,245,252.33333333333334,4,291.46,0.005270092226613966,,
85ea52e4-5aca-4835-b03a-a36899a9f998,227,123.8,6,209.46,0.00967741935483871,,
85ebc745-917b-4f01-b7cb-5c2014ef492d,180,96.0,3,253.80,0.015544041450777202,,
85fed9e9-aea6-40b2-8a9e-e2ffb7700a97,24,22.35,21,263.24,0.046153846153846156,15.32893720352046,-1.5789473684210527
86274b2f-a656-4cb6-83fe-e78ce6fa70d8,30,59.0,2,124.72,0.03389830508474576,,
862e30ea-6530-44af-acb1-a16731a3c879,291,24.842105263157894,20,306.51,0.04158004158004158,28.758116067748283,-0.3333333333333333
865e2170-1548-4c6d-8812-5a9bc6ad21e0,284,48.45454545454545,12,238.86,0.022304832713754646,58.939568434734305,-0.8
86675dea-88f1-464a-94ee-e53c17db3bac,211,61.84615384615385,14,304.20,0.017326732673267328,79.01882281440517,-10.25
866f4198-941c-40ca-8ad7-e5e436673ad6,146,107.0,3,163.95,0.013953488372093023,,
8684383f-63e0-4e7f-b349-010625b1069d,272,42.333333333333336,25,223.13,0.024295432458697766,24.63060426921489,-4.0
8698d585-ea1f-40f8-849d-25c16e008bdd,39,,1,132.89,inf,,
869eaaba-c301-4d2f-b23e-354c6bf61a6d,395,159.0,4,265.46,0.008368200836820083,,
86a7c85a-14d2-4214-9893-ceb7aa4eecdf,263,35.6,6,214.67,0.03333333333333333,,
86b42381-0f74-4ecf-a56e-cdf75197fbd1,131,50.81818181818182,23,247.97,0.020390070921985817,33.87320385487531,1.2380952380952381
86b67b17-1c44-454f-98c9-e5fe0c1795b6,151,13.763157894736842,39,281.27,0.07208872458410351,15.230542235429645,-0.43243243243243246
86d8eefc-64eb-45c7-b4db-7513ed40f6d7,65,31.441176470588236,35,286.55,0.03234750462107209,28.043463211183553,1.393939393939394
86db28fc-5d50-464b-b2ec-ae7cd28c9df8,295,9.108695652173912,47,260.84,0.10657596371882086,9.617641801212244,-0.044444444444444446
86fb94ff-702a-4f9c-9bd5-015146591033,258,33.0,2,298.05,0.06060606060606061,,
87056cf5-652f-4cd9-8eba-3796c102bf12,538,,1,447.16,inf,,
8709d3df-da7b-4c1e-a32a-7099308fb6d6,268,25.125,9,279.80,0.04411764705882353,,
872269cc-e817-4ad5-a2ec-7696da961cc3,171,48.5,23,322.12,0.021316033364226137,38.4828347634185,1.6666666666666667
873c536d-e5dd-43d7-89ad-53d16b618b83,115,45.0,7,271.08,0.025735294117647058,,
873cffee-97ca-4693-ae72-4fbeb90b0630,196,,1,687.79,inf,,
8746c251-618e-40f3-b39a-0b027d062b3e,141,,1,569.22,inf,,
874a394b-007c-4628-9518-9464190eb6b2,263,48.666666666666664,4,147.03,0.027210884353741496,,
87510eaa-482e-4b47-a38d-6277ed6e4004,328,29.0,2,479.92,0.06896551724137931,,
87569010-c733-492d-9114-fcb6132a2e64,166,187.4,6,264.55,0.006389776357827476,,
876b3c5a-571a-4658-bb57-ed9da8044483,279,85.5,7,314.86,0.013565891472868217,,
876e71ac-d891-40b9-b65e-10c3de3d04f6,286,12.727272727272727,67,268.58,0.07701149425287357,13.806960847057104,-0.36923076923076925
87745445-2144-4d78-a4b6-1f88dcef28e9,203,20.8,36,264.18,0.04825737265415549,19.58961309409838,1.6470588235294117
8776971b-e9ac-4078-a56b-b1ce05deb964,28,220.5,3,233.40,0.006802721088435374,,
878b59d5-d299-4d56-9328-8d9fc5978fdd,32,15.714285714285714,8,199.46,0.07079646017699115,,
87936835-375f-4a04-a659-a3b09f732e1a,166,,1,82.88,inf,,
87a45771-b741-4cfa-ae16-531b1e2f8184,164,44.411764705882355,18,197.67,0.02356020942408377,39.88743352161401,-5.1875
87a61065-547f-43f9-8248-4ac3de4bc9cb,166,230.4,6,226.44,0.005199306759098787,,
87acd25e-5306-4740-8b21-12b4dfd80674,183,30.28125,33,290.88,0.03353658536585366,28.60998514505032,0.8709677419354839
87bdbe1b-901e-4159-8587-12b479c09a92,446,66.5,5,368.07,0.018656716417910446,,
87c8ac24-e005-436e-837f-ae61ce0f3014,11,32.333333333333336,7,162.07,0.03571428571428571,,
87e49541-4f37-4b77-ad32-6dd2a309c197,167,117.66666666666667,4,158.27,0.0113314447592068,,
87e68c32-20f8-4ebe-93bf-ae53d22d97a0,63,38.333333333333336,10,284.76,0.02865329512893983,25.144581921360317,2.375
87e853f4-3e37-4cbc-9546-c6cc8aa711e9,84,,1,127.55,inf,,
88030809-8f44-4b2f-b1d5-51fb8d2ddbda,335,56.75,9,273.00,0.019693654266958426,,
88056ac9-2fd7-47bc-933e-bbd75da5b17a,90,116.0,3,148.69,0.012875536480686695,,
88074d0e-4b6e-424c-990a-9d3a6ab8bce8,250,26.53191489361702,48,286.95,0.03785488958990536,28.325630630248906,1.2608695652173914
88232508-fdad-4764-b330-e7e07f8330d1,50,136.5,3,361.09,0.010948905109489052,,
882d0740-9dce-4fdb-93b8-1955e8263184,124,8.588235294117647,18,205.75,0.11688311688311688,6.955742443562475,0.375
8834f120-8796-40c4-87dc-025626496c19,104,23.591836734693878,50,250.60,0.0423728813559322,21.897410774780102,0.25
884bbdb7-f3fc-44c9-9253-a040b86478a4,277,31.133333333333333,16,230.92,0.03375527426160337,23.83235096210511,-4.428571428571429
884c57fd-a3cd-48ec-8c33-fe5e9ba0dd51,368,54.705882352941174,18,230.29,0.019189765458422176,42.97639571014878,0.875
8854460c-c78b-41c9-950d-c011699fc609,64,36.7,11,155.12,0.02972972972972973,34.528731997183634,1.7777777777777777
887330ad-da66-461f-b126-a44173e7b334,211,178.83333333333334,7,321.13,0.006505576208178439,,
88a33023-bb6d-4512-93e1-75809b710a8a,24,14.625,9,187.51,0.075,,
88abefa8-d83a-4441-ae64-dc9810383db5,105,54.529411764705884,18,279.79,0.019251336898395723,46.44636375306847,-4.4375
88b0be78-1c1d-42c5-aeb1-68ea2441005d,142,121.0,2,141.04,0.01652892561983471,,
88b7e850-98db-4edb-8ed6-11d2616b0fdd,171,64.5,5,229.88,0.019305019305019305,,
88d07117-1707-4bf3-b7d9-ae0517b24d51,410,,1,241.88,inf,,
88d52535-3f05-4f69-8b7f-265ff97e6312,109,141.5,5,232.40,0.008818342151675485,,
88d7eb20-cae5-4b9d-9a18-c4d012b22eac,76,11.244444444444444,91,249.66,0.08584905660377358,11.782019352596938,-0.056179775280898875
88db85b3-952b-456a-8140-766ceb151c9e,258,10.571428571428571,8,330.04,0.1038961038961039,,
88e1b1b2-f985-4f08-ba4d-cfaecf84260e,54,37.333333333333336,10,231.37,0.029411764705882353,45.47801666739656,2.875
88ef07aa-a978-4fdd-9c6c-a466c59348e9,246,55.0,12,404.69,0.019639934533551555,60.13484846576068,7.3
8903f817-5499-4ca8-af03-bf2ea28f639b,183,129.14285714285714,8,348.74,0.008830022075055188,,
8915c9e1-4316-46be-99b3-fe2a1a708651,-3,61.0,2,473.68,0.03278688524590164,,
891fa7be-e498-460d-971e-97ff91d362a3,445,135.14285714285714,8,194.25,0.008438818565400843,,
892878a1-2aa8-4cd5-8cbc-627dc66d7af0,195,109.85714285714286,8,275.48,0.010362694300518135,,
892c4502-e39f-4faa-ae81-cb80659293a5,457,139.0,5,240.06,0.008960573476702509,,
89559c82-947a-4842-b2f9-c457c2d08228,135,52.666666666666664,19,222.59,0.019853709508881923,51.55123094325398,0.47058823529411764
895c129b-552f-4b7c-a1c9-e4b3aeec7187,292,39.166666666666664,7,172.52,0.029411764705882353,,
8965d6fe-dfb3-4faa-b38e-1ee1dd63e3c8,143,58.0,4,90.52,0.022857142857142857,,
896d801b-1e5c-4cb4-90df-8087c9d848bc,289,,1,144.16,inf,,
896dca67-9326-4782-8bac-692e48c26db1,237,77.5,3,304.73,0.01935483870967742,,
897510fb-9059-4665-ad18-a8a612c48a62,119,36.0,7,231.10,0.03211009174311927,,
898dcad2-e3d4-4915-9eae-5ca99cb5a543,232,43.26315789473684,20,273.43,0.023980815347721823,36.7421073992817,-6.666666666666667
898f8be3-2bba-4a92-9362-8b2f962e9b0e,343,169.75,5,292.43,0.007352941176470588,,
89904f9d-f294-49cb-885e-ea992575e6b1,293,25.333333333333332,19,242.45,0.04086021505376344,22.95776172734206,-0.058823529411764705
89aa7497-340d-4116-b971-99616369b060,249,50.55,21,201.63,0.02056807051909892,47.01900511607262,3.526315789473684
89c272fa-e68e-462d-90b7-495841cb33a1,383,40.75,17,275.87,0.025718608169440244,50.052638958067604,-10.933333333333334
89ceabc0-bd2b-4c3d-8bee-78d41b5e353a,61,143.5,3,250.16,0.010416666666666666,,
89dabcd2-d7d1-4541-b826-e9b8804c1175,316,17.944444444444443,37,236.34,0.05572289156626506,14.82843685904012,-0.05714285714285714
89f56169-d64d-49ad-8841-4aabe8b77cfc,300,49.857142857142854,8,286.66,0.022727272727272728,,
89f7a35c-31f5-46b8-93de-38a7755bfcc8,188,60.89473684210526,20,232.55,0.01718213058419244,41.7384644567176,-5.388888888888889
8a0a9636-21ea-440b-a4cb-1e38631c92b7,53,30.35135135135135,38,210.86,0.03333333333333333,29.069090319650734,-0.4166666666666667
8a0eea9f-0363-49b0-a8fe-afe78b65753b,364,46.04761904761905,22,333.67,0.022517911975435005,35.21572971056569,-0.65
8a2baa00-6444-4a78-9583-aa762f3f7166,35,,1,150.25,inf,,
8a3b78f5-b76b-42f6-a02d-b105469831d0,276,49.588235294117645,18,241.24,0.02120141342756184,54.9204638813364,0.4375
8a52d120-dbac-48de-8eba-0e6be96086b7,201,25.64516129032258,32,313.13,0.03945745992601726,29.530265138325205,-0.7
8a578f84-98b9-44fc-897a-03d92331e11a,241,64.875,17,249.76,0.016267942583732056,58.56833615529811,-2.066666666666667
8a5b67e6-49dc-42ff-9087-f3a966d14edd,317,131.42857142857142,8,296.34,0.00866738894907909,,
8a67713e-cec1-434e-86cc-38d61fe19c59,110,25.291666666666668,49,269.49,0.039611964430072755,27.897958693975806,-1.7234042553191489
8a714254-5fdc-46f6-92ab-301cbb0f0b3a,351,190.5,5,138.92,0.006535947712418301,,
8a982af8-1936-4a31-809a-7ffd52e95dfc,268,15.142857142857142,8,301.99,0.07339449541284404,,
8a9e4ef1-8ddd-42af-bec2-ebb717e035dc,486,215.33333333333334,4,144.37,0.0061823802163833074,,
8aac6a5e-273c-4e29-84b5-fa22c7a71acd,403,111.875,9,231.07,0.01002227171492205,,
8aafc6fc-4527-4ed4-9f01-40f1b1330fb9,321,18.333333333333332,4,301.75,0.07142857142857142,,
8ab14296-0bca-415c-abd2-ad0e7d89e063,338,,1,196.85,inf,,
8abc525d-009a-4b2c-9268-677e90c4fb50,355,123.25,5,193.57,0.010101010101010102,,
8ac0dd19-103a-426e-8558-b966af9ee293,426,121.0,3,169.72,0.012396694214876033,,
8ae0fdb8-f410-4ea2-9097-510a5ea86d77,-2,,1,150.43,inf,,
8af3186f-f962-41f8-8620-b9955bef3c33,37,18.09375,33,206.34,0.05564924114671164,18.465939657091777,-0.12903225806451613
8b075c30-66d7-4910-bec7-b5613b00ae5d,152,62.6875,17,268.26,0.016815034619188922,64.5401360911694,-1.7333333333333334
8b1de2a5-709b-4e53-a702-32ac27aad19c,344,54.22222222222222,19,245.83,0.019289340101522844,42.711832711729556,-3.8823529411764706
8b22bac6-d3d4-46ed-9398-35e9ee078347,355,140.125,9,225.59,0.00800711743772242,,
8b2689ba-54cd-48c2-8180-74b9f1fe843c,166,37.5,3,207.47,0.04,,
8b2a3805-c596-4ecd-ac04-fe54c60e9ebf,182,24.75,17,232.41,0.04228855721393035,29.15132930073687,-0.3333333333333333
8b3921ec-f608-430c-b38b-8cbb68710910,212,6.333333333333333,4,170.99,0.21052631578947367,,
8b479a62-a7ab-46e5-bd20-9f98754214aa,305,24.205128205128204,40,285.38,0.041407867494824016,23.70340802409677,-0.8157894736842105
8b5a3554-d958-4563-b41e-d45311c5288d,285,38.470588235294116,18,244.55,0.027190332326283987,46.35746656022472,-1.5
8b60ef23-11d2-4fc7-ad80-b902a280582e,263,313.0,3,188.33,0.004792332268370607,,
8b62aa41-bf2a-4c37-9106-00481c706011,347,70.33333333333333,16,279.12,0.015051740357478834,62.99055106767621,-3.7142857142857144
8b8903d7-4bc6-46e4-b46b-1e7d9d2b3ac5,268,196.0,4,414.34,0.006791171477079796,,
8b8a1346-7c38-4afe-9102-e7a900ebebd9,125,47.07692307692308,14,272.71,0.022653721682847898,49.03138712168893,-1.0833333333333333
8b968176-b2a9-4f7e-b38f-891f778aaca5,373,22.78723404255319,48,269.22,0.043835616438356165,22.145699523847853,-0.2826086956521739
8b97f394-2779-4ef6-a419-78d3a06219b9,212,19.62857142857143,36,251.47,0.05106382978723404,26.586247787692255,-0.7058823529411765
8ba46e05-2c92-411f-8ebf-c6cf02d9eb1a,84,161.0,5,163.12,0.007763975155279503,,
8ba6fe9b-3f2c-483e-a1a0-207a194aeeae,285,26.16,26,245.80,0.03903903903903904,34.09750724026611,0.125
8bb42158-83fa-4a06-b3c0-09a4df5f9af9,358,109.75,5,330.05,0.011337868480725623,,
8bb4e66b-c0eb-435d-92d6-3a3a9cd017d2,379,46.666666666666664,28,223.02,0.02197802197802198,44.42192805707213,1.0
8bc0d954-5767-4795-8260-cb38dc279e70,289,25.303030303030305,34,285.28,0.0399529964747356,27.371843252333278,-0.28125
8bd0d508-a14d-4050-9754-ae695fbd7ad9,146,94.0,3,175.77,0.015873015873015872,,
8be20622-3469-4a4f-80a3-4c250d2ecef1,33,37.375,9,275.11,0.029801324503311258,,
8be4cdae-cfbd-4e79-933b-1cd3bde5c5a0,-13,,1,268.91,inf,,
8bedd2b9-c658-4b73-b492-e6941c7b76d5,240,137.25,5,326.47,0.009074410163339383,,
8c1db3bf-f606-4d8d-ab3f-12db824649f2,108,63.23529411764706,18,235.98,0.0166358595194085,68.25185841038021,2.4375
8c2cadae-60df-4497-97f5-4d7cd99d996c,270,,1,192.50,inf,,
8c6f8f87-1bb6-4faa-beeb-5a022cac67d4,159,,1,245.03,inf,,
8c796587-fa9f-46dc-89fa-ec34b9c78e52,324,25.434782608695652,24,233.20,0.04040404040404041,25.5748919609493,0.3181818181818182
8ca47d4a-0a91-4a67-aed7-8626b1aee7ab,268,,1,148.59,inf,,
8ca4c11c-e9c7-4b64-bfc7-51f3cd69c643,225,,1,50.43,inf,,
8ca5f5f2-f4cc-43fb-90d0-b6d0836f65a4,15,21.9375,17,269.78,0.047619047619047616,19.981553993621215,1.4
8ca8e5d4-2a10-4a27-904e-51dc0cd6a312,342,12.0,5,260.72,0.1,,
8cab23d2-42ea-412a-b535-017520b987fe,293,97.0,3,334.58,0.015384615384615385,,
8caf62a7-c68e-4b74-9170-8172259d3e3f,98,298.0,3,160.06,0.0050335570469798654,,
8cb986f6-378b-40ce-b0d0-dbbd9d3b7312,375,,1,505.00,inf,,
8cbe05db-99c4-46cc-9a70-db47165c4a3b,48,22.270833333333332,49,267.06,0.044789762340036565,19.02488804824425,0.02127659574468085
8cc3753b-497a-4abf-a00e-fe0e4d733567,7,192.2,6,267.90,0.006230529595015576,,
8ccb87b4-b963-45fd-999b-e45f696ce846,292,55.666666666666664,16,209.98,0.019002375296912115,42.08098767625974,-2.357142857142857
8cdc2429-2c5b-4425-a4f3-b34fb694782f,2,7.5,3,343.48,0.1875,,
8cf911a4-17ca-411c-9fd3-1de52aeb00a7,190,47.63636363636363,12,219.69,0.022641509433962263,37.67034039472627,1.6
8cf9a35a-0b3f-4ec2-8dd4-04a1c7045b6c,253,23.4390243902439,42,273.61,0.04285714285714286,25.74689183230454,0.5
8d088086-0e75-4b90-a6e5-20ad22edb087,113,9.85,41,204.62,0.09879518072289156,16.165093764350903,0.07692307692307693
8d0e9218-51f7-4449-91b4-752522b4f01f,214,12.316666666666666,61,252.45,0.07984293193717278,12.443079441549047,0.3220338983050847
8d16721f-7108-43d0-9e4a-0641d4719c07,194,73.6470588235294,18,229.20,0.014274385408406027,57.32575901860196,2.0625
8d21f7e7-03d3-460b-b716-48458d13b9ba,77,55.333333333333336,4,264.51,0.023952095808383235,,
8d446084-2af2-4012-bd26-e24efa2066dc,453,160.5,3,111.23,0.009345794392523364,,
8d48786b-31f8-4549-b792-85185e4f6d30,376,,1,59.77,inf,,
8d51844e-a341-4018-981b-cf785cccf274,273,17.384615384615383,27,291.80,0.05844155844155844,19.218900953128244,0.16
8d5b087b-7476-4bf2-96cb-9eff27aef297,404,239.25,5,185.67,0.005213764337851929,,
8d605969-2ad3-451e-b3a0-96ffca0dbe24,179,191.2,6,369.56,0.006256517205422315,,
8d882a59-8d49-4768-8315-471d5f22ae8a,371,9.236842105263158,39,202.54,0.10597826086956522,8.368002798712505,-0.7027027027027027
8d89b12d-75df-4bcd-811e-8a3b5ef63fc7,455,17.296296296296298,28,307.22,0.058577405857740586,15.963455416416236,-0.4230769230769231
8d95669f-cb1a-4aaa-8b34-950b9b6d9724,403,58.0,4,366.91,0.022988505747126436,,
8da63198-4da9-4a16-91a0-32c0996c50f2,425,128.75,5,366.59,0.009671179883945842,,
8db1429f-ba02-4dd9-9f24-64614a339ec8,436,324.5,3,399.85,0.004615384615384616,,
8db37224-f864-42b9-a2cc-e34e50cde4ad,410,181.0,6,295.21,0.006615214994487321,,
8dbb8540-10bb-4c0b-ba85-16742ba79ccf,85,11.727272727272727,23,252.86,0.08614232209737828,10.203555954301134,-0.19047619047619047
8dd12dd9-ede4-4000-aed6-4a3cff99a4a7,248,29.225806451612904,32,262.69,0.03463203463203463,34.99686621915297,0.8666666666666667
8ddac73e-fbaa-4dc4-8d6d-d8b242d8869c,345,7.885245901639344,62,258.32,0.12109375,12.246221676712832,0.13333333333333333
8dec282b-5bd7-44bf-b0db-1f890bd65bd9,297,30.75,5,342.10,0.04,,
8e15a551-ccaf-4002-8bc7-88da7975955f,479,226.0,3,323.42,0.00663716814159292,,
8e199191-5940-4eb8-aca6-127ee7d509ba,393,128.85714285714286,8,310.08,0.008849557522123894,,
8e22507c-5290-4c7e-99f9-e9fda5e67281,106,65.75,5,221.61,0.01893939393939394,,
8e2e7028-4454-43d3-9b4a-4085e30710ab,81,236.33333333333334,4,103.70,0.005633802816901409,,
8e33da61-ca30-4eb0-b5c7-f442c41a79cb,231,108.5,3,326.48,0.013824884792626729,,
8e4cbfdb-435a-4a59-89fe-6b4b60ecb200,236,181.8,6,360.84,0.006586169045005488,,
8e58f398-0299-4a7e-893b-12c8a2e0db3f,242,,1,152.08,inf,,
8e5ce56d-667e-4542-93f0-71576d741c7f,354,,1,187.49,inf,,
8e78dae1-c66c-46a1-9ccc-1c8b38c442d1,-12,46.75,5,258.63,0.026455026455026454,,
8e80585a-5a5d-4821-8bdb-5acfe2999fe0,162,130.4,6,277.61,0.009174311926605505,,
8e8f7ada-16fc-4941-a8bf-da41dafa913e,281,18.615384615384617,27,253.72,0.05465587044534413,25.134958799372516,-0.12
8e953c6f-d5e3-4a3d-bd52-7d9191af5578,378,,1,72.52,inf,,
8eb109c8-c413-4919-88af-fbf6509d69d3,188,21.263157894736842,58,251.93,0.04688763136620857,20.742921611780755,-0.05357142857142857
8eca6626-b633-49d4-a428-7cbab5c695cd,155,20.428571428571427,8,223.35,0.0547945205479452,,
8ef5f492-c310-478a-a385-11fa78b79a7f,329,53.42857142857143,8,270.41,0.021220159151193633,,
8ef7948a-8e88-476d-85ef-2c3eef8321ea,346,48.6,11,253.93,0.02240325865580448,40.00055555169759,-2.0
8f0b7414-9cec-4cd8-b444-155ec2149951,335,23.825,41,252.41,0.04218106995884774,29.4660930736608,-0.1282051282051282
8f1a56b9-5e54-489c-9548-29c550c42e43,80,51.07692307692308,14,322.74,0.02092675635276532,52.24535312424372,-2.0833333333333335
8f1d8212-6b6f-4afd-ab47-a40552140daa,332,,1,390.07,inf,,
8f1ed264-be27-4ef7-9283-fd5c5c60e8b5,274,29.26829268292683,42,252.24,0.03442622950819672,35.578100279697274,-1.475
8f1ff48f-d14a-4f7e-a9a8-903418f7da2e,379,153.0,6,184.54,0.007822685788787484,,
8f22b49f-b2db-455f-8006-861482195b0e,218,74.16666666666667,7,209.01,0.01569506726457399,,
8f249b4b-a78e-495b-9c3b-206db4008fb1,249,52.63636363636363,12,312.13,0.020512820512820513,59.02757445003603,-18.3
8f2e8e8e-f790-4bff-a23e-f847b475adb2,259,24.03921568627451,52,277.92,0.041633306645316254,25.28079174734346,-0.88
8f510107-8c88-4bad-98a7-1a8a63f2b088,357,13.5,3,309.58,0.10714285714285714,,
8f5f3aff-8b32-4ac1-bc67-727c10bd4c55,390,4.0,2,287.97,0.5,,
8f5f9a3b-d81a-43e1-996d-8af30b40c871,8,44.8,11,237.65,0.024336283185840708,58.70415468923624,-20.88888888888889
8f692f87-8115-4104-94b3-ee7285d7376f,6,146.0,4,246.95,0.009111617312072893,,
8f767576-98bf-470f-9aca-020e95774ac1,389,61.166666666666664,7,382.50,0.018970189701897018,,
8f83dc39-9d15-4499-b5f0-d15ec1a6da27,156,23.444444444444443,28,197.47,0.043410852713178294,21.09380757352067,-0.11538461538461539
8f9a734e-5887-4b81-ab33-e4092f62db86,183,28.466666666666665,46,250.58,0.035357417371252885,32.57411130441976,-1.8636363636363635
8fac754e-e65b-4df8-a8f1-1eed14799e1d,250,60.22222222222222,10,333.44,0.01834862385321101,42.434590188246716,-10.875
8fbf2091-1291-48bc-8383-7c66cde5b1ec,343,56.07142857142857,15,284.45,0.018963337547408345,28.7334280953368,-4.538461538461538
8fc2873f-b7d8-461a-8354-0b25663cf5d6,74,13.104477611940299,68,265.97,0.07472527472527472,17.16685877652866,0.0
8fdd1122-0f0e-4377-93ec-27bca1c0e6a8,287,19.53846153846154,40,253.56,0.05121638924455826,19.203681327240844,0.39473684210526316
8fea504a-cb65-42b3-b81e-4b8ef510048d,342,,1,323.86,inf,,
9001b0fc-c4f7-4fa1-a75c-59cea4eda741,361,59.0,3,286.95,0.025423728813559324,,
901bece5-4197-4093-b191-d24b16a80ef2,129,55.666666666666664,4,185.47,0.023809523809523808,,
901cd169-f271-43d9-89f6-ade4cf672501,345,19.153846153846153,27,291.86,0.05325443786982249,20.383703898344496,0.44
9036f58b-b324-47cc-abf2-c215f04e4200,329,141.75,5,375.48,0.008787346221441126,,
903e4e08-983e-4f87-b0c7-a0c9a2a2bb84,295,41.42857142857143,8,254.50,0.0273972602739726,,
9050f3cf-0c08-40fe-b4ad-1362ab9477a1,283,209.0,4,368.33,0.006369426751592357,,
90520f32-fb64-42d4-9f82-281a5323c221,204,3.0,3,338.45,0.42857142857142855,,
905f8039-7e9a-49aa-b947-7ae4892c9b36,207,7.75,9,365.71,0.140625,,
906905c7-bd5f-4f12-bd69-36e56b08b815,-11,50.72727272727273,23,256.37,0.02040816326530612,40.787698680317376,0.19047619047619047
906e1985-2824-4847-8ea4-b13b35d69849,355,27.13888888888889,37,224.00,0.03722334004024145,26.785020096824674,0.8285714285714286
90742bf5-67a7-4373-b326-a9743ec05152,375,54.5,5,369.11,0.022935779816513763,,
90782e3b-896d-4800-ac2f-46e2323b4c6f,381,54.666666666666664,13,143.03,0.019637462235649546,61.471846228886605,0.36363636363636365
908df6c8-edfc-47ff-8716-a91b88b361c1,353,48.0,13,296.72,0.022298456260720412,35.12315993239167,4.7272727272727275
908e417c-817a-48f9-bedc-359b62bf79cf,205,154.8,6,196.51,0.007741935483870968,,
9095b57f-70cb-4105-9c91-ca7bfb25fb56,290,,1,356.67,inf,,
90b76f8a-30d8-4919-baee-9decceaaf4b6,125,220.0,5,291.20,0.0056753688989784334,,
90c17e86-c55b-4273-8b4b-ec91d46b13ae,68,54.07692307692308,14,297.54,0.019746121297602257,60.34686064530274,-3.0
90c2efcb-03be-481c-86ca-8045c24ab479,87,23.785714285714285,43,286.52,0.04228121927236971,26.398942804299363,-0.34146341463414637
90d81ab4-28fa-4d9b-a187-e19075de5f9b,217,30.05263157894737,20,236.88,0.03460207612456748,27.167124094738984,-1.9444444444444444
9110a387-aa94-4831-96ec-82b933ddcd62,108,,1,347.48,inf,,
911437bb-f242-4877-98af-39b799c43b4a,246,164.66666666666666,4,377.33,0.008064516129032258,,
9118133c-e669-4e88-ac23-9f8e502dd292,242,68.8,11,311.30,0.015895953757225433,67.78856016238203,7.888888888888889
91234aa1-2c56-4e30-8a1e-0652ef8b6897,223,,1,693.37,inf,,
9128df78-2de9-477f-bf14-8129230e48cb,120,10.72,101,250.24,0.08993766696349065,9.916907305458215,-0.010101010101010102
914c0751-784e-47c4-9191-17e133b4a67c,149,52.04347826086956,24,308.58,0.019867549668874173,62.719779583382966,-3.8181818181818183
915b2a28-c997-4f38-985a-c0e79e78fe36,97,46.36363636363637,12,179.37,0.023255813953488372,44.10503990990763,-1.2
916ccb14-9c48-40be-a8ae-549223ae84e2,102,27.185185185185187,28,262.58,0.03753351206434316,20.853033420800028,-1.0
917183d5-5bf4-4354-bd69-bdf729e545b5,67,64.72727272727273,12,212.38,0.016736401673640166,37.77854128759052,5.3
91747789-4c37-4e8b-83ec-1d3d36a06638,87,20.056603773584907,54,227.38,0.04967801287948482,21.22264310946033,0.3269230769230769
9177ac28-d72b-4302-8817-df1d9d1b0b06,50,25.644444444444446,46,235.59,0.0392156862745098,22.115559676345065,0.5
9195d299-1a8d-47e0-97d5-27ee30cefda2,75,,1,559.13,inf,,
91964feb-b2bd-4749-8daf-d87f3751d3d8,136,,1,478.79,inf,,
91991fce-8823-4657-b2cc-6033e7baa1c5,264,16.923076923076923,14,211.00,0.06222222222222222,11.109016896659055,1.3333333333333333
91b24af3-3241-4943-963f-a89946240cba,335,58.2,21,270.35,0.01788756388415673,61.34681392662025,0.05263157894736842
91bb7a0a-403b-4e4a-ae0c-0d2d62544098,38,,1,337.41,inf,,
91bcbf4d-0b20-425f-9955-5bc11a9aa419,-4,,1,438.75,inf,,
91cdc8ed-c57b-4cb7-b6e0-e948bab38ba0,187,158.75,5,335.38,0.007836990595611285,,
91cea80f-9fc1-4229-8703-3576a85e27fd,254,112.8,6,279.91,0.01060070671378092,,
91ececed-697e-4cf7-9ee8-6d215dd0531f,377,167.0,2,661.27,0.011976047904191617,,
9203f5c7-93c9-4f8e-a604-27344c9727d4,263,12.221052631578948,96,252.36,0.0794044665012407,12.255419076984662,0.1595744680851064
9206dbff-4cbd-407b-a9ca-f92fab1087fb,176,94.14285714285714,8,246.28,0.012084592145015106,,
9229bef6-fc16-460c-93d4-67bc179c1de3,344,54.63636363636363,23,235.36,0.018976897689768978,49.71590284477388,-1.380952380952381
9233d24d-bd7a-4199-89df-48568df961a6,239,20.0,39,257.30,0.05006418485237484,18.567626578449836,-0.10810810810810811
923c837a-de13-406a-9f71-cef9fa30f0e8,271,29.52,26,306.51,0.03471295060080107,27.951028603613143,1.0416666666666667
924514d9-0699-4471-9643-c8e498268da1,1,54.5,3,167.51,0.027522935779816515,,
92682b19-1c1c-4b2d-adda-a931caed05b8,241,12.333333333333334,4,161.00,0.10526315789473684,,
9273c427-e0ce-4ed3-9843-38dbed0bf252,-1,11.214285714285714,71,275.60,0.08637469586374696,13.533525582781191,0.043478260869565216
9274142a-666c-42b2-b722-2cf919c98d39,219,,1,110.09,inf,,
92768ecb-1830-4524-ba2a-5a3f62b441c1,450,57.0,3,277.91,0.02608695652173913,,
9283dc8d-cbf4-4e49-8689-0f35da6ac28b,165,81.5,3,586.61,0.018404907975460124,,
929efbfe-a444-4801-b1c7-c4041d340b1b,32,5.5,7,234.96,0.19444444444444445,,
92b00b04-a8a6-4262-9bba-b604697634b2,453,167.0,8,228.06,0.006831767719897523,,
92b041c2-799f-4b85-a40e-8971db8fe60b,296,127.0,2,368.72,0.015748031496062992,,
92b4459d-e5bc-48f2-8653-7322f245cd7f,264,,1,138.49,inf,,
92c59a7a-cfa3-4824-8993-acb1c513e80b,87,207.66666666666666,7,295.72,0.005608974358974359,,
92ca9aa3-266f-435b-aa41-035ccef765f3,327,21.75,25,319.95,0.04681647940074907,20.424303511088045,-1.7826086956521738
92d47c6f-d9a8-49e5-bef8-4293a722d918,179,81.0,3,327.21,0.018518518518518517,,
92f4a6fd-b50b-4588-9596-53b6ad456c3d,224,177.0,2,361.05,0.011299435028248588,,
92f4f082-244a-4f4f-beae-4fe4ab7aad2b,359,44.05555555555556,19,194.75,0.02369077306733167,45.16567179281996,-4.0588235294117645
92f93866-9daf-4740-9767-9b7d2f56f8f7,229,,1,286.58,inf,,
92fd7ed0-6bf7-43a4-9c11-12955820bf02,279,70.42857142857143,8,240.06,0.016129032258064516,,
930d8b4b-6842-4ef1-b6f4-7d4ef38d052e,95,,1,151.53,inf,,
93141b53-98ba-42fc-9141-0ec989c04435,59,17.431818181818183,45,244.66,0.057034220532319393,16.248646064916226,-0.7906976744186046
931994d5-2707-497b-ad99-cc7466862846,321,49.9,11,263.85,0.021825396825396824,54.70821591761961,-5.888888888888889
9328f49c-e645-4c07-a8dc-3a6f855a945e,329,120.33333333333333,4,168.52,0.011019283746556474,,
933bc8dd-135d-45e8-8162-90ece701d8e6,318,137.71428571428572,8,209.76,0.008264462809917356,,
933e1c76-c24e-4173-ab2b-4f393afdf181,250,130.33333333333334,7,251.33,0.008928571428571428,,
93627e9e-1515-4004-bb6d-dc1d48f7fd4c,474,86.8,6,231.85,0.013761467889908258,,
937f9a46-8732-4787-89ff-06357b2199c7,343,175.75,5,192.62,0.0070921985815602835,,
938b2af8-d7b6-46f8-a85a-d4399580e72c,296,59.0625,17,242.75,0.017857142857142856,62.59123341171669,-2.066666666666667
9394b8c1-f9b1-4a3f-9a14-30a3c4a728f3,382,123.71428571428571,8,211.01,0.009205983889528193,,
93a1934b-8796-48b5-b759-79bcf1ebb8d4,170,38.46666666666667,16,260.95,0.027303754266211604,37.14424905816832,-6.5
93aa27d4-8b78-4039-a72e-27e4878b1902,349,63.5,21,222.48,0.01644479248238058,83.12989202067101,-1.6842105263157894
93ae2570-3863-4afd-9271-b5887cbddbe9,131,33.40625,33,243.08,0.030470914127423823,28.632103992411352,1.3548387096774193
93af3563-8927-47eb-9094-4a18d6768407,472,,1,138.53,inf,,
93b3ab3b-132a-4073-9664-f6e802ba3c70,261,16.5,7,209.17,0.06930693069306931,,
93bb1a28-8823-4a08-8d45-9d628d8324cb,96,24.21875,33,265.66,0.04177215189873418,22.89489924175956,-0.4838709677419355
93d58abc-93b6-441a-8198-ccff2c18935d,229,26.375,9,245.12,0.04186046511627907,,
93e18f18-b956-4990-89d4-0f449843063f,92,53.05555555555556,19,269.39,0.01970954356846473,44.116786483981386,-1.1764705882352942
93eb1eab-db73-40ff-9676-047e17ef3a8c,267,154.5,5,118.07,0.008064516129032258,,
93fa7e32-7ba4-439c-8639-d4dfebbc0c44,188,55.0,17,261.88,0.019144144144144143,49.37475738337017,-8.266666666666667
9411100f-de29-4973-8446-6ae008e34494,284,48.68421052631579,20,229.77,0.021413276231263382,41.101571518453525,-1.7222222222222223
941e65a8-b475-483c-b800-785ab55dea03,93,131.14285714285714,8,215.75,0.008676789587852495,,
94336da3-4ace-422b-81d0-bfa7b32ea3c5,489,117.2,6,181.96,0.010186757215619695,,
94526766-0f64-464e-a615-867836808afc,49,157.0,7,227.08,0.007423117709437964,,
946d5a27-3e44-4cbd-9d08-b6cdb9eac24b,40,14.61111111111111,19,303.75,0.07037037037037037,14.923880937015753,0.17647058823529413
9488920f-4d0a-4310-ad5e-9fb97fb7be12,131,22.11764705882353,18,247.96,0.04699738903394256,39.35397431159459,0.6875
9498d846-2b08-497b-b6c1-d3b4fe578291,224,9.285714285714286,8,233.61,0.11594202898550725,,
94a3cc63-c10e-44a4-a71d-b64cf10c591a,140,131.0,8,247.05,0.008695652173913044,,
94a5859f-3e06-4213-bc50-02bc369161e6,148,68.66666666666667,4,231.26,0.01932367149758454,,
94adde61-218c-4175-af9c-d102c6f396de,258,61.5,5,366.66,0.020161290322580645,,
94d502dc-1692-4c32-99f5-222b26038e9a,324,155.33333333333334,7,204.02,0.007494646680942184,,
94d63fea-b8e8-43b1-bcf6-414e0c373990,-9,30.205882352941178,35,280.45,0.03349282296650718,34.96819283011236,0.09090909090909091
94e81ae7-d467-4c41-aca2-500a6238ff46,150,128.0,2,315.71,0.015625,,
94ee56d0-0138-41cd-b802-ed28662f6ec6,177,47.5,5,138.47,0.026041666666666668,,
94eeb789-629d-4217-8072-41d2e0caa0f9,-16,27.6875,17,260.91,0.03777777777777778,27.361088550470114,-0.5333333333333333
94f52845-2d9b-4f41-9a50-7d12c9f51fc3,275,33.75,5,186.55,0.0364963503649635,,
94f5932e-0906-4a08-ba4e-5d730e0a183a,331,,1,173.85,inf,,
94f855c9-5dc5-4a3a-8497-f854ceb0f482,61,56.0,6,123.80,0.02120141342756184,,
951f67c7-4784-4d48-8e90-f68aed0b2a0d,108,22.6,26,233.56,0.045060658578856154,26.06402373643282,-0.75
9526e049-e203-48d6-8eae-cfc40411a83a,188,21.53846153846154,40,247.89,0.046620046620046623,25.79661968251915,0.15789473684210525
953b3c90-4577-45b4-9e7f-5fc8367caf1c,362,11.0,3,244.87,0.13636363636363635,,
95466fc9-92c9-4b53-96fa-9c4e9c0521d9,160,16.0,4,250.52,0.08333333333333333,,
95569e33-b607-43e9-a5ec-b263711805f6,156,12.75,13,214.02,0.08227848101265822,11.576818529834839,-1.1818181818181819
95590a7e-26b2-46d4-8848-f43e46b1d84d,79,213.0,6,232.05,0.005623242736644799,,
955960f7-10fa-4966-89ae-fcd5a884a414,457,180.66666666666666,4,164.50,0.007366482504604052,,
956282d2-c761-47bd-82c3-fcd45b1186fd,253,57.35,21,226.69,0.018197573656845753,36.560368246446714,-0.10526315789473684
956a4333-86f5-4622-9ca6-c6512a8dab1a,91,48.75,13,300.19,0.021996615905245348,63.728293987407625,4.454545454545454
9571da5e-4bfe-47be-b139-934081bfb127,102,,1,552.09,inf,,
957259fd-9708-46e6-8929-e9096694bb62,18,62.0,11,365.27,0.0176,33.862466931200785,1.2222222222222223
9572d939-7a12-402a-a5f9-66ab26197a96,160,12.181818181818182,67,257.94,0.08004778972520908,13.017041009513516,0.16923076923076924
957c3999-40c1-4fed-af73-a9ca524023c9,198,7.916666666666667,37,296.94,0.12171052631578948,8.459567702565286,-0.5428571428571428
959ccd7e-b74b-42bb-afa7-7a2f7977721d,325,126.5,5,146.65,0.00984251968503937,,
959f6a8b-c0ba-4be3-9d51-4e0ec01fe205,136,25.02857142857143,36,237.34,0.04035874439461883,26.91215089037327,0.14705882352941177
95a1a0ed-758f-4f9a-a10f-ceb4d14feb0e,53,11.220930232558139,87,259.37,0.08648111332007952,13.355237935018513,0.11764705882352941
95bffb97-5ee3-47ba-9608-0a52779d12a4,145,155.66666666666666,4,318.04,0.008565310492505354,,
95cd0389-a5c0-45fc-b401-6ecbb787d0c3,233,48.3,21,284.25,0.02151639344262295,41.013604931457614,1.2105263157894737
95e9dac7-7f22-4809-b47e-42b884dc1cdb,251,113.66666666666667,4,370.21,0.011730205278592375,,
9602c861-f139-409e-ad37-2b7dec28c202,343,213.0,2,440.29,0.009389671361502348,,
9603790f-a3e2-4e14-b196-53aa61c7eb8c,314,140.0,8,221.02,0.008130081300813009,,
9609d773-26d2-4d7b-bbf2-f49db38a9886,33,17.666666666666668,37,267.86,0.05674846625766871,22.666526610211555,-0.2571428571428571
960d010a-9a67-4ef7-8b53-6c479d646902,183,24.5,45,273.84,0.04094631483166515,26.815042637070466,-1.372093023255814
96111449-7f48-4f71-b859-b39758ecfae6,229,243.0,3,150.43,0.006160164271047228,,
96122b87-709b-4020-821b-3eb4d5a97dde,316,21.918367346938776,50,247.30,0.045662100456621,23.289694372094672,-0.3958333333333333
961bbba3-62e5-4b4a-9041-b38e5a2ba4a0,46,334.0,4,376.84,0.00398406374501992,,
9622a2b0-d769-4de6-b8fe-8a88ac9328d2,196,55.68421052631579,20,250.84,0.01874414245548266,44.79837873006238,0.9444444444444444
9639cb1d-2cb6-406e-8724-a86817fd440a,79,59.214285714285715,15,181.13,0.017942583732057416,57.968397984032336,4.846153846153846
963caf7d-7c47-4ba9-ad8f-55e422811fa8,236,45.0,3,293.57,0.03333333333333333,,
9641cdba-7c7f-4c72-b803-dfb31ea065bc,89,6.107142857142857,29,213.79,0.15508021390374332,5.952523807809564,0.0
9655d493-399e-4c6c-a89d-77ea91a096a3,383,24.5,7,288.26,0.04697986577181208,,
967c85de-b21c-4a7b-9a9f-24bf4e8581a1,213,24.25,41,228.11,0.041456016177957536,27.205532996819336,0.1282051282051282
967fa5b3-0556-4c7e-a0b5-b676b0e18865,9,54.388888888888886,19,247.47,0.019230769230769232,62.599698259833666,-4.764705882352941
969bc1df-6b7d-417e-aec3-25c4cecaf91e,78,38.0,15,167.16,0.027829313543599257,33.76616422032337,1.4615384615384615
96a2c187-f159-49f5-b845-4a8fc72707d8,324,47.411764705882355,18,306.11,0.02214022140221402,33.38611017985139,-2.3125
96b74ec5-ee10-4b74-b527-f827d76eddcf,315,13.25,5,259.46,0.09259259259259259,,
96c70f77-8e92-48a7-a225-d90a74d22945,4,30.25,9,343.50,0.036734693877551024,,
96efd8f1-d821-494d-9ac9-ef1bf4d2ea7a,151,20.236842105263158,39,218.52,0.049429657794676805,18.96003508168484,-0.2972972972972973
96fcf9d9-9266-4aa5-8c03-28c39dd1215e,266,34.82142857142857,29,228.67,0.029233870967741934,33.907339499843864,-0.14814814814814814
97191e38-fbf9-4c5c-8c55-43bddbfffd90,132,170.0,4,133.36,0.0078125,,
9723f707-c90a-405c-9301-20274ae1e26c,166,57.6,6,313.83,0.020761245674740483,,
973b32fc-7553-4b26-8617-fa181dd61b2c,88,34.81818181818182,12,293.80,0.031088082901554404,30.478904776314327,-2.1
9761d7a8-3587-43d2-8d83-1c99dc12df25,245,8.333333333333334,19,195.13,0.12025316455696203,10.721062282749234,-0.17647058823529413
97704d3d-3875-4c18-b29d-8888e740ede6,215,50.04761904761905,22,262.13,0.020735155513666354,56.976728749969666,1.9
9776311a-9a0a-431f-8e97-32efed033122,221,53.46666666666667,16,299.23,0.019753086419753086,53.81033711985441,0.21428571428571427
978175dd-9e62-4ef4-9888-5a9ef49c6266,404,47.875,25,226.57,0.02153316106804479,48.86833463946549,-2.782608695652174
979d66ed-ee93-4b8c-be6c-b0e0615c870a,227,72.0,4,199.92,0.018433179723502304,,
97a8850c-1f56-4af8-a53c-d4fc76c5c877,135,32.22222222222222,10,229.70,0.034013605442176874,32.61049592454007,-1.875
97af05e5-f8d4-4716-84e9-590252b2e4f1,244,121.0,6,325.27,0.009868421052631578,,
97b1f230-567f-45d5-b850-27d3224ba221,488,198.0,3,191.03,0.007575757575757576,,
97babaf8-b2bf-4b2d-bc6c-842a01f84c70,298,299.0,2,425.04,0.006688963210702341,,
97c7c49a-1506-4e21-b752-25f55a9ad19d,335,141.14285714285714,8,269.26,0.008064516129032258,,
97d3fe58-7ad2-475c-99a7-6b0583d845d9,114,21.64516129032258,32,228.82,0.04678362573099415,24.80396256931108,-0.7333333333333333
97e0d1ed-abc6-431d-8ade-b8879754d2cb,-4,52.52173913043478,24,247.00,0.019672131147540985,67.94039470890334,-8.0
97efac5f-dee4-4ba9-b097-8a37d16d1b1b,325,44.8421052631579,20,215.27,0.023174971031286212,43.395165063370754,1.8333333333333333
98099906-fd88-4eb8-838f-00769316af78,345,19.11864406779661,60,285.02,0.05176876617773943,19.51134483935163,0.0
981e9ea3-e450-4764-8bb8-2ab022ce84b4,330,48.45454545454545,12,198.22,0.022304832713754646,51.112353959416964,-5.6
981f5d3e-2e58-4359-925e-16c09471cab9,364,134.33333333333334,7,513.09,0.00865265760197775,,
9838bd24-12f3-4e6e-a55b-6629a8ce1cd6,302,134.5,5,293.14,0.009259259259259259,,
984aac2d-09c9-4584-b7af-3131bab2dc9f,66,110.66666666666667,4,272.30,0.012048192771084338,,
984fe71f-747e-4df6-a508-8feb19187a1b,345,72.84615384615384,14,186.17,0.014705882352941176,47.618004567331035,-5.833333333333333
9859a0f2-087e-48b3-9f50-cf713e73d71b,305,262.0,3,409.79,0.005714285714285714,,
985d64a7-5e86-4b91-9402-ca37a7e78782,345,20.304347826086957,24,233.70,0.050314465408805034,16.69358826999346,0.36363636363636365
9882c836-abbb-43df-ad4a-88e56734874b,180,168.42857142857142,8,234.62,0.00676818950930626,,
988cdc56-aeca-42e2-81c7-d3187146e1a7,500,217.0,2,332.30,0.009216589861751152,,
988d0c70-45fd-4899-b447-50c142d23003,113,145.0,5,467.42,0.008620689655172414,,
98a90284-0835-4b33-a0b7-a28c0c19d664,89,53.63636363636363,23,221.67,0.01934398654331371,37.415995375730816,-0.2857142857142857
98b9443d-246e-4db6-bf88-c54c94afc8a2,109,30.5,5,226.88,0.04065040650406504,,
98ba08e6-d6a7-4dbd-9dea-4e35966b78b6,93,26.333333333333332,37,250.50,0.038302277432712216,24.438844957508586,-0.37142857142857144
98e6ea90-6b2f-4896-9e64-c0b6324fb7b3,150,18.323529411764707,69,288.83,0.0539906103286385,16.242969709054787,0.13432835820895522
98fa0976-f00e-4c04-add8-cd7a1fff1190,200,144.0,2,132.17,0.013888888888888888,,
990891ac-b776-4ded-a175-5fc73b74c9dd,229,449.0,3,178.01,0.0033407572383073497,,
99123683-fe93-4d07-905e-387e26531427,122,195.66666666666666,4,222.77,0.0068143100511073255,,
9928f127-47df-40ce-a073-e1b6804c4dde,394,,1,214.46,inf,,
992abe4a-5ff5-4874-b1cf-efc105215e0b,365,,1,222.65,inf,,
992f5d59-888b-4b4b-8f6c-4692d304c30e,313,164.5,5,381.19,0.007575757575757576,,
9930d23c-0eb3-4306-ab2b-ecf1fbfd529d,448,188.25,5,255.12,0.006631299734748011,,
9933561a-71b1-4aba-851b-1692814496c2,302,56.85,21,291.66,0.01832460732984293,66.47379776629047,0.3684210526315789
993e315c-2d07-4df2-80e1-4630bc04e33d,190,23.653061224489797,50,290.92,0.04230118443316413,24.04297456327607,-0.0625
994cfc96-a1a4-4557-946e-95561f47d314,33,8.88888888888889,28,221.59,0.11155378486055777,12.698677500291526,-0.5384615384615384
9950033b-97b4-4a1b-9170-f2b14349db19,159,47.083333333333336,25,314.00,0.021949078138718173,38.30871925573201,-1.0
9958cd92-b2dd-4d09-8ad7-85a9b1debd9a,230,64.1,11,245.79,0.017001545595054096,67.94188693287816,-17.0
99623f36-2d82-4333-83a8-e9cbf3924770,225,25.333333333333332,49,275.81,0.03951612903225806,34.627091431318746,0.6808510638297872
997c8680-55d3-4a1e-80fb-cf53d6326766,431,7.260869565217392,24,228.25,0.13559322033898305,8.1754476736159,-0.5454545454545454
99846548-7b5b-4062-825f-40b4f4c94737,318,17.27777777777778,37,253.62,0.057722308892355696,13.677115633915363,-0.7142857142857143
998a3833-98f8-44b6-a397-c7fb7d57211e,98,131.5,5,233.81,0.00945179584120983,,
99952e36-751e-4eb4-9d37-93e29f7d0582,414,126.0,5,162.20,0.009900990099009901,,
9995776c-3629-40ac-98f3-d7600cf5d220,174,24.224489795918366,50,257.33,0.0413564929693962,18.717488820755367,-1.0416666666666667
99b4b4c4-d49a-4a4f-b1a7-b93fb8df4690,245,,1,426.15,inf,,
99b9fde3-dc9a-4445-9363-04082a3dd4ad,397,167.0,4,199.55,0.00796812749003984,,
99d40d47-9de6-4895-b7ca-c5a60c5906a5,371,195.0,6,313.72,0.006147540983606557,,
99dd0038-6b98-47a6-a72e-3e87fb89b24d,396,21.11111111111111,55,273.76,0.04704875962360992,19.650403679819764,-0.3584905660377358
99e83e22-7f59-4407-8ce4-a82467cd67f2,35,98.0,3,168.72,0.015306122448979591,,
99e885b1-d1e2-4b9a-9101-c962bb900070,295,65.125,9,280.44,0.017142857142857144,,
9a046f83-937e-4d54-84e7-185aecf2538e,26,27.97222222222222,37,269.75,0.03609756097560975,24.390262824228046,-0.9428571428571428
9a1fcc1c-0a6b-4a8f-9a67-88c1e2a90dc1,208,23.03125,33,223.86,0.04376657824933687,28.87624805290506,-4.193548387096774
9a338223-2af2-4166-b6e0-ab06c453b94c,343,124.0,2,250.46,0.016129032258064516,,
9a3bf4e2-b1ae-4d48-911e-2fd19dcaa371,361,13.8625,81,256.19,0.07037358818418767,13.548547262027485,-0.2911392405063291
9a475404-92bf-40d3-9f91-18dd05300211,294,37.9,11,229.73,0.028720626631853787,32.00156246185489,-1.5555555555555556
9a4a9a17-d85c-422d-99be-10e8a727b279,97,,1,153.00,inf,,
9a4ba265-dce1-48b0-9bb2-851785423d4b,185,54.25,5,108.49,0.0228310502283105,,
9a4d28b9-0638-4768-81c7-881785a31a9d,395,32.25,5,213.20,0.03816793893129771,,
9a5134dd-b175-4230-b1ab-5d3f84c317f2,423,147.16666666666666,7,266.43,0.007909604519774011,,
9a552439-3411-4a5f-bd02-50e810c981fe,338,141.75,5,277.02,0.008802816901408451,,
9a624cb6-8649-44ca-94ff-3fd3491dc9da,293,78.25,5,211.40,0.015873015873015872,,
9a63c825-a1f6-4216-9b08-11f19ad0e71f,266,52.22222222222222,19,323.12,0.020021074815595362,47.19864847959795,0.17647058823529413
9a66f209-bbf2-4c03-aa5d-465ca613caa7,245,15.071428571428571,15,172.34,0.06880733944954129,13.925429344102193,-0.8461538461538461
9a6891f6-6cff-4898-967f-83f162c41597,229,34.42857142857143,8,208.02,0.03292181069958848,,
9a6de7b4-fae2-4f98-8736-99a67b311333,196,10.01123595505618,90,286.85,0.0962566844919786,9.436985244266875,-0.22727272727272727
9a99c4f4-3252-45e1-bd44-af2510323af0,67,15.5,7,248.69,0.07368421052631578,,
9ad58e3e-eaea-4ec9-9c4b-3a57d56c711b,174,163.75,5,409.77,0.0076103500761035,,
9ad9e99d-a43d-4a80-b30c-a01d324a25c8,276,11.824175824175825,92,222.68,0.08206958073148975,11.152073456032397,0.08888888888888889
9ae4aaa2-a0e8-4a43-b5b6-9d83f4006a11,383,70.11111111111111,10,223.10,0.015748031496062992,43.100012889918155,-7.625
9aeb541b-5fca-468e-98fb-e2be1ab8139b,337,7.0,2,562.99,0.2857142857142857,,
9aee64f7-89de-47e5-a00a-050bd29e5c09,368,56.0,18,265.29,0.01875,55.802105695036275,0.125
9b00c665-6d0d-47a4-84dd-3cace831d0c3,79,22.0,2,310.78,0.09090909090909091,,
9b111631-49b6-4536-872b-02d15aaf83e7,117,64.33333333333333,10,202.08,0.017152658662092625,57.99784478754361,-2.0
9b1193c3-265c-4fc6-a395-b849bb658d08,459,179.4,6,278.78,0.0066815144766146995,,
9b18c12a-cf77-4bb7-8965-a832d74abba6,177,61.0,3,306.22,0.024390243902439025,,
9b51238b-c364-4f1e-b589-79174fc8a712,216,68.36363636363636,12,217.26,0.0158311345646438,58.75929326884851,-13.9
9b516443-cea3-4c83-8a79-4744287368a3,259,123.25,5,255.21,0.010121457489878543,,
9b52a837-1961-4222-ba2f-65f84f975491,342,22.77777777777778,10,234.17,0.04784688995215311,18.87311432817712,-4.625
9b5eb680-831e-4815-ab90-dd5c564c17c5,73,22.5,37,257.70,0.044740024183796856,21.66695970497806,0.5428571428571428
9b78004f-0865-4bef-865b-1a316a188c8b,120,50.55555555555556,10,307.42,0.021691973969631236,47.005614321884764,-0.125
9b8287d6-b6e9-4bb4-9525-b5cd5fa26900,352,10.357142857142858,71,257.02,0.09366754617414248,12.95033513559489,0.11594202898550725
9b9ef332-e8ee-4f7a-931e-0e29b5af0a7d,38,168.2,6,280.82,0.0071174377224199285,,
9ba6bb0c-f0ac-47bf-a22f-badacc009f3a,95,40.44444444444444,10,245.50,0.02702702702702703,47.54237875598756,-15.125
9bb2d46e-335b-4f62-bb76-ca35c9d5b77f,424,218.0,6,181.09,0.005494505494505495,,
9bb8c4e7-0585-4445-b439-3aa35627b1e2,84,49.0,2,215.95,0.04081632653061224,,
9bbcd933-ef76-45eb-8c3d-b95b8fbece56,156,173.0,6,143.00,0.006920415224913495,,
9bd3c72f-bb4c-4b11-bd54-8291125a6d18,299,20.83783783783784,38,296.32,0.048162230671736375,23.799525571267537,-0.1388888888888889
9bd8345b-6ca3-4ad8-ae15-372e9bfe162e,366,14.0,2,194.82,0.14285714285714285,,
9bd8b6fa-3be4-4108-96a2-e686e08f8437,41,6.666666666666667,7,191.46,0.16666666666666666,,
9bdde722-bfd8-4ea0-8745-248a03e0b8a9,417,113.875,9,297.59,0.009836065573770493,,
9c05458e-7cee-4cb4-81ad-b76283c2f8b3,173,17.14814814814815,28,305.28,0.05894736842105263,17.27092644547189,-0.5769230769230769
9c19b926-b39f-40b8-9fa0-002f0935cafd,30,20.94871794871795,40,327.24,0.047961630695443645,21.107430367862,-0.3157894736842105
9c27e436-3975-4c5e-97af-62d73d389c34,335,13.333333333333334,4,192.71,0.0975609756097561,,
9c2fa600-7f02-429d-ac5d-480a42bd9b77,226,,1,259.03,inf,,
9c339a25-15cb-4197-a355-a884fdd7f8a1,369,123.66666666666667,7,247.98,0.009408602150537635,,
9c70020a-d03e-490e-8c02-c55b752c6d84,514,192.4,6,370.50,0.0062176165803108805,,
9c742cef-9980-450b-8605-48aa98372fa7,122,52.57142857142857,22,251.71,0.019748653500897665,42.696102197473984,0.7
9c7c3c11-9710-413c-aeac-7cdc5ab02ca2,-17,9.0,5,236.90,0.13157894736842105,,
9c872383-9c4d-490c-87f1-20e35eb5abcf,107,41.0,18,318.36,0.025604551920341393,27.103966499388978,0.375
9c90a3ef-0224-4773-9087-c9028d7b5172,199,36.25,9,273.87,0.030716723549488054,,
9c97f468-ee8c-40e6-bbc4-021735a46337,161,,1,307.72,inf,,
9c9bb6e0-9e4c-4b3a-8366-ab6734c69f55,98,194.8,6,307.14,0.006147540983606557,,
9ca1122d-561b-43f2-b3af-7f5bcf488539,118,150.14285714285714,8,300.07,0.007597340930674264,,
9ca1949b-6d99-4474-9fff-e42502dc14a2,274,11.178571428571429,57,233.97,0.08755760368663594,7.718000548557408,-0.03636363636363636
9ca9d1c7-56bb-41c6-8f81-3bc863b43319,187,91.66666666666667,4,375.92,0.014492753623188406,,
9cb0561f-ffcd-4b04-bdbf-e684e85b5583,154,38.714285714285715,8,316.48,0.029304029304029304,,
9ccb4643-5c7d-4f5f-a843-5b17886cb88a,138,45.083333333333336,25,298.50,0.022893772893772892,36.63796636973926,0.17391304347826086
9cd5ed64-4f2e-4074-aa4b-11813dcc58f4,203,20.878048780487806,42,203.68,0.048,17.268750855159183,-0.225
9cfa7cee-d68f-4bf0-af5b-deffdfa00eb9,80,49.0,15,286.97,0.02167630057803468,34.14223641902076,-3.5384615384615383
9d063400-76c1-4b43-9ca6-a4cff7bb8dd4,186,48.2,11,220.02,0.022540983606557378,51.87120802740401,-5.555555555555555
9d0f9375-b7b6-454e-a5e6-1a871c15b5b5,190,125.4,6,348.91,0.009538950715421303,,
9d0fa44d-b823-43a4-8e60-330b9dd62ad9,124,24.541666666666668,25,356.85,0.041666666666666664,23.533471383591476,0.043478260869565216
9d1e6681-8739-4c50-94a4-2f4a7668b15c,42,47.45,21,251.13,0.021920668058455117,49.199352798481755,-2.6842105263157894
9d32959c-259e-4a7c-b5a0-7cafc6d45b98,280,44.0,5,236.09,0.02824858757062147,,
9d334a0b-ffb6-4ca7-844e-fb75bcbda5bc,384,118.0,9,286.69,0.009483667017913594,,
9d52b0ef-12e2-4dc1-9651-779cf25962d8,246,24.387096774193548,32,291.12,0.04145077720207254,28.63875860828566,-0.26666666666666666
9d565da2-a18e-40dd-917c-2d3e16ae2562,174,,1,144.16,inf,,
9d572b9d-44fa-4512-a20c-3f4915d41e89,222,57.38095238095238,22,206.44,0.0180623973727422,63.34151576215727,-3.35
9d57d83f-e8e3-46ed-bf92-ca5c0ab777ba,305,17.772727272727273,23,247.74,0.05721393034825871,21.52502821895571,-0.23809523809523808
9d6d806b-0ce8-4a7f-bcbf-bbab21e326c1,58,25.5,37,284.26,0.03948772678762007,20.540552225154165,0.17142857142857143
9d6eb7cb-28d5-4c56-a7df-33769fe4a6eb,269,105.44444444444444,10,278.36,0.01049317943336831,125.72003729627897,-5.25
9d72ea6e-5a92-45a7-8beb-9935641c3358,287,64.78571428571429,15,268.25,0.016411378555798686,53.19800252384926,3.5384615384615383
9db8ccc1-9509-4a8f-87d0-03f8c21a3fed,375,58.63157894736842,20,284.17,0.017809439002671415,52.69325333824456,1.6666666666666667
9deb022f-7b52-4630-a2da-8294b1ab0ce1,-10,28.615384615384617,27,234.32,0.035667107001321,23.809371135041637,0.24
9e0a3028-9947-4400-985b-84baf2902139,8,21.15909090909091,45,302.96,0.04726890756302521,16.35783459516284,-0.8604651162790697
9e143131-f08a-419a-b22a-10061f134623,70,476.0,2,174.08,0.004201680672268907,,
9e28ba2c-0cff-4275-a223-6b5cc111cd04,125,25.791666666666668,25,233.23,0.039619651347068144,27.24921884267936,-0.6956521739130435
9e2f1be1-c009-4812-81a9-12df75950bbb,210,58.9375,17,216.31,0.017875920084121977,46.26080954760736,5.333333333333333
9e3280f0-9743-47f9-8daf-ea11d9266315,225,20.333333333333332,49,246.75,0.04895104895104895,19.535383427866442,-0.10638297872340426
9e87199a-fabb-48fa-b512-024548a4c22a,341,41.42857142857143,8,236.30,0.027210884353741496,,
9e9e0f83-5ac0-4cae-8fe6-50f531f643c1,390,59.65,21,260.58,0.01744186046511628,72.9399717143091,-0.05263157894736842
9e9eb850-fe80-4f5b-a798-3dc304284821,237,66.71428571428571,8,320.52,0.01702127659574468,,
9ea696a2-41ed-46a8-a772-dc6c9fad3caa,176,253.5,3,192.31,0.005917159763313609,,
9eab3dbe-eeca-4a29-8c51-df6332af7f75,314,149.85714285714286,8,272.40,0.007611798287345386,,
9eac4fa6-2613-40ed-b27b-7ee54ce42fc7,329,25.55263157894737,39,247.70,0.03931451612903226,31.87449829465984,-0.8108108108108109
9ebebaf0-b7ba-4306-8b73-478bd333c871,229,17.0,4,305.47,0.07692307692307693,,
9ecfb799-6a58-44a2-9b31-1a2a04b2381b,223,22.21212121212121,34,245.13,0.04521276595744681,22.22998759524729,-0.71875
9ee95f3b-1fb4-4ce9-adf3-3835cf3bf234,203,29.5,3,252.16,0.05,,
9ef8ccef-fc3f-4407-9992-fc67877aac0f,129,30.025641025641026,40,234.50,0.03367003367003367,25.415999084173215,-1.736842105263158
9f04b90d-eefc-4e99-9b8f-b9df19202262,384,151.5,5,247.12,0.008237232289950576,,
9f05d0bf-e63b-4adb-9bfb-f3ad19f75158,-10,56.0,2,121.13,0.03571428571428571,,
9f07c42c-da09-4d5e-a7ae-9ba6f0ed3551,344,54.0,22,232.91,0.019247594050743656,64.2837460016138,-1.4
9f14ebed-93c7-4117-b5f4-6c8d85f56af9,15,45.90909090909091,12,267.04,0.0234375,48.221270297358494,-4.5
9f183a9d-2891-4254-946a-9b165ea9d447,223,10.0,10,158.57,0.10526315789473684,8.396427811873332,-2.875
9f288df4-5a42-4bf7-bea4-1c0213bb0d95,397,152.25,5,174.17,0.008183306055646482,,
9f2cf96f-77d3-4143-b511-50252733bce6,93,74.13333333333334,16,238.07,0.014298480786416443,61.98601992922813,-4.5
9f347c0e-f0c6-4ed8-a3b3-a687702e898f,145,20.583333333333332,25,298.90,0.04921259842519685,20.55304201892956,3.739130434782609
9f39112c-f7af-419e-9df3-778b75ae8f68,148,66.0,5,238.66,0.018796992481203006,,
9f4cb4a7-02b7-4a68-b749-002edb3f8474,377,65.0,2,142.16,0.03076923076923077,,
9f85fc33-d4b5-49fe-9281-4a5427fa2e0f,274,56.294117647058826,18,228.15,0.01867219917012448,64.40474041742031,-4.4375
9f8abcf2-5b37-4b2e-91db-8ee06c62056f,80,,1,142.90,inf,,
9fc4b945-dd61-40a8-a075-7991e5087abd,209,31.703703703703702,28,316.15,0.03233256351039261,32.023807027338535,-4.423076923076923
9fce4b4b-5f3c-4122-af2d-d19e839d390b,222,51.65,21,248.98,0.020172910662824207,52.74294664742036,2.1052631578947367
9fd8ac5c-88e7-40d5-84bd-cf49ae8e7f0a,18,208.4,6,320.70,0.005752636625119847,,
9fd9c99a-9a1c-4c9c-a975-1c2c70f054ab,195,2.0,2,137.19,1.0,,
9ff92f68-0368-4c6c-bc41-bb94f80b1e6b,394,116.0,6,239.20,0.010309278350515464,,
a00744ec-a996-48ae-98d8-c0218d57732a,107,109.5,3,259.60,0.013636363636363636,,
a00ceb39-a385-4941-9fb7-9203f49b1ada,47,11.25,9,231.73,0.09574468085106383,,
a0230402-a894-4676-875f-64888fd2d87b,137,196.4,6,274.43,0.006097560975609756,,
a02d9e31-fc0e-4610-a91c-df5d46ebdbeb,119,177.83333333333334,7,367.40,0.006554307116104869,,
a047283b-05a1-46db-b1f7-a26dbe8ff4a5,75,107.5,3,92.81,0.013953488372093023,,
a0555255-c6de-4888-b7b6-3573c6a47adc,280,104.2,6,346.31,0.011472275334608031,,
a06ac2fb-32e4-4ec4-aa3b-702b4175a825,75,24.0,2,166.95,0.08333333333333333,,
a0a1aad2-83f2-4512-8d79-0db1b449462d,291,192.33333333333334,4,221.24,0.006932409012131715,,
a0a60918-1062-4aa1-acc1-e701a7bef3eb,122,55.18181818181818,12,304.00,0.019639934533551555,40.08695094870195,-0.1
a0a8c841-ee78-45a1-8587-b11e871d8391,301,57.583333333333336,13,256.49,0.018651362984218076,71.54713428392799,0.8181818181818182
a0b0680f-4478-472f-ad73-56546930dfc0,305,197.25,5,238.54,0.006321112515802781,,
a0c94c06-2a57-4dde-83c2-7c11ead0dfcf,324,19.714285714285715,15,304.56,0.053003533568904596,25.59876370641175,1.1538461538461537
a0d4eec9-84f4-4c4a-80b6-2c785c16f337,120,19.428571428571427,8,203.14,0.05755395683453238,,
a0e384be-bb61-4850-9f0d-df3d3c879261,76,8.604651162790697,44,293.03,0.11282051282051282,9.916651544327136,-0.19047619047619047
a0f6113f-507a-4c62-8a81-3648bb86971e,258,26.67391304347826,47,262.51,0.03763010408326661,21.270798290223656,-1.0444444444444445
a0f6f20a-5cdd-476d-a1c7-ec94bce3c347,156,60.1875,17,230.90,0.01752577319587629,47.991969814404015,-4.866666666666666
a0f93363-a5f8-4dce-8f44-7513698c42db,341,29.5,3,186.04,0.05,,
a103efd2-8125-4198-83ee-d744dfbac641,44,153.33333333333334,7,205.64,0.007592190889370932,,
a126e92f-1eb2-40b7-9231-f6ab5a70f8d2,378,49.333333333333336,13,237.33,0.021775544388609715,32.569738696954246,0.45454545454545453
a151dfbf-0828-4e01-bc6c-67bed7fc2835,167,176.0,2,320.81,0.011363636363636364,,
a169faef-2649-4954-b6a1-96a8630f91c0,55,14.0,21,322.79,0.0726643598615917,17.235214868952095,-1.263157894736842
a16f4463-66d7-4bbd-9129-58a1d2c00051,13,,1,249.03,inf,,
a16fc280-3b83-40e7-8d29-8d7cd9dbb46f,53,77.33333333333333,4,301.97,0.017167381974248927,,
a17675b6-65f9-4b4d-b45e-7126a67e7ec1,36,51.333333333333336,4,278.65,0.025974025974025976,,
a1838b0d-1d04-442b-b7d5-9d2936e2df80,309,147.5,3,188.89,0.010169491525423728,,
a1849e4a-8fa6-4fbf-819e-c9571881f280,135,56.65,21,240.92,0.01838879159369527,56.27308882863805,-2.3684210526315788
a1a421e2-66da-45a5-a3be-85f5968ff943,179,20.733333333333334,31,238.97,0.048589341692789965,19.946364863412274,0.10344827586206896
a1a9014b-78fe-4ef2-a2e0-427442151673,352,51.0,2,115.84,0.0392156862745098,,
a1a9ac6d-d51a-4e1a-8cf5-3f77b0a7369b,68,11.666666666666666,7,256.95,0.09722222222222222,,
a1bdec8a-d92b-456a-8515-083bd02999ed,181,59.857142857142854,22,274.55,0.017350157728706624,56.47325536418607,-2.85
a1cf931f-61f0-462e-8126-3e75ce912602,216,41.2,11,261.88,0.02650602409638554,36.00246905113284,0.0
a1d2b78c-89ab-466b-8e26-81880e7d099e,66,60.25,17,294.15,0.017507723995880537,61.98978410458721,-5.466666666666667
a1d95e68-d3c5-49b7-b41c-9af27efbaa23,62,10.590909090909092,23,223.29,0.0942622950819672,8.460885301585177,-0.19047619047619047
a1da0f19-efee-4cd0-8037-f97654f68cdb,199,47.19047619047619,22,231.13,0.02197802197802198,34.89644544594628,0.95
a1db1256-3122-4236-afe7-d95e5485f89d,259,52.94444444444444,19,210.36,0.01970954356846473,47.314308521309634,-6.823529411764706
a1e8741c-f6c7-4513-876c-35124751a589,104,51.76190476190476,22,233.48,0.020072992700729927,48.10395489136498,-6.15
a1eeebfb-0b3b-4788-af9f-9e8c3231d492,106,58.357142857142854,15,227.14,0.01820388349514563,53.214525406938606,-1.0769230769230769
a20dff0f-cf6d-4b7b-8407-5d765a552018,393,125.2,6,457.68,0.009538950715421303,,
a226d0f9-27f3-4cc0-93b1-f5bb9baf6fe3,40,161.4,6,278.23,0.007416563658838072,,
a22ea646-cec4-49b4-8910-b195bf2e48c1,193,42.714285714285715,15,193.79,0.024793388429752067,49.878974407179705,-1.3846153846153846
a23b3f31-7906-4a4c-8e80-3cdc263b8e1c,488,,1,633.50,inf,,
a23ea8dd-edbf-432a-98d4-f2e9da71a636,138,224.0,6,409.82,0.0053475935828877,,
a254ca5c-88aa-44b0-ba20-e1bbe8618b1a,380,,1,67.89,inf,,
a269bccd-eeaf-4919-8e97-d893e035131b,321,19.31111111111111,46,301.37,0.05174353205849269,17.80681971276253,-0.75
a271d43b-aea7-49ca-a444-9b2f71e7f03f,175,53.333333333333336,22,279.96,0.019451812555260833,52.84537191971813,-3.0
a27c7f87-58c0-473b-9330-2290c639a1ec,171,21.625,57,244.53,0.04611650485436893,20.825301482047788,-0.45454545454545453
a29f2705-a794-4aa6-8f37-a5b024bc0d82,153,135.0,2,453.59,0.014814814814814815,,
a2a6deff-21b5-4d56-9ffc-de8650a3d4ef,218,53.95238095238095,22,247.88,0.019247594050743656,41.355140176858534,-1.5
a2a9445d-e3f6-43ce-b63d-a732e849ad39,209,44.5,11,238.57,0.024498886414253896,46.0126794119476,-10.666666666666666
a2b330b8-3c17-4f8e-b9d3-a0ca77ca7517,236,17.756756756756758,38,220.95,0.05637982195845697,18.254992323875264,-0.5555555555555556
a2c46efa-1e4f-4ff0-809c-0ef9f0fdbd87,370,7.388888888888889,19,196.69,0.1357142857142857,5.991551786512199,0.23529411764705882
a2cf7b2d-ab5c-4e68-bbec-cdcd61bd6edb,384,45.09090909090909,23,254.70,0.022931206380857428,41.47966695337332,0.7142857142857143
a2e8ef6a-275a-4d73-a889-fabc657b3b4f,170,23.291666666666668,49,318.10,0.042907180385288964,21.253243390361128,0.2553191489361702
a2f2ecbe-c7fd-4585-8db6-4241380fe4a1,90,20.833333333333332,37,222.18,0.048366013071895426,19.450302972300605,-0.5142857142857142
a3090a5f-1d41-4372-9186-834f7b7e4647,350,,1,411.32,inf,,
a30a19ac-9d9a-4644-bd40-062007821283,117,107.66666666666667,7,239.41,0.010819165378670788,,
a31695f4-8a97-4076-93cd-330d1c5025b8,418,49.75,5,336.13,0.025,,
a330a055-4b1d-4e3a-b36d-faa6a782e6ef,54,12.0,95,232.90,0.08091993185689948,12.775985537390566,0.17204301075268819
a34e28f1-9275-45a9-bd60-e6331ade911b,151,,1,360.86,inf,,
a3629091-39b5-4a9c-b714-724f9d6f7e25,173,85.0,4,145.23,0.015625,,
a36cd848-79e8-423a-bef0-d7aeddf954a5,345,46.1,21,304.68,0.022556390977443608,47.469547024769916,-0.10526315789473684
a378431f-4359-4c30-b8dc-5e36aa695b50,334,13.8,16,284.44,0.07476635514018691,8.76844993631795,0.9285714285714286
a37e9449-3a1d-4758-9eb9-e951c1c1bc89,86,210.4,6,212.77,0.005687203791469194,,
a3891e21-d3cb-48e0-a59e-d3164a7de738,475,65.58333333333333,13,243.58,0.01639344262295082,59.29043818868318,3.272727272727273
a3a1e5ff-22da-4462-8abe-e4df65ce268f,171,100.5,3,213.59,0.01485148514851485,,
a3a51fc9-e722-4ccf-a774-a19162908f17,93,74.66666666666667,4,462.81,0.017777777777777778,,
a3a88520-548b-485d-a3af-5dd3a4be419f,374,20.645833333333332,49,272.02,0.04822834645669291,20.82295131383733,0.0
a3c03eb2-c71c-4ff5-99a6-ebe9ef2a4887,158,46.69565217391305,24,271.86,0.02207911683532659,50.653398685764145,-1.8636363636363635
a3d0b524-8d16-48a1-bdf2-d3561e49423b,163,167.66666666666666,7,245.43,0.006944444444444444,,
a3f9b3d3-2d7d-4497-8182-8ba22ba73134,453,59.1875,17,207.25,0.01780104712041885,73.24135330080496,-6.0
a40274be-3781-4ab9-b211-cb73af664ce3,242,54.666666666666664,4,178.40,0.024242424242424242,,
a4266cf5-c56d-4781-bffe-9a972274a94a,233,51.625,17,287.60,0.02031063321385902,47.92198521207846,-5.266666666666667
a43d169a-821a-44f1-8fd9-4bfe9f5991e5,175,10.65079365079365,64,246.19,0.09169054441260745,11.862326826852133,-0.16129032258064516
a440f242-5c32-421b-ae17-e8d2996c6f5b,272,13.615384615384615,14,241.52,0.07608695652173914,10.63436615834454,-2.0
a4416628-9874-4b5c-9dc1-21dacd81138a,179,57.333333333333336,13,181.05,0.01875901875901876,73.04461069452798,1.6363636363636365
a4571436-4050-4ceb-b67f-5dffb551e495,49,58.357142857142854,15,250.91,0.01818181818181818,63.61253764042859,2.4615384615384617
a46d35d7-17ff-4f05-93af-398411db2a5c,72,21.333333333333332,4,471.57,0.0625,,
a486c892-3f05-4e30-9a2e-88094788787b,350,25.24,51,282.18,0.03965785381026438,26.025544751106302,-0.12244897959183673
a488c3f2-98f5-490a-aab4-637cff4f87c6,91,12.225352112676056,72,244.53,0.07973421926910298,10.546762784446624,-0.1
a49defbb-d314-4774-96b9-01b52ec31864,296,12.36144578313253,84,262.67,0.07887323943661972,14.028349618047413,-0.24390243902439024
a4a059a0-f6d2-4c13-9c27-e0d271804ffe,493,121.0,5,265.24,0.010309278350515464,,
a4a861b4-cc16-4353-8774-5465dcb7ce2a,312,188.0,5,290.77,0.006640106241699867,,
a4bfe6ba-74d7-43b6-8e87-416375eb303e,191,30.47826086956522,24,233.13,0.033707865168539325,28.782680343342516,-0.18181818181818182
a4c28fe1-a24b-4f79-8701-bd1c24d9fde7,226,23.0,3,140.48,0.06521739130434782,,
a4f4a902-4169-4493-876f-6c89e2f7662b,76,50.63636363636363,12,283.26,0.02127659574468085,61.826002179136125,-12.0
a521dcc0-cc57-4a68-9b45-856e3769507d,348,222.0,2,168.89,0.009009009009009009,,
a54751d2-30b0-494a-ba33-5e4fea791535,437,256.5,5,224.27,0.0048638132295719845,,
a55f7550-92bb-4ff0-bb40-343fbb8e80a4,199,31.0,8,175.11,0.03636363636363636,,
a569a4b6-c6d5-4c9d-9062-5e4c3d25d3e4,78,40.5,9,273.03,0.027439024390243903,,
a57d0fe1-de40-42cf-8b29-7f4d1f29b13a,182,63.53333333333333,16,268.16,0.016701461377870562,46.540100476695926,-1.7857142857142858
a580acf8-0308-4235-afbb-2839efb6478d,245,51.22222222222222,19,275.80,0.02045209903121636,75.16926433492344,-7.764705882352941
a5889f45-f45b-412c-b276-8bad3ead7684,-14,73.88888888888889,10,303.19,0.014970059880239521,54.45742475651149,-14.0
a59bc9a9-f799-422f-a294-512091843377,352,48.421052631578945,20,250.94,0.021551724137931036,37.15330969177082,-1.0
a59d0ca9-518f-4d9d-8f4c-5d1a41058e8e,217,74.66666666666667,4,313.83,0.017777777777777778,,
a5bb74ea-09b4-4332-846a-8ec2a7eeb796,74,65.21052631578948,20,240.18,0.016025641025641024,60.52233650788996,2.111111111111111
a5c13580-8c75-4762-8344-448ade0db038,238,154.25,5,239.48,0.008090614886731391,,
a5da545a-653b-44f6-b1c8-a3e5290c1507,429,49.0,4,220.73,0.02702702702702703,,
a5dd713c-a4f8-4dec-bade-3b4d8aaa161f,181,47.8,6,246.45,0.024793388429752067,,
a5e5f0d0-db96-46ae-9068-171ceaa0b060,186,40.0,3,345.75,0.0375,,
a5f081f5-b971-43e2-ab39-78f7ee3d4b79,98,124.66666666666667,7,185.59,0.009320905459387484,,
a5fec0d7-49c0-45e9-b705-73e7f6d0c605,331,162.8,6,193.39,0.007352941176470588,,
a6038440-80e7-4a22-a377-a63641f4d376,313,123.11111111111111,10,191.83,0.009000900090009001,122.09058567764802,-3.875
a60eaa5f-4a5d-48f3-9584-27144fbbc4b9,75,23.333333333333332,46,293.32,0.04291044776119403,21.009738001914517,-0.3409090909090909
a61c3d59-1ea3-4b5d-a102-f4879fd7223f,45,51.285714285714285,15,213.50,0.020689655172413793,45.516571067669865,-5.230769230769231
a620280d-0109-4db0-bd8d-d570beff4521,109,49.2,6,258.39,0.024096385542168676,,
a624237e-441a-40f3-8a49-742adb195108,241,132.33333333333334,4,196.85,0.010025062656641603,,
a6266a0f-3516-49f9-9f6d-eaec8ed52216,146,31.07894736842105,39,296.56,0.03252710592160134,28.942049815288975,0.6216216216216216
a62cbb73-50d1-4b49-b491-6a3918803838,265,49.06666666666667,16,308.01,0.0215633423180593,53.387353594362814,-6.0
a634dcb6-3199-4dbb-90f7-f0514913ef77,107,16.952380952380953,22,258.10,0.06027397260273973,16.359939457333546,0.7
a63c9356-2d05-4944-abb1-555e8f7537e9,246,38.333333333333336,7,367.55,0.03017241379310345,,
a64ae74d-757f-45e3-8854-3eb975c38cbf,86,62.833333333333336,7,206.82,0.018421052631578946,,
a64d9c61-4e36-4bb0-beb0-2f2cf471869d,366,12.859649122807017,58,241.12,0.07621550591327202,15.762113931480526,-0.07142857142857142
a64ed16d-ff34-4360-bc66-fb276b172d4d,123,61.888888888888886,19,277.94,0.01693404634581105,52.27066311251678,-0.7058823529411765
a672fe77-0ddf-48cd-b32c-7e61c4bf8372,127,94.0,2,253.57,0.02127659574468085,,
a67558cb-bffe-4d3e-97d0-2c8f489b8535,463,231.0,3,175.50,0.006493506493506494,,
a6925b33-d21c-480c-9ebe-12aa6555e55e,113,43.3,11,263.97,0.02522935779816514,49.00351461318305,-18.333333333333332
a69c384d-2a19-4f00-b137-a0b1be56438b,262,20.3125,17,235.64,0.0513595166163142,21.542883589095805,1.6
a69d257e-765c-4889-b45d-8dc27c39fc7d,432,155.75,5,250.57,0.008,,
a69fa0cf-f9b2-4762-a3d2-c14b1c0a42f4,6,10.778846153846153,105,265.40,0.08928571428571429,12.14871980212197,0.07766990291262135
a6b0ed43-a062-4057-9717-7d48ce8e9037,218,17.565217391304348,24,287.38,0.05783132530120482,20.301872029572504,-0.3181818181818182
a6bd76c1-5412-43d5-95bd-2a8d378f142d,348,9.421052631578947,39,221.36,0.104,9.275458986085834,-0.5135135135135135
a6bfe687-92d2-40f9-9c89-911b8ad36e55,339,47.666666666666664,16,309.82,0.022222222222222223,43.92471914971059,0.7857142857142857
a6c92be9-bb22-41c0-b2cc-8c52af877a71,189,55.07692307692308,14,284.93,0.019390581717451522,46.603757964463085,-7.083333333333333
a6d90642-7b30-45db-a621-4bbd2e2f3e67,320,11.135416666666666,97,271.06,0.08707360861759425,12.100995863035116,-0.1368421052631579
a7196a90-eb86-42b9-928b-acb9d3df7e96,291,12.928571428571429,15,291.36,0.0797872340425532,14.96901561798332,0.0
a71a011c-0d8a-4223-b4ce-29b50bf11641,161,12.25,5,181.57,0.1,,
a71a29a7-a662-4d7e-b278-334cd4eb3203,261,10.08695652173913,24,302.41,0.09917355371900827,11.131090951508346,-1.4545454545454546
a7315cc4-472f-4d40-9adf-d8f977fed9cb,299,160.2,6,213.61,0.007462686567164179,,
a735eaec-bb56-4d61-8c6b-4777032fff4a,137,23.375,25,229.04,0.043782837127845885,23.46099908914515,-1.4782608695652173
a736dffd-1bee-4dd7-89f5-3796436f5a71,90,196.2,6,238.07,0.006109979633401222,,
a73919c9-0915-47eb-ab87-719abe707f41,380,50.25,9,263.93,0.022222222222222223,,
a73d3aac-efaf-4213-80b9-bc4e977b6c7e,301,110.0,11,324.76,0.009945750452079566,71.65968958285482,2.5555555555555554
a74e6143-fc61-4c44-b31c-5e3a933183e9,418,133.0,7,210.33,0.008728179551122194,,
a7603cc6-4238-489f-a7f5-ad61e73a146d,77,28.0,3,160.00,0.05263157894736842,,
a766787c-84a4-46c6-b529-f158944a3736,210,77.46153846153847,14,274.72,0.013806706114398421,91.20454610801609,-17.333333333333332
a7671baf-278f-47cd-859e-e17e98c7fdde,351,57.0,7,273.92,0.020289855072463767,,
a768ec46-a961-4d03-95bb-88cd995cad83,100,39.8,16,205.58,0.026490066225165563,30.09081492510867,3.142857142857143
a780add8-0bdc-42c2-98ed-c14b7f3f0a79,361,183.83333333333334,7,275.63,0.006329113924050633,,
a78208ee-8686-4b3c-8f44-338073f52e18,199,19.25,17,251.83,0.054140127388535034,16.925326190849812,-0.8666666666666667
a784383e-6223-4fd6-abf4-41257fb9c06e,385,59.1875,17,299.87,0.017838405036726127,47.32753779073377,-0.4666666666666667
a7974784-21d0-4452-b16f-8dc8573b99cf,362,10.9375,97,277.59,0.0885036496350365,13.814418478341274,0.07368421052631578
a7b17ed4-e218-444e-867b-5f9121368067,202,23.571428571428573,8,291.62,0.047337278106508875,,
a7b586cf-be84-4777-a4f8-d9aa32386bf7,263,64.29411764705883,18,287.50,0.01637852593266606,44.67488766897231,-7.3125
a7cc7bd1-d61b-4980-98c2-0e9a9ed40e8b,138,159.0,7,145.80,0.0073145245559038665,,
a7ce93fd-615a-4de3-882d-ce2ab25b9b83,332,54.57142857142857,15,294.89,0.019455252918287938,28.61068731385928,-0.6153846153846154
a7cf4b86-ffc3-47b1-ba15-f19b09469fe9,368,52.5,21,286.72,0.01984877126654064,44.35206041615085,1.0526315789473684
a7d69135-96b4-43cd-9ef7-6731fb1bb0b6,129,133.28571428571428,8,217.85,0.008547008547008548,,
a7d8d6ad-269f-44ae-8a69-5dfab8495053,51,11.25,9,274.99,0.0967741935483871,,
a7e92a70-2b80-4870-85b6-a5bca66d5659,183,160.8,6,224.35,0.007444168734491315,,
a7f5dc4f-f920-4b16-b063-48341e2c1613,93,17.09090909090909,23,269.30,0.05974025974025974,17.845658644822624,-0.6666666666666666
a80d963f-2da6-4343-a3c7-bb97b277dbf3,270,41.5,11,289.70,0.02619047619047619,43.902037411592744,1.2222222222222223
a8132afd-3e0b-4323-8be3-94ad93fef277,392,90.0,6,384.89,0.013245033112582781,,
a81aa07b-a8b2-48d3-939b-05b04c8f7b86,344,51.578947368421055,20,255.29,0.020222446916076844,58.45351029234324,0.3333333333333333
a82d103c-0d1a-41ac-ab2c-14c7fca05f65,153,73.33333333333333,4,300.46,0.018018018018018018,,
a830edb9-1708-44a1-8a7a-697faa5e2e71,403,169.5,7,161.29,0.0068694798822374874,,
a83d68ad-e16c-442c-97db-ed9867844860,382,56.8125,17,197.33,0.018518518518518517,50.52552985042974,-1.7333333333333334
a840b155-bdda-4a4d-a174-66a74beabe0e,226,13.894736842105264,20,303.33,0.07272727272727272,13.169386794304877,-0.8333333333333334
a8453914-f057-40a0-a82f-1cb3ddc4dafd,341,102.0,5,224.63,0.012224938875305624,,
a846802e-931a-491c-badf-c9c5148358dd,210,27.2,6,246.58,0.043795620437956206,,
a8503770-4a5d-4ffb-88b0-4ed0beb2ffe6,165,23.4,31,253.49,0.04329608938547486,18.832473787729462,-0.9655172413793104
a85c8096-481a-4f51-9797-01b0d00d158d,288,50.142857142857146,15,247.21,0.021216407355021217,66.11395423853384,3.769230769230769
a8620b56-064e-4015-b6e0-ffb0e7e87bca,242,150.66666666666666,7,202.43,0.007717750826901874,,
a868a576-264c-49fe-8064-0d444085f79f,261,142.6,6,207.30,0.008391608391608392,,
a873a59e-0cfd-4cac-a2d5-68a23d4de029,305,13.986842105263158,77,293.94,0.07,16.744745182536228,0.14666666666666667
a8798a96-0873-43b6-bf4d-aa253fc02dec,-3,73.71428571428571,8,269.08,0.015414258188824663,,
a88e170f-03bb-4788-9f98-899212726340,268,13.904761904761905,64,270.99,0.07025246981339188,12.808407377155465,-0.0967741935483871
a89ad963-fd00-46be-ab42-2e07b454d378,292,59.2,6,208.42,0.020134228187919462,,
a89eaeb1-aeee-47c1-ab3c-0724dd193064,289,23.95,41,236.34,0.04187946884576098,24.145870804820373,-0.10256410256410256
a89ec52e-fe26-4f6f-a727-ff6e1e15ee31,145,49.53333333333333,16,241.39,0.021333333333333333,43.40649501542148,0.21428571428571427
a8af0ea9-c6bd-4b31-839a-c7848b6cda8b,170,32.125,9,249.89,0.03435114503816794,,
a8d1ec0f-5e3b-4564-8b9a-f69340e117bf,138,47.31578947368421,20,264.21,0.02207505518763797,34.911081703822845,-1.3888888888888888
a8d2f20c-8cd3-4bb5-b28f-dd36cd5fde9e,183,,1,212.89,inf,,
a8db37cf-8415-4d75-b6f0-bb871ec4fafc,521,70.6,6,271.40,0.01694915254237288,,
a8dc42cf-b6af-49ec-824f-53a312642770,283,25.242424242424242,34,247.46,0.04004711425206125,20.787662060448113,0.09375
a8e96ef7-9070-41bc-8697-e0cf3f383cf0,288,30.625,9,184.59,0.03614457831325301,,
a8ea6f11-7d87-4ef2-843d-8b654717bc4e,232,34.44444444444444,10,235.53,0.031746031746031744,24.86016447608056,0.875
a8f9dd64-f0cd-4a45-b900-4a70cb84362c,383,124.5,5,346.17,0.01,,
a8fbd4db-c695-4ddf-a2d6-8bfccd053a9a,276,55.77777777777778,19,290.65,0.0187192118226601,41.84643572643357,-5.0588235294117645
a90de1c4-2daf-48b4-9f23-a0b68b5130f4,344,30.875,9,268.00,0.036,,
a9122f9e-eb64-4c46-b7a6-39419e586fc9,299,24.175,41,242.72,0.0416243654822335,25.89811150426184,0.20512820512820512
a9191330-bcea-48ea-b7b1-3ad2e3ab7d55,86,,1,759.70,inf,,
a91d7a6d-ce98-4752-b64f-da68211630e2,185,98.83333333333333,7,287.63,0.01174496644295302,,
a92942b7-bc15-4215-adf8-0969da3e905b,367,49.73913043478261,24,256.12,0.020833333333333332,61.62291293998918,0.5909090909090909
a92ee1d5-e480-44be-a18e-c1dd284672c0,43,63.333333333333336,19,251.09,0.016579406631762654,55.33746736269782,-2.176470588235294
a92ef454-ab3c-41ee-b8d7-34582f3e0d1c,37,64.25,13,263.78,0.01675257731958763,56.983450548063836,-3.909090909090909
a9448c26-3833-4724-bdcb-b7cb870982e1,53,26.896551724137932,30,279.82,0.03787878787878788,24.004976905970096,-0.5
a959c46d-0467-455e-a7e2-9bfdf021fa92,12,55.63636363636363,23,208.38,0.0186536901865369,49.599870827928434,-3.1904761904761907
a96319a4-90c2-4097-8ded-6d326726edc4,295,173.0,5,457.25,0.007215007215007215,,
a967d382-dc32-4d27-ac1a-77ed45839df5,243,54.0,5,118.52,0.0228310502283105,,
a97a7548-4e66-412c-a450-836eea9264e2,351,34.18181818181818,12,215.91,0.0316622691292876,31.083172881217198,-4.5
a98a820b-3b1c-473a-816d-2088f685d109,44,,1,46.07,inf,,
a9a37a0a-4356-449f-949e-989037266c15,250,135.8,6,209.51,0.00881057268722467,,
a9ac753e-f531-4809-9569-71aab22996e0,309,58.0625,17,244.21,0.01812366737739872,54.30220222667462,-3.066666666666667
a9b7f4ee-6259-4dab-8cb6-550c4e9a66db,315,129.14285714285714,8,178.93,0.00881057268722467,,
a9b9b9b3-f435-49b6-a8c4-ea3b66eba371,329,25.62962962962963,28,273.77,0.039660056657223795,25.28323882025729,0.46153846153846156
a9bc6755-6103-40a8-b63a-cdc3e0b1c221,134,45.47826086956522,24,262.21,0.022770398481973434,33.39824378237628,-0.22727272727272727
a9c27c49-23a5-47e5-8daa-f955cb0153c9,318,122.0,6,142.16,0.00980392156862745,,
a9cf07e4-d6c6-4d2e-81c2-c4b7e9facc09,102,17.0,2,161.11,0.11764705882352941,,
a9e412ee-c9b9-42a4-8660-8551d94ed2f0,79,66.4,11,210.96,0.016467065868263474,53.61840480034195,-17.22222222222222
a9f82bd1-58b2-465a-bf32-78b57cd784d7,237,196.8,6,253.99,0.0060790273556231,,
aa372788-050e-4c0b-967b-659846d98956,50,62.4,6,223.54,0.01910828025477707,,
aa66bc2c-e329-4a8f-88a7-0e8306ea281b,338,136.0,8,296.49,0.008368200836820083,,
aa6a4df8-0593-4158-babf-92baad2f865d,261,54.0,9,223.25,0.020642201834862386,,
aa845455-05b9-494c-a19e-f67c1c5c1e06,187,168.25,5,371.90,0.007429420505200594,,
aaa17389-2d11-44c8-a12c-523d4eecb65b,253,155.5,3,262.60,0.009615384615384616,,
aaa854bb-f6a7-4bf5-9c66-23c10e0300d9,264,24.886363636363637,45,250.43,0.04035874439461883,19.87193405820205,-1.3255813953488371
aacb36b9-be4b-447d-b9c8-c6b05905190b,278,26.58695652173913,47,232.69,0.03778135048231511,23.358630179544658,0.9111111111111111
aae13936-1a79-4475-a121-67038388c7a2,378,54.705882352941174,18,286.30,0.019169329073482427,50.59368130740531,-3.5
ab021968-f71c-4358-87e1-18b1ccc077f2,275,264.0,4,223.47,0.005050505050505051,,
ab11483b-304b-451d-8177-dbefac6c49c5,8,20.333333333333332,49,256.89,0.04904904904904905,20.539876455877117,1.148936170212766
ab16627e-3a6a-4038-9858-66ef1f7e4e57,131,10.3125,33,279.19,0.0953757225433526,9.871554114989255,-1.064516129032258
ab2ed62c-b412-466b-91cc-c427f0544bd1,261,47.708333333333336,25,261.29,0.021645021645021644,59.37462433138211,-2.608695652173913
ab35dfff-2319-49a7-872b-b886e9d1f29d,224,78.5,3,223.08,0.0189873417721519,,
ab409423-206d-4004-ab39-1d0456424863,71,22.462962962962962,55,228.15,0.04435483870967742,23.217359285398537,-0.5283018867924528
ab4687dd-ef62-483f-92bd-74324a037d83,331,44.666666666666664,19,301.84,0.023370233702337023,37.1720957962065,-1.4705882352941178
ab47ca66-eb51-4395-b27b-0f198fb06b09,376,53.46153846153846,14,192.64,0.02,32.053640938837155,-3.5833333333333335
ab528189-f59c-4d78-8b4f-fbba10a6d3b8,119,177.0,8,263.20,0.006430868167202572,,
ab72d3bd-4859-4ec2-9eae-3bce447aabb8,276,138.4,6,222.28,0.008633093525179856,,
ab779141-cc65-47a2-8439-33a069f22a2b,283,44.6,6,223.56,0.02666666666666667,,
ab9d2f2b-fe95-4930-91e1-5afede441213,382,,1,21.86,inf,,
ab9e5a19-956f-4e55-ae49-9e8c2203863b,211,35.45454545454545,12,262.76,0.030303030303030304,17.78968035892515,-1.3
aba4eadd-4ac2-46a2-864a-d3c95ee17aa1,23,52.833333333333336,19,262.98,0.01981230448383733,64.35677211954511,-3.1176470588235294
aba674d4-813e-4bbf-af25-c5e530fa51ff,138,23.666666666666668,4,232.30,0.05555555555555555,,
abeade33-34df-4306-9a3d-beeef3bef5e8,255,14.566666666666666,31,274.15,0.0684326710816777,20.417509952089606,-0.06896551724137931
ac151c28-a379-4b84-99ce-06aa1fe4a68d,304,43.0,8,204.73,0.026143790849673203,,
ac22908d-aefe-48f4-a926-d6c65124c9c6,326,2.0,2,195.49,1.0,,
ac2ba3a1-9564-485b-ad2b-465f6c870f6d,125,18.333333333333332,4,262.75,0.07017543859649122,,
ac2f3361-77e5-4cec-b4cd-fe0e762ebd33,294,45.63157894736842,20,223.26,0.0228310502283105,57.0586545449464,0.3888888888888889
ac33e646-b157-4305-878d-887130a28ac9,210,75.6,6,263.89,0.015789473684210527,,
ac78b869-812e-4fd9-af6c-93eea893cb3d,203,57.476190476190474,22,240.78,0.018077239112571898,56.11561195212883,-2.1
ac7a8dec-8a25-4291-afe0-bfcbf5d59750,228,19.142857142857142,22,251.58,0.05339805825242718,17.79686970870359,-0.4
ac7b1dfb-f114-4fae-aa03-973493cbc4f8,281,165.0,3,243.80,0.00906344410876133,,
ac83c66e-0802-4980-a48f-9951be3a976a,86,341.0,2,409.37,0.005865102639296188,,
ac8d620e-2f90-4d63-9439-075d78c0bacd,136,40.38461538461539,14,364.56,0.026365348399246705,35.113004384744364,3.9166666666666665
aca002b0-f683-4bae-8931-e7385af7174e,72,24.150943396226417,54,267.83,0.041379310344827586,26.398860862963748,-0.038461538461538464
aca39b3d-6fd7-483b-8282-5dced4207833,147,118.0,4,362.19,0.011267605633802818,,
acb3310d-ccf3-4c23-87b6-c9ffb7c1def6,250,16.733333333333334,16,293.14,0.06299212598425197,14.088833808915416,-1.5714285714285714
acb37cfb-a19b-4912-bd12-0a54f984e834,95,151.5,3,165.74,0.009868421052631578,,
acb65ea6-eb79-4a1d-adc8-030b474d448e,17,13.363636363636363,12,219.89,0.07894736842105263,11.29843110589012,-2.4
acb8e039-e279-49b1-a100-b7c001ce4028,82,52.95454545454545,23,293.25,0.01957446808510638,55.34607765405162,-7.619047619047619
acbd7c43-fbb3-430f-9487-03c055628185,333,33.0,2,323.10,0.06060606060606061,,
acc3dd69-9f2f-4ba0-9ba9-70d16a0c1362,295,46.22222222222222,10,327.74,0.023809523809523808,29.28642081997123,-4.0
acd9aef0-e384-4c40-9b20-825ab3aafc6a,417,121.0,5,251.91,0.010309278350515464,,
acdb8886-d786-45d2-a24d-1bff0a63a034,101,47.30769230769231,14,232.72,0.022617124394184167,39.220285175286136,-0.3333333333333333
ace7cdc8-28b0-4d68-b6f6-0548d07cad45,153,272.75,5,206.16,0.004578754578754579,,
acf5d7a4-bf07-4726-a8f3-eb95edc7a7c3,161,125.875,9,259.42,0.008902077151335312,,
ad0b7b3c-d800-470e-975c-2f57a84bf4c5,78,50.21739130434783,24,238.39,0.02056555269922879,42.13825353603532,1.1363636363636365
ad0ccd4c-54b2-411d-9d86-fe80fbcbb68b,181,58.8,6,204.83,0.020338983050847456,,
ad10632e-a686-418b-b1ff-1c2a3d919917,68,19.195121951219512,42,287.26,0.05204460966542751,14.60174563570247,-0.675
ad21e3e6-153d-43fd-8e5d-a3beda342df3,251,6.4,26,269.27,0.15028901734104047,6.231639698613306,0.0
ad33e067-4c64-4dc9-9707-ec1f9392a472,198,55.42857142857143,8,266.87,0.02040816326530612,,
ad3832a0-ad26-4327-8e0f-05a05a080b9f,335,239.25,5,352.17,0.005219206680584551,,
ad41e82f-da0f-4b2c-b95b-2d2985d42109,34,22.804878048780488,42,222.07,0.043933054393305436,19.385844722625738,-0.475
ad5680dc-4a7e-4480-990c-e5f94faf9dbe,1,63.5,17,243.28,0.0166015625,63.312979185419266,-0.3333333333333333
ad75ec30-3619-4890-a69b-304eb9ff9bde,325,66.26666666666667,16,253.82,0.016,60.966579447462934,-7.142857142857143
ad8cd990-86f5-4f27-acdc-edef839e0522,118,166.5,3,237.90,0.009009009009009009,,
ad8efcae-17ce-4225-a63a-0454ffd232f4,279,44.130434782608695,24,269.45,0.0234375,43.185966099928685,1.2727272727272727
ad92fe0e-971a-4c93-9b7e-426bbfa0fa49,172,24.195652173913043,47,230.25,0.04133685136323659,22.75533594587568,-1.8
ad980022-4e0f-4658-b9af-e93a770fc9cc,70,113.5,3,157.06,0.013215859030837005,,
ad997d16-0d1f-468b-812e-b9df55d4d6a9,342,10.0,2,117.52,0.2,,
ada0b5e9-f47b-43d3-a2c8-13f8d44aa4f2,175,121.85714285714286,8,259.42,0.00935672514619883,,
ada145d8-2515-4594-be9b-ad4a16ebd54d,392,155.0,3,275.27,0.00964630225080386,,
ada6f9e2-553c-4a79-bc79-36b7f67322d1,58,185.8,6,342.68,0.006437768240343348,,
ada94fe4-93e0-423b-a899-2aa2cf0335a5,72,7.636363636363637,34,309.90,0.12734082397003746,8.245522200784881,0.03125
adad17c1-8ace-44ac-ae37-1c346ee9d737,197,32.714285714285715,8,250.99,0.03463203463203463,,
adb39b8b-bb00-43db-92a5-8b57ee3cedb5,362,9.972972972972974,75,266.80,0.0967741935483871,10.363229217163862,0.0410958904109589
adc2c9e6-d308-4a86-aa36-df86e9cd3986,178,48.333333333333336,4,197.89,0.027210884353741496,,
adc5b665-2ad4-455d-bf4f-f9cecc9def1b,252,9.0,14,248.21,0.11382113821138211,10.598742063723098,-0.16666666666666666
adca47ef-1b5b-4013-9ff5-827a124ba521,10,40.0,6,246.68,0.0297029702970297,,
adcb06b6-4fa9-4cb4-89d9-6b8d28416641,106,186.0,7,202.29,0.006261180679785331,,
add7702e-e8f4-4ae2-a24e-591f94d7498e,17,48.31578947368421,20,224.71,0.021528525296017224,53.201976395597,-0.16666666666666666
ade2b553-0bd0-4c9e-97cc-c84e20ec6613,240,44.86666666666667,16,247.60,0.023494860499265784,39.78669315714681,-5.928571428571429
ade47068-7f9f-49a2-8a5e-e3bb6fb92b4d,125,16.076923076923077,27,255.00,0.06235565819861432,12.390070466056525,-0.08
adfb0202-78ea-4a5e-9bbe-2258bd569db5,49,12.446808510638299,95,270.32,0.07825370675453047,15.771634413416526,0.0
adff291d-dd83-43ba-a700-fd98a32be155,54,25.26829268292683,42,271.10,0.03969754253308128,25.468632069905034,-0.85
ae0540c6-c9c4-41e1-bb1a-5547edb819a9,242,,1,59.77,inf,,
ae277e07-b6e7-4ae5-814f-7ff9ce3b0638,102,28.176470588235293,18,220.45,0.036885245901639344,24.226110124506285,0.9375
ae32220f-6165-44a1-9a12-06b36713e6b4,69,46.63636363636363,23,215.39,0.022222222222222223,59.092780523146054,1.5714285714285714
ae3665a7-40d4-4fb5-9d2a-3a6d9bcd45df,61,104.5,3,306.12,0.014285714285714285,,
ae39fe6c-49ae-4a63-9e0d-136f10808803,269,53.733333333333334,16,296.10,0.0196319018404908,51.032855896494574,-5.285714285714286
ae52bce3-37b0-4d5e-a28e-f47929f180ed,135,22.17241379310345,30,239.54,0.04559270516717325,18.558919622029343,-0.25
ae542c58-b0af-4f67-8f31-a87c26cbb692,358,39.88235294117647,18,276.30,0.02616279069767442,36.07263913435843,-1.875
ae597b12-f172-41d5-9dac-a3aa57c1a252,143,113.66666666666667,10,330.58,0.009737098344693282,93.8083151964686,-37.75
ae5dc064-55be-45c7-829a-079229465087,166,171.2,6,392.89,0.006993006993006993,,
ae6f1e0d-c870-42da-8498-5d5372456b03,295,57.05882352941177,18,191.02,0.018404907975460124,46.60803389469901,-1.75
ae6fc31d-6c26-4673-9536-85559a42447c,181,100.33333333333333,10,288.71,0.011001100110011002,65.50954128979991,-11.75
ae7f4936-1612-499a-ad08-283655ef2e24,351,49.25,9,304.93,0.022613065326633167,,
ae7f9113-a859-4d87-b88e-9ebe0eb5b378,291,47.9,11,315.35,0.02268041237113402,66.50388459832001,2.6666666666666665
ae85e1dd-98cb-4b85-90fc-78717016782f,260,64.07142857142857,15,214.65,0.016611295681063124,71.36198544766651,-12.846153846153847
ae8c14e9-1332-4e87-9151-96a299fcb3c6,70,60.38461538461539,14,308.15,0.017699115044247787,68.64466289224343,1.25
ae9237e2-0501-4668-aef0-41030e7e143e,400,180.66666666666666,4,304.91,0.007380073800738007,,
ae93ede1-2a03-4f00-b2ee-8294eda7cbbd,277,44.9,11,394.38,0.024229074889867842,52.79404427689842,-12.555555555555555
aeb3131f-8c65-45cb-9c78-035403b51d3f,184,289.0,2,455.97,0.006920415224913495,,
aeb6f737-1307-4c2e-82eb-c693dab340d7,79,22.076923076923077,27,224.59,0.04607508532423208,24.47680220441073,-2.0
aed6d2d5-f185-4e66-86c2-edcd2b43332d,283,61.0,15,252.51,0.017421602787456445,68.34640275267434,3.923076923076923
aef0b111-0b78-41c0-b30e-be14847a28d5,31,36.333333333333336,4,289.17,0.03636363636363636,,
aefc2ed7-d48c-46da-bb1a-21d06e2e3d01,129,122.0,5,341.14,0.010245901639344262,,
af02ceb1-415d-4d0d-ab90-3b2413dee644,58,56.166666666666664,19,218.73,0.018627450980392157,54.332581493655404,0.4117647058823529
af1084c8-db82-41c0-8350-c5e5b2f7054e,39,,1,247.50,inf,,
af17e343-8799-4e44-9cb3-1c33f91093d5,132,100.0,3,286.52,0.014925373134328358,,
af20c5d1-1730-4d31-8d75-708a969628ab,317,132.28571428571428,8,316.41,0.008611410118406888,,
af21fed1-eedb-4185-992c-cbbd223ed8ad,152,,1,237.99,inf,,
af280949-7531-4199-8b4d-7c3ed67c97f5,197,23.434782608695652,47,281.13,0.04284412032816773,26.119938892146525,-0.5333333333333333
af2a8bff-aed9-45ca-9552-fe0ce18fdf96,234,24.58823529411765,18,239.07,0.042352941176470586,21.903363964039325,-3.875
af2d2744-3446-4ce1-a076-e0e2aab48474,446,43.93333333333333,16,336.10,0.024024024024024024,47.37308860323046,0.0
af321fc1-ca22-4ae4-b234-20318b30838f,65,18.11111111111111,19,275.22,0.05621301775147929,15.7886366020513,-0.47058823529411764
af4323a0-4421-422d-9dbd-c61bd1eec974,255,21.738095238095237,43,281.20,0.04608788853161844,23.075760192862845,-1.6341463414634145
af484b13-4bb1-4f80-a912-b7161f2f4807,223,103.66666666666667,10,269.25,0.010672358591248666,60.96105314050931,-2.75
af586090-74e1-44fd-b8cc-99dd3f8bffa5,334,132.71428571428572,8,165.17,0.008592910848549946,,
af5e9ec6-9924-412c-9482-cc6cfee3e297,141,12.6,6,402.81,0.09090909090909091,,
af89485f-fb1a-476d-8f76-d725646b9b78,313,172.85714285714286,8,203.03,0.006600660066006601,,
af92cee0-c460-4540-a49f-b39e8d1547cb,76,27.934782608695652,47,249.70,0.035932721712538224,33.272879963459765,0.3333333333333333
af95f7b5-84a4-4f26-afad-f6acf05fbe8b,341,38.2,6,235.64,0.03125,,
af9faaa1-6c3f-4808-8986-b10e7e70d03f,87,65.66666666666667,4,279.45,0.020202020202020204,,
afa1291e-c532-40b3-91de-5ad857fca259,191,80.33333333333333,4,323.54,0.01652892561983471,,
afac966f-1c71-409a-adb2-d328a29c39df,231,196.0,3,437.24,0.007653061224489796,,
afb11bfd-aa9f-4109-8c09-ba55a67f7372,2,49.61538461538461,14,260.68,0.021406727828746176,70.26561328456765,-1.5833333333333333
afb2a174-ff07-494f-9759-3600c3c7524f,251,22.03448275862069,30,324.47,0.046012269938650305,26.290251803691,-0.10714285714285714
afd82f35-5097-4c31-988b-39960e1f89f8,9,22.622222222222224,46,224.20,0.04418828049951969,17.699883010513336,-0.06818181818181818
afd9c46f-8e70-428c-a6c9-606cdbedb419,449,243.5,3,294.86,0.006147540983606557,,
afeefa65-2108-4f07-be2a-090de83353f0,150,,1,633.88,inf,,
b00725ba-dc91-423b-97ce-2f1a40a35699,150,28.0,8,245.12,0.04020100502512563,,
b00b1427-76e6-4998-aa8a-aed22a55f26e,514,126.6,6,205.83,0.009448818897637795,,
b011bed7-2998-4c70-b192-80114b78a986,79,28.11111111111111,10,253.02,0.03875968992248062,23.597904803416576,-3.125
b01f09c5-3e05-4397-ad9d-26ae2f32a31d,373,58.333333333333336,4,272.99,0.022727272727272728,,
b026f9c0-0857-48a6-94a2-99c5d61f489e,61,16.0,17,213.86,0.06415094339622641,12.415044636783765,-0.4
b045cd90-03b2-4e7e-b20d-5cd13ff13f25,108,48.0,6,199.89,0.024691358024691357,,
b06b407c-b9b3-4744-ae43-f48cee6762b9,475,,1,524.36,inf,,
b08db699-e65e-4808-85a8-6b797da401ae,104,,1,395.85,inf,,
b08dfef0-e400-496f-8a04-f9294ed5f64d,484,272.0,2,198.79,0.007352941176470588,,
b09c7260-4637-40ce-9e31-aed9e29cae76,202,44.0,7,169.25,0.026217228464419477,,
b0a6aded-6939-4d1a-a5e4-91a9b0083321,230,22.261904761904763,43,253.05,0.045168067226890755,29.049209320342094,-0.07317073170731707
b0b137a1-e2c4-40e3-b021-d07998cee9b0,320,23.22641509433962,54,261.60,0.04309656823623304,23.264897220287413,0.1346153846153846
b0b7cbbf-8dee-4d39-9ae1-abe061becb5b,106,43.73913043478261,24,257.62,0.023622047244094488,44.77338636380113,1.3636363636363635
b0c4c49c-45bc-434e-80f7-c89ae13aff4a,249,103.0,4,320.70,0.012903225806451613,,
b0d27545-ec6c-4be5-b24f-24cf1ec13bb4,146,46.458333333333336,25,319.41,0.022222222222222223,43.98218924763174,-3.869565217391304
b0d4eea1-cd59-43c7-a46f-27cd43c23fbb,164,208.33333333333334,4,276.68,0.006389776357827476,,
b0d67a8b-e40d-4c33-aac6-549d818135d3,289,52.4,11,386.78,0.020833333333333332,42.18267153438456,-10.11111111111111
b0d756f7-1eff-489e-8946-4befc3ddf994,132,83.0,2,388.63,0.024096385542168676,,
b0d89d3c-b349-4ac3-8f49-b87a4395a5c6,295,11.75,5,331.30,0.10204081632653061,,
b0f14c32-f27a-4a78-abca-0c572ead4b4f,317,81.0,4,190.81,0.01639344262295082,,
b0f7518f-a4e4-41d8-889f-628595023365,95,17.333333333333332,34,273.13,0.05792163543441227,15.763221963376226,-0.71875
b0fbb863-e4bc-47c5-b0f9-dbfc3920b5ca,59,,1,70.07,inf,,
b0ffc829-6607-4e1f-8db2-f5aba002fee9,46,23.096153846153847,53,255.08,0.04330065359477124,23.936402350103982,-0.0196078431372549
b11fcb4f-dca4-4ff9-b73f-81c031c917e7,44,3.0,2,222.55,0.6666666666666666,,
b137898b-c5f4-4788-aef9-20cbdab252d0,95,18.82758620689655,30,282.32,0.05366726296958855,16.009079935901646,0.07142857142857142
b13fca2a-783b-4ed3-9e42-7d364e7bc7a6,314,23.0,7,350.68,0.05,,
b158258f-005b-4e16-8121-f67c4c63c203,300,64.9090909090909,12,276.82,0.016666666666666666,58.62500242295013,-3.7
b159e322-8c46-49f7-b488-9ae110794617,407,204.0,4,114.59,0.006535947712418301,,
b15e82c2-c5d8-495a-a78f-1e79f9b81fad,324,21.375,41,264.01,0.046857142857142854,23.606482703719877,-0.02564102564102564
b15e878d-5d85-4850-8dea-388dac6e712c,125,56.75,5,214.85,0.022026431718061675,,
b1629cd5-5a75-44e5-b1ab-3be00f9b45e8,296,183.0,2,292.02,0.01092896174863388,,
b173bbdc-8396-434d-a324-d78e59bf477d,328,29.11764705882353,35,279.89,0.03475670307845084,24.901946748631076,0.15151515151515152
b17d1dbb-8dfb-48ff-bc7e-9b6d6f28a8a5,174,212.0,2,299.26,0.009433962264150943,,
b1939ea3-ed17-47ae-abea-5d6fa32f04a0,400,25.096774193548388,32,306.06,0.04040404040404041,25.722046106676242,-1.2666666666666666
b195f30f-93e0-4682-b4b9-422ff77c321f,206,96.25,5,218.98,0.012919896640826873,,
b1999e5d-8390-4cae-8552-6c644cfd941d,381,45.44444444444444,10,160.28,0.024154589371980676,46.1440979733896,1.875
b1bb9f31-1dad-4521-88e8-1d5033de3461,81,22.3,31,251.28,0.045454545454545456,20.115442686721032,0.896551724137931
b1bd351d-0c05-45f8-a356-70316b3dc932,228,211.0,4,179.33,0.006309148264984227,,
b1c7ae56-2743-4ec4-b5e7-f8022c207644,44,59.25,17,224.66,0.017763845350052248,42.14498783959962,-1.9333333333333333
b1ef8fd0-6928-40a6-813b-dbbbc87220fe,534,183.0,6,241.35,0.006543075245365322,,
b20a2a42-39a6-4a10-9435-20ad47034886,223,19.0,2,234.49,0.10526315789473684,,
b21dd989-6678-41b1-879c-6d32f49a9f93,218,172.4,6,166.13,0.006944444444444444,,
b21edf93-5677-42e3-9fa6-4cef1c226858,212,5.666666666666667,4,218.78,0.2222222222222222,,
b229df9f-2260-4698-bb5d-107ce832e3d5,294,135.0,3,221.70,0.011111111111111112,,
b22dbd7d-f154-4a3d-b3d2-c8abbf328d8d,182,179.0,6,256.34,0.006688963210702341,,
b2531f29-0b5a-4c66-827b-6587a4cd035a,359,26.261904761904763,43,269.68,0.03822222222222222,34.06096365436362,2.6097560975609757
b2817a47-1c91-470a-a574-905e69b82931,334,,1,62.58,inf,,
b2917134-eb48-4b66-a18d-15ab53b8a590,254,12.6,6,237.07,0.09230769230769231,,
b299edd5-12a0-4d2a-8909-5c983f0bd1f9,131,55.82608695652174,24,294.19,0.018518518518518517,54.79188076374508,-3.727272727272727
b2a6cb33-7f50-40ca-b1f2-d7f4015337f4,233,45.857142857142854,8,213.67,0.024615384615384615,,
b2b14221-d709-4417-befa-24ccd23549bc,314,143.28571428571428,8,319.80,0.007952286282306162,,
b2b7e51e-8ff5-4ec6-ae72-381a12b39281,239,,1,267.45,inf,,
b2be2655-75f3-4681-bee0-925e25379b33,305,,1,454.10,inf,,
b2c071a5-ceb2-44fd-b904-e6a3f22c5766,172,,1,75.11,inf,,
b2c20f29-e48f-463d-aebe-b6c4cf88be86,42,224.0,4,225.69,0.005943536404160475,,
b2d1e38a-cdf2-4a05-b474-e932e9b22b10,417,179.0,6,223.14,0.006688963210702341,,
b2d6607d-dfff-4b53-89e4-e7c602e988e8,376,0.0,2,287.86,inf,,
b2da6687-28c3-4b57-808c-6d8c71f071e5,457,280.3333333333333,4,184.34,0.0047562425683709865,,
b2e063cc-e602-4dd9-8ad2-82d2df911789,165,9.636363636363637,45,244.73,0.10067114093959731,10.794251073455095,-0.16279069767441862
b2e9129c-8aa7-4283-a9b5-b705f7b5abd6,263,,1,31.30,inf,,
b2eaaa30-5ab3-4715-965a-d6c106ca8cef,227,,1,157.01,inf,,
b2fdcbe0-26c4-4183-ab6d-e8a85d69b6f1,433,71.5,5,343.06,0.017361111111111112,,
b2fe985e-acc8-4534-abcd-be7f55a84f7b,279,35.5,3,174.02,0.04225352112676056,,
b2ffc3a5-8f63-4e94-90ee-13eae1e34205,271,49.08695652173913,24,298.67,0.021052631578947368,57.141700298848995,-0.13636363636363635
b30cdf11-4323-4afd-82c1-22baef41c977,161,147.66666666666666,7,395.32,0.007874015748031496,,
b31fb8a2-2cf4-495a-84e3-0363ff04d26c,241,,1,481.00,inf,,
b3282175-36b5-490f-8195-950597fceaf1,174,115.0,5,417.16,0.01079913606911447,,
b3340e30-db7d-43f1-a189-75c85852bf5f,400,89.33333333333333,4,307.02,0.014814814814814815,,
b33efcf8-f1f4-46f1-a062-9f417a68c1d4,196,,1,349.28,inf,,
b34520bf-09ff-4502-9c84-7f9a13f7c190,309,18.0,7,239.41,0.06306306306306306,,
b3453286-8278-4487-aa81-1fd5fea37dc5,184,85.42857142857143,8,264.12,0.013311148086522463,,
b3490956-dbc3-414c-95b2-423132cf6bd4,376,32.4,6,299.27,0.03680981595092025,,
b34bd8db-a528-48f9-8f90-b1a898edca3b,150,113.875,9,246.84,0.009836065573770493,,
b34f17e3-3d93-4f75-bffc-9ce12a05c139,239,55.588235294117645,18,276.81,0.01888772298006296,70.20421891126755,-1.25
b35a3f59-aac1-40e3-8a0b-a9ab4f58c7f7,166,300.3333333333333,4,195.25,0.004439511653718091,,
b3680bef-58e0-4c91-828d-9bada284ed80,376,63.36842105263158,20,273.35,0.016474464579901153,70.19671607253734,-10.944444444444445
b373d58b-cf64-48b0-8d72-ab09506dc0da,128,20.625,9,331.96,0.05389221556886228,,
b3982a59-2848-4da9-91e4-e55cca351fe9,294,10.100917431192661,110,239.45,0.09523809523809523,10.78660430737403,-0.10185185185185185
b3b6bb60-68ae-48e6-9514-776830d4c640,409,122.0,2,290.10,0.01639344262295082,,
b3bc93e7-a2d8-4157-a4b7-2d6aa45703f5,261,20.88679245283019,54,265.01,0.04770318021201413,15.814623682089174,-0.057692307692307696
b3bff7b6-7ed7-4731-baba-7a8085f53392,69,69.125,9,321.33,0.01615798922800718,,
b3c408ab-d47a-4ad7-8ab0-6af45905891a,243,50.25,25,267.79,0.020525451559934318,49.992390725337216,2.652173913043478
b3cc6d9f-2c87-4c95-ac89-3f1bc0dff3f9,206,17.5625,17,320.88,0.059233449477351915,21.590024702780372,1.4
b3dcbeaf-2b8a-4b6f-a289-ad53779c2f0f,227,34.0,3,242.61,0.043478260869565216,,
b3e5a5b0-c93b-4c0c-a231-49b42ca29c6a,30,22.666666666666668,10,279.99,0.04830917874396135,30.683871985132512,-1.0
b3f1e9bd-5e6f-4409-a474-b12e27564392,83,19.774193548387096,32,207.82,0.051118210862619806,18.602346944080924,-0.7
b3f2f619-0acb-4a5f-bdd3-b2ba30f43e22,226,213.66666666666666,4,221.88,0.006230529595015576,,
b3ff076d-66c6-470c-967f-846d3b1618c5,204,2.0,2,254.42,1.0,,
b4166d0e-4123-4bb9-b721-753bb9ba4f7b,58,49.5,7,231.71,0.023333333333333334,,
b41a1d8e-4619-45d7-bd85-35c952bc8415,138,196.2,6,313.54,0.006103763987792472,,
b43469a6-43e0-41c9-b35c-df23899b296c,400,107.66666666666667,4,308.05,0.012345679012345678,,
b4355b7b-91b9-43d3-921d-893d984de1bd,212,29.583333333333332,13,269.21,0.036011080332409975,32.05806758009124,-5.0
b4464904-1eca-435b-8aa4-f8b0e13b8070,85,14.227272727272727,23,298.22,0.07098765432098765,13.745758889413397,-0.9047619047619048
b4870f8f-f6d8-496f-84e0-688213c92115,213,59.0,6,291.65,0.02027027027027027,,
b488728b-c5bb-4e03-a131-f9bbff76c27f,64,23.695652173913043,47,256.78,0.0423042304230423,24.424823042886686,-0.1111111111111111
b48ff67e-c7f9-45c8-8eef-edaae308666f,185,45.625,9,300.71,0.024390243902439025,,
b49b4890-b18c-41a0-bcce-9d45e22defa6,314,56.111111111111114,19,183.23,0.018645731108930325,54.0978295627347,4.647058823529412
b4a2423f-f813-45f9-bc07-853360fc8f83,291,134.0,4,391.50,0.009925558312655087,,
b4c40fbb-7c11-47c4-b66f-736e330579fe,135,46.55555555555556,10,235.67,0.023696682464454975,39.84692933938295,-0.5
b4cffdd3-ddbc-4f47-8bde-35a3d75c56b6,170,11.1875,17,215.28,0.09090909090909091,11.040644606785118,1.4666666666666666
b4df17db-d537-445a-a90a-2df63e6f9ef8,162,31.0,2,509.50,0.06451612903225806,,
b4e00da1-43ac-4208-a76d-937550e20d2d,327,13.25,5,330.41,0.09090909090909091,,
b4e01ecb-dd16-41d1-a21f-fc7005f512d2,468,99.5,3,384.62,0.01507537688442211,,
b4e2d1cc-c27b-464c-a26c-bd3653a5564c,417,18.35185185185185,55,247.27,0.054187192118226604,18.216887673418306,-0.3018867924528302
b4e95cf5-aaf3-4dc2-b207-1a66318392ad,58,12.0,18,211.10,0.08411214953271028,9.313968005098578,0.25
b4f1d1a7-3214-4f1b-843e-6682cbf0e28d,197,43.6,11,241.85,0.025,23.90815760362977,4.111111111111111
b4f2b222-3c2c-415b-9a6f-96c242b2eaaf,203,,1,557.76,inf,,
b50c7260-68f6-46d9-8549-87eb5d69d17d,146,20.09090909090909,34,224.38,0.050073637702503684,19.35258967871554,0.125
b512bcdb-2dbf-487b-985e-64a86660ca10,-10,59.666666666666664,13,183.69,0.017980636237897647,44.317723385352345,-0.45454545454545453
b51328e8-5192-4b03-8147-6011ec9e420c,377,80.0,2,272.22,0.025,,
b51ec7e5-9494-4441-a91e-1102dc197154,296,40.86666666666667,16,328.12,0.025806451612903226,43.437749656699474,1.0
b5243c3d-7909-43c7-a89e-3c4441bb00e0,362,53.333333333333336,13,310.03,0.020123839009287926,65.5997967476526,-3.3636363636363638
b52c51b7-fa02-4924-88b3-137a2c6cad81,105,46.0,2,187.20,0.043478260869565216,,
b568c7fd-87a1-4572-bd05-737a92715d68,143,55.05882352941177,18,247.19,0.01904761904761905,54.06185183222465,-3.0625
b571fe3f-75a5-4d57-8061-1bd4ee074e6a,162,145.8,6,207.91,0.00819672131147541,,
b578e49e-751b-451b-8cfd-11edab28dd13,304,9.735849056603774,54,240.19,0.09944751381215469,11.106392724975708,0.0
b591cd8c-ba6d-4f2f-a3b9-c891c7e6abeb,104,10.1,71,241.90,0.0955585464333782,9.491643922304823,-0.2753623188405797
b59b8cee-cc87-4cf9-af25-c1065b64599c,104,157.75,5,146.40,0.00792393026941363,,
b5a96f15-d6c1-4c8e-b46c-7cfcb35fccab,136,165.16666666666666,7,201.85,0.007042253521126761,,
b5ace550-2c63-4c64-ad6d-a9f41140f64e,122,49.84615384615385,14,256.68,0.021406727828746176,40.53156414829919,-3.25
b5ae6349-ce4c-49d6-928f-3ae7a505eee1,12,20.666666666666668,25,292.21,0.04911591355599214,19.610703968622023,0.391304347826087
b5b2634a-55e8-4c55-8308-550544f073df,-11,27.384615384615383,14,226.37,0.038781163434903045,40.40531825873599,1.3333333333333333
b5b53868-2d0d-433d-aedf-acb954ac49cc,11,,1,330.53,inf,,
b5bab7a5-3338-43a7-8a48-f718b05e4946,254,,1,94.89,inf,,
b5c126da-10ae-4bae-98e1-99d8a272039b,164,70.33333333333333,4,277.60,0.018779342723004695,,
b5d24d16-ec58-4434-a9ca-e3e26b46de1f,87,47.15384615384615,14,263.11,0.022617124394184167,41.56089138009064,-4.833333333333333
b5ddb88a-1ac3-40ba-b797-6fd5e7587997,371,28.135135135135137,38,252.65,0.035849056603773584,26.79257998667434,-0.2777777777777778
b5df9992-cbc4-4340-94ee-fc09a1434063,484,140.5,7,193.15,0.008284023668639054,,
b5ec4c96-65f8-4648-a042-12f285323c67,66,174.16666666666666,7,346.99,0.006692160611854685,,
b5fa45c2-ec11-4e9f-a900-8d8bf392002a,205,21.0,2,227.42,0.09523809523809523,,
b600f01d-30cb-424a-975f-0020ba06554e,331,178.25,5,579.05,0.0070028011204481795,,
b6034913-31d1-4424-894e-929985ac8efb,229,37.0,4,146.52,0.03571428571428571,,
b60cf33b-7f48-46cd-b86a-2e343a9a1df9,2,134.33333333333334,4,249.16,0.009900990099009901,,
b614268a-12b7-4b41-85af-b9a65f3bb0a8,78,22.2,6,226.98,0.05263157894736842,,
b6168d2a-7348-468c-9c8e-b482606e549a,29,55.666666666666664,7,185.89,0.020710059171597635,,
b627f2cf-c366-4865-bb32-97cd564d8eb3,150,123.25,5,315.64,0.010101010101010102,,
b6357ae9-f3ee-44dc-bb2b-6e4ecc7c3c71,211,62.625,9,370.06,0.017857142857142856,,
b63d0e34-0a91-4e0b-8324-b8a8a51f0b15,337,98.0,3,300.99,0.015306122448979591,,
b664d687-1106-495b-9170-86705ebcfb9c,333,27.176470588235293,18,261.32,0.038461538461538464,17.335784140462348,-1.0625
b67027e8-ed28-4d05-bcdb-4df75a0cfab7,397,,1,300.30,inf,,
b67a66be-df95-4d13-93ff-a296dbb92b9a,0,,1,88.83,inf,,
b696ece1-4e7f-461d-a696-ac79bc57c549,163,17.0,9,295.82,0.06474820143884892,,
b6add635-c1a2-4afe-b753-6bb415b8ef29,315,47.76923076923077,14,211.82,0.022292993630573247,36.329863395820446,-0.9166666666666666
b6b1e054-cda5-41f5-b04b-dcc964f6d6ea,256,146.33333333333334,4,283.72,0.009070294784580499,,
b6c9cb0e-1dbe-4168-bbd0-eb636a3f5e0c,227,59.714285714285715,22,270.15,0.01740506329113924,46.829630424703176,-2.8
b6ce31ba-fdee-4780-89d3-6c0432684301,56,54.31818181818182,23,239.58,0.019071310116086235,62.37015950385887,0.0
b6d8a57a-598a-4e05-926d-8c5edd2b6e60,131,110.0,4,194.37,0.012084592145015106,,
b6f4f76f-2459-4295-89b5-3db13dbec176,215,23.5,33,224.71,0.04296875,24.749063195043526,1.032258064516129
b70c7e9c-59cb-4432-8883-3bf067f91b61,241,24.428571428571427,8,252.96,0.045454545454545456,,
b71a122d-7cb3-4890-96c1-3eb392cf55ec,339,315.0,4,295.27,0.004228329809725159,,
b71b8620-6d1f-446a-92c6-8e4459fa4716,275,47.75,21,316.95,0.02171664943123061,54.516897428807866,-3.9473684210526314
b7265ea5-4b06-4235-a39c-990a28a99b02,13,185.42857142857142,8,262.90,0.006153846153846154,,
b732285d-e287-4369-b1c6-5b354004c043,188,7.2631578947368425,39,223.99,0.13310580204778158,7.387660312528883,-0.02702702702702703
b732ad93-3f58-4970-988d-071090a847bb,372,,1,673.14,inf,,
b74d979e-bdcd-49c8-bafa-067e266259aa,458,190.0,3,385.51,0.007874015748031496,,
b76812c0-48d1-4451-9fcb-70a678e6d444,388,116.0,3,218.09,0.01293103448275862,,
b783ee9f-73ca-422f-8627-5cc407667f10,107,,1,150.25,inf,,
b7a65e1e-9e04-45a6-9b68-294161bad665,309,44.04347826086956,24,218.62,0.023414634146341463,35.34438139850078,1.5
b7b02b48-465d-4808-b3f6-b1cdeb45f7fa,138,24.48,51,266.31,0.04083266613290633,26.777419668101565,0.061224489795918366
b7bf6cba-2509-406d-8c2b-25a38078e77b,232,,1,144.09,inf,,
b7c1524e-8465-4946-8fa3-bbf3de0c9fa3,612,186.0,2,181.07,0.010752688172043012,,
b7c96f26-ddf7-44cb-bef4-b954397b3945,21,71.63636363636364,12,220.54,0.015113350125944584,58.189814791375184,3.0
b7d169d4-8fbe-4cd3-a7ee-3c3fb8d79dcf,277,80.66666666666667,7,272.33,0.014344262295081968,,
b7e2c9be-ef9b-446e-a82e-5f65cea82950,119,26.833333333333332,7,329.95,0.04294478527607362,,
b7e6205d-e206-4bff-bac8-af505906824c,228,24.314285714285713,36,260.10,0.04142692750287687,20.363998550746114,1.5588235294117647
b8188111-5a11-4603-9249-120585b9928a,206,53.26315789473684,20,214.94,0.019550342130987292,56.613545792958966,-0.05555555555555555
b819b063-7d80-4a1a-bd3d-e3a58e0295bd,372,23.975,41,227.64,0.04175152749490835,21.105944599470014,-2.2051282051282053
b827bad1-9551-4018-bdb1-fc64dc2d0fad,120,18.885714285714286,36,271.38,0.05309734513274336,21.650664204689004,0.0
b84305db-494c-4aaa-a9e6-951c3d119367,129,142.0,2,189.15,0.014084507042253521,,
b84c3c91-aae2-4882-97be-2955dde32eb3,38,,1,121.56,inf,,
b84e2cec-fcb5-4da2-9c51-78f0819cdca2,56,34.0,16,225.50,0.03088803088803089,39.853302426344975,-0.6428571428571429
b86031b1-6063-41c9-8287-00c5e7f759cc,162,108.6,6,188.52,0.011009174311926606,,
b8704af8-958c-4b5f-bf28-c933cc0dbfc1,245,46.19047619047619,22,302.03,0.022426095820591234,51.30265007542889,-3.25
b871d8af-d2e2-4630-bcab-186eaaea61e1,273,48.2,6,251.80,0.02459016393442623,,
b87271d1-e360-4f01-b021-0b07accb9602,118,25.31578947368421,20,262.33,0.04081632653061224,21.11621975738331,-3.3333333333333335
b872d0a4-c21c-4ad2-a0df-f8f067f540c8,137,126.0,3,282.75,0.011857707509881422,,
b8764f2e-598c-4a54-9159-c666c7884ecf,237,48.13636363636363,23,253.35,0.021515434985968196,56.688199372108734,-0.14285714285714285
b8a39b9d-2b47-483e-b79a-98faab002ddb,338,327.0,2,273.73,0.0061162079510703364,,
b8a8f3bf-fd73-47bd-9872-814844496b37,45,47.68,26,250.73,0.02159468438538206,61.11377367937062,-1.4166666666666667
b8ac1c75-7aa7-4d16-ae75-6d35680cb78c,246,23.137931034482758,30,299.39,0.043731778425655975,25.889496129747613,0.25
b8b3bd84-101c-451e-91a6-114e8d0bbe23,179,,1,817.33,inf,,
b8b9279a-d8db-42e5-909f-b146693363ab,326,45.333333333333336,7,337.86,0.025547445255474453,,
b8c8b6c2-8d16-4b2c-a0b5-d6b9a41f91f5,192,,1,538.33,inf,,
b8cc3707-92de-417d-aac2-d516beef3e84,321,20.64864864864865,38,268.92,0.04853128991060025,20.14973975047847,-0.5833333333333334
b8ceda03-78e9-4c54-b296-64bbd594f419,-14,35.46153846153846,14,286.96,0.029914529914529916,41.68056178567212,3.3333333333333335
b8d59619-97ea-4372-9f2a-ff45929edc3a,239,116.0,4,269.10,0.011461318051575931,,
b8d8d2ff-40c2-4e6c-b98a-058388da94fa,325,26.785714285714285,15,247.74,0.03937007874015748,29.197414457259924,-0.23076923076923078
b9054ab5-a380-4c82-a752-3f43ee63b3f9,231,80.2,6,408.47,0.01488833746898263,,
b922b4a4-5e83-4645-87ba-bb90250de741,86,23.40909090909091,23,250.06,0.04364326375711575,19.112845570476047,-0.38095238095238093
b93466cb-53da-4f31-b92a-b5bc9d14d414,387,50.36363636363637,12,215.97,0.02146690518783542,69.47988590559534,4.9
b953fea0-cb39-4d24-a032-d3b0ef56cb43,424,44.583333333333336,13,243.92,0.023985239852398525,39.50479449229913,-2.8181818181818183
b955794f-c4d4-4249-972a-3cb545a9f3a3,205,18.727272727272727,23,221.40,0.054245283018867926,15.378345375673758,-0.3333333333333333
b9590035-632b-439c-9d05-04de8a0f720a,18,53.92857142857143,15,260.19,0.01971090670170828,45.274316519012594,-1.9230769230769231
b96c40f4-3a5a-4001-83b9-4fac3bb53523,207,59.8,6,250.27,0.020066889632107024,,
b97da0fb-35bf-4a7a-882f-00e5714e71f2,416,46.0,13,230.78,0.023297491039426525,55.91226894145701,-15.181818181818182
b981dcc6-851d-4d00-a6df-4488faff8cdb,469,151.8,6,272.41,0.00788436268068331,,
b985a1d9-bb33-43b8-9577-1dcf5371303d,344,6.136363636363637,23,235.28,0.15753424657534246,6.002344419319715,-0.7619047619047619
b9b83c31-2e9f-4ceb-a38c-98e4b845812a,82,74.5,3,137.38,0.02,,
b9c48b92-d703-4c66-a8ea-6c03dfb8063d,180,103.5,3,198.05,0.014423076923076924,,
b9cd6098-ac13-4636-b817-454b45376a24,320,52.916666666666664,13,257.86,0.0202808112324493,67.61180415139106,-5.090909090909091
b9d83d88-d685-4685-bf2c-df654a291ea4,96,,1,473.82,inf,,
b9ea9a8d-1c6e-46b5-a570-7e8a5e62a698,298,11.14,101,257.85,0.08706896551724137,12.437333827121984,0.020202020202020204
b9ff9739-5a37-4777-9d67-62ebb60180ec,517,149.16666666666666,7,217.13,0.0077951002227171495,,
ba02a9ac-3cbe-42f8-a816-d5e22e9ac4f0,302,374.0,2,380.22,0.0053475935828877,,
ba1cc9ce-a0e8-4541-b3f9-fde752bf6d5b,294,59.8125,17,231.37,0.017616580310880828,58.527735590344975,-1.3333333333333333
ba338b44-8ac4-4085-8a83-6290670f02f5,289,25.272727272727273,12,252.35,0.04240282685512368,21.98677288321735,2.0
ba3887e4-eabe-4bb7-9a09-1a8721b9522f,62,21.404255319148938,48,289.37,0.04678362573099415,19.58222305458402,-0.2391304347826087
ba581cad-9a00-429e-817b-94ae2caf189b,158,58.4,16,269.44,0.01809954751131222,39.331557667748534,-6.357142857142857
ba5b7ace-f65c-4c25-881d-418e7c217926,301,23.5,3,286.41,0.0625,,
ba67ee72-2702-4401-ab77-3ef19c6aef52,9,46.76923076923077,14,294.16,0.022764227642276424,41.69163354550056,-2.0833333333333335
ba6808ea-2579-4099-b1a0-8932a4193965,91,20.151515151515152,34,248.34,0.050073637702503684,18.135119954320007,0.21875
ba8900a3-c0ce-4881-b08c-bb73c1b53d7b,123,9.65,61,259.89,0.10032894736842106,12.780845042484476,0.03389830508474576
ba89d5aa-f38f-4f7c-9afd-4222e9e45a9d,433,194.66666666666666,4,96.59,0.006837606837606838,,
baaf34c3-031a-4eb1-9c08-91cb732dacf2,71,36.125,17,262.53,0.02901023890784983,34.03894827987492,-1.2666666666666666
bab69432-06bd-46d1-8ea7-9f934771c7ad,85,,1,232.79,inf,,
baba8716-6bfa-457d-acd0-5d9f2a8cd488,206,120.8,6,259.63,0.009900990099009901,,
babb62cd-b068-40f3-94c4-fd0c92e028bc,-5,12.8,21,278.96,0.07924528301886792,12.390998430524602,0.21052631578947367
bad05de5-6a50-453a-8d80-6a79d0efd9b5,31,47.470588235294116,18,277.61,0.02214022140221402,63.36414369248868,-7.625
bad86f39-69c6-4709-be94-abaae76cd70b,378,114.66666666666667,10,353.40,0.009652509652509652,100.16236818286596,0.125
bae4ff68-bdf9-496a-b95b-d4ba286f424d,435,,1,25.28,inf,,
bafc9748-4edb-4f93-bc7a-7614d4af86e9,375,51.285714285714285,22,303.57,0.020257826887661142,41.642697867864975,-1.55
bafe09bf-3a55-4086-a3ba-6c4e40476ab4,204,56.23529411764706,18,213.17,0.01865284974093264,67.14492666218787,-2.8125
bb0db79a-11dc-4068-97e7-cf5493c3320c,21,17.275862068965516,30,263.72,0.058365758754863814,14.520666434244031,-0.6785714285714286
bb197518-70d6-4687-a32f-d574602f6130,312,29.666666666666668,7,288.74,0.03888888888888889,,
bb376f72-518e-4795-a1ec-cea1c90a0669,245,224.5,3,470.30,0.0066815144766146995,,
bb45ad9e-425f-4b70-b7e0-ee8757ca5535,192,21.0,2,51.00,0.09523809523809523,,
bb470d57-d751-4cf6-a8d2-0145ed5df330,329,147.83333333333334,7,244.34,0.007865168539325843,,
bb712272-65a7-4a45-a587-fe96ef78c0d1,43,25.0,48,240.99,0.0401673640167364,25.46694362092366,1.1521739130434783
bb810569-a76f-4d2a-b32a-c6347a292857,309,159.57142857142858,8,388.75,0.007142857142857143,,
bb8bcb4d-abc1-4c07-8338-7bc741d655a4,131,59.75,17,353.52,0.01768990634755463,49.06118628814432,1.3333333333333333
bb92a0d7-abdf-43f8-8742-d0dfe657782e,50,9.402985074626866,68,254.24,0.10287443267776097,8.463933646508645,-0.12121212121212122
bb974960-8049-4cbf-9532-d682d68747d3,39,41.714285714285715,8,146.83,0.027210884353741496,,
bbbc3838-ef21-42a5-a733-60ec44596331,359,46.76923076923077,14,171.26,0.02280130293159609,46.321618146307316,0.6666666666666666
bbcc2f95-3086-4410-9640-3d9de65708c3,222,131.42857142857142,8,303.08,0.00866738894907909,,
bc076710-1d37-4d40-b852-6ce38b38995e,161,173.33333333333334,7,283.84,0.0067178502879078695,,
bc0d0b88-6839-4809-924f-4ac38b83db6a,51,121.0,7,254.03,0.009615384615384616,,
bc21e0e7-43bb-45bb-9980-59b831a504cc,14,52.77777777777778,10,194.97,0.020833333333333332,44.971595973952766,0.875
bc22ca5c-0bb9-4d15-bf50-e62ef861a4f5,391,11.603174603174603,64,233.66,0.08398950131233596,10.310564082281264,-0.08064516129032258
bc24543c-507c-4006-bd9a-992f2375ffb2,312,147.0,4,243.42,0.00904977375565611,,
bc2cdadd-6087-487d-8977-9b2d01d11d36,34,8.0,7,182.07,0.14,,
bc510ff5-c3f9-4fc3-8f4e-8de59e130858,457,156.0,2,124.93,0.01282051282051282,,
bc5d48d5-1bf6-49ad-b184-e218e3abde93,232,60.57142857142857,8,210.35,0.018779342723004695,,
bc6038bb-93e2-4931-b47c-74ee7346e14a,242,110.0,5,179.23,0.011337868480725623,,
bc674456-2c12-4b10-9e6f-9ab633e15ee1,356,54.166666666666664,19,277.52,0.019289340101522844,69.1428614834362,-0.5294117647058824
bc69826f-c431-4cf6-bcda-77be7ccfbde1,422,49.75,5,246.90,0.02512562814070352,,
bc7203fd-2d68-4614-b556-6d210905d227,65,47.523809523809526,22,296.27,0.021847070506454815,44.13685426898824,-2.0
bc987a69-40bc-482a-bc0b-122c2e93e7e4,390,134.0,8,249.35,0.008492569002123142,,
bca8d954-bdac-4f7e-9714-4a46f6d9e5c2,60,36.4,6,184.88,0.032432432432432434,,
bcb5229f-19a8-42a1-97f6-29854560107c,116,12.421052631578947,58,230.58,0.07880434782608696,13.146084925641569,0.03571428571428571
bcbe13c9-9692-4616-9992-585f73477b9a,325,52.42857142857143,15,316.50,0.020242914979757085,72.68765029559358,0.0
bcc39782-a4ef-4af8-9180-d391769e3233,246,50.47826086956522,24,279.24,0.020442930153321975,46.51184557353241,-0.36363636363636365
bccb9761-43f4-46b2-a0b7-7e69443c5e49,248,268.0,3,588.37,0.005597014925373134,,
bcfaa7ee-0b1a-4657-ab17-8a307643f608,7,26.833333333333332,7,247.08,0.04294478527607362,,
bd01322e-ebd7-4708-bc9d-b2684fa52e29,359,54.95,21,235.41,0.018970189701897018,53.86677034469787,3.263157894736842
bd0a8e9e-1199-4a08-bce3-f077738be964,119,47.833333333333336,19,284.26,0.021889400921658985,49.243990376849986,2.5294117647058822
bd0d13b3-71e4-4641-9d39-eb64ccd3673e,203,94.0,3,281.22,0.015957446808510637,,
bd17428d-8e86-40ee-8a9a-fd56c9062dcf,57,233.0,2,148.06,0.008583690987124463,,
bd22bcd7-1f82-4da2-b914-08bd01a55dce,194,325.0,2,321.06,0.006153846153846154,,
bd293885-194d-4a2d-885f-c12df1308253,96,74.5,5,184.07,0.016722408026755852,,
bd33d507-c15a-4004-9561-6a964e3e6fa2,337,5.461538461538462,14,182.78,0.1891891891891892,3.454836817549772,-0.08333333333333333
bd4a7af1-7d40-4cee-919a-77e6130d527d,143,46.23076923076923,14,327.73,0.023026315789473683,29.371624192276254,-0.25
bd5a6d2e-5d2c-4203-a509-5d7e72a62157,184,55.5,7,231.02,0.020833333333333332,,
bd663220-9139-4a83-812f-88da29e38429,227,97.0,3,228.45,0.015384615384615385,,
bd752c0f-4d93-4b07-b125-4bb61eabc8c1,89,140.25,9,363.48,0.00800711743772242,,
bd85eb0b-9e8d-44b2-8b16-bddaad122221,65,57.0,20,307.02,0.01833180568285976,54.72151719794001,-1.3333333333333333
bdb031df-9d0c-4c51-8a5a-8c00a89d51aa,63,149.28571428571428,8,210.62,0.007633587786259542,,
bdb23228-73af-4e36-9fec-18aace3c9a9f,166,,1,156.98,inf,,
bdca45a6-1447-4ea6-bee3-ecd788f4ee01,413,112.0,7,278.42,0.010385756676557863,,
bdd50b0d-fa99-4cd6-90da-9fb8c3aef13a,191,169.5,3,229.95,0.008823529411764706,,
bddb6702-ad3b-4782-8536-ba203d5c278e,331,119.5,3,280.34,0.0125,,
bdf75c87-2d77-4b0a-8091-c43ea1f70bb9,236,194.0,4,266.90,0.006872852233676976,,
be0170c1-e075-4311-af35-25cd22f8ddbc,289,160.0,4,305.44,0.008316008316008316,,
be01a928-4a0e-40bb-9a67-4bf28f5e36f3,44,48.86666666666667,16,166.82,0.021592442645074223,46.35710250200019,0.35714285714285715
be092655-cc43-4ae6-b66f-8ef03cf122b3,321,165.0,7,168.24,0.007056451612903226,,
be0c1311-5144-4449-baec-5f4e627f8be3,336,31.375,33,227.32,0.03241650294695481,42.894281143745836,-1.5483870967741935
be1b8841-89c5-434d-87b1-18f4bdb3e937,16,,1,548.52,inf,,
be293426-a4b3-4f1c-8939-ce8810c5550a,261,133.33333333333334,4,142.15,0.009950248756218905,,
be3c2261-a6ef-44de-8dca-be13e1bea8f3,70,42.888888888888886,10,207.02,0.02564102564102564,46.239713570816065,-2.0
be40e53b-159a-41e2-8ee7-03833f415874,122,92.16666666666667,7,189.43,0.012589928057553957,,
be4d1b9c-c130-430f-a80d-a4041805efe5,101,23.243243243243242,38,269.99,0.04323094425483504,24.28237289956716,0.027777777777777776
be4f04b8-e45c-4761-8467-005ebbbbc631,369,20.0,2,316.85,0.1,,
be556eb5-4a04-4d8f-bc78-ae84b65021f3,73,31.928571428571427,15,315.69,0.03303964757709251,32.36442559286421,1.8461538461538463
be5cf28f-f070-4601-b244-6ea1c2d853c7,97,45.75,17,220.46,0.022941970310391364,40.2401126572313,-1.8666666666666667
be73c9c8-c289-4c10-8aaf-725ddb9beed4,321,25.416666666666668,13,250.86,0.04180064308681672,32.61750320229179,-0.6363636363636364
be77fc68-728e-457d-bcbe-4efbdd4009c7,318,66.3,11,273.02,0.016467065868263474,71.4050262781114,-1.0
be7bee1c-871e-46b0-813d-477e6a0fd303,116,43.333333333333336,7,354.33,0.026717557251908396,,
be7fe59d-7b31-4c82-bf5f-bc80f95b131a,211,,1,434.73,inf,,
bea99ed0-1a02-45fc-84f4-c96c210064aa,306,18.857142857142858,15,249.98,0.055762081784386616,29.320135225989826,4.538461538461538
bec7c625-fc1d-451b-9329-69e2fa4f2d3a,248,15.5,7,162.46,0.07368421052631578,,
bec9679d-9d57-42b8-8385-7a36c74e02f6,161,166.0,7,344.54,0.0070140280561122245,,
becb5a5e-8d92-48bc-9a21-3c17552cf5ec,71,,1,457.49,inf,,
bed99a1a-b98c-41e0-b7cf-9d77b45d2ff0,70,17.37037037037037,28,243.02,0.058333333333333334,21.200776742207687,0.6153846153846154
bedb553d-1503-41e1-bbba-57883c1ef672,436,185.0,6,223.36,0.006472491909385114,,
bef518c7-e832-4a06-83e9-5dca873b7852,236,68.0,6,291.80,0.017543859649122806,,
befd6f9d-e97f-4648-8259-1fadfa213ca0,328,18.615384615384617,27,225.86,0.05432595573440644,19.233464426518534,-0.4
bf000047-0320-4266-936d-18d5f1073416,119,46.294117647058826,18,282.55,0.022641509433962263,41.05905001623021,4.125
bf1065f5-b21f-48ad-a74f-3835ad272856,422,,1,168.61,inf,,
bf27bb84-d413-4ac0-8210-00ff46fc41c3,373,6.428571428571429,8,255.51,0.16666666666666666,,
bf28e2cb-f31d-4a47-be27-cb606ab5b5d1,227,43.666666666666664,10,261.58,0.02518891687657431,41.445747670901056,-3.625
bf2c9627-eeb5-4f0c-9a9b-4e6a08e2d842,195,23.372093023255815,44,254.67,0.042884990253411304,22.547329327453937,-0.7142857142857143
bf2fb8c9-e04d-4a81-9153-0dea191a6423,68,68.66666666666667,13,260.12,0.015681544028950542,55.15817475609796,-3.3636363636363638
bf6423b7-0e65-449f-a3b7-4eb1f752dada,443,156.16666666666666,7,249.59,0.007462686567164179,,
bf67f705-c3ca-4cc2-8b0c-c73caf021aad,154,49.473684210526315,20,241.29,0.021052631578947368,31.649764649033038,-2.611111111111111
bf6855df-1e68-4845-9967-76023b33c20c,58,43.0,16,263.41,0.024539877300613498,33.474937319902914,-2.2142857142857144
bf849a8d-a38e-4c69-a932-45aa8b8b41ca,141,26.333333333333332,4,154.13,0.05,,
bf868326-3dbe-4963-8634-095b66308f3a,248,25.416666666666668,13,254.36,0.041935483870967745,33.17024497219084,0.45454545454545453
bf9816a1-1bec-44bf-ac2d-fe98ddd39391,220,45.5,13,339.86,0.023593466424682397,45.99110585952264,-0.18181818181818182
bfa141f8-ae47-43c4-af01-7a601618ca79,389,160.0,6,192.37,0.007481296758104738,,
bfa540d8-727c-4cd4-8ee2-bb4307ee41cc,349,80.2,11,250.39,0.013647642679900745,48.89626207026918,4.555555555555555
bfb8874f-61ad-4f91-9292-94b53bf10a42,122,23.615384615384617,14,225.40,0.04472843450479233,18.540669088692844,-2.8333333333333335
bfb9bd6d-fe3c-4569-b890-ab589e42d449,339,19.384615384615383,40,202.20,0.05154639175257732,16.526876650530866,-0.8947368421052632
bfbe438b-b75d-4ea0-9d5a-2bb1f15301b0,6,12.625,17,306.99,0.08056872037914692,13.321035995747478,-0.6666666666666666
bfcd705c-24a6-4ba9-b798-50ed75ad13fc,13,26.5625,49,292.98,0.037721324095458045,28.845816282803934,-0.851063829787234
bfe4e185-a193-4fd7-8ba4-a28fa0398938,255,11.090909090909092,23,178.77,0.09055118110236221,11.2500120250056,-0.047619047619047616
bfeb6126-ed98-4c2b-be73-d6b3b4f9f7f1,197,44.27272727272727,23,265.90,0.023373983739837397,41.51325871755491,-1.8095238095238095
bff60ced-e2bd-4666-aa40-4d4848dc6cd2,260,23.147058823529413,35,293.71,0.04375,23.555392296433087,-0.09090909090909091
bffcd100-a5b1-49c3-aaae-6882e5b0ec81,208,144.5,7,238.45,0.008045977011494253,,
c00c463f-e1ce-4157-a32e-dab41d1ce824,66,57.69230769230769,14,232.34,0.018543046357615896,46.42805296977359,2.3333333333333335
c020c5bc-625e-4042-a8e8-563af184cb64,500,60.388888888888886,19,264.03,0.017335766423357664,60.59813517698465,-10.529411764705882
c02267a6-5b2e-4071-90f5-1ae654228350,271,21.29090909090909,56,277.12,0.04666666666666667,17.20967936868854,-0.8148148148148148
c02cf209-582d-4863-a9f3-ff5a2f098993,190,116.0,4,319.41,0.011461318051575931,,
c0411361-e22e-44e9-bf87-79ee18ef6c29,207,48.88235294117647,18,223.34,0.021479713603818614,40.82107659184955,2.25
c0435592-aa7e-4f11-9642-9343c6b4ec96,-11,17.761904761904763,22,234.12,0.057441253263707574,18.530798045159205,-1.5
c097cb16-73c7-45bf-bae5-54a9d3089e8c,369,64.18181818181819,12,201.63,0.016877637130801686,49.97362940955596,-0.9
c0a664da-2cb3-4c2e-a414-2497d3ba1b4d,75,108.8,6,344.21,0.01098901098901099,,
c0a7f397-e700-46a2-96ec-4c39603d3b8b,181,21.095238095238095,43,288.56,0.04751381215469613,22.488815131960354,0.4146341463414634
c0ae7fe7-44e7-4677-899f-9d5ac4340152,229,37.5,15,273.76,0.02824858757062147,30.2470596155166,1.0769230769230769
c0af6be3-ff33-4cfc-af79-529cbafede83,375,46.65,21,242.26,0.022292993630573247,38.69621904554827,-2.4210526315789473
c0b1bdb9-68be-4a9b-bddf-c7f8d280d57c,145,59.666666666666664,4,333.82,0.022099447513812154,,
c0c50391-ada4-44f8-bc04-be6ebdc19635,240,198.5,7,184.32,0.005862646566164154,,
c0d2e007-a00f-4be4-823c-eedc730fcafb,344,32.0,6,324.44,0.037267080745341616,,
c0dd7fd2-5d34-4075-8f10-41394864967c,58,16.23076923076923,14,283.36,0.06451612903225806,13.91134936034751,1.4166666666666667
c0f7d8fe-fc31-42f3-bac3-8ae20db271dc,211,49.8235294117647,18,240.81,0.021003500583430573,54.75083937041245,1.125
c0fb73d3-bc8f-4ab4-bd11-198babcf580a,184,11.0,2,315.48,0.18181818181818182,,
c107b9bb-6d16-4c05-ba9a-d8be54745e39,79,13.349397590361447,84,262.90,0.07323452484742807,15.552769132262506,0.13414634146341464
c1120935-e651-4ae5-9f54-34a070e43916,332,58.833333333333336,13,272.10,0.01828410689170183,39.3765812573305,-1.8181818181818181
c1189f3e-dfdb-4f42-b62d-7bcd824e2f3a,352,42.22222222222222,10,258.76,0.02610966057441253,26.906215721361566,6.25
c11ef144-bf02-4ab9-8bb0-b295c0e24fa6,323,22.137931034482758,30,317.03,0.045662100456621,23.240549750583774,0.4642857142857143
c12cded4-fa3f-467d-a317-1fcc16f8d378,367,144.66666666666666,4,329.00,0.009195402298850575,,
c13a0e97-2194-4523-8ea5-8e52df19a232,37,47.8,21,208.87,0.02171664943123061,33.35234545528127,-0.7368421052631579
c140a54d-898b-4385-a143-eb8482d81a28,118,61.0,4,301.92,0.021739130434782608,,
c14d07e3-39c7-4a9b-b03b-8dbe2bcabe9e,66,52.1578947368421,20,228.28,0.02002002002002002,45.84425707144515,-1.7777777777777777
c15fcc5d-577d-4641-a2f7-e69533251526,472,3.0,2,50.15,0.6666666666666666,,
c162374f-654b-4d1c-acab-4067b1e69913,10,105.0,3,273.36,0.014218009478672985,,
c1b46a01-6e21-4cbc-9c38-1d1d99694022,215,58.4,6,256.60,0.02040816326530612,,
c1bee40e-9802-4a77-8d51-f51ecd0b29e7,65,10.1,11,242.71,0.10377358490566038,9.666091936937768,-1.0
c1c60736-64cb-4d80-95b8-d158c84e8dc2,165,233.5,5,250.81,0.0053475935828877,,
c1ded6ec-34e5-4002-9a89-ba70199e9ad1,408,131.57142857142858,8,183.92,0.008648648648648649,,
c1ea6a71-5d42-4526-9485-85b289607792,329,9.0,4,296.79,0.14814814814814814,,
c205a09f-295e-49ea-af6a-7b66831ccd07,288,9.197802197802197,92,236.76,0.10430839002267574,8.442247963164235,-0.03333333333333333
c209eaaf-f81b-4396-8883-80723c9ea23d,36,47.75,21,256.53,0.021761658031088083,44.64582847254601,-2.3157894736842106
c225a030-fa99-4c0b-b9a0-1d905ca4ea2a,5,19.64,26,276.77,0.05179282868525897,24.115831591162955,-0.625
c242e107-5839-439d-9f10-9113a26cd6f0,227,125.25,5,214.36,0.0099601593625498,,
c24e0cc9-36b3-4614-8237-adf55d42e01d,201,203.2,6,308.13,0.005893909626719057,,
c25b50d5-9dfd-4dfe-bd72-39aa52c0458f,151,27.166666666666668,7,330.28,0.04216867469879518,,
c2add4fc-f708-44a2-b09c-6279d698ea51,99,22.0,2,228.50,0.09090909090909091,,
c2b78121-c378-47a3-95f0-dfa8f8f6e2bc,58,24.0,21,289.72,0.04276985743380855,19.756411351095224,1.1578947368421053
c2b7a8bf-7818-4ea2-9e70-05222595c9ed,282,11.042553191489361,48,298.05,0.08888888888888889,18.14789177695845,-0.1956521739130435
c2cac091-e2dd-4ddd-8827-f41dfc7b269f,202,23.0,16,340.28,0.045584045584045586,20.86350196601027,3.642857142857143
c2daa7f5-6408-4b92-954b-309a216f0d8f,35,44.0,8,293.87,0.02572347266881029,,
c2ddb824-b8c0-418f-8bc2-eaecac41376a,196,75.25,9,211.43,0.01487603305785124,,
c2e1d8e7-5c87-4580-862c-62b13ad87714,158,133.75,9,230.20,0.008379888268156424,,
c2f1af4e-50e5-471e-ad52-b6427d5f52b9,88,44.0,2,228.18,0.045454545454545456,,
c2fb1c4c-86e4-4ab9-bf75-ac542b6c831a,320,133.83333333333334,7,223.95,0.008695652173913044,,
c308e714-1aa2-49cc-850a-d79cd6503f73,314,104.0,3,131.36,0.014354066985645933,,
c312f093-77d8-45f7-ad84-04c64469dbfc,83,61.54545454545455,12,292.33,0.017595307917888565,50.861308745182,-8.5
c32ac57b-ad02-4006-975e-6487dbff4334,43,53.75,5,252.88,0.023148148148148147,,
c341dbd2-47b7-408e-97d8-dcb25f06550c,296,22.6046511627907,44,223.87,0.044444444444444446,26.364784896022012,0.11904761904761904
c344dde0-c91f-43eb-9218-ce03db0b2098,201,44.90909090909091,23,255.87,0.023,46.18071035246219,-2.0
c3658c37-1a46-44ec-ade5-512fd47f22ea,115,47.45,21,218.83,0.021920668058455117,54.57729911737451,0.47368421052631576
c37586ef-be72-4937-b4ee-f063dcf69a00,153,14.891891891891891,75,311.85,0.06596306068601583,12.940927501183687,-0.2876712328767123
c37b367b-6b74-463b-98ae-3afa4de95b31,371,69.33333333333333,4,203.94,0.019138755980861243,,
c39a73e4-081f-4ca8-8176-d3d4742cc46f,134,19.533333333333335,16,210.59,0.053156146179401995,9.627836625911248,-1.5
c3a85354-64ae-4f9c-be13-3c62b0bfed21,164,165.0,3,144.07,0.00909090909090909,,
c3b18014-4534-4265-9757-6eda9dca2cc8,266,21.375,57,281.26,0.04645476772616137,20.25704142447083,0.38181818181818183
c3bef767-24f2-4316-8ca0-69a80d8528dc,345,104.25,5,248.63,0.011961722488038277,,
c3ef4b6e-cd03-4684-b85f-23bd78c7dea5,253,21.72093023255814,44,254.69,0.04597701149425287,17.707041350823648,-0.7380952380952381
c3f3b3ec-abef-44a1-961f-6ab599716313,369,127.6,6,264.99,0.009375,,
c4016d6f-0192-4d5c-bf5c-3b018bf6ec1c,366,40.90909090909091,12,241.37,0.026373626373626374,28.845986013497775,-7.8
c4044398-ffae-4b6e-be0a-a42935ff84ae,376,20.25,13,236.20,0.05220883534136546,12.166459109894188,-0.9090909090909091
c40d3d6e-f1cd-49f9-b403-9d2df2ac6b02,272,27.566666666666666,31,226.53,0.03699284009546539,31.630063539933488,-0.06896551724137931
c428f88f-0f59-4175-baf3-e5eeacb49e85,324,43.6,11,304.97,0.025056947608200455,41.363429902914646,-0.3333333333333333
c4325ce4-3c2e-4a03-8384-0ae7a93b1136,225,20.608695652173914,24,276.15,0.049586776859504134,17.497374167765816,-0.045454545454545456
c4609b8b-14d7-404a-b760-454ff4c2db27,159,57.3,21,193.73,0.01821335646140503,60.36825586174802,-7.315789473684211
c4641eff-a737-4802-afea-cdf195fd7be6,218,18.666666666666668,4,390.65,0.07017543859649122,,
c4806e0d-d140-4d1b-bcd7-46fd2c6bc3f7,207,209.5,3,370.40,0.007142857142857143,,
c483bc3d-d175-487a-b7d6-10c39161e1ce,333,43.0,2,197.52,0.046511627906976744,,
c49c4cf7-acc9-4c10-993f-88c52bd05e17,158,22.29032258064516,32,234.40,0.04539007092198582,20.148107518055877,0.43333333333333335
c4a1efd4-8b40-4333-8b81-8d29e7e3089e,109,86.5,3,95.18,0.017241379310344827,,
c4a74c48-de4e-43eb-95e9-0d6b894eb41e,-16,29.5,13,329.82,0.036011080332409975,35.85703937481834,-3.909090909090909
c4a93e64-5ef0-4215-a37c-48177b89d105,40,17.7,41,280.41,0.05647382920110193,17.864446857892396,-0.05128205128205128
c4ba4aa8-6439-4140-82f9-1f9f6b79f924,195,24.733333333333334,16,297.45,0.042328042328042326,26.034226556226947,-1.2857142857142858
c4c2eff5-6783-404f-a9de-9a5c43e3e3e3,221,136.8,6,100.30,0.008746355685131196,,
c4c8918b-7e7b-484d-8cb4-ed7fbe578fd6,243,58.0,5,220.41,0.02145922746781116,,
c4dfaec4-0fb9-4602-85b9-e8a2019082c9,98,142.83333333333334,7,222.74,0.008158508158508158,,
c4f097ae-dfb4-449c-a7fb-d33b01817aef,57,157.5,7,254.73,0.007383966244725738,,
c4f2aa45-e40e-4aae-9ff1-f1ee22e24c80,-17,49.15384615384615,14,284.86,0.021739130434782608,45.19374247586007,-11.166666666666666
c5023c65-5d59-4f62-91ac-f6c1b10e9a3c,404,22.333333333333332,4,206.47,0.058823529411764705,,
c5099498-bdb9-498c-8c5b-7ea6d843a5fe,261,121.0,6,247.29,0.009884678747940691,,
c5099c5a-0396-42e4-8278-c5b770922e3e,329,26.756756756756758,38,258.24,0.037698412698412696,29.995745444058308,0.8611111111111112
c5121133-f83c-4ff6-9202-25b8958d7630,528,184.66666666666666,4,222.03,0.007220216606498195,,
c51cc1a7-cb9b-4411-b36b-2e07d2b4dd9d,113,14.0,2,185.74,0.14285714285714285,,
c51fdd9e-6e2d-4331-92a8-7e81a35daeb1,67,,1,241.79,inf,,
c52027d8-bb77-4444-a3eb-c0c6c984851c,267,134.44444444444446,10,304.55,0.00823045267489712,121.7406167956191,-30.0
c5291624-851f-4659-ae8c-5ef98d058c64,167,22.294117647058822,52,277.55,0.04475043029259897,22.279402251987875,-0.76
c5357369-cfbb-43de-b0b2-d91d6a027c75,52,136.0,4,230.45,0.009779951100244499,,
c5375a3b-cbb9-4dbb-8824-ff0bb3455829,91,52.583333333333336,13,264.42,0.02034428794992175,37.4856538214854,-3.4545454545454546
c542bac2-b986-4d2d-a84a-4275f339c437,241,20.57894736842105,39,282.95,0.04887218045112782,19.74106924860546,-0.5945945945945946
c54e3749-34ba-4785-bacb-bd189243bc8f,269,48.0,2,327.23,0.041666666666666664,,
c556998f-a746-4d31-9017-dc46084995a6,55,31.625,33,267.02,0.03216374269005848,34.6445080133038,-1.032258064516129
c55c3337-b0f8-4d15-b1f8-79146c79ddce,193,1.5,3,445.02,1.0,,
c5707e1d-66e5-4e4e-b25a-62b32808484c,319,193.2,6,324.95,0.006191950464396285,,
c58b7001-d1fa-44ec-8360-ea55ccdca80d,359,298.0,2,256.93,0.006711409395973154,,
c590e3be-2e4c-46e3-a5c1-35376020c588,291,268.3333333333333,4,236.41,0.004962779156327543,,
c5a735b9-bbc6-4e07-a574-5d70d63ca54a,371,59.6,11,369.75,0.018363939899833055,43.01472616054491,1.7777777777777777
c5aae0c3-0e8e-41b9-ad49-fbf077171568,395,36.1875,17,201.29,0.028960817717206135,42.655548681658445,1.6666666666666667
c5c851d1-f75b-49fd-8870-dce6a8fe552b,436,166.28571428571428,8,142.37,0.006855184233076264,,
c602e328-173c-420c-811f-7c05ba527ded,70,29.25,5,301.77,0.04201680672268908,,
c609b7bf-64e4-4a17-a69b-5813aed099dd,118,,1,280.88,inf,,
c60bb264-d75c-4111-b09e-0ae70e7cef75,25,120.5,5,240.84,0.010330578512396695,,
c61a1ed7-503a-42a8-824f-800c6c531a16,330,39.46153846153846,14,192.42,0.026871401151631478,44.11276343005387,-3.0833333333333335
c633567a-8bd7-46c6-88fd-4b4e7e4dfce5,267,52.833333333333336,13,191.58,0.02037617554858934,93.09704939502973,-30.636363636363637
c6365c92-14da-4d2a-8008-b388dbfdef0c,35,9.5,3,569.06,0.15789473684210525,,
c6416830-f56d-4e62-a3e2-bb01227093a2,91,8.690909090909091,56,242.90,0.11089108910891089,8.679206157743895,0.16666666666666666
c646cf11-a992-4e65-9375-c30c856c66e0,463,56.89473684210526,20,270.77,0.01834862385321101,59.58737257809102,-4.888888888888889
c68532b0-42b3-45ed-befa-5c074ee2e582,281,95.5,3,252.79,0.015625,,
c6865e00-84ec-4b92-baa2-b3c17a274d49,272,136.28571428571428,8,242.78,0.008359456635318705,,
c68a39f3-3761-4659-85e3-414f4277ea47,355,48.2,11,278.01,0.022587268993839837,61.555395106088525,1.2222222222222223
c6a27acb-2380-4673-9ef0-1f340d08d5c4,-2,79.5,5,95.81,0.015625,,
c6a32573-7d40-4d93-a4d2-caf085e99e17,106,106.5,9,259.81,0.010526315789473684,,
c6a54a3a-45fd-4132-9a1b-aebc18cc1c0f,108,51.888888888888886,19,254.05,0.02014846235418876,52.065443986547734,-0.9411764705882353
c6bf1ca3-59ad-459b-890f-4d26c58d05b6,337,30.38095238095238,43,260.61,0.03312788906009245,22.39986104154675,1.2682926829268293
c6c43895-68ea-49a0-9288-908ce49e9823,393,90.83333333333333,7,246.60,0.012773722627737226,,
c6dbaa58-3b89-43e2-8a56-40c97893d3d6,91,17.96,26,214.99,0.05639913232104121,17.61268482278232,-2.1666666666666665
c6ddf9a4-78b6-4837-9810-27630de44c32,122,174.66666666666666,4,203.46,0.007619047619047619,,
c6ded5ee-2adc-4b07-b684-4c3e1410c142,193,,1,205.16,inf,,
c6e8d3f2-c952-4a08-af92-d68cd70db194,47,302.3333333333333,4,302.24,0.004405286343612335,,
c704daac-d2fd-4564-8b1d-ae4ba9491078,316,47.5,21,235.61,0.021920668058455117,44.70075944250659,2.473684210526316
c70b54be-df92-410b-a9dc-393231274f95,478,62.0,3,255.70,0.024193548387096774,,
c70ec5dc-fe34-4c2d-9383-3fe7425b4547,369,31.428571428571427,8,188.62,0.036036036036036036,,
c715fa66-ebd1-4071-8c2c-be92798a2231,409,48.30434782608695,24,266.15,0.0213903743315508,24.48828065275435,-2.227272727272727
c7168226-e789-4b96-937a-67d3c0e2d630,107,39.81818181818182,12,313.40,0.02708803611738149,24.140497848297088,3.2
c71b527a-c599-4377-be11-8ad6ffaf841e,143,21.05263157894737,39,289.77,0.04767726161369193,19.682544562510003,0.5675675675675675
c73baa63-8961-4947-a26e-54f16b467293,419,60.0,2,324.93,0.03333333333333333,,
c7483c8c-6a91-4331-a94e-e2a0d230119f,276,73.0625,17,291.28,0.014431239388794566,53.51195349327725,5.133333333333334
c74f5ded-1d6d-4d5c-b4dd-da8b97ffbfb6,261,24.73913043478261,47,292.06,0.040482342807924204,26.466276053044222,-0.4888888888888889
c7513eaa-b3a5-4b73-91f9-01d29bc27475,156,103.0,3,200.24,0.014563106796116505,,
c753ea7d-42c2-419d-9c91-540c1559434f,98,98.66666666666667,7,407.64,0.011784511784511785,,
c77d550e-be3a-47fc-8cda-c7b7589a0b6b,352,46.357142857142854,15,211.64,0.022865853658536585,57.92914391121031,-4.538461538461538
c7830f17-1001-47c6-9ebd-0c3d845f048c,161,19.15909090909091,45,254.61,0.05214368482039398,18.37458201621504,0.09302325581395349
c787056f-ea48-4d76-bf30-884c35201c64,134,53.77272727272727,23,214.95,0.019230769230769232,36.551244937669445,-2.0
c79d549d-45d0-4046-b318-9e669f398bf7,357,,1,249.75,inf,,
c7b0bc40-cdb4-4249-827c-7a3c0d2c38a0,321,11.535353535353535,100,279.22,0.08368200836820083,12.608964361584047,0.09183673469387756
c7b23252-91d5-41c6-b7ca-32296fa74ac9,275,67.84615384615384,14,175.81,0.015748031496062992,61.78031800102434,-13.25
c7d28a59-2bbd-4327-862a-026c573e0aa0,60,37.375,9,251.87,0.0297029702970297,,
c7db4d1e-1f82-4ec2-95a8-a803e9aafa14,459,136.2,6,268.53,0.008784773060029283,,
c7e8b4f8-1ab1-475c-b305-d304b0f38694,109,20.972972972972972,38,300.18,0.04785894206549118,20.80262601810765,0.19444444444444445
c7eabe5c-6239-438b-b49c-870a86028829,218,32.285714285714285,8,150.55,0.034934497816593885,,
c7eb0550-695b-4251-a2d2-24957e5bfdc6,165,26.764705882352942,35,275.87,0.03783783783783784,22.983602618058224,-0.06060606060606061
c7f9d0c7-6266-488d-908c-9ac72aeb8309,7,,1,46.66,inf,,
c7feb511-d5e0-4192-87c6-f45373b080a6,144,38.0,2,231.05,0.05263157894736842,,
c81465ec-2089-4f9b-a09f-a071d11bccf1,353,242.0,2,174.70,0.008264462809917356,,
c81781cd-94f4-4c00-b12e-6ea2fd57090e,268,7.2727272727272725,12,313.53,0.13953488372093023,5.330870643542368,-1.6
c825f8b5-8176-4ae4-b2d4-e59365816115,395,337.0,2,478.35,0.005934718100890208,,
c83d5d00-e41f-4fb4-844c-de87e89f43be,510,136.71428571428572,8,209.34,0.008333333333333333,,
c83fc808-fece-4439-9b78-4e6692c992b0,427,145.0,7,229.96,0.008018327605956471,,
c84444b5-c752-4b23-a193-25f5e5b27c50,199,54.30769230769231,14,196.78,0.01969057665260197,70.89356413594562,-1.3333333333333333
c849b7b6-21d3-49b0-9eaf-638a9835b7d3,186,49.75,9,303.96,0.022443890274314215,,
c87f8d52-2676-4544-9fd1-72cd595c4a2d,169,,1,398.34,inf,,
c88424cd-016c-432c-a45e-b48fc1e1f433,226,37.5,7,280.83,0.030837004405286344,,
c891b719-09da-45d5-bd94-5ba3d3ab0dd3,429,134.0,2,502.67,0.014925373134328358,,
c896c2c9-2d94-4722-a318-124430a33ee4,418,102.71428571428571,8,244.87,0.011065006915629323,,
c89e0fef-8fd6-4ed5-ac5d-f6cf1feb20ec,348,48.333333333333336,13,272.52,0.022222222222222223,53.96014241731549,0.45454545454545453
c8ad860b-bc18-41b4-aebb-98a88d1db865,369,38.5,7,235.58,0.029914529914529916,,
c8b0c303-74ec-4420-a306-3e55353be78b,276,13.954022988505747,88,266.82,0.06973058637083994,16.530386428872056,-0.046511627906976744
c8c4357a-74db-4547-a592-bad24bc20ba8,353,71.88235294117646,18,297.86,0.014634146341463415,58.10322963586144,-7.375
c8cb113a-b424-46fd-846f-3ace4a3eec23,191,26.238095238095237,22,269.24,0.0392156862745098,23.26779912648543,-0.1
c8d2d1c6-dc49-481b-bb5d-3043ca8ee5bb,207,26.2,41,315.11,0.038461538461538464,28.67966312429553,0.07692307692307693
c8df0d2e-1d30-43a6-bace-af08b5723e9a,204,53.45454545454545,12,292.27,0.02027027027027027,44.78250470075035,3.6
c8eeea86-28c1-4887-8b86-300afc7d2684,333,71.75,17,202.54,0.01471861471861472,44.97332542741308,2.2
c904ccdc-78ab-465a-b747-7d1f7bea5b07,16,11.0,2,134.50,0.18181818181818182,,
c92f2a8b-2c4d-45cd-b2bf-54fb96849d1f,242,8.0,2,300.57,0.25,,
c92f764f-9f18-4782-985a-78f13aad6cba,236,52.083333333333336,13,301.45,0.020569620253164556,60.513647346293006,-0.9090909090909091
c95443d5-6e94-4493-bd97-7f2761e58b9b,275,5.857142857142857,8,306.20,0.17777777777777778,,
c9567551-9fd0-41b4-aedf-6e314fd0742b,385,53.705882352941174,18,237.42,0.019522776572668113,52.28738459930172,-5.375
c960d4e0-47da-4c1e-a456-35655ed6f464,265,27.541666666666668,25,267.46,0.03720238095238095,28.95570705430093,-0.34782608695652173
c96cabde-73f5-42da-98d4-ea75b75316bb,292,26.6,6,263.13,0.04477611940298507,,
c9736a1a-9c42-42c4-b8f1-998320c42f3c,142,10.75,9,228.12,0.10112359550561797,,
c9790ca9-edce-4f7f-b9fc-c79a40c1aecb,266,,1,344.05,inf,,
c97ff7c2-8dc4-4de3-8459-6047bafe6240,329,21.918367346938776,50,260.35,0.04557885141294439,23.624525334467812,-0.16666666666666666
c9827520-6e54-4221-ab43-b2c7b7d70b04,280,32.4,21,275.56,0.031914893617021274,32.003947124986745,1.4210526315789473
c995490a-f8bf-400d-949b-e3d58c84f268,337,47.8,16,217.33,0.022130013831258646,68.05690895965564,-0.9285714285714286
c99a8b0d-2009-4490-85a4-9895c5803cb1,265,116.6,6,156.58,0.010256410256410256,,
c99fdc81-052c-445a-9e42-6d45b389a64e,219,11.388059701492537,68,223.37,0.08553459119496855,13.545607835484732,0.19696969696969696
c9c1dcd6-787a-4e91-bab3-92e9c7eeaaba,247,163.5,7,180.54,0.007121057985757884,,
c9c7373a-1dd7-43be-9b00-e0d39ec9befa,314,61.9,11,236.91,0.01765650080256822,45.51544304470248,-7.888888888888889
c9ca0e2a-cb58-4364-ba8f-255377fd90fe,263,69.0,4,255.45,0.019230769230769232,,
c9f4ae2f-e3a6-4c3b-b66e-957434aabf76,216,21.79591836734694,50,277.09,0.045829514207149404,23.063300204578933,0.625
ca02503b-fe59-4c70-874a-7694c2d77538,289,67.375,17,290.76,0.01565377532228361,86.3240986051983,-1.8666666666666667
ca290650-5825-4ef9-aed1-8acd72fbf9e2,31,18.5,11,247.07,0.05789473684210526,11.825114516711174,-3.0
ca2aa278-f64e-4f7a-a1ae-32a5f6a04a51,135,72.33333333333333,4,276.23,0.01834862385321101,,
ca4267ba-3626-4a12-b958-8ac896a0f6ab,429,156.66666666666666,4,354.43,0.00847457627118644,,
ca4e47c7-9f5d-4233-892f-658c59f49214,349,13.538461538461538,14,244.77,0.07608695652173914,13.817955617091025,-2.5833333333333335
ca69b180-698c-4b2a-a472-2155a86f76b3,137,139.8,6,208.95,0.008571428571428572,,
ca803178-376e-4491-a943-2002aab58056,115,12.923076923076923,14,280.35,0.08092485549132948,14.11536714873509,-0.6666666666666666
ca887f42-bae4-49b7-9aaa-295df0926cae,315,116.0,6,294.24,0.010327022375215147,,
ca92ee69-4ca3-4245-bed6-87b6a187b828,128,145.0,2,133.46,0.013793103448275862,,
cac079eb-0cb5-4508-a006-7eb86fba6dc5,189,109.5,11,316.88,0.01,88.07477883404913,14.0
cac2d1a8-7abd-4d85-a98b-d3591c420072,284,304.5,3,146.18,0.0049261083743842365,,
cac5d687-b406-40a6-bc3d-a17b4891c246,164,128.0,3,399.02,0.011673151750972763,,
cac93b1c-ceb7-4517-beb4-cc08ad6e5ad7,195,44.4,16,227.61,0.0237741456166419,36.61147361142405,1.9285714285714286
cad287f3-554a-4794-aedc-ff48c4d1d300,311,21.6875,17,235.91,0.04815864022662889,19.358783536162598,-2.066666666666667
cadc1be3-31bf-4acb-9191-1e3b3e68abb8,223,,1,258.32,inf,,
cae10d54-a5d2-4ab6-85c9-1c04c1e9fbd0,39,13.25,5,282.27,0.09259259259259259,,
caf79323-8c61-482a-9270-8a9e23e47727,189,46.3,21,281.98,0.022459893048128343,48.431286103966,2.6842105263157894
cb09c0be-71be-4207-9999-47293bd2e550,524,89.2,6,218.54,0.013363028953229399,,
cb0b0926-c373-4c3a-8542-f93148c4fff4,270,127.33333333333333,4,185.36,0.010443864229765013,,
cb225dbb-88c5-4e92-9e6c-1884707347e8,75,62.94117647058823,18,244.21,0.016713091922005572,51.08139410322914,-3.125
cb2430a7-12c7-4ce8-bd98-2145ee8e806c,42,101.14285714285714,8,246.08,0.011267605633802818,,
cb312991-0a9c-4083-a85e-96f8507b5aeb,373,228.75,5,222.91,0.0054585152838427945,,
cb37f368-c6d7-404c-9ada-7023f216634e,161,170.5,7,218.63,0.006829268292682927,,
cb3cc871-f19f-42fc-9074-b58c24e4731d,460,64.5,3,175.30,0.023076923076923078,,
cb4234e3-abe5-4e6e-bbd7-86aa61afda75,288,141.77777777777777,10,200.48,0.0078125,107.74249135992933,14.125
cb44f9a0-9bb2-452b-ad25-f3f270bc62d3,295,85.33333333333333,4,207.38,0.015625,,
cb51891d-f365-44bc-9cb6-80248122192b,61,72.125,9,267.61,0.015517241379310345,,
cb5fb5a8-9ea4-42ca-9b07-73340aa7cd1b,345,1.0,2,121.77,2.0,,
cbb65922-6a7f-4407-8da3-b8340344ed82,322,115.8,6,286.70,0.010309278350515464,,
cbc9d29d-5d33-4be9-86ea-b851c4d9e61c,346,162.5,7,329.51,0.007164790174002047,,
cbdd0bbd-3746-4fb3-acf6-529755579e68,391,168.33333333333334,7,228.67,0.00691699604743083,,
cbdf2956-193d-4c39-bdb9-9715806941d1,215,,1,158.14,inf,,
cbf0d4df-392c-41e7-b2df-c81921c1849f,209,,1,60.40,inf,,
cbf8065d-19de-46c5-9e63-dadc357e70cb,88,7.3,41,236.58,0.13225806451612904,7.356141686565078,-0.05128205128205128
cc09714f-f8fd-4418-b505-72807ec620cb,90,,1,242.39,inf,,
cc114623-97f7-47b3-afed-294f5b2a288c,285,16.25,5,124.13,0.07462686567164178,,
cc14a3e4-b983-4f08-ad7f-9f195060c9a5,383,156.14285714285714,8,231.06,0.007292616226071103,,
cc1635d7-b174-4627-9fb1-c05c954a0087,148,26.782608695652176,47,275.67,0.03750997605746209,24.25046441111158,0.022222222222222223
cc196268-6182-49b9-92f3-c2aaeaf9ddfa,84,176.14285714285714,8,154.45,0.0064672594987873885,,
cc2cc3c1-da90-4b0f-b939-22cc360d5060,115,255.0,2,303.07,0.00784313725490196,,
cc39908f-f96c-46d0-824f-0dcc6a14afbe,316,118.5,3,235.50,0.012605042016806723,,
cc3e9f20-9bb9-4a66-a6aa-f11070b633af,18,180.0,7,214.84,0.006469500924214418,,
cc41a966-420c-49e2-b759-06f044d4eb1e,258,47.470588235294116,18,251.32,0.022167487684729065,31.27322666247205,0.625
cc6817ac-d48c-465f-800d-31b23884cc7d,318,41.18181818181818,12,210.83,0.026143790849673203,71.84959037018677,0.2
cc8b0716-b54c-4679-aa8e-0ecc56113853,331,,1,346.20,inf,,
cc8fae90-e695-4a81-9b91-16360059da04,155,18.633333333333333,31,303.28,0.05410122164048865,19.141007312039253,-0.13793103448275862
cc903c64-1366-4dfd-9142-17e21fc6940a,248,25.61111111111111,19,376.46,0.0405982905982906,25.321785293646187,0.6470588235294118
cc9934b1-cdec-4b36-8b4c-e842b653c10d,279,28.5,9,192.25,0.03879310344827586,,
cca157cf-8485-4856-b123-dec0f64a03ec,120,204.66666666666666,4,277.10,0.0065040650406504065,,
ccb57cde-06b9-41b7-ae2c-17b2bcfabdd1,15,56.0,5,372.66,0.022123893805309734,,
cccf57cf-c90b-4290-8a51-85d3c11df3f8,94,12.5,17,207.68,0.0825242718446602,14.773850773128402,0.2
ccd3fdcb-e3c8-483f-9791-5b8dae2e7e7d,51,51.90909090909091,12,371.13,0.020869565217391306,46.06832869869395,3.8
ccdb30de-21cf-4cd6-8dbe-24f03e29f774,55,21.73913043478261,47,253.59,0.04598825831702544,21.19479473058179,-0.044444444444444446
ccdc058c-ad78-471d-8331-9f49a2a64f41,467,161.66666666666666,4,115.32,0.00823045267489712,,
cce02a1f-bb4c-4bc3-ad3b-5420f8923aaf,214,37.733333333333334,16,220.43,0.02782608695652174,51.123752749950725,-11.142857142857142
cce427b1-a9a5-4af0-8fd0-8e0cbf05be7f,95,114.625,9,235.97,0.009782608695652175,,
cce56ae9-b7b6-4db9-9c3a-0fd90e7fcf0a,254,32.0,2,483.03,0.0625,,
ccea24d2-8163-46e2-abe3-db65b8374f00,150,162.66666666666666,7,283.71,0.007157464212678937,,
cd14b75a-59c3-4e2f-a063-45bf64a555bf,191,168.85714285714286,8,225.46,0.006739679865206402,,
cd207aad-94c6-44ca-8b22-54513755380e,17,51.666666666666664,13,288.82,0.0208,50.46210699548962,-0.9090909090909091
cd30fb0a-f271-4c5b-bd07-9a4b4ba9ab37,126,11.142857142857142,57,274.51,0.08728943338437979,13.737048209367744,-0.09090909090909091
cd3707fc-6fc6-4b4a-a45c-fd0f7ebbe1d6,174,48.416666666666664,13,269.21,0.022108843537414966,54.932120647103,-4.181818181818182
cd3fea64-5b7f-4ad9-b73b-0f443367ac0c,431,245.66666666666666,4,278.17,0.005420054200542005,,
cd58a792-9ee7-49cf-977e-89460fee798b,341,17.964285714285715,29,257.01,0.05631067961165048,14.390022631071547,0.18518518518518517
cd76924e-57bd-489a-af85-5dd97cfed0cc,164,6.5,5,267.65,0.18518518518518517,,
cd7d7d7c-5e7e-47cb-83db-5a736ccf29e5,55,26.068181818181817,45,295.40,0.03869303525365434,22.652478407730246,-0.2558139534883721
cd8060ed-c9eb-4a48-94dc-45ba5d7c4f4a,602,,1,94.74,inf,,
cd85b08e-4320-4627-a9e1-1ccd943b8966,174,179.16666666666666,7,384.78,0.006493506493506494,,
cd877922-80b2-4289-966e-385419c7cd6c,9,94.0,2,292.18,0.02127659574468085,,
cd9f1987-06ba-47ec-9fae-f3a769d43853,216,43.88235294117647,18,247.65,0.023936170212765957,43.70194840184643,0.6875
cda0f82d-9e15-4047-a780-4dc1e2b0e9e1,412,55.63636363636363,12,287.00,0.019448946515397084,46.37299370813303,-9.3
cda312a5-1415-42c8-b24c-b2096b0ed59e,200,234.5,5,230.89,0.005319148936170213,,
cda82c58-ef48-4a5d-8833-33ad410c0897,281,,1,277.74,inf,,
cdbae428-4947-4d7c-ae65-0c59337f0460,365,157.71428571428572,8,185.26,0.007220216606498195,,
cdd7594a-4a68-4f61-90dc-4a1ca083e311,321,29.4,11,314.32,0.03678929765886288,38.30926780819492,-10.444444444444445
cddaeeeb-f542-4b38-804d-3a0f64a730f5,302,127.75,5,306.26,0.009746588693957114,,
cdec592e-45d9-49c2-8a6f-d8ab0d618037,346,121.5,3,238.41,0.012345679012345678,,
cdf407f1-15c9-4812-a283-7168e3c9bf7f,54,9.898305084745763,60,241.55,0.09787928221859707,11.639254205362244,-0.017241379310344827
ce082557-8ef0-44b6-aeb8-33bb24020d10,110,58.375,17,238.53,0.018008474576271187,72.8659728542754,-1.2
ce0d5ca6-d158-4acb-9d54-6702a5c9e6f7,409,57.0,3,305.05,0.02631578947368421,,
ce19c041-70f3-4d8a-80ad-f28ff51ae3bd,324,24.785714285714285,43,215.14,0.04048964218455744,21.580858404552675,-0.4146341463414634
ce216459-1a40-4a79-9631-e466ef5ab0c1,335,16.0,10,229.08,0.06756756756756757,11.76860229593982,-0.25
ce2b7c4a-e18a-4025-a2d4-36475cb58473,325,28.675,41,242.89,0.03516295025728988,37.47572718714246,0.38461538461538464
ce37122a-4a50-42fb-81d3-2ca67d3b147d,276,68.38461538461539,14,237.29,0.015677491601343786,58.680687427151675,1.5
ce7e6b7d-5332-4bc7-9cc3-74bea68aceec,296,44.44444444444444,19,264.15,0.023514851485148515,40.90623743926968,-0.058823529411764705
ce833bf1-5d9b-40e2-ac96-fabd45dd1cb7,480,75.33333333333333,4,279.31,0.017699115044247787,,
ce99da5d-0046-4029-b4e4-23641b779213,92,24.85185185185185,28,207.83,0.04093567251461988,23.502379100036308,-0.9615384615384616
cea41e70-638f-4481-979b-1bede70f946e,290,44.714285714285715,29,255.34,0.02292490118577075,42.145125936597225,1.4814814814814814
ceb4d070-f4f0-40a3-b5c5-9d2117e4961d,252,83.33333333333333,4,203.10,0.01593625498007968,,
cebf10ec-2c4f-4b38-a751-b5329d9b58ab,238,23.9,11,183.43,0.04526748971193416,21.38769116415639,4.666666666666667
cec23fe9-c818-4f4e-8e20-2963a70aee02,330,62.125,17,270.14,0.016966067864271458,63.386512760996716,-0.5333333333333333
ced6e3ca-bdb2-461c-b6bb-27f4e7fb198f,50,24.953488372093023,44,225.95,0.040145985401459854,19.64561442441943,0.11904761904761904
cef4c635-e7f5-4ae3-8420-34dccc64655c,268,127.5,3,394.91,0.011764705882352941,,
cef5dd35-9f38-46a6-9a97-3feeab95d81a,219,26.25,9,269.51,0.04205607476635514,,
cf18a267-0da2-4038-b625-840318e62252,288,171.0,3,382.64,0.008746355685131196,,
cf37d162-e089-421d-8181-39dab8f7ea6d,217,188.0,4,179.22,0.0070921985815602835,,
cf451c25-e028-451a-99cf-a6346145881d,302,40.333333333333336,7,304.92,0.028688524590163935,,
cf9f95b6-ad59-4eb7-b3d5-4ea9c2b22483,119,68.66666666666667,16,229.43,0.015429122468659595,67.49779537845944,-0.14285714285714285
cfab1047-6b8e-4576-8c84-a5ad4a089d9f,402,17.4,11,250.08,0.061452513966480445,15.145222935888986,-1.4444444444444444
cfbaedc4-aba2-4f4f-ab0b-40c9dbf8edf7,52,,1,161.62,inf,,
cfd07c1e-fc09-49c0-97ae-47ee9eb31f50,191,35.888888888888886,19,317.68,0.0290519877675841,35.005695148224916,1.5294117647058822
cfd0d52a-4d77-4aa0-8c34-4c6c1c8e6633,321,171.0,4,306.77,0.007782101167315175,,
cfd19d0a-8b5c-4a97-8401-dfe7f36da1d1,256,20.56756756756757,38,255.46,0.04859335038363171,30.59097592114066,0.19444444444444445
d00f5acd-4a3c-4869-b8d8-d07f90f3815e,210,16.23076923076923,14,245.42,0.06451612903225806,20.539205786957158,0.08333333333333333
d024b606-2121-4fbf-864b-9ed2cb8512df,272,125.28571428571429,8,221.33,0.00909090909090909,,
d02e6c4e-935e-4f31-8b3c-263547eb8908,-10,46.04,26,272.88,0.02235597592433362,34.452237469671935,-1.2083333333333333
d02f39f1-548a-4c38-b15a-3c4b7f049967,220,41.833333333333336,7,251.64,0.02766798418972332,,
d04e07d5-9146-48f5-bea6-e5f855245817,233,26.0,8,244.18,0.043478260869565216,,
d068be8b-72bc-4cdd-8bf7-0dfd452e7254,332,9.225806451612904,32,266.74,0.10666666666666667,7.441817329207317,0.13333333333333333
d07286b7-caca-4d01-a695-257538008690,355,122.0,10,235.96,0.009074410163339383,71.80355144420086,18.625
d07adf79-8e75-4cf9-bdc7-0e0d78ca1fcd,278,148.16666666666666,7,294.12,0.007847533632286996,,
d07d94dd-deaf-460d-889d-97b34e2bb9f5,290,25.48780487804878,42,197.39,0.03951081843838194,30.10823969548827,0.075
d0814952-286f-40b2-9af1-f7b6264155ff,144,,1,110.22,inf,,
d088905c-94c7-4d43-a9bd-28d3a32f1aeb,32,136.4,6,338.98,0.008771929824561403,,
d096d22d-1389-44ef-a2b1-db7b7999be80,-12,64.47058823529412,18,232.30,0.016289592760180997,51.91353104810299,-4.5625
d0a5f828-6e2c-4561-85f7-9e795e44f064,254,48.7,21,253.65,0.021341463414634148,46.3398203208474,-4.473684210526316
d0c47226-1dde-4a2a-8d18-0c81aadfa1a9,76,167.5,5,220.07,0.007451564828614009,,
d0cfe169-9c17-4c29-82cd-63ae074182ab,278,253.0,2,69.57,0.007905138339920948,,
d0e87bb5-8fa2-4130-a396-bdfb2e649991,173,138.0,8,317.51,0.008255933952528379,,
d1000de2-00f4-4ec3-8fd2-184cbe00a130,39,14.521739130434783,24,232.87,0.06956521739130435,14.13207044348997,-1.9090909090909092
d115e4bb-fdbe-4b4c-8ebb-b1458ed088bd,81,101.8,11,246.86,0.010763209393346379,82.28379076235016,-8.11111111111111
d122de8c-e325-472c-9871-fc9507d83b1e,379,,1,153.00,inf,,
d125d7dd-8bbf-47cc-b484-9cda8c1ad0a0,313,37.5,5,122.78,0.03289473684210526,,
d12953a2-9e3c-4b71-a36f-926ff3de1654,205,,1,140.87,inf,,
d1390fb6-f466-4fd4-afc2-92321c7ac45c,290,138.0,3,205.15,0.010869565217391304,,
d142f7ff-de86-44b0-a36c-98db7cb995d3,224,63.44444444444444,10,306.56,0.017391304347826087,35.72153101111118,-2.625
d157ef64-c62e-4cf7-be1e-7296e9de21b2,270,27.0,6,187.63,0.04411764705882353,,
d1591812-b123-4bce-9bb9-17c629a0f965,81,,1,511.50,inf,,
d16cf21e-a41c-4783-b7d3-c4d599667a8e,224,9.0,2,391.17,0.2222222222222222,,
d172af4f-a3a8-465e-8a9d-7a9c96726226,96,22.214285714285715,43,281.06,0.04512067156348373,27.191763202534656,0.07317073170731707
d178d9f8-2e6b-4915-a3c9-6faff2678afc,365,31.0,2,299.59,0.06451612903225806,,
d180844f-d480-4e46-b92b-f4fb82fe84e0,222,73.0,3,238.21,0.02054794520547945,,
d187e863-2767-49f2-9fbf-d447dd1b13d4,250,40.2,16,333.08,0.02631578947368421,35.58932424196897,1.7857142857142858
d18f943b-9457-47b7-8ca9-5626076e974e,162,18.4,41,211.86,0.054304635761589407,20.805324762222256,0.07692307692307693
d192d0f0-884f-469b-9392-d512e3476915,20,1.0,2,267.16,2.0,,
d1a783d9-229c-4b17-ba9e-989ca1f6abd4,97,64.38461538461539,14,242.68,0.0166270783847981,59.23897712027454,6.25
d1b27a3d-c62b-4b83-b077-c2c5bab440e8,368,29.318181818181817,23,267.38,0.0350076103500761,39.25300881841673,-2.2857142857142856
d1b685d1-857a-40af-9ce6-59f115ea2832,66,168.14285714285714,8,263.84,0.006779661016949152,,
d1d39e20-51dd-45db-8bf5-2804c63e6160,235,229.0,4,321.95,0.005813953488372093,,
d1d7c6d6-d9d9-450a-a5c8-beabd6d6d6bb,166,56.875,17,234.73,0.018538713195201745,49.70026827560055,-0.6
d2003101-bc66-48f6-b4d2-c1eab7af6a7a,495,71.5,3,135.28,0.020833333333333332,,
d21c301b-696e-49ea-8949-327c9552c7aa,274,41.9375,17,312.37,0.025073746312684365,34.58413653685747,0.9333333333333333
d22b3c0a-4d32-46dc-a684-6b7d91e7df72,57,59.75,13,332.62,0.018005540166204988,47.58747925471764,-0.5454545454545454
d22d4378-2b86-4ccd-8b28-b1460e50fe73,200,21.066666666666666,31,254.52,0.047987616099071206,20.537490249471247,-0.3448275862068966
d2395e36-9370-4e73-82d7-f518a1103459,172,19.608695652173914,24,188.28,0.05183585313174946,20.910500038442592,-0.045454545454545456
d2423ca9-e9d7-4223-a3d5-21e943789416,246,12.333333333333334,4,257.72,0.10526315789473684,,
d24e0e36-a873-4a52-9fb0-69001f4e012f,165,,1,110.15,inf,,
d266a7aa-2e9f-408e-a265-c2de633fdeb9,14,26.5,33,293.65,0.03819444444444445,26.39525861626203,-2.129032258064516
d26d4ae0-298c-46bb-bdac-fa307efa257f,262,23.5,5,480.76,0.05263157894736842,,
d274168d-6f90-41e3-81d1-efafab69288c,343,12.048780487804878,42,251.54,0.08171206225680934,11.567089563741165,-0.7
d274772f-7bc4-42a3-b75d-cdefa7f94273,176,52.333333333333336,22,221.13,0.019855595667870037,44.41433702458401,0.0
d27fd39c-59be-4a81-96ec-f4c468d75c9b,310,20.892857142857142,57,244.22,0.0475,19.53335475672185,0.6
d2859d7e-4feb-46db-823c-f572e1ab838e,412,178.4,6,198.56,0.006718924972004479,,
d289b908-868c-4c4a-ae39-6044bb2d13b7,276,64.4,6,273.48,0.018518518518518517,,
d28a9993-7591-4a8c-842b-7d66ba40a36d,177,29.04,26,283.70,0.03523035230352303,24.333584473589855,-1.125
d2a81412-620f-467c-84ca-f9d7b460bbda,347,52.125,17,292.10,0.020190023752969122,43.44632704076759,-0.7333333333333333
d2acf230-5858-4647-aa52-2de229e00e83,73,,1,21.86,inf,,
d2b7300a-9bdf-4c1c-9f14-e6338588e4c1,77,0.0,2,293.98,inf,,
d2b8ad0a-69dc-42ec-a6ec-6093285d0851,480,94.0,2,182.04,0.02127659574468085,,
d2c8f585-fdc0-4841-9b7a-f483874763ad,-14,39.5,9,290.24,0.02821316614420063,,
d2d50a43-1d42-48c8-9b67-58403da0a93b,149,10.181818181818182,34,191.09,0.09686609686609686,14.355866713330446,-1.96875
d2e7a748-8ca3-455c-8f95-a8462f8ce46a,133,146.25,5,171.38,0.008532423208191127,,
d2ec0a59-317f-4ff9-a9a8-865daf576c57,198,142.25,5,203.36,0.008771929824561403,,
d312042e-834a-45db-ac5b-4bba921b9a79,8,74.0909090909091,12,268.60,0.014652014652014652,53.83577722194516,1.2
d3147ae4-0035-4ac2-b2c6-e97baf75ffde,299,28.625,9,341.45,0.03896103896103896,,
d322e507-90b3-437e-94ef-3943daa57594,237,168.4,6,269.54,0.0071174377224199285,,
d32d8912-b061-4fa9-943f-3bd999874285,452,306.6666666666667,4,286.43,0.004347826086956522,,
d335fcdb-41d1-4d45-871f-eceb8e85fd71,228,31.11111111111111,10,263.43,0.0353356890459364,40.64924490210256,4.25
d33ec56d-940a-4fde-8f0c-b4f781c4fbc7,150,122.5,3,395.62,0.012244897959183673,,
d3591a80-342d-40fd-a336-1708edf8e1d8,383,10.5,5,266.73,0.11627906976744186,,
d360c58d-1e79-40e0-8676-0f6bd7f0439e,261,47.785714285714285,15,248.59,0.022156573116691284,44.44214661337136,-1.5384615384615385
d3873ca1-7469-4ec3-bdb9-aa91894f9b19,157,18.181818181818183,34,214.66,0.055284552845528454,19.521549863955705,-0.34375
d3a1be09-2d13-461f-ad50-d45b8d015964,298,,1,209.75,inf,,
d3a79c41-aaed-463a-83a0-197eade19ffb,176,14.0,2,163.55,0.14285714285714285,,
d3ae6a6a-cfc7-42cf-be8b-4d4b02cf090c,328,19.666666666666668,13,311.39,0.053497942386831275,19.578900207451216,-1.1818181818181819
d3cd5185-f74c-440f-937c-2de251ec420f,138,90.5,3,161.99,0.016574585635359115,,
d3d43087-a76a-44ab-a8a4-4968a944122b,79,40.44444444444444,10,207.09,0.02717391304347826,30.598656470142245,3.375
d3ebde97-afc8-4f29-992a-28ed1adda251,165,46.107142857142854,29,241.36,0.022256331542594012,52.33534269724519,-5.407407407407407
d3fe4658-7541-4bca-88d5-ce01d3f22e44,356,271.0,2,480.05,0.007380073800738007,,
d41c37f1-44a2-45f2-a121-07e15d453f40,318,59.529411764705884,18,250.24,0.01761252446183953,61.27511489897308,1.125
d427640b-e240-466e-bd0a-7325a8da379a,-8,28.209302325581394,44,246.14,0.03571428571428571,28.919064513894703,-0.47619047619047616
d42bbe69-8019-401b-bfb5-a89010a00392,76,142.0,5,216.21,0.008787346221441126,,
d44b6e10-af09-4142-8df6-2d54af7ceb18,461,84.0,3,126.72,0.01775147928994083,,
d458c0b6-d046-4e22-a8a3-4dcfb493fece,351,157.5,7,335.26,0.007391763463569166,,
d45fe88b-05ab-4fa7-b8d2-e788ea0f9b8d,456,131.0,2,216.23,0.015267175572519083,,
d469821c-94ae-4326-851b-56205228efdc,236,20.233333333333334,61,266.66,0.04907481898632341,20.591562091753286,0.05084745762711865
d469944c-bdd5-444b-adb3-d39154cf4f6e,281,,1,219.66,inf,,
d47f2db3-73a1-4399-9c0d-61e1e92b7f48,338,153.25,5,305.18,0.008143322475570033,,
d486dd1d-f9f2-4625-b106-e550b21e4408,364,14.11111111111111,19,280.85,0.07196969696969698,11.54983518542397,0.4117647058823529
d48cc79a-5a28-42fd-9d1c-7803e47ddaa2,365,39.15,21,272.39,0.02648171500630517,46.743730229726786,0.05263157894736842
d49c721f-8014-4d59-92aa-04b96e279f78,567,35.0,2,334.65,0.05714285714285714,,
d4d2db6b-a9f8-42da-b0e6-faf1280775f8,30,187.2,6,274.69,0.006396588486140725,,
d4e30b52-876d-42b0-b66e-4348fa19883a,320,49.416666666666664,13,249.25,0.021702838063439065,52.01478519409533,1.1818181818181819
d4ea1323-dc15-4587-a3ef-0a901917ab57,394,22.162790697674417,44,276.25,0.045174537987679675,18.75141928921412,-1.3095238095238095
d4efb480-5286-47a7-a703-52719e747a73,332,45.81818181818182,12,237.83,0.023575638506876228,39.763848359579534,-1.0
d513e218-dc4a-48ec-8ed9-83999cd484a5,48,27.0,2,329.52,0.07407407407407407,,
d529bbdb-8053-4f59-9031-86e5c65172ce,194,47.476190476190474,22,230.96,0.021825396825396824,49.48496645206406,0.5
d52bd94c-cbd5-4a5a-ac7e-62046f0aae6f,136,48.666666666666664,10,291.38,0.02262443438914027,57.12923944881465,11.5
d534dd7d-9a49-4201-99de-2a07f79ab010,63,22.36842105263158,20,331.37,0.045871559633027525,19.67008593529155,1.9444444444444444
d5397cc3-86bb-4505-8b21-395b2c391912,173,10.36986301369863,74,247.10,0.09343434343434344,8.436868246826393,-0.041666666666666664
d542b67c-5bfa-4dec-bf62-1ae2daf0d03c,180,128.0,2,274.05,0.015625,,
d550c63d-c9b7-4030-b300-99922aa00172,121,120.83333333333333,7,381.73,0.009615384615384616,,
d5601997-7a48-4d0b-a2dd-951a3f6011bc,102,21.607142857142858,29,251.42,0.0467741935483871,23.149016914914206,1.4074074074074074
d56223a2-9b6f-4c84-8863-375b25edadb3,26,46.56,26,229.84,0.022127659574468085,54.14723754110946,0.75
d5704cb5-1cb4-49c3-b470-15379a43d554,286,33.90909090909091,12,208.62,0.03183023872679045,32.04513861868769,-1.5
d57b3a08-0b38-4e6e-9e56-ec09819347b2,276,105.71428571428571,8,222.80,0.010752688172043012,,
d59e0d1c-f68f-49ff-81ba-dba313f14ea4,-3,301.6666666666667,4,377.77,0.004410143329658214,,
d5b18caa-afe6-453a-b5f2-10635bb83737,163,39.53846153846154,14,253.03,0.02697495183044316,32.76841819144206,-8.0
d5c44b0f-ed55-4eeb-9cd4-75954cd7e702,66,170.0,3,243.87,0.008823529411764706,,
d5c61ed2-2882-4b6a-a0ad-6dbab83e7fcb,155,24.55,41,242.87,0.040877367896311065,32.522142358549246,0.6410256410256411
d5ca254f-5d56-4a76-909c-7946b21bfe4d,76,349.5,3,194.67,0.004291845493562232,,
d5caa6df-af45-4607-9a75-b9aaa4d776c4,284,23.571428571428573,8,243.62,0.047619047619047616,,
d5d0d15a-29aa-47ce-b662-36bc157ea746,6,23.76923076923077,40,296.75,0.04219409282700422,23.149925018022866,-1.4473684210526316
d5d4bd91-f80a-4930-9b7d-6d9a9b833544,160,,1,144.33,inf,,
d5db3910-33cf-4834-af4a-af3a8d89ab4e,73,37.125,9,220.09,0.03,,
d5dc0555-afdc-412c-bd9d-37a16f77a4e5,0,23.645833333333332,49,261.30,0.04231433506044905,26.3846260710248,-0.0425531914893617
d5e0f197-bea3-4c2b-b724-8e46f81fbf8b,100,370.6666666666667,4,224.33,0.0035938903863432167,,
d5e49bf7-a33a-47eb-84cb-d530db2c59a1,162,44.333333333333336,19,233.47,0.0236318407960199,36.959437225152655,3.0588235294117645
d5f80a52-4944-4bd0-a285-6b1e7a5c1fb0,370,260.75,5,272.35,0.004789272030651341,,
d5fce0ce-4b9f-4502-a1cc-32db11af7eb4,65,68.58823529411765,18,251.62,0.015332197614991482,74.08783539111651,-7.5
d61609c0-54ec-483f-9003-a7fba0e554ba,353,178.6,6,250.68,0.006711409395973154,,
d61b94d8-a31d-4a98-aae8-c937619f31e3,464,16.0,2,241.07,0.125,,
d62977f2-1a87-43c4-9c45-6dea4a701b78,60,27.5,3,184.37,0.05454545454545454,,
d62c4158-abe9-4e41-bf6b-73f448649780,133,25.714285714285715,8,373.96,0.04371584699453552,,
d63185aa-b570-4777-9b08-6726a06036a5,428,145.0,5,224.37,0.008605851979345954,,
d636ade9-fa97-41b3-9f74-861303d3f2e3,308,45.5,21,259.85,0.022850924918389554,40.500162442819125,-3.0
d648bb26-1b87-4d70-8c2a-10f19019b32e,166,85.0,5,346.09,0.014619883040935672,,
d64cf670-c39e-41c3-afdb-46bc8835480c,181,23.555555555555557,10,220.74,0.046296296296296294,29.394349419195823,7.75
d656c25b-a847-4f1e-95f0-a1d70bd367fa,242,110.0,3,307.75,0.013574660633484163,,
d65a5822-5719-4861-911e-c85fb2fb55dc,261,25.304347826086957,24,280.89,0.04047217537942664,24.499415174112176,0.8636363636363636
d65c315c-e5bb-4ef7-ae17-48830817d4dd,297,25.23076923076923,14,233.97,0.041791044776119404,33.007963297144535,-5.916666666666667
d65c57aa-e24e-4f1a-9018-f4387a9bba81,58,,1,272.43,inf,,
d6765bcb-8897-45ae-bd38-474fb4182332,359,48.421052631578945,20,282.74,0.021505376344086023,61.23843726639674,-2.611111111111111
d677b0eb-aedb-41bd-b5c9-036969c1de39,261,56.3,21,267.67,0.018469656992084433,49.97167618814313,-1.4210526315789473
d67a180b-a991-47d4-8c68-36fb9baef138,140,20.416666666666668,13,186.72,0.052,28.484312535254567,1.0909090909090908
d6825011-590f-4f9e-84f1-552e4a08e0d8,75,18.1875,17,174.98,0.05723905723905724,16.876882611035327,-2.4
d68e2243-aaa7-421e-93a5-c9119203c2e5,265,22.666666666666668,46,267.19,0.044061302681992334,24.67792535850613,0.20454545454545456
d692b332-c804-4446-976b-38c198188280,29,25.46875,33,207.07,0.039711191335740074,20.118975756331906,-0.5161290322580645
d6bdbdde-c89c-434e-af4a-1451d1410367,248,9.083333333333334,37,218.60,0.1069364161849711,7.084691746495194,-0.11428571428571428
d6c4e474-7590-4bda-96eb-43862ffe4cbd,92,62.411764705882355,18,249.73,0.01683816651075772,56.8408510926884,-6.0
d6d0bb45-03ac-49f3-adf4-0b6d9edfc249,378,67.25,9,332.57,0.0166358595194085,,
d6de5c80-5fd6-4367-9d31-5820aeed4ac8,185,27.547619047619047,43,264.92,0.0365025466893039,30.88389143696694,0.8048780487804879
d6e2d5bd-0fc6-4973-a67d-cd481b7cb95e,226,12.8,11,213.32,0.08270676691729323,12.15456018675021,-1.6666666666666667
d6fca65c-9811-498c-a765-825b44ea5a5e,164,55.78947368421053,20,338.46,0.018709073900841908,74.97375759214273,2.7222222222222223
d7073e29-a11f-48a4-aceb-1d1dbd4ef1e3,113,34.0,3,198.60,0.043478260869565216,,
d722c499-5751-453e-b426-83056cb8d6fc,169,19.53846153846154,27,228.88,0.052123552123552123,22.2714719212373,-1.32
d73da59a-f91d-4694-a129-6c677701eef7,49,44.0,2,294.94,0.045454545454545456,,
d75364be-aa82-4a64-8da5-45a5f6d0fecb,330,19.147058823529413,35,273.46,0.05263157894736842,21.334468274177574,-0.30303030303030304
d759cc4f-2a64-44aa-b59e-fc2cbc14b825,173,26.80952380952381,43,256.23,0.037521815008726006,22.060048974182305,-0.04878048780487805
d7631af3-832a-4b28-bd0c-ffe3c2ba16b8,409,129.25,9,260.70,0.008662175168431183,,
d773f847-6658-499f-b6b3-87644f20b98f,9,55.46153846153846,14,280.59,0.01925722145804677,57.66803763006475,2.3333333333333335
d77957bf-4e2d-479b-ba25-20aacab21597,136,22.666666666666668,19,251.06,0.04578313253012048,19.07878402833891,-0.23529411764705882
d780dcec-8cf7-4ae9-8f18-3faa08a37666,53,156.16666666666666,7,178.20,0.007446808510638298,,
d786b5a7-0989-4116-9a41-52d8a736b28a,317,78.78571428571429,15,295.60,0.013513513513513514,65.52530758467246,9.76923076923077
d78dd504-675c-4d02-8cbc-35e2616c9541,169,25.644444444444446,46,307.68,0.03914893617021276,22.399427301481243,-0.38636363636363635
d795ed3d-e2d1-40bb-8d13-b30c216f4b17,44,50.4,6,205.80,0.023622047244094488,,
d7adc883-e586-4faf-9d91-f14daa9200ba,131,,1,234.58,inf,,
d7e527f1-5154-4438-9216-957ccda36315,144,19.4,31,220.16,0.051839464882943144,19.24362859180436,-1.0
d7e6addc-0a76-4c81-b65f-ec2c71ff9b6b,654,131.5,3,278.85,0.011363636363636364,,
d7f6d4df-5f72-4c93-8234-939c8b7510a4,412,43.15384615384615,14,310.64,0.02464788732394366,34.07551944785325,-0.5
d809ab0e-e374-4fc3-9076-8bcbef04cb45,281,,1,249.09,inf,,
d8186648-a39e-4818-8767-895daa4c0a51,297,11.296296296296296,109,271.63,0.08562450903377848,11.025255000979419,0.08411214953271028
d81b4608-e0b0-43d1-b1ad-feeb6cad7e44,106,57.8235294117647,18,314.53,0.018145161290322582,56.393966093587586,-10.125
d825e46d-7ba9-4ec2-87af-3b7f7f5491b3,256,120.57142857142857,8,177.45,0.009433962264150943,,
d8471b83-1ee0-46d2-befb-f1f9f36900ad,23,7.048780487804878,42,263.34,0.13592233009708737,7.506501247292892,-0.325
d84e1004-4f1a-4bac-a416-21cb88d39f6f,334,14.6875,65,253.23,0.06694129763130793,14.340391396221563,-0.07936507936507936
d85d89bb-841b-46e2-ae0e-2deb87ba70e1,122,51.23809523809524,22,198.42,0.02029520295202952,44.59697833026893,0.8
d86b53d9-d343-49ee-af55-0900027fcdd7,70,44.666666666666664,28,271.32,0.022950819672131147,37.76241517699842,-1.2307692307692308
d874f360-b809-4c6d-ac06-4dc7f13f9c68,392,135.44444444444446,10,179.75,0.008176614881439084,127.44029102986927,-21.875
d8775e52-562b-4221-bc83-b79da9e65ff0,28,23.261904761904763,43,238.55,0.04312938816449348,21.8554670548545,-0.5609756097560976
d87dd812-5a6d-4081-9aae-3fcdabc327b1,17,12.4,11,276.09,0.08461538461538462,13.874036503083337,5.111111111111111
d88d78dc-0798-457e-b756-4fb674b9446b,255,26.384615384615383,14,210.12,0.04,23.873061741701186,-2.4166666666666665
d8931cba-b0e0-46e8-be15-b3ea349d6f5d,58,61.875,9,260.57,0.018036072144288578,,
d8939bd4-6f07-450a-93a8-6cf6b32074f0,238,63.0625,17,286.65,0.016748768472906402,63.08984994962872,-8.466666666666667
d8b510ab-1115-4df8-8669-8623370c6b86,48,,1,428.80,inf,,
d8c7d644-ddf4-48a0-99ee-bc9ce2ba0a94,63,11.033333333333333,91,247.30,0.0875842155919153,11.479781934271529,0.3258426966292135
d8d563a9-93e0-439c-a70f-0edfa6c3f4da,210,63.285714285714285,8,198.73,0.017937219730941704,,
d8fe9d21-b386-4635-90f4-aa6f7f12d4bc,249,130.5,3,244.70,0.011450381679389313,,
d907be3d-a230-4c9f-a597-7f8afef227c5,7,10.653061224489797,99,241.22,0.09032846715328467,10.749348616866724,0.13402061855670103
d92ed3a9-6cd1-4cf4-b302-977c3210ab77,453,170.4,6,183.22,0.00702576112412178,,
d946bf7e-cddc-43cf-9713-88227f2bc7fe,158,152.8,6,318.64,0.007822685788787484,,
d94d2f7b-21f3-4eda-ad1f-1752ed44a4d1,244,,1,401.04,inf,,
d956e31c-88a8-4601-ba32-66d845a0bf25,171,46.714285714285715,22,218.07,0.022155085599194362,64.61280280032965,0.35
d95752d3-3c53-49c4-9d24-eae65b04499e,168,26.0,31,309.64,0.03904282115869018,26.863640341803883,-2.0
d957be7b-cf7b-4ffb-ba8f-c2be3ccd0e5a,111,28.5,13,293.38,0.03757225433526012,24.15292190116211,1.4545454545454546
d95a9a33-8b48-4eb1-8538-caa2605d3fae,347,201.5,3,360.25,0.007425742574257425,,
d9a8021c-f659-4924-b5b8-8f4dfbfcff53,142,68.0,5,261.71,0.018315018315018316,,
d9c54066-d10a-45a5-be37-a69096334809,92,19.24137931034483,30,287.67,0.05253940455341506,16.28683774536489,0.17857142857142858
d9ccca44-c037-4157-87bc-4cab6602a40b,84,44.25,13,259.94,0.024299065420560748,32.4012485730243,5.363636363636363
d9ea4276-9819-4205-b424-409e083cae7b,96,25.0,2,140.06,0.08,,
d9f807eb-8e8d-431b-b668-e5f37a4e641e,301,28.0,3,466.21,0.05357142857142857,,
da0cae8f-77e6-49fb-8540-0c62a1c1fef9,273,120.71428571428571,8,256.10,0.009433962264150943,,
da150af4-f0a4-4e0e-bb71-f5bac72d4ac8,5,7.6,26,244.84,0.12807881773399016,9.643650760992955,-0.16666666666666666
da1f399a-da17-4b81-9fa3-05cf64b6bbcc,96,56.4,11,232.11,0.01929824561403509,60.04664853262003,-17.11111111111111
da1f557d-54d0-4a9e-92dc-02d2696bd15f,388,18.833333333333332,7,261.25,0.0603448275862069,,
da2ca019-88c9-49d6-823f-111c4fb3f24d,144,13.529411764705882,52,253.19,0.07262569832402235,11.82599330487967,-0.16
da351719-719e-43e3-b748-8974db4bc3e0,279,16.866666666666667,16,365.86,0.06130268199233716,13.195598111635924,-0.7857142857142857
da3d4513-efdf-4344-a2f1-d7a3e62bbc9d,105,49.0,15,267.77,0.021645021645021644,48.54181385473448,2.6153846153846154
da467c22-3dbc-4ecc-883d-31fa19cb04a8,82,,1,430.03,inf,,
da4964cb-4ca5-47f5-930b-5a9f9ddf4c0d,326,111.55555555555556,10,302.09,0.009930486593843098,101.62936474158332,-21.875
da61da46-7c9f-4512-946e-a39eaaa13427,311,15.4375,17,211.72,0.06640625,13.549753995306828,-0.8
da6440ec-8a19-41f4-bfce-e65260c3ff18,214,,1,243.70,inf,,
da6927b1-9423-459b-bde7-f525f4636150,258,16.59259259259259,28,209.51,0.06073752711496746,13.829342437394205,-0.38461538461538464
da6e1690-4cda-4e55-a371-1a782c8cc5ee,184,21.416666666666668,13,219.55,0.049429657794676805,10.78263193822137,-1.5454545454545454
da7406a0-c900-4e76-a3fc-7fa604005901,318,160.66666666666666,4,211.18,0.008281573498964804,,
da84a24a-d282-4537-867a-d82e9a7bfae7,258,53.666666666666664,22,329.40,0.019332161687170474,37.82767946006381,-2.2
da8753af-6859-42ab-ae62-6bae88e3b8a2,11,7.1875,17,263.50,0.13934426229508196,8.29633453198861,1.1333333333333333
da916a05-cbe1-442e-9596-7950488075d3,69,126.16666666666667,7,251.87,0.009210526315789473,,
da999c38-7406-45e5-be32-03f5edf6dadb,353,223.0,2,257.22,0.008968609865470852,,
da9b5474-2979-4fdf-b1ef-08113d2f1f28,271,,1,398.20,inf,,
daac6e80-9602-445e-91da-699ff9527056,122,51.0,3,316.14,0.02912621359223301,,
dab8a16f-e88c-41bc-a424-db643216e71f,168,62.81818181818182,12,301.82,0.017266187050359712,44.93733009830064,-0.2
dac4853b-5e52-4b6a-abb8-8666f7ac6528,62,22.333333333333332,16,179.38,0.0469208211143695,18.160658683250556,-0.42857142857142855
dae4df25-6e40-49c7-80d1-b7893acbcb5c,83,6.5,3,157.88,0.21428571428571427,,
daf82e1e-0bd3-41ac-8be8-7ebb02134657,310,149.66666666666666,7,245.37,0.0077777777777777776,,
db045267-f897-48b1-8de5-cd860ecb77d9,47,22.357142857142858,15,254.08,0.04716981132075472,25.758067124262684,-3.3846153846153846
db0a46fc-50db-4acc-89b8-64ac8046b6ae,457,130.66666666666666,4,236.37,0.010178117048346057,,
db22afdf-fe1f-4f69-a412-79749231fa67,130,52.6,6,210.39,0.022641509433962263,,
db22bf21-6557-4e46-bbef-85c32936a71f,24,25.25,5,230.53,0.04854368932038835,,
db2bced6-4c81-4402-96a3-82b7b5ba6c5b,348,132.85714285714286,8,344.40,0.00857449088960343,,
db2cadf0-20c9-47ef-88cc-d3cd067c2ae9,211,169.0,5,198.75,0.0073964497041420114,,
db388d04-9cf2-4093-90d5-768d40b47de1,434,134.4,6,190.91,0.008915304606240713,,
db3df0bc-9094-4401-90dd-a8892ad16977,78,18.35,21,330.37,0.05555555555555555,17.088854477946175,-1.1578947368421053
db423e8e-ab2a-433c-8afa-70dbb812d491,161,149.83333333333334,7,278.90,0.00776914539400666,,
db46281d-4c96-48dc-b70d-c8477389b1a1,248,39.81818181818182,12,269.26,0.027149321266968326,47.32614115225999,-0.1
db478d89-f9c6-4b35-ac4b-1e4fb8d7944e,387,17.166666666666668,13,213.40,0.061611374407582936,11.09326850214156,-1.8181818181818181
db61b006-201a-4881-86f1-e7680455f239,207,20.529411764705884,35,297.18,0.04895104895104895,24.338814609861153,-0.5454545454545454
db641d07-bb55-4703-b4f2-5df11dfdab7b,261,167.0,7,211.03,0.0069721115537848604,,
db7ac633-486b-46f3-b690-451c0975a8ee,317,202.66666666666666,4,180.01,0.006568144499178982,,
db807a86-8e4f-416f-9d75-fd80c9e3fbbd,284,177.0,2,142.13,0.011299435028248588,,
db98f08a-d53f-4496-98b7-17108713933a,329,32.0,2,369.44,0.0625,,
db9be682-e4ea-493f-9691-30f91c867fa5,188,7.333333333333333,4,381.91,0.16666666666666666,,
dbb6ca26-3d28-41ce-87d9-00f052a0bc4d,278,47.95,21,256.81,0.021671826625386997,37.662594873847695,-0.15789473684210525
dbbbd2a9-7dd1-4122-a6e1-fc7eada3f4c3,110,19.77777777777778,10,235.35,0.054945054945054944,26.09970199915019,-7.25
dbbe3e55-a16d-4e47-81fb-1ebcedd308a8,168,45.0,9,245.29,0.024657534246575342,,
dbbe8a9b-70ab-43ca-981a-9cfaa877164a,150,52.333333333333336,4,218.87,0.02531645569620253,,
dbcc887d-94f5-4ca6-8057-f1ab423ab4e1,280,52.91304347826087,24,227.66,0.019559902200488997,63.57022819719524,-2.4545454545454546
dc0fdb5e-3b4a-456c-9645-4540d4efaae6,377,172.2,6,303.56,0.006952491309385863,,
dc15a6a8-7a06-4142-8b74-fcf853410c0d,122,142.5,5,284.97,0.008756567425569177,,
dc22ea9f-6da3-433e-bf5e-59db8832c97c,21,50.31578947368421,20,345.16,0.02074688796680498,45.67646200491616,-3.6666666666666665
dc3fb722-c78d-458c-a4ff-4e55d1f24090,335,178.75,5,347.69,0.006983240223463687,,
dc48a4ef-867d-4ed2-ac18-9352b33077c2,323,,1,205.43,inf,,
dc5f36f5-1b2a-4eab-8db5-e8ef8b2e8ff4,180,58.526315789473685,20,291.13,0.017857142857142856,77.4549104827753,1.2777777777777777
dc61d132-8848-44b2-94c7-640d087b4467,135,16.42105263157895,20,229.58,0.062111801242236024,19.20160811978947,-3.2222222222222223
dc7039fd-404f-4d23-8f5b-bd88bddaca78,63,42.523809523809526,22,262.67,0.024363233665559248,51.19337754790072,0.9
dc78478f-0245-46e1-a28a-1846312afa8a,184,39.266666666666666,16,220.71,0.02680067001675042,27.014458210020656,3.4285714285714284
dc7d9b1f-73aa-49b3-b012-a6092115f666,292,45.22222222222222,10,396.38,0.024271844660194174,42.62856371547656,-7.125
dc88a852-8fce-4cc6-8eb7-df00c4bb6d87,306,45.23076923076923,14,336.66,0.023608768971332208,42.08157523618828,-0.9166666666666666
dc8fc844-b458-4baf-97a6-2a025b05772c,182,262.3333333333333,4,364.72,0.005076142131979695,,
dc923a13-7184-42c2-a07e-09c412336248,22,70.33333333333333,13,213.80,0.015312131919905771,78.12150598247385,-12.181818181818182
dcae32ca-b6b9-4ec2-806b-9c375daedc06,294,38.25,5,317.10,0.03225806451612903,,
dcb3cff1-c773-4b9f-a955-9303233939dc,87,129.25,9,247.74,0.008678881388621022,,
dcc0b681-d214-4602-a1df-51bb27287d59,386,74.0,2,138.09,0.02702702702702703,,
dccd51ce-78b2-41d3-840c-241868a5783e,232,33.5,7,285.10,0.034482758620689655,,
dd1c2710-9555-47f6-a0d9-4948716e849f,-22,40.5,7,277.66,0.028455284552845527,,
dd430381-edc5-4d4e-9c16-e5c5b4a68643,416,,1,176.85,inf,,
dd554753-022c-4f36-b2bb-c53d86e51eab,433,82.0,2,224.19,0.024390243902439025,,
dd595507-676c-4a1f-a312-fd5fe8203217,71,26.682926829268293,42,288.86,0.03773584905660377,26.203472121448186,-0.1
dd68bb62-0004-463b-80bb-cf4c4a20371b,257,53.1,21,209.19,0.0196078431372549,37.209082083191525,-1.5263157894736843
dd6a6c73-5a03-4a12-b124-69ea8f02a51a,363,51.42857142857143,15,233.70,0.02066115702479339,52.072012689106856,3.1538461538461537
dd787d02-449c-4bf6-9e14-94f0ca8bc5d4,160,146.25,5,297.43,0.008517887563884156,,
dd82d512-c11e-41fe-ba0d-1f0f8ef978f8,350,32.63636363636363,12,256.90,0.03296703296703297,25.605752194664102,0.1
dd852869-e6c5-4e69-8a5b-b4c300ba49cf,72,27.44736842105263,39,288.64,0.036688617121354655,27.396682940291655,-0.7837837837837838
dd89505a-cf47-4112-bbf7-90a4cfd8447c,164,51.22727272727273,23,259.90,0.020210896309314587,60.86904899488019,-1.5714285714285714
dd8af0aa-b202-41b7-855f-9181c5f161fe,9,57.583333333333336,13,233.23,0.01862464183381089,70.55424519581734,0.6363636363636364
ddae6a49-cbdf-4860-920e-1c3db096ca2c,205,183.33333333333334,7,274.70,0.006357856494096276,,
ddaecc44-a26a-4cb8-a928-f634a632f0ac,343,178.66666666666666,7,101.54,0.006517690875232775,,
ddb327e2-8e1f-4eec-b965-d55168deca38,211,,1,367.11,inf,,
ddb84d71-8018-49d7-a0c3-064b8d92b4e9,366,8.474576271186441,60,317.48,0.11406844106463879,8.885004671186923,-0.08620689655172414
ddbe68bb-32fd-44ca-946b-c8ddb92026bb,251,327.0,2,235.65,0.0061162079510703364,,
ddc1bda9-13b1-4a6a-bfa6-e3ad3e22cbda,131,52.526315789473685,20,240.27,0.0199203187250996,57.09871415272621,-0.2777777777777778
ddc8523a-0d7e-4886-868b-67a68067453d,363,51.35,21,232.52,0.020289855072463767,46.59034799522096,-4.473684210526316
dde89b5f-8be0-4d6d-9d64-72f0d73e53b0,192,,1,255.82,inf,,
ddf28682-0c3e-490e-b142-331da4a4232b,376,22.70731707317073,42,286.18,0.04416403785488959,19.856036742561475,0.375
ddf9f39d-916e-483e-8504-666d4c608e18,89,46.916666666666664,25,292.41,0.022026431718061675,43.60685692657169,-1.1304347826086956
de0345c5-f9f3-46cf-abf8-4dc5c4456524,162,,1,445.12,inf,,
de0356fb-3229-4a49-890e-6aa50e96c0dd,22,10.297297297297296,112,273.73,0.09333333333333334,10.683542649237824,-0.00909090909090909
de083974-e487-449d-8508-160a94a638b1,137,38.4,11,237.54,0.028132992327365727,33.526772055246305,2.7777777777777777
de0eee06-5e28-431c-867f-47eb5905f6e5,79,,1,416.54,inf,,
de2f5f74-0062-4d48-a790-108961a04406,219,24.0,2,268.06,0.08333333333333333,,
de361d0e-1f02-4efc-a23c-de50a61917c1,162,127.0,3,300.94,0.011811023622047244,,
de3d3fc4-31d4-49a8-a3c9-5e840d6e6f37,368,22.666666666666668,40,266.63,0.04424778761061947,20.748282533023676,-1.5
de4acfd5-61d9-46d0-9d6f-a00732926e37,378,139.0,4,237.97,0.009569377990430622,,
de4c8ba0-d68c-4d0c-bb47-4d005e043495,208,,1,558.03,inf,,
de50ae44-2907-40be-85c3-119962164f87,392,62.92857142857143,15,296.85,0.016891891891891893,52.84442228876163,0.46153846153846156
de5d78e8-5911-4e63-a553-0b9a6176a128,66,164.0,2,285.95,0.012195121951219513,,
de60ee5b-e894-496d-bad9-4468bad05809,23,12.44578313253012,84,274.15,0.0782851817334576,15.984941856244484,-0.2804878048780488
de631ffa-b413-4caf-8d39-f60d90d9fa74,229,26.166666666666668,19,250.54,0.03958333333333333,24.47868220213133,-1.2352941176470589
de7611ab-f420-4bc1-8128-ad45cc0ddb4e,269,43.18181818181818,12,198.71,0.025,37.49084736790616,-6.1
de7f9ea2-70fc-4b78-86c3-cd85bf1ea8ff,410,151.625,9,311.84,0.007401315789473684,,
dea509ff-8edb-446b-bc46-6fd3df0ced25,269,182.33333333333334,4,345.45,0.0072992700729927005,,
deb1dce8-c93c-4370-990f-bb82f23b15a4,303,21.764705882352942,18,221.10,0.047493403693931395,27.978852307959098,0.8125
deb651cd-4ccc-4cf9-80ee-a188e648ab70,313,51.714285714285715,15,292.02,0.02054794520547945,34.31624098884369,-1.3076923076923077
ded586e6-aed1-4056-a1c1-f3ebb136a1df,270,7.555555555555555,10,219.54,0.1388888888888889,8.973727083981203,-0.125
ded8b8af-8e79-440c-823f-6630f356b044,81,52.857142857142854,22,252.24,0.019642857142857142,44.50874713389011,1.5
dedbd427-b4ca-4cf7-a17f-c16b6a0264ba,92,54.63636363636363,23,301.69,0.018945634266886325,48.57938564820175,-4.666666666666667
deedc9f0-099d-4013-9899-1eacda83f60a,405,39.23076923076923,14,314.24,0.027079303675048357,35.32504740773852,-5.666666666666667
def4a253-3f98-43ec-9476-4401a1cdbdf2,141,20.318181818181817,23,219.41,0.05,20.015199851818245,0.6190476190476191
def4f8eb-d2a7-41b6-a5a8-99a6d5c691d5,312,34.5,11,197.95,0.03142857142857143,27.354666471696888,-8.444444444444445
deffc8e4-a781-4f54-850f-1bf41a192d75,46,153.5,5,193.92,0.008130081300813009,,
df0372c0-051b-47c7-a765-781ab26f2e30,226,35.0,12,239.00,0.03076923076923077,32.5330601081423,-5.6
df190946-d621-47e3-9299-26fd0bcfea0c,285,16.5,3,271.97,0.08823529411764706,,
df22cc64-dc66-4ef1-88f1-3f81226af262,243,224.4,6,232.87,0.005338078291814947,,
df514c77-16ef-4e55-b127-9c9a62aa5fc4,174,11.9,11,206.77,0.08943089430894309,12.56494241044414,-0.2222222222222222
df7201e4-44ba-4e4e-8e65-4721d99f5378,328,255.5,3,179.80,0.005870841487279843,,
df74362f-f3a1-44e0-8f0d-04691f65595b,25,22.4468085106383,48,225.68,0.0446927374301676,26.228766576312896,0.0
df8aaa72-6627-4685-8972-38bf308dae2e,95,22.166666666666668,37,322.26,0.04551045510455105,39.437835350623104,0.2
df91a87d-8e7f-4105-bc1c-39fb4c1fcaee,226,50.166666666666664,19,291.81,0.020879120879120878,46.0079916331679,2.0588235294117645
df94b693-2abe-4fb5-a714-7a090f21f142,47,98.0,2,129.36,0.02040816326530612,,
dfab3177-655b-4bb6-a542-e4a8b4922c0f,415,30.7,11,308.82,0.035256410256410256,29.33352272666131,-1.7777777777777777
dfb54e57-f22a-448d-a5b2-71588adc4789,205,147.625,9,302.86,0.007601351351351352,,
dfbc779c-ff47-4b8c-9e8a-946e7c937c06,265,177.33333333333334,7,174.50,0.006566604127579738,,
dfdd390c-1bd3-4f5f-b035-faa8f9a91127,358,137.125,9,262.78,0.008181818181818182,,
dfe0ad45-a972-4cd6-a44f-bf75ce0b9d1f,218,46.30769230769231,27,246.08,0.022203947368421052,56.08120485921766,-0.16
dfee2bd9-7796-4ce9-9750-6d93dbaeee25,572,130.85714285714286,8,223.29,0.008705114254624592,,
dff26212-7564-4414-9e04-01e35b4a2257,165,,1,143.55,inf,,
dff9456e-a4ec-4570-a2f4-d71a78b4a89b,10,41.642857142857146,15,315.74,0.025466893039049237,39.122307511890774,0.6153846153846154
e00f94e0-9f6f-4b05-a428-a0bc5967764a,293,204.0,4,319.76,0.0065252854812398045,,
e0307c34-c330-4ffa-a1e1-9a93206c80b1,211,,1,138.49,inf,,
e0313836-bc97-4303-9a5b-1db6019ff4f9,148,60.38461538461539,14,167.60,0.017721518987341773,57.35494524092708,-9.916666666666666
e0359756-9a03-4c39-99de-5b69c7b9cb33,357,181.0,7,228.82,0.006427915518824609,,
e03a7438-32a2-4f93-a6af-ebb910450b6a,173,25.545454545454547,23,246.74,0.04013961605584642,18.001923899107673,-2.0
e03b5269-b725-41f3-bea2-81718c6f29bf,386,55.833333333333336,13,218.42,0.019202363367799114,56.547378901290024,-11.636363636363637
e04fad51-193a-4c95-b8ab-a00d7c052df4,95,46.0,2,129.07,0.043478260869565216,,
e05d8c46-28a5-4ee3-a9c0-ceb718a38de0,322,12.494117647058824,86,288.91,0.0775473399458972,12.992326974952935,-0.2619047619047619
e07323a8-dd44-4692-a6ec-4afaece28455,217,20.115384615384617,27,321.67,0.05027932960893855,22.8356334233617,-3.84
e07ba4b3-9a7b-4400-b54f-8f6672390811,65,118.0,6,181.13,0.010135135135135136,,
e08b3207-c172-4140-851e-6c2d1b11ccd3,174,34.6,6,239.59,0.03428571428571429,,
e08bec54-f8ba-4014-a96c-bad9126c8e05,116,21.5,19,313.13,0.04810126582278481,22.292837150871893,-1.0
e08eb62c-a119-4d9c-bdac-1407213a8f97,140,37.72727272727273,12,330.27,0.028639618138424822,33.10012359218892,-2.9
e08fdaa6-d816-403b-99ec-7e617ed12590,70,57.9,21,207.37,0.018010291595197257,51.04270657730488,-1.0
e0a2a238-bdba-4651-8122-424bfde8307b,363,54.416666666666664,13,236.26,0.019756838905775075,58.20880647732911,-3.909090909090909
e0a4eb6e-e77e-428f-b140-ab606195b41f,299,37.714285714285715,8,270.49,0.0299625468164794,,
e0b34342-9464-4de2-9aef-305057e630e5,280,,1,345.18,inf,,
e0bcd8ca-2bb6-4e9a-bb5d-3ae528cf52fd,423,92.0,7,305.97,0.012612612612612612,,
e0e2c765-f6e1-4047-8d59-88e0a7c00895,306,,1,344.45,inf,,
e0e438a1-0e59-4ccf-b960-23716a119707,23,54.45454545454545,12,342.26,0.019867549668874173,42.561399498521276,-4.0
e11814a5-fe41-459b-a5c6-f706052d70c5,69,31.5,9,338.18,0.03515625,,
e11f2eae-0f08-4dfb-9e77-33af7ac13333,375,47.857142857142854,15,287.69,0.022222222222222223,46.857980426714185,1.8461538461538463
e12e8e3f-279f-440d-90fa-ebc52f1a2b3c,345,121.8,6,270.94,0.009836065573770493,,
e14bf445-9abe-4973-add6-cc0c4d132378,381,149.57142857142858,8,332.64,0.007619047619047619,,
e158f60e-25bb-413b-adf1-ced69845dab9,289,31.666666666666668,10,173.43,0.03460207612456748,24.66779276708802,0.25
e1892bb4-da4f-40ff-992d-b0ed16c9222d,78,26.0,3,200.92,0.057692307692307696,,
e18a7aab-1867-4697-8b23-ae51a760a5b3,283,20.958333333333332,25,289.43,0.04844961240310078,34.03767626905664,-3.5652173913043477
e19a2e43-ffbc-4094-a2e9-34fc72aa1aeb,371,187.5,5,234.69,0.006648936170212766,,
e19d892e-3312-4be3-8279-9a2403ed87ec,385,22.857142857142858,22,304.74,0.044989775051124746,20.5798098005927,-1.3
e1a3586f-945f-472c-94d3-cdbc186648bd,91,24.41860465116279,44,294.77,0.040968342644320296,23.986337934967356,-0.11904761904761904
e1a79ac7-5c89-43bf-afaa-bc6e3dc25777,337,47.65,21,286.69,0.021806853582554516,58.297129115916974,-5.578947368421052
e1af12cb-bb94-4581-8737-28f2a0830c30,109,,1,150.43,inf,,
e1afb438-cfb6-43ba-a98f-ca1ec5b45b8a,326,15.666666666666666,4,448.36,0.08333333333333333,,
e1b4c3fd-b25d-4928-a001-82c2dcb09040,383,282.0,3,193.44,0.005309734513274336,,
e1bfbec5-3788-4bb8-af75-d0cab7bb852f,24,72.76923076923077,14,252.38,0.014675052410901468,50.907029387164606,-8.083333333333334
e1c647d1-0e68-46a3-8a7f-5c16f35745f9,238,108.66666666666667,7,263.11,0.010687022900763359,,
e1c813da-ccec-493d-9170-82acce4fcdcc,116,108.25,5,264.94,0.01152073732718894,,
e1c8de7a-7725-497c-8256-7ae4ce23f667,358,15.6,11,260.39,0.06832298136645963,13.525284963110142,-4.666666666666667
e1d079e1-1e19-42f3-bce0-34e22928462c,136,25.5,3,280.68,0.058823529411764705,,
e1e12992-d6e5-40d4-b00d-dd9678822a31,369,38.8125,17,305.75,0.02711323763955343,35.01469929424879,1.0666666666666667
e1ee9e8e-4353-4091-9c9e-356d94e611a3,258,54.8,6,360.97,0.021739130434782608,,
e1f2227b-c47a-4d55-bcf3-6e81fa3c5619,282,65.0,8,214.73,0.017429193899782137,,
e1f8e19b-f878-43cf-a171-b9bb2a070315,468,66.66666666666667,4,207.31,0.01990049751243781,,
e2009393-09af-41a8-8702-e5187daab1e9,304,189.75,5,342.27,0.006578947368421052,,
e20b3fce-f2f6-40ad-bfe5-4aaf5e110987,182,314.0,2,132.41,0.006369426751592357,,
e2117503-cf5d-4b3a-8180-a7aa69830738,332,19.703703703703702,28,287.01,0.051470588235294115,18.633746918334065,0.34615384615384615
e2123cc1-4b94-4cd7-9139-e20bf53b91ea,298,22.242424242424242,34,338.12,0.04539385847797063,25.01253473639555,0.25
e21fc05b-95fe-444b-b8e2-49e1b887ae4c,198,59.5,11,254.81,0.01839464882943144,59.75737983248968,5.666666666666667
e2260db5-57f0-40ee-8841-3a5896316eec,269,21.46511627906977,44,253.90,0.04680851063829787,19.813834557377067,-0.5714285714285714
e23a0be4-0c1c-4810-bdc6-cbdf60fe2543,34,42.89473684210526,20,278.65,0.024271844660194174,51.241145291262114,0.8888888888888888
e245ab0f-0c33-41b1-bfb7-8d9d88cb9a6a,-11,102.33333333333333,4,148.12,0.012944983818770227,,
e252d5ae-8ecb-45fc-b87e-89c27c7e3d8f,348,44.55555555555556,10,277.79,0.024691358024691357,26.02936376052588,-8.75
e25fc09d-87ca-4602-a859-73da66246197,357,100.28571428571429,8,258.97,0.011347517730496455,,
e2609c19-3083-4bdf-adb1-005be637ef8c,377,150.6,6,252.78,0.007936507936507936,,
e268b56c-ac74-4704-b75b-61b79d329f14,330,59.06666666666667,16,194.43,0.017897091722595078,44.81783233533384,-3.5714285714285716
e26c5e91-f1cd-4140-95cb-c397064ac10f,197,18.677419354838708,32,250.66,0.053691275167785234,23.33864762830699,-0.16666666666666666
e27d551c-df69-4895-9a45-5c023d0a5007,97,60.46153846153846,14,279.22,0.017699115044247787,54.414482423670066,7.75
e297ad2d-da94-497a-8e2f-e20cd710da34,71,24.714285714285715,8,233.98,0.045454545454545456,,
e2a97ee1-9732-4a68-a1dc-88e33cb36fcf,262,12.733333333333333,16,240.48,0.08121827411167512,16.09554803871762,-0.6428571428571429
e2aafae6-00a5-4751-90a9-520a63386b8d,400,23.414634146341463,42,271.31,0.04290091930541369,25.04593341218899,0.4
e2bb28c2-cdc7-4e54-9bb3-652d13c32e84,71,68.11111111111111,10,250.24,0.01620745542949757,82.73669748733697,4.5
e2c19746-6e1c-48cc-b67f-ad70d3d7a482,260,18.8,11,214.38,0.057291666666666664,14.665151436881473,-0.8888888888888888
e2dc2ba2-18b6-4423-aa0e-a8972d670c1c,83,25.756756756756758,38,276.63,0.03909465020576132,28.743506904850513,0.6944444444444444
e2dcfe28-a2e7-4d43-9df8-103da6317ac5,326,24.772727272727273,45,253.29,0.040467625899280574,24.783587626589096,-0.18604651162790697
e2e1dcd6-4615-4131-9ae0-ac97016117cb,218,35.333333333333336,13,282.96,0.030303030303030304,44.08119230637387,-11.272727272727273
e30393f9-703a-4c2c-a5f1-73e692d6dfda,176,32.0,10,346.75,0.03436426116838488,19.56399754651385,2.0
e30f2352-f1ec-42ed-8aae-1525b6bd4113,223,356.0,2,257.96,0.0056179775280898875,,
e3171f3f-1e1a-42dd-8d06-ee37806247b7,258,33.1,11,277.23,0.03254437869822485,28.807599306047315,-2.2222222222222223
e32019c5-46c9-4b3e-b95d-592fa67ea00e,85,17.736842105263158,20,258.48,0.05813953488372093,14.700121334582992,-2.1666666666666665
e32704c0-6f76-4316-a8e4-3156f3f98a66,163,71.0,2,162.65,0.028169014084507043,,
e32f4956-7c68-485e-bea5-dace7593952f,378,161.14285714285714,8,260.14,0.007073386383731211,,
e33f8fbb-719f-460e-8b73-554bb0af1c78,240,155.0,6,198.30,0.007722007722007722,,
e35caf38-e315-495f-9ad5-90fc88dc62b0,234,28.75,5,223.78,0.042735042735042736,,
e397f167-7351-4cbc-ba15-806627bd98f5,128,57.4375,17,247.34,0.018378378378378378,42.68328127030536,-4.6
e3c22865-b27a-4cfe-988f-69b19432338b,264,36.0,7,309.65,0.0319634703196347,,
e3c456e8-22f2-4362-b2e8-335ddc863dd7,84,19.93548387096774,32,291.69,0.050473186119873815,16.651197121870783,-0.7333333333333333
e3cf6066-bff2-4c4d-9534-2905243a59f1,466,100.42857142857143,8,265.76,0.0113314447592068,,
e3d9b748-a8ba-46ad-aeaf-56ceaed6e5d0,139,148.0,4,318.68,0.009009009009009009,,
e3df6ad2-04ff-4413-bb55-19cc81badab7,396,,1,364.25,inf,,
e3eb8f97-b6eb-4b5b-8c09-8d995925d263,235,144.0,8,198.02,0.007920792079207921,,
e3ef8c7e-0d76-4a92-8444-fe38bbfb602c,302,52.57142857142857,15,277.26,0.020242914979757085,60.785517361285336,2.3076923076923075
e4141c45-c812-4fd2-a429-fc0c1faab545,202,140.33333333333334,7,355.40,0.008284023668639054,,
e4180325-eba5-435a-9ae1-ce2a5b26b351,156,63.0,10,306.29,0.017543859649122806,55.5517776493246,-4.125
e421e192-ad99-47a7-9d97-70916513c2cd,296,208.25,5,270.20,0.005988023952095809,,
e426f2ee-af64-459c-98ba-d7a4e9c32b75,125,59.0,2,176.45,0.03389830508474576,,
e4281f10-1c45-41c1-811b-58f6c5776286,266,16.642857142857142,15,286.05,0.06302521008403361,12.444381758956021,0.9230769230769231
e42cce4e-7fd9-4009-a2c1-e17ad76eca92,404,129.44444444444446,10,296.98,0.00855431993156544,133.98704332053072,-8.25
e42e6f00-87d3-4c3a-bb9c-c282fdddaca5,328,112.44444444444444,10,286.59,0.00983284169124877,83.18219627887795,5.375
e432d33a-2db0-4208-ab7c-71bb75cb89ac,71,62.57142857142857,15,280.34,0.01698754246885617,48.73115302068354,1.6923076923076923
e45c91a9-91a2-49f0-8aba-484056a594c6,69,32.0,35,272.50,0.03170289855072464,31.66299819261364,0.24242424242424243
e4670e44-9152-464a-bc5b-24d3e76f5878,76,18.0,18,270.02,0.05714285714285714,17.414074767267998,-3.0625
e47d2295-6045-46f3-bed3-5eddd83cc56d,285,32.857142857142854,8,208.14,0.034482758620689655,,
e4827ec9-2c94-47a9-a67e-1b772fe6dff1,11,27.916666666666668,13,208.28,0.03823529411764706,20.71652100195017,2.6363636363636362
e487bf04-6ba8-401b-b681-06db1b9f382c,327,95.16666666666667,7,190.39,0.012216404886561954,,
e49f9dd6-2332-4e6f-84e2-2755061bc3d2,300,21.035714285714285,29,332.17,0.04785478547854786,15.140042915094376,0.9629629629629629
e4adc254-55b0-47f4-96bf-931d399e1deb,89,221.0,2,264.14,0.00904977375565611,,
e4bbd951-a7bd-4967-a33a-8f7247e79ccd,149,41.357142857142854,15,266.98,0.02555366269165247,32.17406299599617,1.0
e4c228b8-9af4-45ba-b82b-90439f786d55,196,29.6,11,191.72,0.036544850498338874,27.6051524981197,-5.333333333333333
e4c80802-d6fa-4bed-a638-155cd0db7f07,67,16.75,5,237.53,0.07246376811594203,,
e4e87a95-1f94-4e69-b630-82a11bbc90de,305,104.0,2,174.19,0.019230769230769232,,
e4fb5856-a493-4ca5-9f00-39480cf29dfb,402,24.0,2,210.38,0.08333333333333333,,
e555a43c-fd95-4133-ab87-b2df9d04d524,397,50.857142857142854,22,231.07,0.020389249304911955,43.3673675870299,-3.2
e5576371-9a21-4324-87ad-47f511ffdf64,130,16.5,5,296.61,0.07352941176470588,,
e5651fc7-e62e-4d5a-897c-aee31f06071a,202,119.5,9,276.45,0.009375,,
e59bbf18-fb73-4be6-a17d-7bc95e2364cf,414,54.666666666666664,7,201.88,0.021148036253776436,,
e59f83f4-59e1-4e3e-8eb9-f8fa65183626,300,149.0,3,347.19,0.010067114093959731,,
e5a3cb1f-35fb-4045-84de-743f972f4846,73,65.9,11,256.92,0.016516516516516516,56.63224444705605,8.222222222222221
e5b60457-7f59-4065-bd34-5a2088184110,227,31.125,9,185.94,0.03571428571428571,,
e5d4c7d8-c0e0-4ce7-94f2-aa69f1e1342e,247,37.714285714285715,15,258.67,0.027985074626865673,35.10956164182798,-5.846153846153846
e5d6bf92-6f51-4328-91e9-01b15aa4c5bb,285,124.0,5,205.61,0.01006036217303823,,
e5e07920-0ea5-4b0d-b264-b4ee1af70bb4,24,,1,287.10,inf,,
e5f277ad-3981-4e64-8fed-bff862b7fea3,254,149.2,6,224.03,0.008021390374331552,,
e5fa7f26-adb9-4299-b803-e6152da1ecfe,361,53.69230769230769,14,257.70,0.019858156028368795,44.60639829924368,-6.083333333333333
e6100db3-c4d3-4d3b-9f63-3cb5e91fa7f7,-23,10.901785714285714,113,282.62,0.08855799373040753,11.224137296191545,-0.21621621621621623
e620cdbc-a757-4fe0-8f56-0c2266de53ef,320,21.85185185185185,28,265.67,0.04628099173553719,18.799966660575397,0.2692307692307692
e6226f7d-3305-4905-928d-575d8ff4440c,-12,11.364583333333334,97,262.67,0.08508771929824561,10.527277642458353,-0.18947368421052632
e622aade-cf80-4309-a945-a9a71ac61d7b,332,20.272727272727273,45,266.12,0.049342105263157895,20.33940343087501,-0.3488372093023256
e629c7b6-80ca-44a9-b2d0-b06ba5aa9e77,252,114.0,2,93.78,0.017543859649122806,,
e650d0bd-4c9f-4d84-920f-c11ef8c50e8d,142,26.933333333333334,31,220.90,0.03766707168894289,28.085992745597352,-0.1724137931034483
e652ff5a-654d-42cb-b452-eb2e0ebd2d78,360,63.25,17,248.36,0.016683022571148183,51.48397809027581,-3.1333333333333333
e65fa9e6-7251-498f-8fbc-d05064f4f4a9,146,34.583333333333336,13,232.29,0.030805687203791468,34.634345363928546,-1.6363636363636365
e6652709-81bc-41ce-9fcd-34e83c45164c,470,109.0,7,145.89,0.0106544901065449,,
e668a828-3ee4-4f91-83d5-849f1bf38c47,344,24.0,3,113.23,0.061224489795918366,,
e66cef33-f81d-4a96-aa85-cce286e61d11,150,56.84615384615385,14,221.37,0.01876675603217158,52.07662008016994,-1.6666666666666667
e67dca63-a3fe-47df-9a3b-b05aedb5639e,358,,1,482.07,inf,,
e68a9b15-83be-41d1-9a0d-e8a99b782e8f,51,7.4,6,365.73,0.15,,
e6980838-edf2-419f-8d34-da88a246f9d1,326,21.387096774193548,32,299.27,0.047128129602356406,20.19187529569726,-0.3
e69f8a4c-79e7-420c-9963-d39b23342e15,281,370.0,2,242.11,0.005405405405405406,,
e6a155c9-3475-420e-a61f-5e54a82b680f,116,43.23529411764706,18,176.84,0.024226110363391656,39.243676897948646,-0.375
e6a34e49-1911-48c5-bea8-b4da9059e169,338,,1,42.05,inf,,
e6b8c719-191e-46f1-b7cc-4130ef541991,171,181.25,5,340.06,0.006868131868131868,,
e6bfd403-dc05-44c4-a8f3-fa18411a7ffa,22,17.48076923076923,53,226.12,0.05650319829424307,19.6373896917713,-0.5294117647058824
e6e3748f-9375-4e27-a362-63fa4ea027f5,179,6.935483870967742,32,222.39,0.1391304347826087,8.586561142743031,0.3333333333333333
e6e39e71-6966-4993-a932-08ce9c0a3bd7,344,26.22222222222222,10,265.31,0.041666666666666664,17.398116117684825,-5.75
e6ffa528-c92a-41aa-a3d8-275d3f14fcd5,111,48.1764705882353,18,279.12,0.02176541717049577,41.697175105331844,0.1875
e7023683-0ebe-4951-ad6f-473534182c37,138,56.1,21,209.93,0.018551236749116608,49.77306394764986,8.894736842105264
e702b310-60f9-42e0-ac86-a5ba9807d997,254,65.8,6,314.03,0.01812688821752266,,
e70d8548-7994-4a50-a856-cee6325a3f16,310,161.66666666666666,7,250.39,0.007194244604316547,,
e7166cba-2165-4bae-9199-f8fa1ef54ce4,74,8.925,41,239.61,0.10904255319148937,11.979442861921887,-0.05128205128205128
e72ebfd1-5aea-4c5d-b957-9f04d449f079,246,48.958333333333336,25,247.85,0.021079258010118045,61.02278916193071,-0.9130434782608695
e73ea0fe-db5a-45eb-956d-a718a8a9de75,201,24.069767441860463,44,282.05,0.041666666666666664,23.59620162011272,0.30952380952380953
e77da5ef-317a-46b4-87a4-946b9ff32a58,152,358.0,3,317.43,0.004189944134078212,,
e784d2ce-a909-4f9e-906e-590f1fc238ce,58,278.0,5,175.79,0.004488330341113106,,
e79b20ad-9cab-409f-87e0-1873de75b4ac,128,8.6,46,256.51,0.11330049261083744,10.192243039773835,-0.5227272727272727
e7a0b73c-f01f-4ebf-9815-d38133407d18,197,53.11764705882353,18,252.70,0.01978021978021978,35.5947368878834,-2.25
e7a1614d-0960-4d07-9fef-1a34b1af27ac,439,216.0,3,284.88,0.006928406466512702,,
e7ae41a3-7175-40e2-bffb-e624a93f4808,72,12.306122448979592,50,223.11,0.08025682182985554,12.88766219043213,-0.5
e7ae76b5-d0fb-41de-b232-c780778d58af,68,130.0,5,196.58,0.009596928982725527,,
e7bcc43c-76c1-4dbd-b14e-2a96a3cc0bc8,295,53.1,11,246.63,0.020560747663551402,59.36038709068158,9.333333333333334
e7cd796b-8d50-483b-9b91-852356566dd7,95,43.111111111111114,19,282.99,0.02423469387755102,33.03810436252784,2.6470588235294117
e7d74e13-eb4e-4a80-bc3b-f174bc97ba96,140,25.125,9,247.61,0.04390243902439024,,
e7f633b0-d1f7-4900-b654-4753c2f70a2c,129,185.83333333333334,7,325.14,0.0062724014336917565,,
e803f998-d1e9-4838-8e9a-36ac7cf66924,183,46.46666666666667,16,309.55,0.0226628895184136,40.572451362024076,-5.714285714285714
e810a6dd-aca4-4497-abe0-3ddc39c59fc0,267,6.709677419354839,32,266.16,0.14414414414414414,8.00497157349563,-0.5333333333333333
e812843c-b09d-46ba-89f0-6d9a554e2fe7,232,5.2,6,119.24,0.21428571428571427,,
e81b1a7e-17c1-4d57-9de1-2d595a7052f1,240,177.0,4,209.40,0.007518796992481203,,
e82e9b1d-6f9d-4c80-bb5a-fe68e8abed67,257,109.0,7,277.94,0.0106544901065449,,
e82fa26c-00c4-4045-b266-db03fcd3bcdf,96,53.25,13,265.91,0.020155038759689922,35.76723996264535,-2.8181818181818183
e83ce5c3-a4a3-4ed0-8637-fe4a71568676,82,23.235294117647058,18,232.47,0.044444444444444446,28.834721716544937,-0.5
e8475a02-9604-49b8-98c2-e67835102af6,123,25.733333333333334,16,173.55,0.04050632911392405,24.078640999461587,3.0
e86ea7e5-cc35-4246-a2d5-bdef2d3901d3,234,20.65,41,214.56,0.04846335697399527,18.391121046128028,-0.20512820512820512
e8751c69-0d05-42f3-b4cc-8bcf2650f87a,392,20.91891891891892,38,259.76,0.047979797979797977,14.303026832687427,0.8611111111111112
e877106e-ec25-4721-88f3-cec17ce42a17,44,41.666666666666664,10,240.26,0.026455026455026454,22.63294059551255,-2.75
e87c7b10-3935-459b-96f8-20bdc855795e,181,258.0,3,299.30,0.005813953488372093,,
e87f3d8e-e39d-4ccf-9e5c-bb9d64b27feb,266,102.4,6,306.32,0.011695906432748537,,
e8908aee-f089-4dda-80f3-7fac207ca533,106,,1,392.36,inf,,
e8acc433-9dea-40b7-8ea2-ae3edfc1f095,207,54.857142857142854,22,288.49,0.0189328743545611,42.95263171714361,-1.6
e8ad7c1c-cf20-4eab-b5a8-dae43b99b885,214,16.814814814814813,28,313.15,0.060085836909871244,17.173407522269013,-0.15384615384615385
e8b1731c-45d6-4c63-8e25-79e0cf85fe79,135,115.8,11,226.03,0.009458297506448839,86.69589250811008,-4.222222222222222
e8d33eee-6923-4a85-a600-47b30a19f6a2,203,129.0,6,195.96,0.00927357032457496,,
e8f60584-7584-456f-a9fa-58a6b77a9628,386,38.6,6,262.30,0.03076923076923077,,
e8fe5ceb-0d4d-4c5e-8a71-9425978a63f8,343,115.75,5,388.17,0.010775862068965518,,
e90c1ba7-95b6-43d8-a4fc-b09a7b643b38,182,,1,247.38,inf,,
e90f6486-eb71-4f99-9ef9-6c1b4c6ec61e,227,19.77777777777778,19,215.04,0.052054794520547946,20.316772426496915,-0.058823529411764705
e91802b8-7278-4f01-a17b-ddfe427941a5,23,22.612244897959183,50,237.76,0.04397537379067722,20.244151754818198,0.3333333333333333
e9213243-621d-4373-817b-4b9e442e076b,380,42.0,12,199.48,0.02564102564102564,40.941421567893805,0.5
e92a7161-7534-4a49-82ca-279bcaf05f0f,184,24.485714285714284,36,194.32,0.04114285714285714,32.12235013431085,0.058823529411764705
e9349983-e18b-4a57-af4e-251f95a7a2bd,121,44.8,21,242.80,0.023204419889502764,74.94039736947445,-2.789473684210526
e93d794a-40fd-4e14-bb37-0012a2beabdd,206,162.75,5,276.71,0.007668711656441718,,
e94122fd-d44a-4f31-8a7a-bd5260331370,278,147.0,5,122.35,0.008488964346349746,,
e94661be-f43e-4737-8e05-a48843159b27,25,211.0,4,270.35,0.006309148264984227,,
e9612c5e-024a-48d6-b139-6cbd759854a8,185,91.5,7,311.81,0.012681159420289856,,
e969cf3e-b7ea-4a90-901f-5de247608240,112,21.333333333333332,31,260.87,0.04725609756097561,23.256194329955274,0.6896551724137931
e982784f-cd26-4d1d-baf0-c3f578c7401e,304,55.57142857142857,15,294.16,0.019083969465648856,38.7054245566418,-3.1538461538461537
e9860aa7-6eab-44e9-b47a-c3a1a01dc774,128,38.72727272727273,12,218.24,0.027777777777777776,56.928184424045895,-1.8
e99acf49-f122-4f65-87ee-ea5861d7e46b,429,103.8,6,312.35,0.011516314779270634,,
e9a78561-56bf-48e6-bbfc-521f0ad97fa5,60,117.22222222222223,10,277.76,0.00945179584120983,108.65401255565504,6.75
e9b0c031-9240-4704-a946-78ced4da4d1e,423,128.66666666666666,7,188.17,0.00903225806451613,,
e9e38b83-ee57-4ea4-97bd-d44bec4368be,383,32.75,9,286.20,0.033707865168539325,,
e9eff214-9ec6-441f-b5e9-ecfddfa84138,244,79.0,4,187.58,0.016877637130801686,,
e9f64fd5-d4c3-47d5-9177-590de0117922,135,82.85714285714286,8,307.89,0.0137221269296741,,
e9f6aa42-2abd-451e-8d95-55c73ab5110d,383,116.6,6,293.43,0.010256410256410256,,
ea069927-e1ab-4a60-9956-b89011e8dddf,282,46.25,9,254.44,0.024128686327077747,,
ea093a08-7c35-4b78-9c58-f06660f5bda5,174,84.5,7,283.46,0.013779527559055118,,
ea304174-c4da-4a96-968c-26033a05d604,372,43.642857142857146,15,234.37,0.024350649350649352,44.133725361515936,0.7692307692307693
ea358589-dfb1-4eb2-8a46-3758282ff959,52,,1,268.84,inf,,
ea389fd4-256e-401b-bc0a-b34bb8e95361,283,112.33333333333333,4,156.71,0.011834319526627219,,
ea38dfc7-d749-46d1-9cb5-75440cb645a8,361,21.75,9,274.54,0.05084745762711865,,
ea3c2340-af26-4a1a-b6e1-5b032f1be99a,75,8.0,3,230.27,0.17647058823529413,,
ea451b6f-780c-46c6-84fa-8d5e72f26976,5,54.42857142857143,15,347.49,0.01953125,30.63360217828753,-1.9230769230769231
ea48ebf4-746e-47e2-8de3-14fb40af4a06,277,11.17142857142857,36,272.54,0.08888888888888889,11.273304526978022,0.0
ea496b68-d076-4840-a21b-88cdec221737,1,53.0,12,341.05,0.02040816326530612,49.290972804358404,0.7
ea511887-cc0e-47a5-8b75-e2aab8613f68,49,40.142857142857146,15,309.94,0.02640845070422535,29.477128403240016,2.3846153846153846
ea632dac-bf34-40b1-86c0-4b53a53e4889,652,145.0,4,385.20,0.009174311926605505,,
ea6ee214-117b-4aec-a23e-f82e8abd2c17,279,108.4,6,268.54,0.011029411764705883,,
ea7f266b-8faa-4cfe-9407-dc29d1a53735,298,45.625,9,216.04,0.024456521739130436,,
ea88b626-3388-478b-a5ea-b22c216f3596,517,145.85714285714286,8,234.00,0.0078125,,
ea894d16-54e5-4d58-9333-540e4691da01,412,6.0,2,144.39,0.3333333333333333,,
eaad668d-5b13-4020-8702-b40254a2e22c,79,113.8,6,251.88,0.010507880910683012,,
eac04efd-8017-49da-a364-06109ad50e79,471,130.5,5,267.35,0.009578544061302681,,
ead49dbf-fd0c-456d-847e-32d2e8956d2c,82,20.666666666666668,4,132.47,0.06451612903225806,,
ead97d1a-a059-441a-9a7e-807a745f5de8,293,50.5,15,288.33,0.021037868162692847,55.550046735423116,-1.9230769230769231
eae75561-c222-4c67-a6fe-28d2918726b7,297,22.529411764705884,18,224.69,0.046153846153846156,23.273154188514134,1.0
eaf14ce2-07f6-46e2-9b2e-27410970611a,42,25.96551724137931,30,296.43,0.0391644908616188,23.65901030205842,-0.8214285714285714
eaf4dcce-3142-4800-b338-d22b64b8bdd3,68,76.5,3,323.34,0.0196078431372549,,
eb0828d9-2f1c-4e59-9997-9164b5034cf1,61,20.448275862068964,30,290.41,0.04926108374384237,15.477140301786447,0.6428571428571429
eb35277b-b179-4a09-9c1f-3db15bde11fc,195,,1,195.34,inf,,
eb54b9e1-2de2-467d-a9a8-bf7d18f64bd8,369,43.42857142857143,8,242.55,0.026058631921824105,,
eb72b784-cc8f-4494-9179-20ea185f0a1f,-14,11.857142857142858,8,211.35,0.09195402298850575,,
eb74e7e6-eeed-485f-89df-d40aa991e8bd,389,45.08695652173913,24,287.09,0.022900763358778626,45.88514618388184,0.6363636363636364
eb81a126-0e6a-4e13-8d69-f1718afcc2b3,183,,1,194.57,inf,,
eb91e425-bb5d-494e-ab57-10ea6851dac7,196,17.444444444444443,28,290.80,0.057971014492753624,17.106753801964462,0.38461538461538464
ebadc7d9-1607-4061-8058-e79647fc9d15,124,30.0,3,251.87,0.04918032786885246,,
ebb57256-b63e-4f05-8fbd-673fce087034,197,19.57894736842105,20,304.25,0.05263157894736842,25.781810533513056,-1.3333333333333333
ebb61a75-cd2a-4c68-94f1-48260019bed7,365,49.421052631578945,20,245.19,0.021119324181626188,45.69015915134082,-1.4444444444444444
ebd4bf21-9cac-4594-8aa7-97f600a0cb2f,55,51.526315789473685,20,222.29,0.020242914979757085,46.12948974963199,3.0555555555555554
ebd77d22-6b34-47ca-a1a1-4b1149ee0fc5,163,149.66666666666666,4,215.88,0.008888888888888889,,
ebfbb129-506a-4f7e-aac4-d863633fcb84,197,115.0,4,287.71,0.011594202898550725,,
ec04700a-d92d-468c-a060-ebbc24712c46,420,138.0,5,316.34,0.009041591320072333,,
ec094ce5-fa49-431f-b0b7-5d62f481fad2,270,151.66666666666666,7,156.00,0.007667031763417305,,
ec15f868-69f7-4843-8af6-e8a4b9830297,261,25.040816326530614,50,269.59,0.040032025620496396,24.81511567545867,0.14583333333333334
ec1dbb04-4021-4f14-87c0-7b7a9b193a06,238,107.5,3,292.55,0.013953488372093023,,
ec2a82fa-e97a-4a9b-a6bc-5d3ab93b55ac,62,49.5,25,252.97,0.020850708924103418,45.04683553041598,0.043478260869565216
ec341a0d-3ffc-4b1c-867c-94f1e7e31469,38,51.714285714285715,22,249.10,0.020054694621695533,76.18408157689036,-1.9
ec42465d-d214-4c70-906a-55218b668ebc,91,76.0,2,210.92,0.02631578947368421,,
ec5e9330-d23f-44cf-84a0-f81b2b34b4a6,97,17.52,26,278.14,0.057777777777777775,18.76415021612579,0.0
ec6a2f15-1f91-48c5-aef3-8ffa00f6a75f,145,244.33333333333334,4,167.05,0.005457025920873124,,
ec74fa29-da3b-45b4-925f-33ec581c1277,333,156.0,6,138.37,0.0076824583866837385,,
ec75089a-bd9c-4f7a-b347-2533e487e056,241,19.76923076923077,14,284.93,0.05343511450381679,17.34528680532479,0.16666666666666666
ec7c65a0-91a3-46de-8768-4e30ca97c33e,231,56.07142857142857,15,187.19,0.01893939393939394,47.60488708867268,1.3076923076923077
ec945616-194b-4dc5-a9cd-3be04448d058,225,50.5,19,201.84,0.020697167755991286,58.745963565968665,1.0588235294117647
ec95aba4-89d1-4cc4-94ad-cc8f464f09c6,-3,20.083333333333332,49,253.42,0.049746192893401014,17.939417354960586,-0.0851063829787234
ecb28b0e-f9f1-4a46-a33e-222e1377b101,100,38.294117647058826,18,339.26,0.027314112291350532,33.69674447532423,-1.9375
ecb4a965-665e-40d0-9816-5b711e2fcf83,153,63.25,5,404.81,0.0196078431372549,,
ecbccffa-4ec7-4dd4-87a2-58357b5f4a41,170,261.0,2,181.48,0.007662835249042145,,
eccf1db5-af96-4978-b329-88462300bb3c,188,38.375,9,270.66,0.028938906752411574,,
ecd66e79-8954-41ac-a217-6bcefc2a5152,149,24.91891891891892,38,314.09,0.040382571732199786,27.07743872096635,-0.8333333333333334
ece36019-8863-46ce-b3c7-e01d3619b811,310,40.5,7,217.50,0.028688524590163935,,
ece4c6e6-a9e0-4be4-a1a5-6deaf633dad8,367,21.25,13,227.59,0.04980842911877394,16.684914253191824,0.5454545454545454
eceb47df-2568-4101-9d12-fba0d1ef42dd,219,18.535714285714285,29,233.50,0.054613935969868174,20.269448169610566,-0.3333333333333333
ecf6bfbf-0c00-49fb-b8f8-3d8db80e31ab,199,159.0,7,233.84,0.0073145245559038665,,
ed0b56a4-6dfe-4d07-987a-884ea24af6b8,316,52.27272727272727,23,320.25,0.019810508182601206,58.95210470670787,0.19047619047619047
ed244b94-fdfc-429c-af37-d7b762028ab2,240,52.4375,17,343.33,0.020070838252656435,64.9409667826609,-1.6
ed262d04-f89a-4f3b-96de-ef4095c21234,131,42.8421052631579,20,247.48,0.024301336573511544,37.739256245828486,-2.6666666666666665
ed3695ee-0ec1-4d08-ae01-6958e359e122,11,21.96875,33,198.68,0.04596100278551532,23.83475961970316,0.2903225806451613
ed3ea64f-d655-49dc-a3cf-435b0ab5ce77,221,143.0,2,139.88,0.013986013986013986,,
ed44e5c3-b026-46ed-9730-f5ec718ed3f5,297,66.55555555555556,19,215.98,0.015767634854771784,64.9454270655912,-1.6470588235294117
ed4e437b-12cf-4b16-9702-82a57f375c7e,296,102.0,2,268.50,0.0196078431372549,,
ed4f1e5b-878e-4013-8470-29fd2c22420a,45,10.46938775510204,50,253.91,0.09293680297397769,9.537430735476594,-0.125
ed6b15bf-3799-4650-b152-0f506e9c527b,299,268.0,3,231.28,0.00558659217877095,,
ed715905-9e25-49b2-b70f-dd7c47cee498,239,98.75,5,358.69,0.012594458438287154,,
ed7e3c86-6d4e-4bfb-b4c8-d933291eab01,339,356.0,2,463.45,0.0056179775280898875,,
ed8067c3-6572-4f7c-8a65-2af54bc06800,293,,1,256.84,inf,,
eda643b0-1dad-486e-8d6b-360231cf2d2f,223,23.609756097560975,42,288.84,0.0425531914893617,26.654153568234435,-0.1
eda6ca90-10d9-4f5f-94fa-9263e5d04991,244,,1,376.63,inf,,
eda7396c-bd7f-426a-ab29-f23075dd212f,130,47.285714285714285,22,229.67,0.02193419740777667,33.387337206106835,-0.55
edb43a7e-b896-4a0c-9467-656f0ebe37d1,-13,,1,304.65,inf,,
edb6a824-1b89-4f6a-ac8d-b87113dea316,217,31.0,12,277.15,0.0345821325648415,32.90896534380867,-1.9
edc5a117-9039-401a-9a69-a452ab328d71,185,29.53125,33,261.94,0.034375,28.37193567367175,-1.3225806451612903
edc62945-dbcb-4cd5-b1a4-736fb85a64c9,87,39.857142857142854,15,190.73,0.026595744680851064,46.26155929205011,-3.4615384615384617
edd88fdc-eddb-46a3-9aec-860f74ed890e,266,125.5,3,118.71,0.011904761904761904,,
ede58486-ad3d-4d91-9c91-19b749f1fb60,368,42.0,16,264.81,0.02511773940345369,43.81780460041329,0.8571428571428571
ede7ffa5-8428-4df7-bee9-31c973e59598,189,146.0,5,170.63,0.008561643835616438,,
edf0b4d7-97e6-41da-b958-92f98c45ee85,57,27.22222222222222,28,248.02,0.0374331550802139,29.373370112993022,0.9230769230769231
edf5ea37-b823-4f44-acc6-49583e9d17f9,442,163.66666666666666,4,255.90,0.008146639511201629,,
ee1054a8-1af0-4b02-a3df-6483d5342f84,184,43.714285714285715,15,277.65,0.024232633279483037,31.39433699896202,-1.0769230769230769
ee1b30be-e9c8-46f5-b683-5b41c13a0822,138,19.87878787878788,34,334.82,0.050445103857566766,23.736519300117457,-0.65625
ee322d6b-52c7-4e03-b00e-2f6909a6bb74,19,41.0,17,288.55,0.025602409638554216,28.668217012340804,-2.066666666666667
ee3b65dc-7c98-46eb-b0b3-38d1e651d29a,260,50.2,21,245.33,0.020710059171597635,43.75963051898284,-0.3684210526315789
ee3fb49b-a9c7-49f4-9980-f691adffba6b,298,187.25,5,203.71,0.006657789613848202,,
ee418baa-6cdd-4658-97e8-29d88df48ae6,561,19.0,2,118.63,0.10526315789473684,,
ee43c355-e27d-4eee-9a37-d4e51904940b,95,53.5,5,318.95,0.02336448598130841,,
ee4837c3-df25-41a6-a169-4921c22593d8,33,8.916666666666666,61,232.43,0.10854092526690391,10.57065279748473,-0.1864406779661017
ee5b9452-8848-4fab-9f1c-7a3683e11069,221,42.6,6,331.89,0.028037383177570093,,
ee624ed5-101f-4767-80b3-e24820d4f662,109,45.0,8,282.09,0.02531645569620253,,
ee66f735-6ee2-4f93-a3eb-2f8cf8a98119,49,13.212121212121213,34,260.60,0.0752212389380531,12.653452038271947,-0.46875
ee705a7c-0007-47a4-a8f8-779f690cbff9,196,68.58823529411765,18,246.51,0.015345268542199489,50.60639636391013,-1.0
ee74ae15-d4d0-4680-9901-31fc64c760c9,105,179.0,5,206.21,0.00697350069735007,,
ee7d0094-cb18-42af-bc85-b20647b68698,90,47.72727272727273,12,248.83,0.022684310018903593,59.06960455105639,-4.2
ee82974f-62b2-4cad-9f61-f371b4f82d2f,85,139.66666666666666,10,224.79,0.00792393026941363,96.83491106000976,-16.375
ee894805-75fc-4fc3-8706-6189c9c2802e,314,59.4,6,258.97,0.020134228187919462,,
ee91880c-c129-4a46-a722-2da5e4cd2008,162,45.92857142857143,15,417.14,0.023076923076923078,52.08789064310775,3.5384615384615383
eeab41d2-4d4f-43b4-a422-599fd71b3047,390,58.0,2,262.61,0.034482758620689655,,
eeaf7e40-b57f-4b4b-af3a-053b9e25b5fc,336,79.25,5,210.71,0.015723270440251572,,
eeb921c7-791d-41f1-8719-52629f93ce53,86,131.22222222222223,10,285.58,0.008438818565400843,81.80583380446926,13.5
eebff4e7-90da-484b-8b8a-8b713834dc11,173,55.09090909090909,12,211.94,0.019639934533551555,48.02802212345319,-7.2
eed9dae2-ca1f-4f3f-9550-1f215a3af91b,347,47.666666666666664,19,214.68,0.021939953810623556,43.262536435390956,-3.0588235294117645
eeed3955-d053-4e42-b5af-58593de6c854,94,13.597222222222221,73,276.76,0.07199211045364892,13.3750447909975,-0.18309859154929578
eef830b0-bfcc-44ae-bfda-cafefc388439,340,37.2,6,198.11,0.031914893617021274,,
ef051bcf-e5a3-4cc3-82de-62adc337ba86,304,51.76,26,309.47,0.01992337164750958,57.12725560827627,0.125
ef214fd7-6e58-4695-bb3c-8bb853884f73,118,8.0,4,246.82,0.16,,
ef25d0bb-a2b2-48fe-8e92-b228c795ccd1,35,55.0,17,215.06,0.019122609673790775,59.43736198722147,4.933333333333334
ef2fb61d-d693-4cf2-a333-bf5fe363fa3f,68,9.785714285714286,15,192.26,0.1056338028169014,10.423188434584553,-0.9230769230769231
ef43144d-1709-478c-9e7d-412732bad2b4,249,52.77777777777778,19,214.51,0.019832985386221295,36.48941112409197,-1.7647058823529411
ef49f143-dd15-49b7-b87b-3546941af64b,260,,1,222.96,inf,,
ef6acf05-dfaf-48c8-866f-09d909a13a40,55,21.79310344827586,30,231.91,0.046583850931677016,31.041883354066773,-0.5357142857142857
ef817912-1546-4700-9621-ff76671d4138,121,111.5,3,188.96,0.013452914798206279,,
ef823068-65bf-4439-8136-6fc8d16120d4,306,50.88235294117647,18,247.07,0.020618556701030927,54.515917804964516,-1.3125
ef8dcc17-4ddb-405a-b136-d44ffcdcab0e,109,54.35294117647059,18,237.73,0.01935483870967742,59.91237474060617,-0.6875
ef951a0a-127b-4f1e-8892-e566b7443500,197,150.0,3,150.50,0.009966777408637873,,
ef9e6b14-2a9b-49fc-98c7-70c0f4202b3a,67,91.33333333333333,4,311.77,0.014545454545454545,,
efb3874f-2e0d-4a35-a15a-230131f70fbd,42,73.33333333333333,10,262.94,0.015037593984962405,66.27405223765935,7.875
efbe06c2-4cdb-4dce-a0a6-6e9fcae9bec1,286,51.2,16,317.59,0.020618556701030927,37.53322337800015,-3.9285714285714284
efcd90ec-902d-4236-8440-096b11a9388f,115,171.0,3,180.90,0.008771929824561403,,
efdb7650-7b73-428c-84cc-35a2ca7e5f9a,312,45.083333333333336,13,252.94,0.023809523809523808,51.24532499002551,-4.909090909090909
efdbf6c7-2f19-4ee0-a0a9-3f4f722b10dd,209,30.0,2,42.10,0.06666666666666667,,
f001ef1d-1f32-4052-a69e-09c76ecd3cc4,332,103.5,5,260.26,0.01201923076923077,,
f0060262-8cd2-4670-91e3-263e0005ce72,346,38.8,11,211.03,0.028132992327365727,30.45506708433116,-8.666666666666666
f018e356-616e-498b-9f29-1d45c9622496,104,,1,133.99,inf,,
f01e3cb6-8371-4a14-9694-00be040db75f,64,162.33333333333334,4,327.13,0.00819672131147541,,
f031d33e-439a-4546-ba05-3db9f5e964aa,438,57.666666666666664,10,285.97,0.019083969465648856,61.434924920601965,-6.625
f0372106-3660-47d9-b895-899ec7cd81c8,413,114.0,2,77.32,0.017543859649122806,,
f04d6243-f405-4b9e-9567-aea90ac7f07b,31,24.869565217391305,24,236.50,0.0411663807890223,25.895426672091045,-1.2727272727272727
f04f8ff3-b889-4453-a856-6d74d8029fdf,17,37.625,9,244.39,0.029508196721311476,,
f05b3e44-a6f8-4d0c-9529-f13ca5804d00,136,38.0,5,286.41,0.032679738562091505,,
f05bbab6-7cef-4482-a713-6fcb0c49ae19,132,183.0,7,305.05,0.006369426751592357,,
f06d3557-be48-4f44-a7b1-3e0b52c999c7,353,43.04347826086956,24,245.78,0.023928215353938187,38.739782536665615,-0.9545454545454546
f07f3286-9349-47d3-bf26-91a0538a5161,247,47.0,11,162.23,0.023109243697478993,28.63952203201412,2.3333333333333335
f0889ba9-000d-4c16-8a7f-e8ce1a00600a,18,227.0,2,311.56,0.00881057268722467,,
f08b40bc-7bdc-4b9a-b23c-a2bc8144eb52,174,22.75609756097561,42,313.15,0.043933054393305436,21.314056966946577,0.175
f0a2817c-c569-46e2-a457-33feee6315e1,192,28.11904761904762,43,246.34,0.03577371048252912,29.011522001214367,-0.21951219512195122
f0a6c44e-7bbb-406e-b0d7-8411e04edff7,277,56.357142857142854,15,329.58,0.018915510718789406,29.23803408854018,4.0
f0ae682c-e868-451b-a734-47d493e27164,160,39.785714285714285,15,314.94,0.02664298401420959,26.142151554760904,3.8461538461538463
f0bcf155-7b06-4fce-9773-96b7d451455c,283,22.52173913043478,47,267.63,0.04433962264150943,22.033045011159217,0.13333333333333333
f0d2ecf4-17e5-4c0f-9004-46cefd479d07,183,57.0,16,224.30,0.01853997682502897,47.69096949558241,1.6428571428571428
f0d7fbab-59da-439d-a8df-0a7edee7050a,565,128.6,6,213.76,0.009316770186335404,,
f0e32777-3f5d-425c-bb5a-e35d89c66988,31,195.0,4,195.16,0.006825938566552901,,
f10c89be-dd6b-4923-99cc-810f81df50ea,219,43.375,17,184.69,0.024216524216524215,33.70632977152313,-1.7333333333333334
f11b37cb-786e-4833-879f-33fd6edc7531,7,43.63636363636363,12,334.38,0.024691358024691357,42.70192671829393,-2.0
f127f326-972b-438f-b029-d01579614db3,73,27.31111111111111,46,291.45,0.03685897435897436,27.359411063423384,-0.9545454545454546
f129a4e6-66e2-4ea3-8f47-04348fab5fd1,129,25.258064516129032,32,208.76,0.039950062421972535,24.999956989210315,-0.5
f1352b37-fb40-4795-9038-eb0454e6961e,89,58.78947368421053,20,241.30,0.01774622892635315,58.64353611000432,-1.3888888888888888
f138d122-7705-49a2-bd88-f83b2084f70f,202,152.5,7,269.69,0.007633587786259542,,
f13e16cc-537a-4c88-84e7-a5d8d94af1c8,322,27.444444444444443,10,251.88,0.04,29.559732369860487,1.125
f1494ad9-31a2-4e76-a2f0-fec98bc2607c,345,79.8,6,247.54,0.014962593516209476,,
f14cce29-1c16-4f23-b500-4c8ebc87affc,432,143.33333333333334,4,141.34,0.009259259259259259,,
f1568fef-65a7-4a0f-857f-b504f56288ca,345,45.8,21,277.50,0.02275189599133261,51.54007127826291,0.21052631578947367
f173610f-cb8b-4350-84fa-a9fe31b73ab2,26,19.319148936170212,48,248.77,0.05150214592274678,24.340971349074515,-0.9130434782608695
f173bdee-2adf-4cbd-a58a-9400e6b3cd12,302,376.0,2,280.08,0.005319148936170213,,
f18a5563-1ecb-44cf-a6d2-8558569dde57,70,201.4,6,184.51,0.005946481665014866,,
f1955981-0a08-4ec9-8351-1b67ed3127a3,255,174.5,7,241.41,0.006679389312977099,,
f19730bd-9b5e-4d9b-9325-2c8219159e01,88,52.666666666666664,22,244.06,0.019730941704035873,54.9621081594705,0.8
f1a360fd-146c-4729-8876-37723ff5d367,160,20.0,20,386.76,0.05128205128205128,24.644133852366032,-1.0555555555555556
f1b072a8-050a-4dbb-bd80-23b5463db08b,16,53.89473684210526,20,291.22,0.019398642095053348,46.531822727202396,2.3333333333333335
f1c1d378-c582-4b39-b376-46862350b63e,22,23.56,26,263.92,0.04318936877076412,28.01945752508424,-1.125
f1f9603f-6fad-4352-b2ec-cec9ffca847e,233,17.0,3,162.23,0.08571428571428572,,
f2175d31-dca2-4938-8775-585528951b39,435,164.0,2,211.88,0.012195121951219513,,
f231dda5-b2a5-4b00-9cdb-99fc6b885966,233,93.25,5,259.91,0.013333333333333334,,
f2320e4b-8c37-444a-ac7c-2d2b9298ace5,62,45.5,17,217.95,0.02312925170068027,28.814348277666575,-2.533333333333333
f239066e-5552-4c21-a1af-b8c4eb7bb466,104,,1,61.43,inf,,
f24a5310-a3cd-4b94-beb0-064bebbd630b,191,2.5,3,268.50,0.5,,
f251bb6f-f847-4e06-8760-885296690f48,265,44.0,10,281.43,0.025,61.39421796879573,11.875
f2585a69-ead0-4480-9511-b8df5ea7afdf,421,147.83333333333334,7,247.85,0.007865168539325843,,
f2754446-512b-40aa-814b-f758d30ff024,174,51.291666666666664,25,296.63,0.02011263073209976,44.40375930683921,-0.7391304347826086
f279efb2-06a0-453e-8c08-5c5165a9c1bd,20,25.142857142857142,29,289.57,0.040502793296089384,22.674368439429223,-1.9259259259259258
f2830800-e8c4-4a06-9c21-d4b079c4a2d6,412,156.16666666666666,7,218.32,0.007454739084132056,,
f2b62ca3-b0a9-4bfe-8b11-6f7d7246c4de,282,22.666666666666668,4,273.65,0.058823529411764705,,
f2bebbb8-4166-42dc-868d-3b87c8765bb4,72,24.647058823529413,35,290.03,0.041031652989449004,24.525660467974642,-0.09090909090909091
f2c9ce4a-0907-408c-8276-f53994132d42,477,148.83333333333334,7,309.09,0.00782122905027933,,
f2cc5e7c-4d33-49b9-838a-03fe2f3a7136,401,19.0,3,193.59,0.07894736842105263,,
f2d81d5f-c5cb-49ce-9435-5c5202673596,324,165.8,6,194.39,0.007220216606498195,,
f2dcf7df-166b-4b72-a5cf-3dc003e9a6bb,118,6.285714285714286,8,274.66,0.17391304347826086,,
f2dd35be-ff58-403b-9ef6-e9c90cc66ae0,282,21.641509433962263,54,255.64,0.04611443210930828,21.604036606101968,-0.34615384615384615
f2fd783a-08ad-4a13-9798-934123d3ed5e,357,,1,151.53,inf,,
f301d828-7286-4328-a504-063a1c92a54d,324,12.0,2,187.04,0.16666666666666666,,
f305b3ef-ec46-4c08-b0ec-704b70ccee65,-10,23.27777777777778,37,255.78,0.04312354312354312,24.518926929573773,-0.14285714285714285
f3119ec1-d35a-4617-956a-3c341c755667,343,19.727272727272727,23,263.30,0.05203619909502263,24.683099709222326,4.428571428571429
f3286c98-2a72-401a-801b-0cb56e2c0d31,196,,1,249.05,inf,,
f32a74a1-2899-4b12-9854-d07bb862e3a3,436,0.0,2,201.02,inf,,
f33b197c-c3f8-4e48-af55-14abfabb6f6c,338,11.5,5,387.90,0.10416666666666667,,
f3448cae-059d-440f-bc54-1d102e6f0b36,299,55.23529411764706,18,171.45,0.0189873417721519,57.26858804327716,-0.875
f35eff93-9e02-4b36-8b7a-19d2c0fb9311,86,13.333333333333334,4,273.40,0.0975609756097561,,
f367a87a-e04d-4b30-a464-500ba1e7e640,114,23.238095238095237,43,259.31,0.043259557344064385,24.792612514775076,-0.0975609756097561
f37ae446-b37d-4648-8126-bfe359e475ce,463,232.0,3,270.51,0.00646551724137931,,
f387218e-28b1-4ea5-a3b5-25e5595f0f47,-16,44.888888888888886,19,323.83,0.02334152334152334,36.422179553106,-4.352941176470588
f38c4d81-d9a2-44ab-9f87-59304d42c14b,232,191.66666666666666,4,213.46,0.006956521739130435,,
f39b7f99-9947-4f95-8937-06cb5f514069,211,286.25,5,327.83,0.004363001745200698,,
f3b869aa-28d6-4d9d-8611-c06a42c4fb30,223,35.333333333333336,4,156.93,0.037383177570093455,,
f3ebe0bb-26fb-4f50-ad5a-a31c5d9cd66d,357,225.8,6,237.06,0.005309734513274336,,
f3edf83c-5e73-4b6b-b9b5-da0611b2c2e0,475,5.0,4,160.70,0.25,,
f3f23581-f075-4c7d-95cf-5c9aeef8574d,362,46.125,17,299.38,0.022757697456492636,51.26906149586383,0.8
f40061b9-3190-45d9-938d-25302a515439,390,50.46666666666667,16,261.71,0.020942408376963352,47.302773501692066,-1.4285714285714286
f4368afd-a396-4de4-b525-26451267023c,1,49.0,6,306.70,0.024291497975708502,,
f4422e70-05b4-4ab4-9e39-017a0e5bb491,255,73.0,4,174.86,0.01818181818181818,,
f4553745-9538-4b90-bb4b-08855919f8a0,355,19.65909090909091,45,290.25,0.05073280721533258,20.925052506747697,-0.046511627906976744
f46348ae-9d27-4604-a5e5-829274c193ed,353,61.416666666666664,13,318.89,0.01752021563342318,66.81651719221057,0.45454545454545453
f46e11eb-3f48-4288-a4a7-760e7b579991,420,123.5,9,226.80,0.009072580645161291,,
f4707b5f-467f-401a-a676-828e7b24a90f,184,234.33333333333334,4,215.51,0.005673758865248227,,
f4793cca-c88a-48af-bebd-ba49a11945cf,361,22.6,16,284.75,0.046242774566473986,21.470245191227523,-0.6428571428571429
f4855a87-92f8-43c6-9de0-4672161d92f1,437,22.466666666666665,16,306.11,0.046511627906976744,19.040808306171797,-3.857142857142857
f488329b-3a90-4ac8-a17e-0076e2172141,428,71.41666666666667,13,362.70,0.015063731170336037,77.68638389334545,-8.454545454545455
f4b00284-c3ab-4d97-bdc6-6347852a23d5,381,52.5,21,291.60,0.019886363636363636,80.61180532586239,-2.526315789473684
f4b01e8e-916f-4d48-8161-841c281edcf7,321,18.5625,17,360.86,0.05573770491803279,21.648614274359456,0.2
f4c090a3-6949-4f67-b6da-3654320ea4e5,113,299.0,2,295.16,0.006688963210702341,,
f4ce23f7-c69a-4350-acf3-d2e575e9886e,40,30.6,11,213.71,0.03536977491961415,41.28007321268271,0.4444444444444444
f4d07e0c-f363-4c3c-97f4-b3b477d2ac34,295,47.0,2,326.56,0.0425531914893617,,
f4d88dfa-7894-4e6a-bff8-7938fe13c0a1,521,145.57142857142858,8,229.20,0.007835455435847209,,
f4f33be1-ef33-48e2-8d4d-98a917a08fc5,13,46.88461538461539,27,239.42,0.021969080553295363,49.949035564724916,-6.64
f4fe1029-5347-4b38-9e10-47e36dce4eee,156,24.404255319148938,48,285.29,0.04088586030664395,27.761139224891863,-0.021739130434782608
f50c1eea-5bfd-4fd5-bd20-a4f6e25655a0,23,10.3,11,242.22,0.102803738317757,6.976946164173676,-1.1111111111111112
f525b5b1-859b-4f04-b2b0-95bd45f09856,172,43.2,6,315.16,0.027522935779816515,,
f52d4a7d-1560-4b99-87cb-b9c6057d9802,58,0.0,2,499.72,inf,,
f55160e8-b935-46d7-8831-af009e13fa5d,341,30.0,10,258.96,0.03663003663003663,31.040296390337513,4.375
f5527892-4920-4d75-bfd6-305b41019317,137,118.0,5,320.85,0.010570824524312896,,
f557189c-3d12-4cca-bf04-b3991f43975a,181,,1,420.35,inf,,
f55a4d0a-5055-4a73-bcce-d29827f55801,307,21.0,36,256.23,0.047872340425531915,22.476131130339922,0.11764705882352941
f55d439c-5250-4170-b628-8552a4c210e3,230,10.444444444444445,37,259.43,0.09414758269720101,8.620389266797128,-0.42857142857142855
f57a3021-642e-41d1-a984-2f6d1895368b,70,21.72340425531915,48,255.76,0.046065259117082535,22.60406093532327,-0.2826086956521739
f5875644-63e4-4ece-a08d-2be07bc6f73d,82,114.2,6,335.82,0.010471204188481676,,
f5983e8b-ac04-4e71-bda4-9fef2d0d82dd,13,45.89473684210526,20,299.81,0.022727272727272728,35.49005296768551,-0.1111111111111111
f599b65d-371b-4f09-b9a9-eeb6b57e3df0,95,12.8375,81,248.20,0.07584269662921349,15.098364191720334,-0.1518987341772152
f5c0abc9-894d-4b0b-aff4-b07c6768d1fc,89,73.36363636363636,12,273.08,0.014778325123152709,61.131452996428486,0.1
f5cc4a01-6440-4aed-8489-8e9b8bf6d6ed,335,10.846153846153847,14,230.51,0.0958904109589041,9.227189476813924,-1.5833333333333333
f5cf0afc-6f3a-4690-b956-036804053625,229,53.90909090909091,23,228.11,0.019246861924686193,51.72354082354258,0.3333333333333333
f5e4a23b-a7d5-4847-865a-dc6b47e898a4,157,93.0,7,306.14,0.0125,,
f5fd685c-0b82-4287-a838-486e5e7dfdf2,54,8.833333333333334,7,253.43,0.12962962962962962,,
f5fea079-68ff-4918-9454-39c9c203dd73,374,18.2,6,208.52,0.06521739130434782,,
f6121e46-39b2-4348-8537-4434fa6f4278,188,40.785714285714285,15,216.10,0.025951557093425604,41.00314916879241,-11.461538461538462
f629ec6a-1638-4437-83bc-50974fb0d0d9,86,13.0,14,346.66,0.08045977011494253,17.781076082922166,1.0833333333333333
f62dce07-5802-4fdf-8055-56cd99f57a4f,314,112.0,2,215.46,0.017857142857142856,,
f62e9a44-4817-429a-b4f7-a81e9523e2b9,354,51.0,3,176.31,0.02912621359223301,,
f64869b8-8194-484b-affe-5e85c72b11e3,23,59.0,19,325.04,0.017740429505135387,47.958315233127195,2.6470588235294117
f6544413-ca21-4391-8f04-16af9d149b24,152,,1,724.76,inf,,
f65f088e-2a3b-4a53-8574-c18ebf0b0b8f,153,,1,415.47,inf,,
f66c31e3-e37a-468a-add0-2729e9b82ad0,373,53.0,21,298.24,0.019626168224299065,43.786563668490096,-0.631578947368421
f677324c-9b4b-4428-98c1-e394d43c9b2d,397,270.0,2,175.06,0.007407407407407408,,
f68c1618-fcab-42a1-9674-ac718375839e,88,,1,306.75,inf,,
f6a12c5a-5c1f-4e81-9bd8-bead9defa998,284,157.0,3,194.57,0.009554140127388535,,
f6a8079a-4a4a-4355-b8d8-8c5c742c9b7e,174,39.53846153846154,14,229.31,0.02702702702702703,39.20164831699339,0.5
f6b670eb-66fe-438b-83af-bc0ba54f7cae,234,31.6,6,339.59,0.037267080745341616,,
f6bd7345-b1b3-49cc-a2b6-3200816ce112,153,56.333333333333336,13,238.82,0.01911764705882353,44.75048670803548,-8.818181818181818
f6be6c74-508f-4dc5-bf23-13187172a11f,28,32.57142857142857,8,238.45,0.034482758620689655,,
f6c47d1b-8a9d-4702-a458-422baf1efe79,326,,1,652.28,inf,,
f6e5775a-7345-4cc0-9ab5-51616f80ccfa,224,80.8,6,326.37,0.014742014742014743,,
f6ed4750-fb39-46f7-9882-45d36a606959,290,24.17142857142857,36,243.89,0.04176334106728538,25.451783381738196,-1.5
f6ed5af4-ca25-4d8f-a1ba-9b7e33cca7f0,61,57.38461538461539,14,271.49,0.018617021276595744,63.28577836757437,-2.8333333333333335
f6f09fbd-da55-40df-aaae-6f737a73196b,70,39.333333333333336,10,271.93,0.027932960893854747,33.90796366637195,5.0
f705c0e4-2824-4791-89cb-13c758130d95,-6,32.5,3,178.14,0.045454545454545456,,
f70c18bd-a291-4ee9-919c-c5cfe6e8a8db,82,19.5,5,254.61,0.0625,,
f715d079-3353-41f3-bee3-05168868e81d,337,74.5625,17,248.89,0.014154870940882597,82.21838298093681,-11.133333333333333
f72252c9-20bd-4827-8108-fc4c11c4c195,177,37.833333333333336,13,326.85,0.02826086956521739,25.700489324430215,-3.090909090909091
f7227b77-b7c6-4dd2-8a2d-379ec21d00c2,223,43.8,26,271.13,0.023444544634806132,41.88277291043021,-0.5833333333333334
f72e8a26-fea6-4dbf-a667-a0f07d974b68,103,49.666666666666664,4,413.26,0.026490066225165563,,
f73beedd-8def-4831-bc9d-c846aa6874be,250,24.775,41,266.31,0.040473840078973346,25.900685566612186,-0.05128205128205128
f740a1ae-511f-468c-a235-0f7ab82ac1ad,239,43.18181818181818,12,338.58,0.025052192066805846,35.21311739059233,-0.6
f7412c39-e1fb-412f-b813-e82f9c087915,169,14.4,6,254.34,0.0821917808219178,,
f743b250-2be2-453c-8d1a-b330c5cd9e73,366,27.714285714285715,29,297.29,0.036755386565272496,23.91320283528055,0.1111111111111111
f7588bce-740d-47ab-a297-b70693a5e29e,54,47.5,21,264.84,0.021897810218978103,53.84040744351969,0.5789473684210527
f75b8b39-cca3-4757-9d1a-9923e3ff8c50,229,22.0,20,326.00,0.046948356807511735,27.055498516937366,-0.5555555555555556
f770fedc-0617-4fb0-a678-c056e542a69b,401,26.318181818181817,23,303.28,0.0391156462585034,22.261190580483472,-0.2857142857142857
f7865b12-0f9c-45ad-8b3e-2ee33d0200bf,233,44.56521739130435,24,295.70,0.023166023166023165,38.48591960581348,-2.909090909090909
f78ad0ba-ceba-497d-9da7-d923d37b28a0,378,246.75,5,223.95,0.005060728744939271,,
f78d4676-7eb5-4f7b-9621-b9ce7e17e7bf,132,20.060606060606062,34,253.48,0.05,20.745390141455815,0.125
f7a36dbf-51b9-44fd-87b9-651b27eb540c,144,41.6,6,222.16,0.02857142857142857,,
f7a6c7d3-1eb7-4724-a4bb-d01be55060e0,85,41.25,5,276.95,0.029940119760479042,,
f7afdd2c-a657-4e36-b8ec-60cbde27c4e6,43,45.291666666666664,25,273.92,0.022789425706472195,34.94154020480577,0.17391304347826086
f7d2b5af-53e7-48df-a274-63cca63c82ac,77,49.333333333333336,25,264.07,0.02092050209205021,42.37479425797601,-3.3043478260869565
f7f083c7-a6fe-43e7-acad-96524654e06a,45,40.0,4,296.81,0.03305785123966942,,
f7f54a90-3f49-428a-b106-71a09d48f71a,144,29.0,4,315.61,0.045454545454545456,,
f7f6b4dc-82c1-4989-bd3a-6ad3cf5024e4,250,57.714285714285715,22,241.87,0.01800327332242226,39.10644813472947,2.35
f7fda337-a294-4016-baed-16e20095df3d,200,44.8421052631579,20,263.22,0.023174971031286212,37.20403675513173,-2.888888888888889
f8011418-38f0-4f77-b33e-af41568e657a,479,282.0,2,239.25,0.0070921985815602835,,
f810d9e4-0479-4879-92a6-f776c8b6c6c4,209,20.431818181818183,45,258.37,0.04880694143167028,16.647365497660132,-0.2558139534883721
f8284fe0-c5d4-4072-bf8a-645fe0966115,264,141.5,5,322.28,0.008802816901408451,,
f83c57c4-f438-4dde-ba59-873e0a624b36,370,50.0625,17,264.27,0.021065675340768277,42.00391846800328,2.2666666666666666
f8421a24-3869-407a-bd51-bb583f91e1f7,173,35.5,11,204.81,0.030470914127423823,51.130008583783535,-5.333333333333333
f844324f-f659-47c9-83d1-310b59a78e2b,336,39.25,5,182.63,0.031446540880503145,,
f8516b86-689d-4111-96ef-aac282910f1b,294,17.0,2,197.72,0.11764705882352941,,
f8580ca4-da90-4082-8460-ccf3c81bd56d,236,17.23076923076923,14,226.18,0.0603448275862069,14.629615204291635,-1.5
f85a135e-e0d9-40dd-9216-72957b3f9680,355,,1,131.80,inf,,
f861b62a-04c1-474c-9abc-5c4127880d04,63,26.666666666666668,31,220.84,0.038130381303813035,22.588268748566616,-2.0
f86b3af9-81d8-45fa-827c-bb14001bdcdb,232,35.0,6,190.81,0.03409090909090909,,
f87144ee-106c-4584-8e08-3db1f637fc7b,254,23.375,25,237.68,0.04355400696864112,22.881191250533227,-0.43478260869565216
f876aafa-f1ab-42f8-bc9b-860293d97ef3,53,60.53846153846154,14,270.67,0.017632241813602016,80.6862394139746,8.416666666666666
f88d2e38-dce0-426c-931c-1543173dcaf7,267,27.41860465116279,44,253.57,0.03663613655287261,24.812854347369775,0.42857142857142855
f88f41e2-022c-4e0e-b98b-763cd89c650d,143,21.245283018867923,54,235.56,0.04695652173913043,21.21311791210748,-0.5769230769230769
f8994453-39f7-4c84-8b2e-cc6505bb199a,82,16.5,15,174.07,0.06329113924050633,14.8725353484975,-1.4615384615384615
f8bd6de8-4556-4413-a3e3-b22e603bbac4,119,125.375,9,367.56,0.008946322067594433,,
f8d7eb75-76cb-4c1c-abc3-fa465e030a2b,163,,1,59.86,inf,,
f8e726f6-d0fe-484a-9a5b-c73ba4986124,105,166.5,7,265.66,0.006993006993006993,,
f8f2bbe6-d7ed-4d58-95be-3b91ae8e0ac1,83,8.0,3,115.63,0.17647058823529413,,
f8fc4001-60d0-4a80-8dbb-b06e78249f4a,190,,1,374.10,inf,,
f90b10a7-66f9-4467-80b2-36d5b61b98af,206,23.923076923076923,27,220.40,0.04265402843601896,17.91964972185132,-0.32
f92a268b-0e00-4203-bf8f-5e2e08dbc796,168,147.57142857142858,8,197.72,0.007722007722007722,,
f9325118-3498-435d-8d29-f5371ae8dd16,309,12.857142857142858,64,293.71,0.07591933570581258,12.312932020070427,-0.6612903225806451
f93c1248-d454-4f7a-99ce-2a4462ee3a69,77,,1,176.13,inf,,
f93ee7d2-d33d-413e-98af-66526bbeb072,312,150.33333333333334,7,276.02,0.007743362831858407,,
f95f3609-18c7-4ff1-abb1-f0c9d86b42e7,381,112.66666666666667,4,229.14,0.011799410029498525,,
f9646927-0dee-4b50-b3bd-8cd83a5cb021,197,150.75,5,299.09,0.008264462809917356,,
f97175af-9773-4aec-9fba-993502a71b67,201,162.42857142857142,8,332.39,0.0070052539404553416,,
f97e259a-bba5-4984-baa9-4613ec4c8053,317,32.333333333333336,4,294.59,0.04081632653061224,,
f9a2d4d5-c5aa-4ac5-a562-b418475a2e23,302,123.75,5,254.59,0.01006036217303823,,
f9b6a79d-f8e1-4d1e-90b9-283b7af0afc9,155,26.63157894736842,20,264.76,0.038910505836575876,35.823968584541255,3.0555555555555554
fa0472dc-5b5d-4541-bb6a-3cad176d8a57,15,54.35294117647059,18,295.56,0.019313304721030045,48.231137733406456,1.9375
fa0c4eb9-b51e-466e-ae56-65cec4869fa8,453,51.375,17,253.91,0.020506634499396863,50.42469633027055,-1.3333333333333333
fa0cbcd3-8cfd-4ca2-86df-9cae275c3b9d,327,248.66666666666666,4,153.09,0.005361930294906166,,
fa13e014-0a1e-4fc4-81ee-82c6790593f5,218,25.94736842105263,39,305.11,0.03876739562624255,24.459505827388604,0.4864864864864865
fa1db299-0a0f-48f9-b51f-17eec1101dfc,235,22.64,26,293.58,0.04498269896193772,35.569040845469345,-5.375
fa387a55-168f-4ee5-9f3f-7515ad36a179,198,50.333333333333336,25,234.76,0.020491803278688523,44.26370253739333,0.5652173913043478
fa556516-a66d-4245-a5b6-a16880dd4ec9,116,52.0,10,290.25,0.021231422505307854,50.502475186865844,-16.375
fa5de262-a1a4-49a4-aa26-5155802a7c30,104,21.0,3,378.58,0.06976744186046512,,
fa8ee589-5397-4600-8d01-4341f94d5f4e,132,61.411764705882355,18,227.17,0.017126546146527116,74.9350208710265,0.0625
fa93da5a-8c98-471a-ac45-874567017472,160,,1,243.28,inf,,
faa0aa37-cb6a-434b-bad9-cc0a7987f35b,291,47.23809523809524,22,254.91,0.02193419740777667,35.07834768329997,-4.2
faa22219-9fd5-4f7d-9679-1196719e081e,363,66.5,5,224.10,0.018726591760299626,,
fac5566f-836c-446b-a42e-0c66eb23b429,133,235.33333333333334,4,209.92,0.005657708628005658,,
fad158e8-68d9-4c30-b677-88a2d2b6c8f4,513,100.5,9,278.55,0.011152416356877323,,
fad5e405-7d17-4c62-ad33-8f7361baf0c0,86,38.5,3,239.90,0.03896103896103896,,
faf82785-919b-41b1-ae20-aebb6efd9dbb,244,77.0,4,378.17,0.017241379310344827,,
fb06df27-e72a-40a1-b44c-5dbe85a0d7d9,234,,1,502.73,inf,,
fb14220d-7cee-43ab-8eb0-84a4ae523672,287,167.14285714285714,8,358.29,0.0068201193520886615,,
fb1f6b5e-1ce3-4f22-afec-d194b898ce0c,111,41.77777777777778,10,259.18,0.026385224274406333,39.55305859784354,2.125
fb20d438-68d0-4ce4-a67e-340d47663fd8,122,181.0,2,188.27,0.011049723756906077,,
fb22ddd9-d65c-4bed-b5e5-f98b08fd035a,251,134.0,4,288.72,0.009900990099009901,,
fb3045a7-8b1d-4137-a0a8-fb2e229ef7eb,241,43.588235294117645,18,238.57,0.02406417112299465,39.43358153834339,-3.8125
fb348644-5c1e-4e3c-b74e-0d0f67354aff,300,185.25,5,436.73,0.006720430107526882,,
fb3a461d-3a6d-43a0-9432-c7febfb892e9,318,25.15909090909091,45,257.69,0.03996447602131439,24.08892747843521,0.09302325581395349
fb415438-4f9a-4c71-b9a8-97533c9ad9db,300,48.166666666666664,13,239.79,0.02226027397260274,48.6281499719758,-3.909090909090909
fb44e298-f789-4457-9753-bdf14450d3c9,239,52.7,21,309.99,0.01975540921919097,59.575781020566794,-2.210526315789474
fb5ca3f0-a706-4c8f-9aee-eb2f33bc24c3,187,,1,415.15,inf,,
fb62b50d-2538-441e-b5e1-9d866abeed77,375,33.0,8,277.51,0.03418803418803419,,
fb6421fd-2318-4917-9e96-39be017d26e3,321,60.666666666666664,4,190.61,0.021739130434782608,,
fb66841c-5bf4-472f-a17f-de5ce508ff92,311,129.42857142857142,8,282.21,0.0088008800880088,,
fb688fa2-7c6d-43e0-b7d1-e858a1e968dd,101,62.625,17,210.23,0.016831683168316833,58.243025333510964,-9.4
fb74e78f-4907-43b2-98d6-eddbc6d47a2f,331,303.0,3,167.63,0.004942339373970346,,
fb87ae5c-f583-4211-b816-46cd6fc7fdb6,51,19.244897959183675,50,298.60,0.05170630816959669,20.372091420458958,-0.22916666666666666
fb9db7cc-45aa-430c-a402-ab233fa4e7ef,210,235.0,5,289.06,0.005319148936170213,,
fba17588-caba-4a73-a63f-153dfa586ad8,-2,29.64,26,277.40,0.034482758620689655,21.623444067338887,0.20833333333333334
fbbb2f4e-dc57-444a-acc1-21bd929a479d,61,9.8,6,212.01,0.11764705882352941,,
fbbdaf6a-ce11-4071-b4d0-d73c726fa118,24,171.16666666666666,7,344.28,0.006796116504854369,,
fbc083ae-1ad3-4293-83ca-811c016187e2,290,20.458333333333332,25,296.98,0.0496031746031746,31.635119678949366,0.0
fbf5e983-9c58-4476-857b-4969e1ad3c52,145,41.55555555555556,10,287.64,0.026455026455026454,49.93273252865076,-20.125
fbfc3a20-d03e-4f7c-ab85-d3bd431cc9ce,66,44.333333333333336,22,308.40,0.023379383634431455,41.755638341825566,0.55
fc077397-6bf1-462e-b9b1-655fd2cf2563,39,,1,200.36,inf,,
fc081bb7-4eb2-4826-bfaf-61d8a520b026,378,,1,216.81,inf,,
fc1c2303-8add-4ab4-aa48-6b51777b5cd7,392,26.916666666666668,13,265.21,0.03951367781155015,19.801094245857556,0.45454545454545453
fc1c2583-6e0e-4e42-a253-0c9ab4b0cd77,14,23.307692307692307,14,243.85,0.045307443365695796,22.595665570283664,-1.4166666666666667
fc256119-c991-4db4-a94e-65686b1b7766,368,84.0,7,267.77,0.013806706114398421,,
fc2643b2-ea96-45db-b3e3-9cc650f56a45,418,23.78723404255319,48,230.72,0.042105263157894736,23.436255979935805,0.6521739130434783
fc2ae11d-f78a-4203-8982-92216ffa1cdf,-8,37.61904761904762,22,248.46,0.02753441802252816,28.911029366793898,4.65
fc2c72c6-a29d-4d19-9e91-e0ec67fc8c12,176,127.0,8,274.04,0.008958566629339306,,
fc421893-d4b5-47fa-b2c4-449421d045ed,42,53.785714285714285,15,285.15,0.01978891820580475,76.69838888231524,-9.076923076923077
fc857fbd-c04f-45a7-888d-93149ad8baed,271,,1,352.60,inf,,
fc8e4fa6-76ac-4fb7-9fdc-60dfb6381235,144,151.5,7,336.89,0.007675438596491228,,
fc90f893-cd10-43ec-bcab-70262279a556,93,22.387755102040817,50,268.13,0.044642857142857144,24.478575944529716,-0.8125
fcb031d2-1f9d-4e8c-990a-dc073c041924,584,,1,739.10,inf,,
fcb58826-89ca-4b50-a0d3-ed3818aba8e4,424,130.0,3,185.65,0.011538461538461539,,
fcc74c7a-59d4-4f2c-865f-1d26b9eade80,291,144.875,9,404.98,0.00774526678141136,,
fccfae64-92e5-495f-80e2-aaa75fb96150,343,,1,331.39,inf,,
fcd3e4ba-3f40-4a45-881e-8694eb92e349,314,,1,50.48,inf,,
fcdde522-d69d-4cce-9f19-d81e446f80fd,267,144.375,9,241.42,0.007772020725388601,,
fd04e70a-62eb-4fca-8b27-b654e17c2d73,23,16.375,17,260.73,0.06343283582089553,21.804815981796313,0.3333333333333333
fd0c618f-a010-4327-bff5-8c469e28d5fa,249,80.33333333333333,4,214.96,0.01652892561983471,,
fd12defe-4228-494b-8f90-a9724bf9f18f,94,49.625,17,261.51,0.02125,47.32564491548601,-0.8
fd18cee1-ca49-4b70-8bc3-27d00f059c58,242,241.6,6,279.18,0.004962779156327543,,
fd256eec-a21c-4118-9453-b2b5f014f4f4,322,118.75,9,289.45,0.009433962264150943,,
fd2df241-d885-4dde-b0c9-89e6a50821a6,341,130.0,2,269.53,0.015384615384615385,,
fd3b389a-215f-42a1-af76-dc3a7fe00e1f,188,302.0,3,124.28,0.004966887417218543,,
fd408d3a-2d9d-4b9a-bd5d-682fb2071013,59,41.0,5,324.25,0.030303030303030304,,
fd452303-7037-42ae-a0a1-87de995fc88c,179,142.375,9,326.52,0.00788091068301226,,
fd494f2f-4427-4db1-9a4a-ab7efaba4fca,167,56.57142857142857,8,190.37,0.020100502512562814,,
fd5c2770-e7c9-49a6-a449-c26d6771fca2,16,57.666666666666664,13,211.03,0.01862464183381089,38.6366131899249,-1.9090909090909092
fd64deb8-4058-44e0-a26b-ee44ce448136,535,70.0,3,153.88,0.02142857142857143,,
fd6bcfb6-f6da-43bf-9402-437624a88f8c,370,21.23076923076923,14,287.70,0.0498220640569395,13.712244200919155,-0.6666666666666666
fd81cd25-36d3-4a6b-a3b8-ee3a4b91ee27,396,134.0,2,198.73,0.014925373134328358,,
fd82f64a-2ae7-4f83-ae3b-d2f3f67d6dae,177,56.125,9,167.47,0.019867549668874173,,
fd9c7f17-bd5b-41db-a0e0-d46e3af37af8,129,16.0,3,162.56,0.09090909090909091,,
fda2b260-faf0-4f54-bd0a-517834c9c95b,29,62.90909090909091,12,221.69,0.01721664275466284,40.89120821265751,-3.0
fdc456c2-f12e-4484-987c-ec964ca7704b,254,,1,222.65,inf,,
fdcbe542-2276-4a67-ab78-3f7d95f56765,335,46.76923076923077,14,295.40,0.02280130293159609,36.42836313953238,-8.0
fdd76def-2eca-48dd-91d7-29532d4b758e,170,,1,286.05,inf,,
fddf173a-5770-41a6-adb5-8077c13ea9ae,291,17.2,21,253.50,0.059154929577464786,17.41928755567714,0.0
fde05443-cf1b-4179-beb3-74690ff357e3,153,42.72727272727273,12,229.57,0.02531645569620253,37.97918089977958,-3.1
fdf357a6-e1ab-423b-b18c-706a4e456c76,141,45.46666666666667,16,260.40,0.023255813953488372,38.20221883359034,-3.7142857142857144
fdf6ab95-3cba-4439-99b7-074da59ab840,289,,1,89.76,inf,,
fdf7edde-1e36-4eea-88e7-15a2c7a5f774,28,55.470588235294116,18,365.92,0.01888772298006296,38.612040944274796,6.0
fe167dfc-3075-43d1-8f1f-4585d6076c3c,141,68.66666666666667,10,186.97,0.01610305958132045,51.507281038703645,-8.5
fe3b015e-9666-4b59-ad6c-452b78c0354e,377,28.035714285714285,29,276.80,0.03638644918444166,25.893631624979886,0.5185185185185185
fe3f15fe-ab5a-4a32-978e-bf6510383409,369,258.5,3,232.35,0.005802707930367505,,
fe50cf29-87ca-4686-8bab-f25d88da4f5d,239,44.529411764705884,18,328.21,0.02356020942408377,36.54811494293998,0.625
fe5bae94-5336-4317-932b-19626961d3aa,312,49.23076923076923,14,230.61,0.021705426356589147,43.26691161876061,-7.5
fe7f8b67-8a85-47e3-a58e-b4ea9d3ce020,158,23.448979591836736,50,228.84,0.042625745950554135,22.37843197561158,0.5625
fe85b63c-3706-428b-ad5e-f85eab439cd1,96,56.5,13,208.32,0.019005847953216373,57.53654964850209,-10.363636363636363
fea35a85-16a9-4fcf-9c87-58d0dd70afc2,93,49.36363636363637,23,280.72,0.020966271649954422,40.23803632260858,-3.5714285714285716
fea51d27-dbc3-4f26-86da-ef721b9923c6,258,88.83333333333333,7,270.20,0.013108614232209739,,
febb159f-e2a9-4b67-b5a0-053c795e6219,202,36.25,5,269.83,0.034013605442176874,,
febd1a23-d90d-47c8-b1da-4f4d21c1c9bb,260,59.095238095238095,22,292.04,0.017585931254996003,57.80822152765535,-4.85
febe1888-12fa-43da-b42e-e41b250b8bfe,94,51.111111111111114,19,274.79,0.020474137931034482,38.252856700534586,-1.0588235294117647
fed19849-d8f8-422d-aea4-c7f4864dc6d3,110,19.529411764705884,18,239.94,0.05309734513274336,14.979643049230278,-0.0625
fed6eb81-5193-44a8-acf9-8bd95075e875,449,172.6,6,212.88,0.006936416184971098,,
fee1c1a5-58d8-4f03-8c47-7f8edd33521d,532,105.83333333333333,7,214.05,0.01098901098901099,,
ff164c8b-3be7-476a-83a5-53e6f59be117,158,136.11111111111111,10,213.13,0.008123476848090982,114.38252100347812,22.5
ff27527b-3440-4d59-98b1-5fb18c2246e7,13,24.85,21,249.64,0.04133858267716536,23.59142350851035,1.0526315789473684
ff2f8ac0-0f3b-4110-8ed8-f7d0c2945430,328,17.133333333333333,16,256.06,0.06015037593984962,16.413699272544378,-1.5714285714285714
ff34f85b-857b-4652-aaed-1d05712f7175,304,230.5,3,142.26,0.006507592190889371,,
ff39402f-a199-47cc-9a2b-9334103fdb35,350,14.0,38,293.64,0.07116104868913857,16.230971765253134,0.08333333333333333
ff511b9d-dbf0-4d1e-b988-7197856f2daa,190,48.35,21,221.81,0.021494370522006142,41.213532524619815,-2.1052631578947367
ff551bc0-d675-46da-9b0a-61184d25c81b,317,6.357142857142857,15,311.15,0.15789473684210525,8.251872914278708,0.23076923076923078
ff55596c-f574-4744-a3f2-f3b352863b5e,524,189.0,2,137.64,0.010582010582010581,,
ff565698-0e27-4f7b-a763-d3c3ae60eb34,344,210.0,2,186.13,0.009523809523809525,,
ff68c62a-8260-478b-9264-8ffe650e79e5,28,62.1578947368421,20,318.80,0.01680672268907563,59.74600233757601,2.2222222222222223
ff69f404-3c41-4119-ab72-7332053a46c0,179,19.3,61,285.14,0.051303616484440706,18.52007614290457,-1.4067796610169492
ff9d9764-5222-4ba7-811c-e217fc5f5096,255,12.857142857142858,8,242.38,0.0851063829787234,,
ffb00149-4f44-473f-8a79-12413277a22b,18,16.31578947368421,20,249.98,0.06309148264984227,14.430109846270701,-2.6666666666666665
ffbf1383-4c43-4c89-84db-2cc24b190c28,313,55.22222222222222,19,302.83,0.018962075848303395,53.44106765791922,-3.2941176470588234
ffc08f56-8cd8-438c-bd25-3b0facbc4e01,133,60.44444444444444,10,226.05,0.018214936247723135,57.10978705771698,-6.0
ffcd6201-aa28-4d3a-8325-65049f6103eb,388,55.25,13,191.86,0.019461077844311378,46.58350273726448,3.8181818181818183
ffd65fda-7546-4620-91a3-15402582445e,178,101.0,2,105.87,0.019801980198019802,,
ffe779e4-6ff6-4d4e-972b-8e0ed7ab6663,419,55.285714285714285,8,264.59,0.020512820512820513,,
ffe9eebe-8f8f-48b0-b1a6-81c1f0de1294,237,22.382978723404257,48,274.42,0.044651162790697675,20.708697176800065,-0.32608695652173914
fff132d9-d2da-40cb-ae2c-dc8fe09e4b16,296,42.375,17,232.78,0.024853801169590642,36.79107681671377,0.06666666666666667
ffff39dd-1723-4d14-bcab-c28267ec213c,223,72.5,3,223.25,0.02054794520547945,,
